5452631839,台湾滚石唱片40年精选,台湾滚石唱片历年歌曲精选。,"['华语', '70后', '80后', '70后']","[327429, 327437, 109536, 109525, 109528, 109539, 283197, 283185, 283177, 109502, 124350, 283169, 109474, 283129, 327407, 327410, 283116, 283093, 283101, 283095, 283094, 283092, 108998, 109001, 109014, 109018, 109023, 109029, 109027, 283035, 327387, 29343203, 5285070, 188354, 282990, 136050, 136036, 282959, 282901, 188307, 188303, 74965, 189319, 189330, 189317, 5284436, 189322, 109363, 109350, 187587, 189292, 189301, 192159, 192146, 282880, 211654, 211656, 211669, 188190, 188186, 188219, 71655, 109322, 109275, 109269, 320428, 288948, 288958, 288956, 288960, 288961, 97091, 95249, 95260, 79650, 92641, 263907, 5283428, 5283240, 69128, 97142, 288935, 288927, 188145, 188142, 188152, 211573, 211588, 211576, 119002, 191827, 5246651, 152581, 310430, 95216, 95212, 282821, 5283371, 79567, 5283359, 5278490, 188789, 288916, 288918, 288914, 298490, 298494, 239389, 239396, 109069, 5282381, 188051, 188047, 188055, 211453, 211457, 170435, 64861, 64840, 64845, 64864, 64870, 29553369, 298582, 240261, 303714, 79375, 88258, 64618, 64666, 282542, 5282726, 5282723, 5282729, 185498, 298457, 298545, 298543, 298546, 381920, 381962, 357234, 357245, 5282450, 196753, 327345, 327357, 96105, 96146, 187968, 187963, 187981, 543656140, 256532, 288811, 262590, 189164, 189180, 5281942, 298417, 298423, 298521, 185981, 108889, 108929, 346089, 400162140, 63136, 92610, 92619, 240251, 240255, 256514, 211216, 211206, 250837, 27591634, 27591635, 27591636, 27591638, 267315, 187797, 187794, 329994, 329998, 283303, 347154, 5280959, 5280968, 5280966, 5280961, 5280965, 5280970, 5279825, 543965599, 5276920, 92208, 92204, 186105, 186102, 308518, 308520, 308522, 308526, 308528, 308533, 308532, 308524, 5280960, 298444, 298446, 298459, 288684, 288694, 78966, 308259, 256467, 260546, 260558, 108848, 170382, 157357, 157342, 257090, 257098, 257094, 257096, 257097, 257103, 257101, 257092, 257099, 308494, 308506, 308490, 162776, 5279725, 5279728, 187725, 298389, 64767, 64778, 27901965, 64790, 64800, 298374, 254638, 254644, 187996, 188003, 188013, 187992, 188006, 187988, 187986, 188010, 187998, 187582, 187586, 187610, 157330, 157309, 290714, 308354, 308357, 308348, 211155, 162758, 544151150, 307878, 5279824, 211090, 211093, 77417, 254616, 298341, 308145, 256533, 187369, 64707, 64698, 243858, 288402, 288405, 288409, 144638, 144652, 260426, 260432, 157288, 256833, 256840, 256838, 256836, 256844, 256850, 308250, 187296, 298290, 298286, 308112, 385727, 257005, 243830, 243827, 288307, 288315, 288311, 288304, 260379, 260375, 144619, 144630, 187134, 308190, 298251, 316103, 288182, 288181, 277822, 277817, 277820, 185937, 287627, 144557, 144564, 5277533, 256946, 284782, 284791, 288135, 157180, 308438, 308443, 308478, 277804, 277803, 209528, 209530, 144548, 144545, 144509, 144513, 144515, 144533, 5274947, 186904, 308150, 308355, 308372, 308143, 254589, 60409, 60424, 185919, 256672, 157127, 385535, 385539, 360935, 277775, 144457, 144487, 78266, 386936, 386925, 386934, 4878597, 256892, 188918, 308045, 60289, 186678, 157092, 385499, 94794, 94791, 277759, 254574, 254572, 308208, 308212, 308182, 308178, 308198, 144144, 144151, 144073, 144135, 1805586419, 144165, 1476470038, 241264, 209478, 280711, 277270, 386866, 386854, 254485, 254494, 254486, 254498, 5272970, 308110, 256849, 307982, 277586, 277584, 277604, 360858, 360860, 360879, 360862, 243808, 94689, 144307, 254548, 141336, 141339, 188805, 287405, 298681, 298685, 316061, 316063, 316071, 85621, 85624, 254452, 386717, 386715, 386691, 360813, 247763, 144250, 144252, 186620, 186624, 186632, 135111, 287984, 288003, 331073, 4877892, 4877894, 254424, 254422, 310822, 254390, 254460, 254457, 4877408, 209397, 209400, 144173, 144187, 94646, 297951, 254356, 390852, 390843, 390872, 390842, 186392, 186420, 172281, 386469, 386461, 254297, 254294, 4876124, 4876123, 144115, 141288, 4876232, 185751, 307834, 4876080, 254265, 254270, 254271, 254284, 386177, 386005, 4875638, 114641, 144106, 144104, 144105, 297904, 297903, 85580, 85582, 85584, 85588, 318140, 77740, 141235, 1485459955, 141237, 141260, 141262, 186252, 254260, 385973, 386040, 254180, 254191, 254186, 254184, 377060, 60008, 60005, 60026, 210518, 210522, 210532, 135104, 135110, 63597, 63586, 63587, 169802, 114564, 114604, 114549, 254146, 254142, 254148, 254141, 254152, 327736, 327738, 327734, 327743, 327740, 327732, 327742, 327739, 398459, 398485, 141203, 141205, 141212, 63574, 63570, 94280, 185700, 185711, 185704, 185713, 185712, 185708, 185706, 185702, 185710, 63551, 5239101, 4873340, 4873343, 4873223, 4873224, 4873226, 327690, 327706, 327694, 394679, 394685, 394677]"
2332360988,买买提托合塔·萨塔尔,مەتتوختى ساتتار ناخشا توپلام,"['90后', '70后', '70后']","[1938645833, 1877006774, 1872683984, 1872725326, 1897343500, 1872682055, 1897350684, 1882563621, 1872684006, 1877005814, 1877006665, 1940706415, 1902669596, 1893922150, 1831955100, 1888397052, 1936423815, 1877006666, 1882564876, 1926307147, 1428985518, 1434572882, 1434602289, 1434579484, 1434572993, 1434572988, 1436705631, 1437360513, 1436081192, 1434398991, 1442578029, 1447101672, 1390909366, 1466597950, 29748178]"
39250989,在70年代后流行的歌曲【经典老歌】,【经典老歌】汇聚最好听的经典老歌。经典华语老歌到经典粤语老歌，从70后到90后喜欢并流行的歌曲，每一首都是一段回忆。,"['华语', '70后', '经典', '70后']","[151311, 178841, 29775440, 115502, 187134, 92428, 195373, 276269, 82932, 210760, 26608734, 259541, 210812, 320950, 211519, 159401, 346075, 109391, 261751, 4878345, 347230, 281118, 307003, 190449, 5266731, 256469, 5281327, 144359, 210840, 261721, 299757, 236412, 108597, 211237, 109299, 22852027, 70447, 229744, 104527, 186545, 307525, 299741, 229779, 188555, 188057, 201485, 298880, 109490, 332567, 284441, 143474, 229285, 280761, 133158, 113075, 109194, 188204, 299075, 228755, 142647, 5242758, 288218, 5282654, 228804, 150904, 276357, 290589, 285005, 280266, 122058, 189259, 308518, 228618, 109496, 240055, 280220, 225635, 194728, 276731, 226849, 259908, 151135, 188051, 151738, 213267, 276711, 210842, 257585, 346073, 64367, 150992, 255894, 65642, 308494, 232097, 276721, 261541, 28819835, 276724, 194405, 327065, 27667010, 347758, 104602, 288092, 4871744, 288476, 5239021, 189292, 282880, 188177, 194526, 276734, 212253, 109195, 116185, 213746, 117885, 188754, 154171, 117701, 26079005, 276333, 5273664, 288672, 213223, 151618, 236783, 143554, 150852, 212367, 168116, 261230, 108697, 276316, 64968, 27612510, 116149, 28196447, 260671, 187993, 257375, 89805, 5256684, 318234, 27612851, 5270936, 287545, 5273659, 95570, 5270869, 143095, 92641, 280739, 109541, 282033, 122021, 186760, 27612990, 112683, 5250613, 333182, 195237, 5266094, 1859302, 261925, 112705, 186536, 116986, 83035, 261652, 311016, 83203, 280724, 236776, 88543, 276347, 113247, 287912, 284642, 89193, 92634, 119760, 66365, 66361, 310449, 300059, 311014, 186689, 112712, 186372, 119209, 394824, 394756, 179242, 89733, 110043]"
13413770,粤语歌是一种人生奠基。,"70、80年代经典粤语歌
Forever updating","['粤语', '70后', '80后', '70后']","[68804, 5264341, 190682, 171554, 172390, 171524, 172354, 170094, 171858, 171366, 171722, 170346, 172375, 171165, 113240, 4871727, 5278156, 28315647, 28315664, 172325, 169327, 172360, 169309, 172176, 169730, 172448, 171874, 64900, 318777, 115608, 114014, 28732194, 5248939, 186693, 119106, 115911, 140848, 190909, 186760, 86769, 383572, 191235, 328667, 172414, 5255712, 295787, 169651, 153613, 229131, 195335, 276231, 79110, 217199, 4871745, 314042, 276185, 383735, 5277703, 187341, 191282, 94566, 94238, 110788, 243015, 66293, 5248862, 66868, 35831066, 172394, 66365, 318527, 188639, 400581018, 262766, 262665, 295804, 295827, 110802, 260109, 32688999, 191054, 64034, 190539, 190274, 300587, 191310, 213210, 346083, 26620803, 191209, 87572, 151646, 179329, 276174, 172348, 26620748, 4871765, 5238654, 87073, 191277, 155135, 67776, 113814, 282561, 189841, 152276, 152264, 152275, 191144, 409646409, 111619, 115633, 87636, 328101, 152283, 260703, 117420, 28315633, 117107, 318759, 116869, 257817, 152448, 111536, 282551, 282088, 257849, 28219545, 189714, 4871747, 153938, 276211, 276200, 320580, 320433, 92379, 309744, 332015, 26620758, 33856326, 235090, 299981, 87538, 172127, 169966, 171587, 190883, 191232, 171191, 152464, 4871769, 4871775, 4871771, 157121, 111081, 331987, 330251, 212373, 188549, 29378474, 262770, 112669, 84176, 332220, 34169752, 90534, 154416, 28757157, 317791, 259124, 253860, 111933, 259398, 170677, 212412, 263661, 65014, 95794, 25641703, 155153, 179226, 140225, 192643, 28732655, 5259076, 5255720, 67339, 25639337, 94961, 94576, 68446, 158902, 65956, 169317, 5258739, 190452, 172396, 118686, 187957, 22852032, 186689, 27874895, 157087, 5284048, 190571, 152389, 5258636, 172075, 310680, 311608, 311170, 28186081, 153824, 152388, 152398, 152396, 172447, 170568, 67575, 122914, 174119, 253336, 111848, 110840, 27612988, 5278471, 26620846, 5282832, 310831, 5284516, 152390, 212409, 212652, 263720, 317868, 28732220, 330107, 329925, 172410, 172416, 386594, 387061, 386845, 386460, 386544, 27612553, 317885, 318625, 317856, 317797, 120887, 113992, 299739, 126292, 110814, 4871779, 154100, 156786, 309301, 310884, 311645, 310690, 310846, 310449, 112899, 66361, 66223, 66532, 64223, 4871741, 152441, 171275, 111258, 66301, 120845, 214025, 328525, 115499, 287634, 188573, 276260, 5248933, 5248930, 5248924, 5248921, 5248915, 5248911, 5278149, 295562, 295492, 153792, 253615, 5248909, 298880, 253850, 253934, 253859, 253213, 113031, 253924, 215928, 86784, 28315678, 187274, 5285339, 110644, 194507, 158655, 4871718, 189283, 347705, 5284478, 5285332, 172207, 114070, 178478, 190380, 113289, 86773, 190530, 212436, 5256682, 5256694, 5256697, 318828, 5256685, 5256673, 5256645, 5256635, 112705, 5256680, 329218, 277766, 153608, 276105, 5244135, 191469, 111411, 172392, 318648, 318499, 116254, 212356, 114311, 187931, 299741, 156846, 192842, 111244, 189285, 5256245, 190808, 113634, 5267243, 189367, 373060, 186772, 26608723, 311194, 27612989, 27612844, 27612804, 27612559, 276128, 27612936, 5244311, 5277185, 27612510, 186372, 25657602, 116496, 260239, 349079, 328169, 68990, 262505, 114987, 110796, 92345, 178841, 5238655, 67570, 112678, 320950, 5282848, 188703, 171530, 194405, 152392, 188204, 190803, 190807, 66476, 258684, 347230, 212233, 115502, 189987, 153784, 187666, 346576, 212253, 65642, 114024, 190360, 152426, 188175, 346075, 212367, 64889, 115794, 190563, 187775, 4871744, 115569, 186699, 347355, 113586, 212430, 190372, 152428, 186536, 112533, 346073, 152268, 347116, 189012, 190270, 229285, 188555, 346090, 5281910, 347597]"
587814937,八十年代迪厅舞曲,爆炸头、蛤蟆镜、花衬衫、喇叭裤、香槟皮鞋，外加一只四喇叭……,"['兴奋', '酒吧', '70后', '70后']","[1299553659, 21254325, 25783078, 28129862, 5122702, 5224505, 5283124, 1623693, 5283122, 5283119, 5283118, 5122703, 5224515, 3021099, 3021154, 5122712, 5122698, 1922825, 5284942, 27225900, 2195551, 2195553, 2194620, 2195534, 26438646, 17666777, 5134879, 17936413, 27203936, 4023396]"
1573504,70后最喜爱的国语经典-港台,那一首首陪伴着成长的歌，充满怀念的旋律，依依不舍的回忆……一起回味……（如果你发现有经典歌曲未在其中可以给我消息）为了大家不用选歌直接听到熟悉的歌，还是分开一个内地和港台吧。其实这些歌都是我喜欢的歌。,"['华语', '怀旧', '70后', '70后']","[109528, 276154, 276269, 25839453, 25839442, 28306858, 151146, 176706, 25657156, 25657167, 25657169, 28314071, 327564, 28314060, 5255663, 254062, 186315, 186579, 187899, 186385, 186279, 186560, 186440, 186351, 186345, 189180, 188750, 189292, 189259, 276645, 276716, 276712, 276647, 276642, 276653, 276723, 276724, 276741, 276721, 276711, 276731, 89805, 89770, 156913, 156832, 156919, 156900, 387948, 387967, 388068, 387934, 310686, 4876902, 255973, 255667, 255492, 255056, 282131, 212168, 230095, 230236, 287035, 254460, 254499, 254589, 254432, 225646, 4871916, 226176, 226156, 226828, 229214, 229731, 229010, 225894, 229744, 228755, 256672, 308190, 307900, 308518, 308494, 307684, 307679, 280202, 254083, 254141, 254485, 299652, 299264, 299392, 299644, 300129, 299594, 299650, 299397, 300222, 299714, 299412, 299647, 299092, 300333, 299427, 299417, 299432, 299407, 299075, 299445, 147901, 147258, 78266, 189243, 189207, 189236, 190532, 64656, 63792, 63968, 177575, 77080, 77091, 77127, 77103, 77131, 169632, 187993, 104602, 103834, 104657, 104527, 256484, 257585, 255904, 255894, 256468, 109299, 185919, 185792, 187325, 187718, 186443, 187134, 187582, 187797, 187968, 143283, 142580, 143095, 142647, 142572, 143148, 143281, 143474, 110207, 110043, 191007, 111462, 112584, 111677, 111762, 189212, 189072, 188071, 190328, 188671, 188674, 190449, 189396, 144441, 144165, 144156, 144619, 144513, 188057, 190381, 151765, 157184, 150992, 150852, 150904, 150996, 190690, 190778, 190526, 190495, 157092, 157357, 157288, 156637, 158924, 156644, 158418, 156692, 158939, 158027, 157996, 156631, 306744, 307018, 306792, 306789, 306718, 306967, 306765, 306888, 307003, 306719, 108860, 109198, 195373, 108597]"
8738401065,漆黑色鼓点上我像讲故事的张震,"toss golden coin
ricky as bloody o","['70后', '70后']","[2002813505, 2034514076, 1494262584, 1908083479, 1908081392, 1908083426, 1908083432, 1956519418, 1956517518, 1956517519, 1956519419, 1975802984, 2026222394, 2026222372, 2026224210, 2026224212, 2026222389, 1908081373, 2026222390, 2026224200, 2050453744, 1968156124, 2026222393]"
3180754393,eli halik nahxiliri,关注一下 谢谢nahxila yenglinip turidu,"['80后', '90后', '70后', '70后']","[1426888991, 1479333642, 531290221, 1498678772, 1420108086, 1947230303, 1472606247, 1924917843, 1951231509, 1874953126, 1804354734, 1996368389, 1996841208, 1996357460, 1995546292, 2015957295, 1994900180, 2031763258, 2060863459, 2083599836, 2082508124, 1982578788, 2095660551, 1984044813, 2066051277, 1468249005, 1879154525, 1856830215, 2058275891, 1921670476, 2024644451, 1856651701, 2067221848, 2011179265, 1957554916, 1934805367, 1988042001, 2036367368, 2000890446, 2008712757, 2021223296, 2021380073, 2009030935, 1403318709, 1934228131, 1874994193, 1922297409, 1922297386, 1934712201, 1922941477, 1804888918, 1933990840, 1936566699, 1868309579, 1441534508, 1427509254, 1436429906, 1896580978, 1887084209, 1852738800, 1958682980, 1886695609, 365243, 1471512097, 1952349278, 1921973949, 1809101071, 1805130145, 1805132897, 1500277160, 1840565095, 1475205109, 1811543449, 1497616347, 1418041356, 1351642580, 1499274254, 1412414503, 1804354743, 1294066499, 1472538277, 1882181995, 1912677327, 1893844632, 1472833557, 1854506202, 1856041574, 1471951114, 1898800471, 1892843169, 1899695893, 1873512720, 1878369114, 1474507903, 1471252953, 1847005897, 1849707554, 1849706548, 1832156001, 1500308405, 1814208990, 1814851503, 1825781831, 1814783689, 1411297903, 1878344872, 1871308408, 1497586363, 1501302311, 1498203937, 1860540369, 1823592773, 1809540731, 1425171506, 1833465499, 1434268096, 1442814736, 1498869038, 1416387744, 1472854318, 1362692650, 1405777092, 1428363971, 1475987728, 1452073221, 1446065075, 1501288297, 1435469459, 1838033197, 1840798512, 1833347007, 1828639412, 1396551085, 1426890802, 1426890805, 1465273227, 1469023612, 1806361009, 1806286272, 1806793671, 1821557703, 1804165890, 1491254098, 1386079356, 1492304320, 1833347079, 1811603433, 1363398644, 1474133272, 1473984706, 1436908624, 1436908625, 1436898520, 1436906808, 1436906810, 1436906811, 1438360932, 1436908627, 1436183582, 1466690622, 1424868692, 1475574827, 1480564510, 1475325433, 1466601005, 1425170618, 1439181835, 1427408762, 1426407905, 1415464548, 1423499672, 1427805691, 1425907605, 1423299477, 1418559593, 1428598573, 1418554670, 1415524623, 1428598873, 1470088312, 1470053018, 1465106139, 413834157, 1427136551, 1455624717, 1474249458, 1470059052, 1405777087, 1382001944, 1470834549, 1473735257, 1473209864, 1411813000, 1411813975, 1410507821, 1424091456, 1425171502, 1425171504, 1425170617, 1425170620, 1425171505, 1425170619, 1412413784, 1294123355, 1428592319, 1437005615, 1411813974, 1424460987, 1424319788, 1424460723, 1424375202, 1423863282, 1423775685, 1407823976, 1410192318, 1411364284, 1298153504, 572740189, 408280432, 1374805247, 1379861121, 1379857424, 1383037893, 520141130, 544108598, 1326640164, 1414401662, 1426472759, 1389704480, 1420803174, 1420972894, 1420992122, 1420790837, 1420789603, 1420783219, 1430963831, 1419538145, 1421289283, 1417558577, 1379861276, 1379861158, 1326241694, 1379861098, 1379857571, 1379857379, 1379861364, 1379861150, 1379857604, 1379857796, 1326923597, 445198287, 1397273847, 1363381882, 1398932596, 537405747, 537406431, 515431198, 530913356, 530913362, 530913358, 530913359, 530913360, 530913364, 530913363, 530913365, 530913366, 413834155, 435307112, 472154395, 436514179, 5261643, 365301, 365310, 421934067, 447664423, 365308, 413834159, 25481186, 413812210, 413834156, 5197635, 457581043, 31890001]"
2749104515,『维吾尔 经典老牌子歌曲』,"美丽的回忆...............
“点”位置有深刻的故事","['70后', '80后', '90后', '70后']","[1327985145, 1804379637, 1871133233, 1850952776, 1474070669, 2020834914, 1465729744, 2083559420, 2062495743, 1380218292, 1928544510, 1814316254, 1846490388, 1422004536, 2057353561, 1805388614, 2073776592, 1804622383, 1462639055, 1873064584, 1865165830, 2013400593, 1471806900, 1456991699, 1850218727, 465920860, 2015448600, 2019028335, 2015046752, 2014309055, 2012920967, 1426890804, 1471647953, 1807636798, 1406312268, 2045410861, 515438515, 1424011071, 2034657715, 2016683021, 1309666675, 1938745935, 1820376138, 1809539875, 1995478449, 1996136299, 1805402938, 1490322442, 1411813002, 410715709, 1490458352, 1851660142, 1992160186, 1893138818, 1424729651, 1853248465, 1411831731, 1811412043, 1990002272, 1922328116, 1927930886, 1998451292, 2012502561, 1426890805, 2008746306, 34183340, 1996740889, 1355095694, 1476819075, 1406082066, 1850185485, 1984517428, 1445698966, 1822193227, 1957625978, 1352430536, 1364409704, 1812821283, 1358927654, 1497607355, 1804896811, 1894342054, 516729277, 1468783656, 1472559425, 1378780797, 1806341777, 1395066411, 1806116831, 1443309396, 1419506800, 1826334878, 1340237485, 1468556473, 1459317799, 1805420484, 1463936896, 1421045216, 1443900296, 1466323155, 1493360011, 1404982189, 1471947182, 466332611, 1312878812, 1455028368, 436675501, 1473377372, 1469060613, 467953668, 1824464937, 1396731106, 1436928121, 1409838557, 1464295972, 1405777092, 1405776066, 1501444956, 1862196023, 1471641920, 1465428114, 515730320, 1498120024, 1806979791, 1472388565, 1497586363, 1423974259, 1824810974, 1420219801, 1431403839, 1398716782, 1809137672, 1390051726, 1401029785, 1498736446, 1499270799, 1805132831, 1429693708, 1448575840, 1500308077, 1807533560, 1820356029, 516739133, 1499270795, 1431409601, 1859147416, 1859149704, 1473154717, 1382001944, 1470401958, 29795745, 1421289283, 1462577472, 41646089, 1805426030, 436514179, 1390071348, 1490318943, 1873353469, 1898251918, 1805919788, 1411090067, 1892843169, 1497070970, 1422692211, 1410507821, 1468821293, 1352400532, 1474706067, 1497607775, 31545913, 1483476474, 515437116, 1392024668, 1402701757, 1477857333, 1475301640, 1475756236, 1475755125, 1388204722, 1475871349, 1475303368, 1475303367, 1436653193, 1416638320, 423058837, 1429745739, 545090252, 1417558577, 1308913300, 408250644, 1428568343, 1465093749, 1426919915, 489335267, 1353474543, 537822357, 1416730471, 569506148, 515486797, 545368133, 515482526, 1309913700, 1448227644, 489335086, 465921792, 562457947, 1401029783, 1313672973, 535012096, 1403470977, 465677046, 1340224622, 1390863748, 464403421, 1389655998, 37778119, 1357485851, 1408978470, 1427236050, 1427010417, 1393992517, 516732347, 533303365, 538883755, 516733264, 31563324, 1374816750, 1422907275, 1426154033, 410714744, 1415626306, 516741017, 41634247, 519253893, 553616615, 36150602, 545093275, 414706087, 36150593, 36080782, 487272992, 1374998103, 1316117728, 1385896512, 1847082510, 1473236762, 1436302065, 1810336471, 1852115911, 1852002696, 1498323682, 1472821611, 1455463630, 1467107932, 31890001, 1499944499, 1410923139, 40021563, 1364409279, 551397680, 1370908807, 528372967, 1317774496, 467590472, 567155535, 41635094, 863754330, 562213975, 29777858, 551356942, 556719501, 527709264, 1407630032, 1391186840, 1382129492, 1374358936, 1356972584, 1465882088, 1305408842, 1350408575, 472153452, 1362214740, 562476021, 1316950597, 1383959081, 1422907285, 532283309, 531479092, 1398452803, 562476079, 35566581, 1842645801]"
3083926329,网易云流行热门歌曲推荐民间流行歌曲痛苦,"签:网易云全网都在听的热门歌曲推荐值得一听~
封面来源:Abduzaer-Mamut 司:歌手侵删经常传唱新歌忧伤的歌曲","['流行', '榜单', '70后', '70后']","[2101517522, 2103127170, 2073133716, 2075731808, 2074610135, 2073376381, 2073212117, 2073776592, 2073045578, 2073113577, 2072867089, 2072772931, 2070119148, 1959892569, 2069078677, 1985266309, 2029387152, 1875448927, 2041542749, 1903317428, 2037336912, 1822297183, 2067483064, 1822038258, 2062260883, 1824822019, 2065681651, 1981262496, 2057068155, 1865588064, 1463529286, 1467833384, 1803392404, 2060350223, 2059343764, 2056780007, 2054091180, 2046928073, 2042848649, 2034472731, 2028119699, 2053333844, 2051803822, 2050827419, 2052911213, 1939787443, 1952342103, 2050887787, 2050874131, 2051417821, 2050063229, 2032182703, 2050209202, 1996740889, 2034572070, 1933593760, 2040053424, 2025853133, 1351101979, 1361639204, 1903436051, 1906295574, 1988572226, 1955869389, 1955703432, 1822297325, 1898785707, 1990002107, 1981977675, 1988817545, 1982456460, 1986561859, 1987095448, 1982685014, 1988137017, 1971206443, 1938645833, 1916918334, 554569442, 1900581387, 472149970, 1390146891, 1843999804, 472153807, 1825568036, 1858480944, 472153545, 472150866, 1381291326, 472154529, 532809903, 1814700396, 1465036486, 523951537, 1371101509, 524063683, 1323650642, 862204275, 1835209462, 1408978470, 511938589, 472151911, 1814698463, 1806541442, 1412066075, 1423309970, 472154691, 1423672900, 472154491, 472149999, 472152611, 472153452, 472154380, 522829541, 472152435, 862203637, 532415471, 555371002, 1337247328, 472152022, 472153370, 472150854, 532545054, 472154395, 1499944499, 1446737349, 1970959754]"
8826361533,傻马桶（2) 改版升级（加上DJ),战斗的电视音乐有在电视里看的监控人都在这里全集播放,"['70后', '运动', '清新', '70后']","[2064650504, 2071274088, 2078134778, 2088779583, 2085837651, 2072648942, 1873877007, 30798677, 2071994011, 2061862325, 2064431648, 2064429506, 2073941471, 2063332057, 2061861562, 2060756207, 27357135, 2073481750, 2064610857, 2070423647, 2059184356, 2066949514, 2073331313, 2063373676, 5145895, 2043145612, 2052498902, 2022553182, 2010211385, 1843753313, 1928516956, 26355058, 2005178896, 2063948672, 2016013881, 2017124402, 27100612, 2018882802, 2044949044, 1909900861, 27176515, 2002493143, 2035316146, 21038519, 19564566, 22247768, 2020312787, 2020996804, 2014454150, 2049454158, 2018611937, 2065076509, 2007905759, 2011941573, 2013866189, 4341278, 1397303549, 2058808656, 1367319117, 2034285171, 2018617268, 18861832, 2013034135, 2058806190]"
89775276,爱情歌曲听多了，该听听励志歌曲了,选的励志歌曲基本都是老歌了，本人比较怀旧，希望大家会喜欢，一下子也想不出来太多的，先这样分享着吧,"['70后', '80后', '经典', '70后']","[5179550, 27867389, 5260488, 191181, 187920, 347712, 187672, 67288, 20707713, 299417, 4990424, 307003, 115502, 172416, 118940, 108723, 194405, 157862, 188204]"
2726529912,听懂这些老歌你就成熟了,可能这些老歌会在时间中一点点沉淀，但至少他确实存在。前面部分歌曲是我父亲生前最爱的歌，也陪伴了我的童年,"['怀旧', '80后', '70后', '70后']","[27804029, 66525, 212233, 26090160, 31654747, 346073, 346075, 346576, 400162138, 346069, 163123, 186596, 5242760, 157143, 158939, 157808, 30432204, 114369, 76975, 77093, 77099, 77131, 60102, 200436, 189895, 190072, 189688, 63787, 63892, 63650, 30245576, 191508, 27646409, 191528, 108557, 108224, 108179, 562594267, 108390, 65538, 65769, 28563317, 31877628, 65312, 65533, 65766, 115502, 115569, 115162, 188057, 187738, 110740, 554191989, 110397, 112908, 110184, 29723028, 29723022, 114037, 152426, 152428, 153784, 152392, 32689002, 190449, 189315, 188432, 191232, 187672, 157288, 156772, 156284, 156374, 143403, 190246, 27583525, 190778, 190526, 190495, 190241, 186560, 186345, 25643328, 188649, 189140, 5250048, 189323]"
26463512,记忆•70-80年代那些熟悉的老歌,70-80年代，是60、70、80年代初的人们记忆深处最为刻骨铭心的时代，无论精神或是物质层面都发生着巨大的变化，精神生活方面，家庭中自从多了两样物件“录音机”和“电视机”后，流行歌曲、影视剧插曲开始充实着每一个家庭的视听娱乐元素， 也注定该时期的一些老歌将成为几代人永恒的记忆。,"['怀旧', '70后', '80后', '70后']","[5284942, 4175444, 5120319, 4023396, 334435, 5262991, 290467, 489428, 27901844, 5285401, 5229222, 300474, 258120, 258181, 276362, 4878345, 159401, 99810, 109490, 233999, 5282706, 5278676, 27667021, 282033, 98256, 265980, 215140, 82932, 236773, 236412, 124245, 272979, 28732649, 299741, 320950, 171650, 171593, 171307, 178841, 5247458, 5247451, 580647, 668825, 22740435, 407586, 524331, 5264856, 523681, 524640, 524477, 22730657, 22730666, 22730671, 22667799, 567919, 22773682, 4898424, 347720, 347738, 347760, 347758, 188051, 186432, 187968, 349628, 349892, 388068, 387948, 276347, 276331, 276319, 135778, 135848, 317108, 317151, 123999, 123334, 123781, 334902, 335367, 242207, 241431, 242215, 210812, 210760, 212168, 210884, 211783, 288669, 288692, 287752, 288092, 188057, 307525, 307514, 276734, 276723, 276711, 276731, 190352, 190381, 259541, 157184, 94284, 150996, 150992, 104602, 104527, 104657, 64900, 65642, 66476, 158939, 158924, 143436, 143312, 143351, 143362, 281951, 281906, 327175, 210842, 257585, 318317, 160635, 160816, 284255, 284480, 212430, 212233, 190808, 190807, 190838, 191085, 191144, 191190, 191165, 191232, 191209, 191213, 191286, 191299, 27612928, 276146, 25657602, 188979, 188983, 188995, 189007, 188998, 26079005, 153271, 155040, 155100, 152268, 4871718, 4871747, 4871744, 4871741, 4871779, 4871791, 4871751, 109257, 109525, 109528, 109299, 108597, 310692, 311007, 310689, 311016, 310690, 112712, 112705, 112678, 172377, 171191, 171467, 172227, 171366, 171530, 218270, 218259, 88893, 5264400, 93158, 93167, 225635, 226828, 228755, 228618, 229731, 229744, 228668, 227957, 260809, 259784, 261224, 261896, 232565, 232689, 232759, 231534, 231495, 196637, 246149, 246145, 246143, 339406, 339206, 339308, 5266724, 5285415, 206430, 5274939, 5284693, 5284938, 185257, 185248, 5266727, 233036, 5274936, 233124, 5285581, 93173, 213708, 213746, 196105, 196102, 196009, 195996, 99684, 196706, 196679, 5285582, 5285591, 196587, 196595, 331661, 332013, 331041, 330959, 330947, 83233, 83071, 83231, 83297, 83175, 83075, 83203, 83235, 83061, 71295, 28819143, 71310, 71297, 71290, 73754, 73751, 27580526, 27580525, 300990, 301005, 301002, 300987, 161377, 161367, 161355, 161371, 161359, 161300, 330848, 330783, 332110, 195404, 194931, 194898, 194911, 195173, 195164, 195391, 195376, 195373, 195442, 195452, 87572, 119252, 119659, 117609, 119409, 117885, 117504, 5273659, 119672, 119194, 119388, 359682, 359747, 359715, 359687, 359679, 359685, 155190, 155231, 155207, 155233, 155237, 155229]"
5056730702,780年代金曲老歌（情歌）,"人间归来春又夏，
不知乡间已成画。
村童赤脚丫，阡陌无名花。
池塘岸柳下，奔行骑竹马。
路人问小娃，年岁有七八。
———回不去的曾经，忆不完的童年","['华语', '怀旧', '70后', '70后']","[1484777413, 1399558008, 1848981433, 1823378358, 77437, 190352, 190381, 188057, 77098, 5243631, 144513, 190072, 186345, 29723041, 190499, 157143, 5232465, 115162, 388068, 186724, 157288, 351271, 192702, 168091, 25723157, 190690, 1315208396, 481853240, 5242750, 406243120, 346089, 387948, 390345, 27583525, 34834748, 346576]"
521445469,N.W.A 西海岸说唱匪帮枭雄,N.W.A，全称Niggaz Wit Attitudes，是一支来自加州，康普顿的嘻哈音乐团体，由Ice Cube，MC Ren，Dr. Dre，DJ Yella，Eazy-E，Arabian Prince组成。被认为演绎了匪帮说唱（Gangsta Rap）的精华。这一被滚石杂志评为第83名美国全时间最佳艺术家的传奇般的团体创建于1986年，于1991年解散。在这期间，他们在美国本土卖出了超过九百万专辑，其中包括几张白金销量唱片和开创了康普顿“说唱中心”的Straight Outta Compton。他们被多数主流电台抵制，甚至因辱骂警察令FBI和警方感到愤怒。1991年，团队因经济问题，导致成员离去，并最终解散。,"['70后', '兴奋', '运动', '70后']","[20189494, 20189496, 20189497, 20189498, 20189499, 20189500, 20189501, 20189502, 20189503, 20189504, 20189505, 20189506, 3167831, 3167833, 3167835, 3167838, 3167841, 3167845, 3167849, 3167853, 3167856, 3167859, 3167862, 3167866, 3167869, 3167872, 3167875, 3167879, 3167883, 3167886, 22466811, 22466812, 22466813, 22466814, 22466815, 22466816, 22466817, 22466818, 22466819, 22466820, 22466821, 22466822, 22466823, 22466824, 22466825, 22466826, 22466827, 22466828, 22452022, 22452023, 22452024, 22452025, 22452026, 22452027, 22452028, 22452029, 22452030, 22452031, 22452032, 22452033, 22452034, 22452035, 22452036, 22452037, 22452038, 22452039, 3167895, 3167899, 3167903, 3167905, 3167906, 3167907, 3167908, 3167912, 3167916, 3167920, 3167924, 3167929, 3167933, 3167939, 3167946, 3167951, 3167958, 3167966, 3167970, 3167974, 3167978, 3167983, 3167987, 3167991, 3167996, 3168001, 3168007, 3168011, 3168014, 3168019, 3168024, 3168029, 3168035, 3168039, 22500858, 22500859, 22500860, 22500861, 22500862, 22500863, 22500864, 22500865, 22500866, 22500867, 22500868, 22500869, 22500870, 22500871, 22500872, 22500873, 22500874, 20189570, 20189571, 20189572, 20189573, 20189575, 20189576, 20189577, 20189578, 20189579, 20189580, 20189581, 20189582, 20189583, 20189584, 20189585, 20189586, 20189587, 20189588, 3168137, 3168141, 3168145, 3168149, 3168154, 3168158, 3168162, 3168167, 3168171, 3168176, 3168180, 3168184, 3168188, 3168193, 3168196, 3168199, 3168202, 3168204, 3168208, 3168212, 3168217, 3168222, 3168227, 3168232, 3168237, 3168242, 3168258, 3168262, 3168265, 3168267, 3168270, 3168273, 3168276, 3168279, 3168282, 3168285, 3168288, 3168291, 3168294, 3168300, 3168303, 3168306, 3168309, 26693809, 26693810, 26693811, 26693812, 26693813, 3168410, 3168413, 3168416, 3168420, 3168424, 3168429, 3168434, 3168439, 3168444, 3168449, 3168454, 27215528, 27215529, 27215530, 27215531, 27215532, 27215533, 27215534, 27215535, 27215536, 27215537, 27215538, 27215539, 27215540, 20189495]"
90013480,影视配乐丨西部电影史诗级配乐,,"['影视原声', '经典', '70后', '70后']","[1403901892, 1371512, 27863323, 29823525, 5192768, 1155155, 17565076, 5025752, 5025755, 5025749, 1299824, 1299828, 1299820, 1299800, 1299786, 1299731, 5027855]"
3034285656,我让你听歌了吗？,,"['70后', '怀旧', '另类/独立', '70后']","[366577, 150658, 1469041281, 1864309564, 157276, 1862309961, 1432482539, 1390096510, 1962223928, 1409003953, 2095585816, 1966096147, 1917402214, 133998, 1820040979, 1862298470, 1377467851, 2088683865, 2046243958, 1302790845, 1294804430, 2042359274, 65797, 409736431, 1922388876, 1362909795, 2085859568, 2085859563, 2036167452, 2080469288, 1353221371, 26153534, 19288594, 1495941782, 1818805014, 1342945970, 1381290206, 491943372, 491943373, 491943375, 2034490879, 1921261579, 1915308361, 1903992147, 1365875710, 2034052764, 28853096, 2042359270, 1997372642, 1917411376, 1297941, 1924917756, 135023, 2068068577, 27198673, 3315198, 2036171787, 409736439, 1454988821, 2063181548, 1868553, 1960613380, 1961635368, 2036171786, 4174272, 2061964451, 2059535689, 26921115, 436346833, 1409144487, 2061964453, 2061966702, 2061966700, 18969204, 1948204812, 21127274, 19375081, 1405062386, 1365879370, 2059246226, 65538, 1488985576, 562594080, 442867526, 520458166, 1424596480, 2015358390, 1327441897, 1327441896, 1355291148, 41642010, 1401894212, 1988565273, 1923215640, 518686034, 1319004199, 18969137, 1399140737, 18969087, 1406628514, 1336866438, 2042359272, 2055024607, 514055137, 19375092, 3234842, 18969090, 532405678, 18969136, 18969085, 1317410848, 1298675089, 21252561, 2003577234, 1955978156, 19166925, 1481317654, 1378479700, 534917810, 1997438791, 2046244146, 135111, 135025, 2015359051, 2043579207, 1485775288, 1983800969, 2001714941, 1950855774, 2015386667, 461544309, 26998657, 18055765, 2015320482, 2015320483, 2015324951, 2015324953, 1806939252, 1976841628, 1921261567, 19196976, 3464493, 3464474, 20189495, 19197441, 1068717, 2890038, 21522499, 3258679, 76830, 91315, 1952066536, 1968326652, 1988747905, 1949731246, 2006229678, 2048786994, 1972707280, 2048371124, 2036894489, 2036149619, 1959438830, 2042951689, 26427522, 2036809488, 1947052600, 2042856159, 85571, 18943529, 1806939257, 2012171299, 1294910051, 1365875714, 2019562396, 491943377, 1929065855, 1995089745, 3130688, 2034198522, 1965377100, 1982807299, 1938328210, 1975655008, 2019537535, 557581896, 19373790, 28489004, 16158605, 1499560899, 495648177, 442016812, 18981900, 1441213176, 2002697516, 1899129645, 548823873, 1333336513, 426194889, 1452233312, 2002397642, 2001478778, 2000478321, 1318721004, 2002392425, 1976838149, 1976842123, 1995496604, 29819852, 1931919917, 1922318044, 1995339654, 1399139960, 1982874101, 1404288052, 1474621496, 76875, 76899, 76881, 1995339511, 1407524660, 1976837961, 1364418034, 1422610052, 523250478, 434022801, 524937049, 3234806, 3234771, 1991076461, 1950528149, 1421433894, 1887605713, 1407525373, 1426032483, 34532534, 1822784565, 19465999, 1965832124, 480579336, 1892938288, 1850177484, 480579337, 1965392316, 1908867852, 1806940165, 1951448249, 1949146167, 1983843172, 1983264731, 1957847089, 495645179, 1937523260, 5065541, 1956065954, 1908713772, 1925101056, 1964220233, 1459889157, 1309335146, 1989402883, 1961271814, 1979732476, 426194894, 1496056121, 1938220870, 1970528609, 1496049409, 1808257879, 1433537265, 1845792610, 1961262000, 1951912232, 534542319, 1422652903, 1965928052, 862098264, 458238378, 22552854, 480575341, 1884951627, 459925763, 1298432427, 1497732932, 1918576268, 542871130, 1839695115, 480579330, 1407529358, 1463774251, 1921149299, 1318568328, 33894142, 1441576958, 2352236, 17405587, 26345370, 1312062084, 21799569, 1413149967, 1964696171, 518013041, 465920154, 1855124031, 1496199618, 516657177, 1855124032, 1809911034, 536624787, 1846105507, 1907868691, 1909081616, 1403756319, 1948382040, 423205038, 1896524846, 5203758, 19043302, 1960619630, 1960619632, 1960619633, 1960613381, 1960619634, 1960619635, 1960613382, 34280327, 1956825180, 518904088, 1403134808, 1958954228, 480579332, 21268940, 1721618, 1446642047, 405089420, 1407524663, 41662978, 1920715650, 1403792413, 1300459, 513202697, 1877027200, 1950525404, 1459889162, 18055770, 2325781, 33544507, 1948756996, 1388961671, 548890047, 1407525383, 1921262356, 26991137, 1862900503, 1938029347, 1929065857, 1929065853, 1405785141, 864181200, 1339969220, 1411157152, 1464575381, 1841834860, 1884269656, 1808038253, 1907797858, 1851110396, 1362172651, 1500167452, 1365879365, 1899123144, 536623942, 1811222396, 1907532641, 460043667, 1396126033, 41651196, 419250237, 1408883757, 1424400870, 1891581638, 1401302505, 1909082622, 1847219367, 29343277, 1304922104, 1449822900, 1832633339, 1811250981, 1885800438, 1492864083, 1811251941, 1895385833, 1436511992, 1426032482, 1500339213, 26806589, 1844152730, 1426022020, 1391252896, 1467250218, 1352565652, 27200881, 1347300594, 1373172794, 35407367, 28977772, 19197385, 19373796, 2113027, 2113762, 1453325900, 567101163, 1380269941, 18055774, 1382980519, 1459971692, 987092, 1341722986, 1358388348, 425008183, 1835514122, 524148990, 1342022280, 1347300596, 1441233667, 1872177206, 1408941731, 1841467380, 1819036133, 1431941680, 1444606082, 1835512269, 1458224876, 1490987790, 469104548, 1341743704, 1376125188, 1342823472, 1862245202, 542667209, 1442142861, 1459888395, 1861126812, 1334297124, 1374617484, 1859660047, 1857099211, 1475776636, 1382592786, 1855788035, 1840728251, 1408930588, 562598516, 1426022022, 1847059460, 1853520283, 17572180, 1300287, 5186979, 1499989691, 1434293617, 1444323475, 405253317, 1403699842, 447079586, 1426022021, 574926602, 1442170830, 1415552012, 427595614, 1819036135, 1441183869, 543612324, 544553108, 1421434285, 27068952, 1463346950, 420386024, 480579331, 1293953338, 1299818, 1435976677, 1441233666, 1449822898, 1347297663, 531777461, 1298432425, 1394994862, 1461498062, 1369908740, 33984984, 512357642, 1339066481, 864647456, 1334811366, 501133800, 536622918, 1385303248, 490595927, 33894141, 1298432428, 1457248123, 1488990359, 517571270, 1456947748, 1426022018, 2113742, 1388960663, 5052317, 1351219081, 1334296095, 1396141677, 1449873498, 1336856498, 501133798, 465721397]"
8906109345,许冠杰20231209佛山演唱会歌单,"23年12月9日佛山许冠杰演唱会，
缺少《小英雄大闹唐人街 》《告别梁上燕》（网易无版权）

从幼儿园看许冠杰的电影，听许冠杰的歌，等到自己长大了，许冠杰已经老了，已经七十多岁，在网上看到2020年许冠杰香港海边同舟共济演唱会，一个人一把吉他演了一个多钟，就想在他有生之年还没有机会能开演唱会，自己还能去看，没想到在23年实现了，有种很奇妙的感觉。真好呀","['华语', '粤语', '70后', '70后']","[473281112, 172447, 172246, 170288, 169966, 169299, 169292, 171941, 171686, 172410, 171151, 171976, 172400, 172386, 171885, 171944, 169637, 171955, 172392, 169651, 170023, 1452476979, 171191, 171947, 1397657909, 169350, 169327, 169860, 2077816045, 172448, 169973, 170094, 65190, 172416, 172253, 170749, 172396, 169629]"
553331525,经典老歌-那些放DVD在家唱卡拉OK的日子,"记得小时候老房子里在爸妈的房间里有着时髦的卡拉OK
每次放假的时候老妈都会一边开着卡拉OK一边做家务
还有那些放DVD的日子
..............
这些场景都历历在目
这些歌都是凭着儿时的记忆找到的
还有很多很多很多","['华语', '怀旧', '70后', '70后']","[151765, 29723022, 22852024, 317645, 258417, 256833, 256624, 484047286, 1383381667, 144513, 108500, 144564, 157808, 60263, 210842, 310449, 26075656, 196816, 95393, 375917, 190042, 27867372, 257585, 256478, 139764, 200437, 186686, 104283, 347758, 400162067, 317641, 142607, 306719, 301947, 143283, 287063, 256470, 326990, 255294, 287039, 152428, 186843, 86279, 299075, 190526, 330133, 229010, 135848, 316854, 5285415, 32685948, 186269, 5257380, 4878611, 346075, 423227316, 317151, 317108, 71786, 135728, 276220, 189986, 168277, 108795, 115502, 459358029, 5265225, 132306, 406730432, 189735, 189586, 189688, 209643, 4878117, 26619367, 228755, 387948, 28306412, 176813, 188057, 1300310, 4173190, 3819561, 1697653, 26620756, 151985, 189907, 298838, 110411, 92608, 92569, 186385, 106368, 135768, 4416039, 320950, 171742, 239188, 25726209, 64317, 1620506, 426850074, 32785700, 253265, 189545, 188175, 3986241, 307057, 16607987, 151807, 190381, 33346958, 276999, 63650, 276711, 445781182, 26090160, 5272940, 25638702, 108597, 394568, 26123680, 66476, 212430, 239026, 152389, 255677, 256212, 112705, 112678, 25643328, 69846, 376971, 229413, 227694, 187837, 27562927, 152392, 287035, 287749, 28996770, 109747, 37853789, 28496172, 189236, 307525, 190072, 376417, 4878122, 25657363, 172325, 189164, 186240, 287231, 229285, 70100, 29775419, 185894, 5258327, 77131, 156374, 189602, 28914470, 200283, 186560]"
54418396,那些年我们喜欢的老歌,有些歌永远在你我的记忆里，挥之不去。,"['70后', '80后', '90后', '70后']","[26147205, 376363, 376312, 376417, 142580, 142604, 143053, 176608, 152426, 152428, 156846, 158924, 190241, 190526, 190690, 190778, 190495, 109198, 188057, 144301, 144094, 144252, 156649, 157357, 156374, 157288]"
384093369,草原风金曲合集,不定期更新中，请按顺序播放。,"['70后', '70后']","[2097783628, 2097779627, 1915444746, 2070257445, 1863006639, 2030602005, 2037034517, 2052348237, 2051517483, 2049952168, 1967957515, 1991112453, 1428835770, 1806940165, 1991388667, 1991387200, 1982944465, 1994894632, 2002479194, 2011227832, 1922765247, 1430595641, 1952900590, 2006380730, 1998289377, 1997446256, 1853460369, 1410203825, 1969463070, 1952736811, 1926450493, 1806940160, 1806939252, 1814948659, 1919793622, 1939620551, 1928366143, 1899234497, 1335350192, 1932629997, 1381564409, 1921425826, 559647899, 1883824601, 1310836545, 1899231431, 1407637171, 529824285, 1422688653, 1474571331, 1868238719, 1902119153, 1844660554, 1401831895, 1346104109, 1347512927, 1370186459, 1416541209, 1427574416, 1475167953, 1831695702, 1894119297, 1384264736, 1885062271, 1848149843, 1853461703, 1873876299, 1875235694, 1398300765, 1410206491, 1382733070, 1825812805, 1806940158, 1440424016, 1860729753, 1854629027, 1861573308, 1813975606, 1499826458, 1826934762, 1844562193, 1846519293, 1848224872, 1837758834, 1840867433, 1842944055, 1837747810, 1806940164, 1464300339, 1806939257, 1834244124, 1387228141, 1472777865, 1456638041, 1347512926, 1491171638, 1390281314, 1813529620, 1494978122, 1813529617, 1400394631, 1465321376, 1378896876, 1478593870, 1447010727, 1371410987, 1496748692, 1488323737, 1299571011, 1465310721, 1465310722, 1423032368, 1464325108, 1380834239, 1384482891, 1449534297, 1350627269, 1329908301, 1315129887, 1449957836, 1454556038, 1454664439, 1317116098, 1386703567, 1423417559, 1451669479, 1448447197, 1433420356, 1405251548, 1407895561, 1405251544, 1323965085, 1388793526, 1443050044, 1380339033, 1381738550, 1443004755, 1401832546, 1378452525, 1387276161, 1375858884, 1359114588, 1431484447, 554245164, 1382561290, 1419169283, 1352104753, 1428835774, 1426269981, 1424947225, 1352105594, 1374617482, 1352104755, 1384311751, 1367127775, 1412473097, 1412498514, 862098090, 404543937, 1345950780, 1380100797, 1303026543, 1394954769, 1298432432, 1319003965, 1372362277, 1380107966, 1376076714, 1367172233, 1371714640, 1311131039, 531051966, 34280327, 1373835581, 1373097027, 1376091996, 1376201306, 862102140, 1346093067, 1340017031, 522511136, 1355841730, 549321111, 1351219081, 1341501770, 1317145627, 1347136356, 1311346042, 1345838496, 511364566, 511364570, 547976473, 1295070445, 1328067000, 511364572, 1334329158, 1319004201, 507114632, 1323303678, 1335483321, 1334809687, 549498711, 570296179, 1298432425, 1329908929, 1331885289, 1308737094, 862099084, 452608766, 534445858, 471969542, 1325897196, 456185672, 443875498, 1298432428, 562494194, 489766016, 514172930, 1311365417, 506094948, 1307957565, 28960878, 425298481, 451113505, 552448560, 1293953338, 1293951985, 407459199, 864088893, 454698271, 557557186, 571339219, 431855968, 557623644, 550566631, 554200163, 554200153, 487375671, 525157432, 524112941, 442315219, 542667209, 542871130, 409736449, 533392786, 540596309, 485410552, 32526272, 534952807, 534541197, 534542195, 534066461, 531777744, 531777461, 431826014, 485612020, 501133798, 501133405, 514211636, 426026461, 480648184, 499644300, 495218278, 516776414, 489037214, 478269457, 421807617, 495569884, 479408527, 499675132, 480579331, 464192568, 458697805, 491943292, 485960862, 493623863, 425298437, 436346034, 26200639, 451017216, 472045122, 448317757, 483061899, 472045119, 466126718, 480579064, 478029097, 451991431, 1838133, 3084449, 472045116, 461544911, 407679565, 425684014, 463352375, 431395378, 422790145, 29362173, 30496957, 484730375, 461544610, 467590329, 439076170, 462523342, 460043667, 444269202, 469104548, 33721506, 32252808, 27686207, 470601632, 437802145, 28382430, 466343432, 33599623, 458270106, 407007409, 28932638, 409646916, 39869690, 421160855, 421160857, 4397005, 419594259, 33510921, 39869824, 39224596, 38771747, 39227139, 28333511, 34033788, 29836436, 36199959, 36871596, 35804943, 401712013, 401712010, 534540186, 518015048, 505828531]"
810368478,妈妈爱听的歌,有一首歌唱女人独有的天真和温柔的天分，要留给真爱你的人。可现实生活有时候让我们学会了持续爱别人，却唯独失去了爱自己的能力。妈妈辛苦了一辈子，只有打开这个歌单的时候，她不是妻子、不是母亲，仅仅是她自己。,"['思念', '70后', '散步', '70后']","[2006752051, 1994196962, 1822360854, 569200212, 1342743664, 210884, 1831809511, 25642227, 1819636482, 518076413, 1851414309, 1848290432, 1811178275, 227131, 1406483152, 1358554236, 211871, 108541, 1397096715, 1432784105, 1390504620, 1325898067, 536096151, 1417257300, 261985, 311392, 1371757672, 427595246, 26608733, 1363133231, 1388695899, 5231418, 441491165, 864647507, 29450091, 408332483, 1351426742, 5252340, 26090014, 558187275, 446874907, 541687281, 354352, 422960793, 239188, 1336866429, 29748139, 216990, 29769031, 461124484, 25657288, 130843, 34923671, 406737392, 29393634, 1294910124, 519909579, 518863060, 1297750634, 499222746, 207012, 143833, 1316330285, 281356, 554191684, 235389, 261247, 305020, 487587420, 314912, 470737004, 436147262, 342334, 227957, 436346028, 5248259, 25640043, 465675023, 507364215, 524913762, 276129, 427609090, 333994, 25657453, 293386, 188190, 213707, 358446, 5242710, 25713022, 284189, 210837, 33418871, 64317, 254460, 301947, 287752, 307043, 276731, 33418578, 239682, 298838, 5253712, 227104, 60398, 350760, 5236292, 28314060, 5274406, 254436, 93274, 152517, 32337898, 196780, 171066, 110359, 188057, 190495, 342343, 482215114, 187968, 126443, 83075, 118940, 5245413, 28288302, 5247458, 125684, 5281253, 258120, 339255, 287035, 30612754, 31062292, 27906198, 135778, 77098, 213326, 461519272, 5279148, 210866, 28793140, 103892, 234923, 234765, 235386, 167850, 261727, 29593921, 139703, 194885, 27946235, 417833584, 221895, 300996, 135713, 29772982, 34280972, 173819, 26145725, 5281399, 303281, 224148, 547059258, 308894, 549635144, 262640, 454949337, 424262284, 31256392, 178067, 28718603, 107084, 5242453, 517157988, 72883, 523250454, 5235273, 435948402, 420134154, 77113, 293717, 249396, 114741, 222172, 235732, 307003, 92012, 35314170, 222465, 32272267, 28234970, 27646070, 123999, 28481103, 293927, 144094, 212555, 212580, 327115, 29414460, 177578, 60102, 259541, 399353366, 28457938, 439915614, 29032001, 41664790, 132315, 473412675, 473740555, 33469593, 145454, 410042507, 4878347, 108103, 211761]"
2066771510,谭咏麟国语金曲精选,"谭咏麟演绎的国语歌曲大全，浓浓的广东味道，别有一番意味。
这些国语歌曲，最早自上世纪80年代，至今跨越30多年，见证了谭咏麟对演艺事业的不断追求，也见证了香港流行乐坛为融入大陆所做出的不懈努力。

共和国档案花絮：，当年普通话选择的时候，广东话，差一票成为国语标准普通话。","['怀旧', '70后', '华语', '70后']","[152487, 153764, 153767, 153771, 153773, 153777, 153775, 153765, 153781, 153779, 154864, 152517, 154870, 154867, 154877, 154888, 154372, 154399, 154886, 154384, 154387, 154395, 154403, 154379, 154391, 154376, 154374, 153309, 154641, 155037, 155058, 155049, 154693, 154695, 154696, 154698, 154700, 154703, 154706, 154709, 154712, 154715, 154574, 154576, 154579, 154583, 154588, 154592, 154595, 154597, 154600, 154603, 152491, 152495, 152509, 152539]"
316009921,珍藏【台湾酒廊情调】国语闽南语清晰小调,,"['流行', '怀旧', '70后', '70后']","[219741, 273086, 62670, 219703, 528893408, 528893407, 528893414, 528893403, 380701, 236028, 237504, 236773, 273416, 269355, 237279, 269349, 238512, 237391, 221143, 141868, 141836, 236510, 335784, 267192, 267216, 322659, 236537, 322653, 25721165, 237463, 359707, 274213, 271407, 236952, 269360, 246079, 339336, 291260, 242794, 271411, 271402, 271051, 236428, 265599, 35497322, 237435, 341124, 236145, 222304, 231875, 267745, 267733, 341957, 271400, 341954, 275693, 273919, 25721169, 219770, 300769, 339078, 339830, 273160, 1401131163, 231688, 273150, 400581071, 219070, 521560587, 325561, 1334095094, 1332901866, 339834, 35470614, 528015348, 5279512, 226188, 528015344, 1323503423, 447079663, 5279509, 271128, 525885110, 1413101320, 525885105, 1300603595, 242801, 1413100390, 523957475, 524903774, 235857, 250479, 1319781828, 527743005, 272483, 246282, 271884, 268045, 528298418, 296117, 235851, 238513, 4871983, 325611, 325641, 242792, 275353, 124089, 246508, 246671, 1493302959, 1493303062, 244111, 221150, 5242654, 5242646, 1333391199, 1334095103, 244177, 1332977625, 271399, 260450, 1334096072, 222371, 1332977611, 1333128091, 341972, 29449998, 243983, 528433163, 123466, 271019, 1293951724, 29457004, 1333126819, 244362, 221146, 221145, 221154, 221148, 221160, 221164, 271404, 221168, 221169, 5242650, 1321312545, 235877, 236046, 271413, 29457005, 35470604, 5242655, 1492470069, 267728, 221142, 417833584, 5285313, 5279527, 269353, 1295824453, 325542, 4871999, 35831147, 224803, 342517, 206460, 30212423, 5285250, 221162, 221152, 221144, 528893415, 219512, 5285312, 267990, 311411, 311399, 235971, 267704, 267777, 237703, 267980, 25907635, 260667, 260668, 267739, 267653, 259837, 528795659, 528293480, 528293478, 528293476, 236757, 237379, 236822, 236761, 237115, 237265, 236506, 237732, 237748, 237423, 237431, 237427, 237398, 236870, 323415, 242215, 221757, 267717, 271397, 244343, 341973, 341964, 267729, 341951, 341962, 267731, 27667010, 222354, 273088, 341968, 271398, 222369, 341912, 341916, 341918, 341921, 341927, 341930, 341933, 341939, 341941, 341914, 341924, 341970, 268002, 271144, 271357, 271283, 35625911, 35625903, 270563, 271403, 121010, 237439, 275695, 291275, 291236, 291223, 291277, 235883, 236741, 236231, 236026, 236998, 237447, 236227, 237600, 236090, 237050, 236400, 237395, 236048, 237242, 237164, 237111, 236491, 236778, 236985, 236075, 236235, 235989, 237441, 236776, 236586, 237046, 236953, 236759, 237257, 237170, 236014, 236487, 237393, 236008, 237403, 237234, 237433, 236247, 236034, 236040, 237127, 235969, 236743, 237167, 237396, 236042, 236447, 236071, 237006, 236747, 236433, 237408, 236055, 236765, 237451, 236369, 237612, 237182, 236030, 237081, 237017, 236770, 236771, 236069, 237680, 236519, 236077, 235979, 236780, 236779, 236775, 236222, 237251, 236523, 237143, 237633, 236729, 237636, 237269, 236382, 237245, 236753, 236461, 236036, 236526, 236597, 236489, 236376, 237459, 237621, 237444, 236007, 237149, 236031, 236088, 236529, 236755, 237054, 237060, 237078, 237069, 237642, 236001, 236814, 236475, 236022, 237074, 235997, 237388, 237008, 235987, 237014, 236073, 236020, 237580, 237302, 235999, 236430, 237123, 236612, 236950, 236093, 236767, 236224, 237253, 236745, 237625, 237146, 236032, 236420, 236444, 236464, 236387, 236781, 237390, 237049, 236599, 236423, 236801, 236930, 236738, 236239, 236220, 237184, 237161, 237313, 236467, 236404, 236412, 235995, 237239, 236365, 236255, 237175, 236394, 237283, 237401, 236726, 236096, 237119, 236784, 236470, 237263, 237035, 236440, 237305, 235951, 236437, 236029, 237639, 236250, 237084, 237751, 236084, 237614, 237616, 236479, 236373, 237449, 237574, 236721, 237158, 237173, 237588, 237180, 236009, 236735, 237195, 237308, 237178, 236933, 236723, 237197, 236593, 236391, 236719, 236473, 236397, 237291, 236065, 236016, 236494, 236258, 237011, 236783, 236824, 237457, 236732, 236079, 237033, 236038, 237618, 237232, 237402, 237249, 235982, 236086, 237271, 236584, 236763, 236774, 237021, 237191, 236003, 237072, 237261, 237382, 236483, 236782, 236809, 237505, 237029, 237312, 237027, 236595, 236243, 235991, 236426, 236588, 124478, 216561, 5267163, 241049, 178906, 274209, 274203, 1401131141, 267373, 231727, 267379, 5270992, 215956, 104891, 384667, 74094, 221623, 221627, 69254, 240917, 249245, 219728, 124278, 216158, 249195, 61120, 60949, 161166, 265556, 267005, 229654, 336542, 206761, 244455, 249401, 228661, 265383, 215981, 241254, 216617, 267612, 265353, 216016, 265608, 216131, 29836030, 492685839, 178788, 498880966, 26608749, 244292, 267201, 27588432, 27588446, 27588444, 336399, 297359, 69245, 221302, 178804, 241189, 248923, 296132, 28038108, 329023, 230768, 68620, 336089, 221648, 221633, 221629, 221625, 221734, 240591, 27588433, 336552, 336192, 336534, 244807, 231956, 35625862, 35625859, 35625907, 249144, 336255, 31560611, 61056, 61561, 61266, 61268, 216125, 147096, 28703765, 26145098, 312009, 5242658, 336437, 336159, 336071, 124333, 336113, 335977, 336275, 336536, 336428, 336369, 336213, 27588434, 863515602, 160925, 161191, 161048, 335134, 267183, 160943, 161084, 160939, 161264, 161054, 160951, 266979, 160930, 161310, 267011, 160922, 160937, 161072, 161209, 161005, 160740, 161009, 31560644, 160919, 160898, 160910, 28493574, 161022, 161069, 160935, 160700, 161092, 160928, 161013, 160907, 160972, 160776, 5255097, 161200, 161057, 161033, 161087, 267195, 161316, 160947, 160889, 160949, 161279, 267806, 514761200, 5270974, 229642, 221588, 498880964, 498880967, 498880977, 498880970, 498880969, 498880965, 267180, 178796, 339391, 35625878, 27511592, 1371073059, 1334245927, 216153, 344876, 237661, 194480, 73550, 194588, 1294165471, 123422, 864648654, 331483, 334737, 333841, 27733873, 259877, 115522, 309728, 270339, 195438, 194990, 1334431601, 5284036, 219608, 219714, 219601, 220041, 310844, 206051, 221285, 1334095110, 221701, 236067, 35831602, 221141, 237443, 235985, 244275, 221158, 275525, 5242644, 5242659, 5242657, 5242656, 5242653, 5242652, 5242651, 5242649, 5242648, 5242647, 5242645, 244425, 271423, 271417, 275532, 246229, 271069, 323409, 235866, 222383, 152523, 271449, 274199, 271437, 269384, 321079, 528267224, 523809104, 525844812, 262215, 262218, 262221, 262224, 262229, 262234, 262239, 262243, 262246, 262251, 262253, 262256, 1436151306, 5286020, 1413295902, 5268467, 218265, 250145, 1486458093, 1852343990, 2045328600]"
436336230,六七十年代歌曲集百年珍藏,百年珍藏,"['70后', '怀旧', '华语', '70后']","[5234257, 5282710, 282563, 5268599, 330646, 233142, 330638, 5281786, 5282709, 289174, 330628, 289177, 330651, 185257, 5234282, 5266827, 332110, 233160, 282546, 5281792, 119659, 165470, 65515, 5270839, 518076075, 5283622, 5281796, 340054, 5272443, 90405, 5272376, 5272431, 5255827, 289257, 202813, 5257034, 518013022, 5273922, 330726, 194700, 103312, 288889, 5281813, 5281785, 258291, 5274934, 288964, 282853, 5282697, 177907, 5251986, 103647, 5262988, 36025290, 194728, 5280408, 289210, 5274604, 330686, 224686, 5268586, 5275477, 5281816, 5281818, 177841, 282272, 515143998, 440411273, 103575, 63666, 278906, 78043, 5234244, 330636, 330675, 294009, 119194, 5282707, 330673, 330736, 5234228, 5234208, 5234211, 5234215, 129004, 5266667, 157678, 30039135, 434974041, 165482, 396577]"
8907633656,时光倒流，7080经典,穿越时光的门槛，我们来到了那个7080年代，回忆迷人的旋律仍然在空中飘荡。这个歌单是一个时光隧道，带你回到那个光怪陆离的时代。在这里，你会感受到那个时代的独特氛围，仿佛置身于那个充满活力和激情的年代。这些经典老歌，流淌着7080人们的心血，它们是时光的见证者，记录了一个个温暖的故事、一个个真挚的情感。让我们一起跟随这些旋律，重温那段美好的岁月，让7080年代的经典老歌再次在我们心中回荡。,"['70后', '80后', '经典', '70后']","[1459042573, 2005943034, 1810017543, 1447803259, 1955907938, 1945044892, 254938, 408772676, 1844458409, 247623, 1417094351, 1862938087, 385416, 144487, 542440992, 1808429322, 1888279459, 1427692, 461521111, 1403860154, 1409275101, 1838688084, 1469497447, 1457839374, 287637, 516770190, 1452665522, 2038471549, 870169, 1361209618, 1471987580, 144457, 1442844194, 2062590695, 1889536115, 287328, 287583, 5077171, 1486086160, 1338666280, 287766, 2051743750, 1808051498, 16686599, 4208408, 255024, 1384887694, 2013967589, 307686, 1329537332]"
5238399941,网易云音乐2024最火歌曲«更新最快»,"签:网易云全网都在听的热门歌曲推荐值得一听~
封面来源:Abduzaer-Mamut 司:歌手侵删经常传唱新歌忧伤的歌曲","['民族', '流行', '70后', '70后']","[2101517522, 2103127170, 1959892569, 2073133716, 2075731808, 2074610135, 2073376381, 2073212117, 2073776592, 2073045578, 2072772931, 2073113577, 2072867089, 1459102444, 1822297183, 517229835, 1822038258, 517234068, 1875448927, 1361639204, 1824822019, 1985266309, 2002403052, 1822297325, 1381167157, 1903317428, 1403114911, 1981262496, 1903436051, 1923256707, 1906295574, 1898785707, 1955869389, 1955703432, 1923256914, 1424546744, 1351101979, 1464715908, 1360162377, 2002398509, 2025853133, 517231094, 2027733990, 2018250113, 455746635, 455745699, 455747289, 455746683, 1994348773, 1313854720, 1803392404, 1467833384, 1917671767, 1463529286, 1371617672, 1447095563, 1865588064, 1426938920, 1446219060, 1839181099]"
606095489,荷东舞王.猛士的士高,经典曲目！荷东.猛士.的士高合集！,"['舞曲', '80后', '70后', '70后']","[31918109, 18055955, 5193690, 29335918, 5212223, 4219799, 5224511, 5224540, 1341193, 1883640, 3322049, 3021134, 21254320, 1623760, 26779842, 5284942, 26799961, 26603483, 21231367, 2616444, 1883656, 3021776, 5284945, 16621296, 2386185, 27868570, 17936417, 2385519, 2385529, 17936415, 5192329, 27756754, 36089127, 26936979, 5224508, 26163888, 36089130, 36089107, 36089134, 5185114, 5144062, 5224510, 21254442, 36089112, 36089116, 5185128, 25783075, 36089126, 4175659, 25783072, 2385724, 5185129, 5198363, 21254193, 36089121, 5211883, 29400566, 28089868, 29400558, 21254466, 5155060, 5178686, 5199537, 34002590, 3021773, 35497877, 28546104, 5122718, 34002596, 5178681, 5178676, 5206132, 36089124, 34002600, 5133138, 35497876, 36089122, 29400559, 5133125, 26222097, 5155335, 26618680, 26222035, 5155061, 28089873, 26222082, 2647422, 18055951, 2647417, 26909293, 31841555, 2647413, 2647411, 5185116, 2647415, 5224515, 5283120, 29400562, 35497874, 28089881, 21254106, 28089872, 5185134, 5185140, 28089860, 26618669, 1858898, 27225918, 5168447, 5178706, 5206147, 5133951, 5224506, 1284987, 1922934, 5199181, 36089119, 5224509, 5168444, 5144061, 29335917, 19784094, 5224518, 5118855, 5224529, 28089866, 29400560, 29385933, 4075813, 27225900, 2385355, 5178693, 3021154, 5168456, 5122711, 5283118, 1858893, 5178694, 5177890, 22285639, 21568293, 5212222, 5283122, 4385492, 22621330, 5172998, 5283124, 5283125, 1922852, 1623693, 3965856, 28600892, 5122704, 5122703, 5122702, 5122701, 5122700, 5122699, 5122698, 5122697, 26766095, 4295006, 3021157, 3021726, 28546116, 29335922, 29335920, 28129862, 4251871, 2385324, 34002630, 5160683, 5199242, 5160704, 22535169, 4175444, 22535163, 4175362, 34002592, 33314155, 5224521, 36089117, 21254330, 21865896, 5169251, 3797859, 5160675, 34002595, 27249162, 5169248, 5192304, 21254900, 17282443, 2647410, 34002627, 5122707, 2782476, 26945546, 5192283, 3417073, 29335921, 2647412, 3979246, 27890325, 17792411, 21274643, 4346391, 3417060, 5160674, 34880251, 5283121, 17075871, 35040980, 29498119, 5206129, 34002599, 5212218, 1414831, 5160700, 5170925, 21254148, 3417004, 5212224, 5192286, 34002588, 5211537, 5122714, 3592494, 26410742, 5169244, 26826873, 1922825, 5188687, 5160676, 5192333, 5224520, 34002620, 19123407, 5170929, 3797753, 3417069, 5169241, 26633698, 2177028, 21274655, 34002624, 5160677, 17936413, 28644437, 5224512, 34002586, 4175442, 5160702, 5211879, 16501044, 29335915, 5169245, 34002621, 19362736, 34002623, 35497872, 3021057, 34002591, 19562003, 5106490, 21343559, 17936411, 5122717, 5211547, 2697889, 5169250, 26410741, 5199240, 34002587, 5169246, 4191486, 34002626, 34002601, 5199247, 5283119, 5284948, 3545867, 3797772, 4312086, 17518571, 5199248, 5169243, 5211880, 5160673, 2701391, 5106463, 5122720, 27876986, 3026369, 34280999, 26783793, 19119844, 21865897, 5265458, 3545717, 27203227, 5211544, 2196242, 27218154, 1414841, 5155322, 34002628, 34002589, 1600454, 2647414, 34002619, 5199245, 345601, 5122705, 3021770, 3545662, 29335916, 4176726, 4175432, 3966205, 17936422, 5160680, 34002633, 34002629, 34002625, 34002598, 34002622, 34002585, 5224505]"
8841425293,2000年前后的流星金曲,90—00年代与收音机、卡带、MP3、walkman为伴，正逢港台金曲鼎盛时期，网络新起时所有MP3免费下载，刻了很多盘，等我慢慢加入歌单。,"['华语', '粤语', '70后', '70后']","[280154, 280175, 280266, 300551, 300214, 300422, 300234, 299714, 298900, 299090, 299981, 300136, 151618, 151766, 151606, 158924, 167975, 240251, 5244855, 116519, 114024, 4878606, 104657, 258684, 5269083, 285005, 115794, 390345, 187996, 5246648, 298838, 5232465, 5284585, 28819044, 5270889, 5242761, 94689, 298880, 126443, 114741, 144515, 194740, 406730276, 363488, 306755, 256621, 5274434, 280220, 354455, 77186, 331404, 187093, 1860799609, 139392, 176813, 190563, 287933, 25911418, 189511, 35621009, 190390, 26608724, 114442, 112220, 156915, 188071, 1895402409, 329925, 191232, 1851228571, 5255635, 485992506, 94646, 158923, 256469, 64861, 82932, 5242750, 277759, 5232550, 77977, 4875191, 326843, 147258, 33599439, 254798, 254574, 330857, 254589, 299116, 212253, 299936, 317868, 486814713, 115502, 257098, 257202, 108370, 4876355, 194769, 33916758, 5279696, 307003, 387948, 27874938, 307525, 229285, 293931, 87111, 186843, 240055, 254265, 28387594, 249320, 95843, 231412, 155040, 173819, 5250622, 212964, 258235, 573968857, 27928309, 320950, 144148, 189986, 119134, 144359, 168091, 150904, 77131, 188204, 188591, 212233, 4173190, 5265772, 347241, 1855074232, 346069, 22831967, 346073, 347758, 347597, 346075, 346576, 108587, 27928273, 5280041, 346089, 1853812727, 144513, 144619, 5280145, 5282661, 300333, 281227, 486837557, 211588, 213760, 167805, 240333, 33361840, 1408431489, 176614, 154693, 27646919, 143230, 211220, 282880, 176617, 192159, 189292, 186354, 5283645, 195504, 4871848, 169054, 277775, 256672, 190526, 385535, 308150, 277804, 255907, 177269, 300058, 230525, 298290, 307514, 330133, 189313, 253144, 282131, 288402, 256870, 177346, 230587, 189780, 318049, 308354, 158351, 188003, 190690, 211155, 319491, 240210, 258679, 257090, 151765, 211400, 158458, 190233, 308518, 390530, 187797, 187280, 329994, 300431, 116841, 284189, 211206, 143146, 158616, 390559, 114629, 258665, 158961, 187338, 329971, 318197, 116986, 190449, 95410, 276721, 117283, 115083, 79375, 190381, 117326, 114950, 64840, 158239, 112908, 390685, 276741, 158336, 115250, 113021, 89770, 1409947220, 257585, 158418, 211576, 89805, 113247, 216764, 349892, 1393624836, 211654, 158769]"
1982474185,粤语小调/粤剧/港岛民歌/中国风,小调/粤剧/民歌/中国风,"['粤语', '怀旧', '70后', '70后']","[195616, 86397, 86423, 68468, 117523, 65956, 140225, 354889, 354900, 110721, 26123675, 68071, 309469, 5248591, 113672, 195686, 310490, 113804, 309764, 270457, 172447, 169307, 5259076, 331358, 140013, 140054, 139976, 331375, 28186081, 269252, 191250, 222839, 188571, 245568, 66365, 316488, 257509, 111792, 235313, 115684, 5259078, 152266, 235271, 87339, 235510, 260687, 217545, 235129, 207312, 207274, 310675, 265470, 265543, 86769, 313698, 262505]"
649952921,香港粤语经典老歌,,"['粤语', '怀旧', '70后', '70后']","[5256056, 92428, 116869, 1448290483, 188575, 29343374, 186453, 35831119, 36861903, 120869, 28315670, 1309903366, 193535, 212360, 318133, 32699981, 152268, 32705293, 154627, 152392, 152390, 152428, 329218, 212412, 212253, 212430, 212436, 212427, 212225, 212198, 212645, 26620821, 26620819, 26620762, 188603, 188645, 186689, 186382, 186372, 188175, 188204, 186536, 194769, 347443, 347597, 346080, 346069, 346073, 347758, 347230, 347639, 347720, 103209, 158655, 156846, 115981, 190449, 188555, 190533, 189396, 191299, 190360, 229204, 229285, 228755, 65956, 27874896, 65642, 66476, 66532, 92429, 116938, 117189, 117614, 317868, 113380, 171110, 171108, 171733, 171802, 171858, 171995, 172127, 172116, 172113, 172198, 172195, 172177, 172176, 172207, 172210, 172392, 172388, 172386, 172410, 172455, 172450, 172447]"
8724811956,黄弘振窝好大儿,黄弘振黄弘振黄弘振！最爱羡羡小宝啦,"['乡村', '70后', '70后']","[2008340510, 1982763983, 2003795163, 2089003828, 2101361974, 2032293645, 1496828617, 1950528144, 2105435473, 1868838401, 1908049566, 1497779613, 1925404868, 2088787257, 2075156327, 1973665667, 1983290040, 1313052943, 1374505714, 1930605629, 1985072824, 1398283847, 2055808604, 1909651843, 2097826775, 1960740829, 1939499624, 1943592909, 1955197097, 2090387348, 2084988865, 1938304218, 2013159316, 1973028472, 2097783700, 2042594225, 1430000692, 2079415547, 2039992778, 1371046568, 521237529, 437909145, 561459551, 1324122814, 1421256637, 1327027234, 1340616493, 1492049185, 1810711312, 1827600686, 1467444619, 1971659843, 1339420560, 2025186881, 2042918630, 2064527195, 2054476405, 1958934349, 2034031983, 1956801826, 2052649797, 1806634682, 2011879639, 2056901352, 2079450644, 2079217650, 2006747976, 1843704418, 2024035483, 2071935674, 1897685807, 2001583051, 1946234096, 2009519825, 1936399142, 1483221816, 2075085618, 1979276359, 2063864551, 1376873330, 523250334, 1867217766, 1836033745, 1939457329, 1979313985, 1831895092, 1901109775, 2026224214, 2079005934, 1973360513, 1990086349]"
