8751577877,歌曲效果堪比T0,我永远享受孤单感的自由和享受.,"['欧美', '电子', 'KTV', 'KTV']","[2047985543, 1909563226, 862618282, 1878429485, 17271830, 1333144056, 1942042826, 1910994242, 27504755, 1936551517, 1419820531, 1952113522, 1420745339, 1940057567, 2025337662, 1919684213, 5171213, 506092958, 1340006512, 2077871462, 17075871, 445665093, 2067064891, 1911807658, 1334248867, 1329938686, 2048700343, 1950897620, 1943523171, 2005311941, 1898855202, 1994175518, 1810186168, 1873402191, 1986143657, 1892409985, 1335350266, 1847721719, 863248868, 1809029003, 1368945415, 1405485323, 1829060327, 1831812154, 1831811400, 1380355891, 1808446350]"
8671963647,KTV里激情呐喊的青春岁月歌曲,. 有时候，如果和很重要的人发消息，他一直没有回我，我就删了那个对话框，总感觉看到那个对话框，就好像看见了自己的卑微和讨好,"['华语', '流行', 'KTV', 'KTV']","[66842, 346089, 186624, 523250334, 169053, 1346104327, 190072, 2049512697, 86360, 210049, 569213220, 25706282, 35403523, 1978036723, 86369, 28196001, 513360721, 167873, 254191, 167880, 156820, 189869, 1363948882, 2000560563, 63968, 167876, 144513, 165361, 30612793, 77131, 362996, 168091, 63650, 327115, 27646687, 280266, 417859631, 1356350562, 436514312, 1330348068, 165339, 387812, 368800, 330506, 28341146, 287035, 362998, 387758, 355992, 185700, 357284, 189602, 209643, 174944, 1929370102, 29567191, 158924, 1474411443, 28606305, 1400256289, 156374, 96890, 254574, 165340, 150430, 307780, 26305534, 327157, 346591, 256468, 77459, 254485, 174956, 287719, 239188, 1842025914, 167885, 210042, 193535, 29774670, 187134, 189986, 28387594, 2064901791, 363488, 145586, 165379, 190526, 298880, 27890306, 29436904, 65766, 208902, 60263, 65528, 1937637455, 1472178723, 167827, 413829859, 411214279, 435288399, 385965, 67467, 354455, 28798743, 376417, 65538, 202373, 1430303185, 1895377452, 25638340, 254265, 174960, 286980, 66282, 88926, 174961, 1293886117, 139808, 209936, 28892408, 185726, 212233, 209758, 176999, 569200213, 101387, 85491, 354601, 1336990251, 346576, 344442, 346073, 150619, 64634, 108478, 32619064, 65800, 167882, 167732, 26305545, 28563317, 330508, 65536, 255294, 108138, 139764, 186345, 306662, 28996922, 354593, 287063, 25727803, 145678, 516657051, 95475, 174963, 66476, 26305550, 190449, 29814898, 229394, 145424, 60102, 158093, 188051, 26145112, 288121, 326990, 1383381667, 229336, 167942, 307594, 329925, 205342, 65198, 25702068, 82932, 307525, 115502, 224133, 347230, 168500, 139357, 26090160, 25643032, 316756, 287398, 32785700, 229271, 307474, 343557, 5255637]"
8297885395,秦北川 阿扎萨 白豆腐 谢凯,这是一个怎样的时代 和枕边人说谎 跟陌生人睡觉 与最爱的人永不相见,"['00后', 'KTV', '酒吧', 'KTV']","[1927984149, 1907770083, 1909714956, 1830735966, 1914166841, 1921864486, 1919131379, 1954522132, 1954412752, 1954544731, 1958675383, 1905408478, 1957062399, 1954077361, 1927751471, 1970517568, 1971126706, 1933183605, 1933184523, 1933188721, 1933184399, 1911429302, 1831452390, 572932030]"
5473085735,〖MC 喊麦 压声 另类 合集〗,"☆喊麦另类压声暴怒挑音合集
收藏不易
细品","['华语', '酒吧', 'KTV', 'KTV']","[2016412177, 480427308, 452601235, 478736423, 427610332, 462893838, 1883700688, 464192475, 459062923, 452601237, 485612461, 453268101, 479219240, 484056829, 466332079, 542897860, 492151209, 489768251, 487190347, 487192952, 462523460, 472137170, 471789226, 472423845, 469491999, 469490896, 445546408, 1294899340, 471754377, 460323873, 485607485, 484056827, 444706644, 445781469, 471754481, 484058798, 464009675, 440767880, 417596406, 1865204446, 1860786481, 1432706630, 483690397, 27902642, 487192980, 489302024, 487210656, 571339289, 1888125704, 1356081883, 1304882337, 1301573283, 1451231124, 1875012846, 552458431, 864647684, 1297743952, 1849617370, 1856791358, 41657832, 38576533, 1867452867, 478731510, 416388976, 428387622, 411988657, 35678899, 1296539356, 438903475, 1426881784, 1849465319, 491484695, 863481200, 1360748201, 487587710, 1373555200, 445546427, 1374159085, 1373553416, 468513722, 451126851, 451372029, 1420675384, 865040149, 1383271908, 1339663191, 412319977, 471754373, 448317040, 1342071368, 1402472450, 443716726, 1428801567, 456163812, 1297494165, 1380150736, 1418083042, 1300452149, 1342401049, 1415453081, 1431518988, 462861298]"
2756020962,电驾|车载|抖腿|必备！（欢迎巨友）¿,"世间千万物，得来所不易。

希望大家喜欢！

不喜勿喷","['驾车', 'KTV', '摇滚', 'KTV']","[487387212, 506094856, 498331796, 409941528, 32958672, 28443231, 467595255, 546605231, 470547655, 33223259, 475264040, 493551130, 463157154, 504487145, 409931583, 552575458, 540253253, 482999322, 33111443, 32431822, 410519492, 28064059, 447281367, 29572652, 28315888, 30569420, 475264044, 469410926, 422358756, 536623599, 32320336, 31191085, 28461867, 31081097, 31529852, 523249067, 30780175, 417595824, 475279151, 514055298, 414979759, 33187419, 29848223, 27607217, 32196872, 451981205, 405597478, 37720741, 28443087, 32073584, 31917671, 410801715, 410628702, 37720174, 27939608, 404716896, 30070616, 471763887, 432464943, 31594436, 28481962, 25781158, 27946723, 26540914, 32073603, 27781349, 471566612, 412187188, 26895023, 29343645, 471969891, 27993087, 410519314, 35288209, 474567971, 417859039, 418602088, 431855270, 33255655, 446154202, 428442780, 419115204, 481537801, 427139659, 33307572, 450986159, 467166600, 432509429, 475277160, 31517408, 419646988, 30212889, 27630615, 500412031, 475277156, 28850560, 428350510, 470771018, 1215281, 427542356, 431853811, 26513232, 474567963, 419594479, 29819578, 467394056, 28235032, 27704582, 400162908, 26575134, 408140277, 443292138, 471761981, 34057469, 411314057, 28796621, 27691911, 458496375, 29715842, 435288578, 444524046, 465921341, 450041354, 464377234, 409060084, 456175678, 424262559, 32737830, 412911838, 401382225, 28152841, 409647737, 26369101, 406737882, 469073576, 28263911, 28729445]"
2211477835,M乖就抱你_M——DJ歌曲,最新版本的DJ合集，想去酒吧迪吧的先不要去了哈哈哈哈，要么戴耳机要么声音最大,"['酒吧', 'KTV', '兴奋', 'KTV']","[470573724, 1369576880, 1393224842, 1341766, 1464454909, 1957368515, 1384448851, 1996312116, 1501922925, 1824687927, 1980808779, 1401274271, 1886192269, 1493816591, 1895243053, 1808985983, 459925853, 1369658060, 1336454018, 1359694143, 467595199]"
3133695821,吉他歌曲♀〖GiTtAr KuYLiRi〗,"مېنى كۆزگە ئىلمايۋاتىدۇ،
مېنى نەدە كۆرسە تىللاۋاتقان،
مېنى زاڭلىق قىلىۋاتقان .،
مېنى بالىلار ئالدىدا يەرگە قاراتقان،

……………………………………
ھەممىڭ ئاڭلاپ تۇرۇش ھەرقايسىڭنىڭ ماڭا ھاجىتى چۈشىدىغان ۋاقىت كەپقالا شۇ چاغدا مەن سېنى تونۇيمەنمۇ بىلىپ قالىسەن

ئىككىنچى كۆزۈم كۆرمىسۇن سەندەك ئىتلارنى---………………………","['吉他', 'KTV', 'KTV']","[2093087969, 1369636446, 1401300777, 1334247858, 557391968, 1826635456, 557689674, 863603023, 1393072074, 1332682219, 1352288073, 1385947385, 1431957422, 1807433339, 1895387441, 1451472856, 1806870087, 1458898043, 1350595452, 1461232399, 1842829237, 1473650331, 1327111556, 1443972942, 1960673291, 1902545304, 1985690243, 1808317500, 1976086188, 2017908845, 1915020937, 1985825137, 1890709241, 2037440629, 1832260875, 1928149010, 1864819445, 1947497727, 1830209798, 1921973961, 1937889106, 1975988736, 2004225116, 2004247366, 2022958795, 2085616019, 2061323109, 2054860468, 2057574435, 1436332525, 2076614674, 2072215637, 1993912404, 1992855007, 1913340651, 1885986265, 1922885132, 1934877844, 1832789121, 1935653717, 1924601277, 1920001742, 1915024141, 1858736256, 1472524398, 1436639132, 1425069401, 1497779137, 34341360, 1811251590, 1808318677, 1472728525, 1432818397, 1807637645, 1473721414, 1836295295, 1473751611, 1804402594, 1840491201, 1422768951, 1351982593, 1836034114, 1832887459, 1330480428, 1805586472, 1820479246, 1473436736, 1430048088, 1445764615, 1822588144, 1453972194, 1806368400, 1475303325, 1806214279, 1465242799, 1807099278, 1466315023, 1472977453, 1473715431, 1465423275, 1465779403, 1496812508, 1390637469, 1447340454, 1468721299, 1344335231, 1428835900, 1304640832, 1464747657, 1468259237, 1345544684, 460323131, 1358015143, 552334473, 1415939495, 452620336, 477973876, 1459898775, 469699614, 1456188156, 1459709705, 1455267798, 1456418384, 1342407284, 1429908263, 1294158244, 1390255814, 1428568343, 1429791207, 1427084775, 1312873511, 1424491772, 29777858, 1401525936, 1381798813, 1353989784, 1319163609, 1323415768, 41634247, 410042379, 420401173, 454817826, 34380344, 39644835, 423776906, 36703310, 36080007, 41648150, 1411193668, 492141529, 541938541, 417595301, 417596242, 37782078, 564780342, 1403470977, 1380591281, 557649946, 441618690, 483378220, 484311378, 464674029, 467953063, 484311380, 469699615, 484314363, 464647040, 484314361]"
8902590618,chill Phonk·冯克之神·无限快乐,"chill (drift) Phonk：
chill Phonk是drift Phonk的子分支

Chill Phonk与主流的“Drift Phonk”一样来源于俄罗斯,但有一部分Chill Phonk只继承 Phonk却并不继承“Drift”的元素。

Chill Phonk在Drift Phonk或者其它""Phonk Music""的基础上,糅合了某些Chill元素的辅助加 持,比如Chill Atmos (氛围音)、Chill Pads (垫音)、更缓慢的BPM(每分钟速率)和更温柔的节奏型,去除重击音色,亦或者是某些Chill 的 Synth Melodies (合成器旋律)/Melodic Synths (旋律化合成器主音)。

Chill Phonk,一种并不是那么依赖TikTok的Phonk亚变种。

有时,Chill Phonk 也会被称作 Chill Drift Phonk或者 Drift Chill Phonk。

Chill Phonk的起源地和起源时间都有一个大概的界定标准,但是不能确定是谁创造了Chill Phonk。

为什么会这样?
因为Chill Phonk更早是在YouTube (油管)频道或某些其它的频道、电台使用,并不是由俄罗斯制作人和DJ们大力推广而成,甚至有不少

“Chill Phonk艺人”并不把作品归入Chill Phonk里。

现在很难追溯到 Chill Phonk的具体起源,但Chill Phonk的重要代表人物之一DVRST在两年前就发行过这种音乐的雏形作,但我们知道DVRST这类制作人把chill Phonk带火了(这暂时不代表他就是创始人,因为创始人 目前未知)。","['欧美', '电子', 'KTV', 'KTV']","[2067126532, 2092188841, 1910389923, 2052502176, 2047126369, 2025457557, 2061508316, 1967223401, 1893937729, 2007482586, 2017138323, 2019128677, 2000208944, 1925484889, 2026634437, 2062087098, 2030818713, 2061904445, 2055889170, 1898113522, 2036572947]"
487845197,华语｜字不成书，纸短情长,"你陪我步入盛夏。我真的好想你。我的故事都是关于你啊。

封面：苏周妍","['华语', '流行', 'KTV', 'KTV']","[1923183766, 1808053189, 1444242241, 516076896, 416385181, 1365221826, 1308782890, 1365393542, 1336856777, 441491828, 557584888, 436346833, 1346093140, 571338448, 514761281, 523251118, 513791211, 452986458, 479598964, 468513829, 557581095, 445665094, 28285910, 421423806, 31445772, 29759733, 346069, 520581566, 32507038, 38576323, 208902, 519061704, 4873594, 25718007, 410801653, 139385, 169198, 63650, 138793, 276999, 287611, 168091, 139377, 287749, 126946, 65528, 168724, 299092, 298838, 299075, 299445, 299601, 299757, 65126, 256468, 277111, 276995, 276904]"
8784691836,PHONK HOUSE『致命节奏 掌控全局』,"Phonk (drift) house:
Phonk house是drift phonk的子分支,Phonk house也称drift house和house Phonk,比drift phonk更晚起步的子分支。
以 HOUSE 乐为构架常见结合 DEEP HOUSE 、 BASS HOUSE 、 SLAP HOUSE CIRCUIT HOUSE · FUNKY HOUSE · EDM HOUS

跟 Drift Phonk 相比,Phonk House 直接摒弃了孟菲斯说唱节奏和 Trap 鼓,转而使用了"" Four - On - The - Floor ""节奏和 House 的鼓组。

由于这个差别,新西兰 Rare Phonk 制作人 Pooty 坚持认为 Phonk House 甚至不能算作 Phonk 的子流派,因为它没了 Phonk 最核心的节奏和鼓组。

英国 Phonk House 制作人＄ WERVE 在某管的评论表示, Drift Phonk 跟 Phonk House 根本就是两个不同的流派,并不能因为都有孟菲斯说唱元素就划分到同一流派下。

$ WERVE 的现身说法是： Drift Phonk ≠ Phonk House 。(有牛铃的电音并不能都划分到 Drift Phonk 范围)

Phonk House 进化到现在,保留着牛铃和 Phonk 的迷幻和黑暗氛围,用的鼓组也不一定失真,有些 Phonk House 也在有意识地淡化说唱人声样本的必要性。

Phonk Wave - Phonk Trance 和 Hyper Phonk ,基本就是在相关电音元素的基础上加了牛铃或者孟菲斯说唱样本。只要知道它们也不属 Drift Phonk 一类就行

顺便提一嘴 Brazilian Phonk ,Brazilian Phonk 是2023上半年新晋的热门流派之一,就连 Kordhell -MoonDeity 都要在此参一脚就知道它在今年有多火。","['电子', '舞曲', 'KTV', 'KTV']","[2042643372, 2067999882, 2100182411, 1855398597, 2081257514, 1989841518, 1993151852, 1926329414, 2006390562, 1879469323, 1897256092, 1890128737, 2050607818, 2055889170, 2066173530, 2061508316, 2071522452, 1910837577, 1968389384, 2076064057, 2055091788, 2057290490, 2016733209, 2059151631, 2057013570, 2058344831, 2024152825, 2070272867, 2012763115, 2061507773, 2056773158, 2021590030, 2073636870, 2074201704, 2071522495, 2078019193, 2050604004, 2070305781, 2070140376, 2061966697, 2061171251, 2058806005, 2058110307, 2016171935, 2056114762, 1961432535, 2045828592, 2051830514, 2051574873, 1932961027, 2043273730, 2039086360, 2032684042, 2019175924, 2038527602, 2030283792, 2024345564, 2038116143, 2013911421, 2031093589, 2034769923, 2030811320, 2039683553, 1990597701, 2063009019, 2070265633, 2070277565, 2006939148, 2047265033, 2070272851, 2046929210, 2072521913, 2013151957, 2043142210, 2017498664, 2020920005, 2025457557]"
798038065,车载（佩戴耳机后在进入歌单）,车载音乐............,"['驾车', 'KTV', '夜晚', 'KTV']","[1909776265, 2073717554, 1958018094, 2083006274, 1992629856, 506043450, 1854928510, 2073231790, 1924217674, 2045238645, 1417496349, 530986991, 1854574686, 1940057567, 1838280452, 1808652205, 519943276, 1413491975, 1335350266, 2011638612, 1946100138, 1824464866, 1366774957, 1810420040, 1831812154, 1409944941, 1982572485, 2020032962, 29572097, 34280999, 1860515406, 1986192634, 1448504762, 1808492009, 1892409985, 1497829905, 1414512316, 1886116660, 1894884040, 1472273197, 541364972, 1803992071, 1321486700, 1395717068, 1375436512, 1804864376, 1897383024, 1470632497, 1834984216, 1493816591, 1497861495, 1356248365, 1814625585, 1499781275, 1392985819, 1458321950, 1470939756, 1426451112, 512832155, 1427637004, 1399825195, 1393382771, 1472703677, 1329820279, 865868057, 1426256544, 1353285311, 1809393471, 1809029003, 1384357551, 1494536044, 1436888760, 1478184378, 1491893431, 1332935255, 483242505, 1436069543, 1460985597, 1433653780, 459954444, 1469909754, 1440346444, 1447721838, 1465940692, 1393360714, 1469666489, 1465665964, 1468935543, 1429763782, 1441347652, 1459052877, 1451539893, 1393382675, 1442081430, 1446041320, 1347710499, 1381755681, 27890339, 1383011979, 1440997936, 1346320965, 1433927953, 1410831781, 1398843537, 1416416061, 1411953102, 1411519561, 1353145947, 1368945415, 1372241977, 1436098117, 1392793740, 1398272716, 1431918350, 565833779, 1332848111, 1431918219, 32073606, 1335625632, 1425783327, 1375516056, 1426087089, 1393121310, 1342183593, 1398505359, 547210817, 1386559704, 1428255802, 1414765912, 1380150429, 1345930468, 1312836830, 1387418448, 29414516, 1295516182, 1369665782, 1391927648, 1340196417, 1382012947, 28593175, 1401275077, 1398451663, 1362232706, 1390291265, 1407595075, 28362056, 1386946638, 1356511474, 1406091281, 409931583, 1390098035, 1394009788, 1368215634, 1325711491, 487587539, 1296550886, 1339897258, 1306496090, 1353428840, 1296523395, 1372471346, 33111443, 864107710, 1335797439, 573843305, 35040980, 505449407, 436487129, 463049020, 21792987, 27901733, 1325973356, 1352199778, 1336864671, 556204163, 551638872, 1336871747, 517542039, 417908641, 1332463026, 497616880, 491955101, 863967331, 509728989, 1328910929, 483378219, 1337372363, 534541185, 1332461204, 471968795, 1338275480, 1321604527, 1321424623, 406072775, 1314751313, 1336871173, 545164595, 411236374, 467590240, 517567049, 19086497, 437245022, 31273206, 467595199, 467590281, 1923489, 29922416, 458496410, 449578314, 456185706, 449577299, 417595250, 417595253, 417595251, 417595256, 417595255, 417595249, 417595260, 417595261, 417595252, 417595254]"
7544283642,宝藏歌曲|沉溺在心动旋律中,"热门歌曲推荐 持续更新～

","['华语', '伤感', 'KTV', 'KTV']","[441491828, 1330348068, 1363948882, 488249475, 1403318151, 1808492017, 1359356908, 465921195, 1827600686, 1441758494, 534542079, 569213220, 1497588709, 1463165983, 1901371647, 475479888, 421423806, 1387581250, 1456890009, 1336856864, 523250334, 1807799505, 1859245776, 1895330088, 1492584510, 1811921555, 1842025914, 208891, 28403111, 30612793, 1907766514, 1426112587, 1922888354, 1867217766, 1891469546, 865632948, 1877996649, 1851652156, 1824045033, 1410647903, 1459232593, 1934251776, 1887917182, 36024806, 1413863166, 1923184888, 1440570723, 1894094482, 1417862046, 1435828582, 1809100933, 521416693, 1482867143, 1959667345, 1887139866, 1979417838, 1425814935, 1927693793, 1873321491, 1372188635, 29412405, 1929370102, 1966162185, 1809976865, 1313584359, 1891431677, 1968791360, 1970396862, 64093, 1443143188, 29850683, 1958557540, 1294951288, 1958031074, 1927389937, 1943043408, 1964443044, 1975589384, 210281, 1928857203, 1988564487, 1983456716, 479408220, 274686, 1988532821, 190381, 108299, 1954420092, 1907978608, 1984488522, 1985656866, 1976899454, 1390853266, 1496089152, 1978036723, 247807, 5243638, 1978670873, 1901319325, 1348383168, 1987986734, 1322600749, 36841953, 1948803141, 1974459985, 1961032753, 1988456854, 1969874371, 1977929314, 1992391270, 1976787301, 1982706722, 415793152, 1443115020, 1950825587, 1979085818, 1981292998, 1871118627]"
7495256767,KTV男生必点歌曲,"男生KTV必点歌曲，都在这里！

封面：《功夫》周星驰","['华语', 'KTV', '怀旧', 'KTV']","[153784, 65528, 188432, 64093, 362930, 88926, 5267256, 167942, 176053, 28403111, 65681, 167912, 29723022, 1383927243, 150432, 108493, 460112012, 190246, 1377007223, 191258, 442869203, 189236, 190495, 163123, 114369, 28111646, 4872533, 439139817, 541511427, 191534, 31134193, 108931, 188222, 189238, 28481818, 185726, 491943068, 82190, 298317, 191392, 363488, 168091, 65766, 86849, 27483167, 158655, 114741, 387635, 85580, 93053, 96888, 77131, 354455, 60102, 28306412, 27713963, 115162, 60263, 186436, 188175, 114397, 65769, 155872, 346151, 400162138, 169632, 26090160, 186345, 108134, 176999, 446875807, 31877157, 176640, 108242, 108418, 202373, 193535, 29723028, 191819, 25642714, 25642125, 27937521, 165026, 27646198, 108914, 5250048, 66282, 108886, 65919, 65533, 189207, 109196, 189714, 192384, 347355, 192316, 404784564, 25706282, 167975, 27583525, 354593, 189315, 190241, 191171, 191232, 28219176, 108468, 29932432, 29814898, 28892408, 346075, 190072, 486218073, 469699266, 482988834, 513791211, 412902689, 27955658, 471385043, 1944900274, 63574, 1933997277, 1933915376, 1932593070, 187374, 1907766514, 1901371647, 1886371886, 1891469546, 1430319727, 1492584510, 1882041535, 1873049720, 1880669500, 1880886636, 1885421530, 488249475, 479598964, 487885426, 1334295185, 453413861, 1449794966, 1819024549, 1808492017, 1495058484, 1827600686, 1441758494, 1804879213, 114389, 28563317, 1443997393, 1401482684, 1459023707, 1490342956, 1463165983, 1460706496, 1458986027, 1451463691, 1429716422, 1443838552, 1460656959, 1435449062, 1455965526, 1371353582, 558071673, 1445670554, 1344897943, 1447330704, 407450223, 1413585838, 1442508316, 1436910205, 1411718813, 1390065771, 1417136806, 1416628288, 167850, 1388357890, 1406642934, 1412242872, 1407551413, 1411784809, 167870, 1339648907, 1363948882, 1406648891, 29764562, 1301572067, 569212211, 1335580481, 1384527426, 521331876, 557583281, 1385856956, 1298130745, 1391891631, 1382423403, 1390853266, 202360, 864647841, 497034035, 1385646451, 1374061038, 5255987, 167873, 1334270729, 175072, 1378657165, 1383876635, 1373228032, 1373225817, 1379456709, 167876, 1380262830, 1379148912, 1374701777, 1378241458, 1365221826, 1376142151, 446627373, 1326798446, 1365393542, 1370047789, 108245, 554241732, 1368371706, 1358758532, 1343311848, 1305366559, 1304427659, 1308788681, 1335590077, 35476049, 507815173, 1363363410, 1363534529, 33340067, 1343756008, 1359356908, 572819430, 1346105274, 1361988914, 1346104327, 1336856777, 1336856864, 1325896149, 526646591, 526031463, 432509882, 108138, 1307332436, 560899696, 571902335, 25706279, 30635706, 1344814341, 1348249566, 516728102, 1340200924, 1336990251, 1328146041, 1336856449, 1338695683, 167655, 1306400549, 1334647784, 4153366, 33162226, 436514312, 574566207, 569200213, 569214247, 167696, 1321382129, 439121995, 1313052960, 1303019637, 1323303739, 1294910785, 1319655594, 569213220, 1328021954, 25714352, 1308818967, 486814412, 569214250, 500613058, 26075648, 432509483, 191528, 1293886117, 553755659, 1305366556, 408332757, 509932349, 471374398, 536890393, 536099160, 1294899029, 1301575218, 574919767, 108478, 864100675, 430053207, 432698825, 63650, 445546453, 440208476, 29004400, 29764561, 566436427, 562594322, 566436355, 525278524, 557581095, 516076896, 562592265, 557581967, 557584888, 562594264, 36229055, 553310138, 554241075, 138793, 447926067, 514761281, 407435011, 518686034, 529668356, 355992, 167799, 553543135, 64634, 523250334, 371362, 551816010, 27646786, 25718007, 97357, 490163629, 63787, 63538, 65536, 549309083, 29710981, 133998, 29759733, 38576323, 465920905, 411214279, 132975, 33190545, 35528482, 32192436, 32507038, 27598482, 27646205, 474567044, 32619105, 27808044, 27955653, 515803379, 85571, 516657051, 493042772, 418603441, 481859794, 28643203, 465921227, 65761, 29848796, 441491828, 29567192, 455543886, 472638926, 423015580, 520458481, 34923114, 434550872, 150430, 25731320, 29850531, 435288399, 31546888, 65800, 10308019, 27890306, 522510615, 480271578, 94639, 466122271, 468517654, 432506367, 188408, 114024, 108485, 169185, 415792881, 72394, 27694145, 31445772, 451113440, 25906124, 29436904, 31654343, 108401, 65538, 25731313, 176028, 480580003, 432506809, 424264505, 417859631, 29567191, 451126768, 435288314, 413829873, 29761121, 506092654, 31260258, 34497630]"
3028142098,金牌扶手来一群,一杯圣水身上飘 看到吸管就弯腰,"['舞曲', '快乐', 'KTV', 'KTV']","[2093427031, 1958980765, 2097057544, 2046765518, 2103204664, 2027701300, 2034501396, 2091594722, 2093113764, 2041522086, 2029759957, 2029797777, 2042013950, 2092827216, 2083397155, 2052989091, 1855769312, 2009779810, 2092266363, 2092192691, 1916186014, 1923603520, 1996679675, 2058793425, 2070602137, 2050041463, 2085803534, 2046221255, 2071002320, 2081392158, 2080600384, 1958972536, 1959197460, 1958972464, 2013040798, 2055282583, 2006037762, 2068002400, 2053597817, 2053961983, 2017749435, 2039846314, 2073173227, 2074902045, 2025151056, 2051424672, 2050358481, 2069699689, 2067084526, 2066209948, 2070587567, 2070851096, 2071484200, 2058895176, 2060135877, 2070679253, 2068945775, 2004092619, 2038581865, 2044074825, 2038026767, 1933068418, 2038023719, 2044786733, 2058677834, 2012581946, 2062963241, 1934864842, 2030815061, 2062361514, 1903998821, 2054719044, 1938192697, 2016527237, 1937096261, 1948718095, 2044272009, 2001083697, 2057108480, 1944379519, 2037002880, 1933012811, 2051793246, 2037023456, 1930239648, 2048083295, 2050100748, 1956247618, 1956502365, 2047786467, 1935642180, 1939131614, 1950337335, 1942389603, 1948020805, 1944142297, 2035835363, 1981032345, 2020694195, 1441021469, 2043018624, 2038168376, 1968552019, 2014444121, 2010877386, 1934150179, 2036735331, 2034250319, 2016041358, 1956989840, 2031987718, 2035280367, 1918382904, 1960065366, 1958678803, 2012469546, 1902751536, 1928876035, 1960187016, 1978625862, 2028755609, 2028720880, 2011814601, 1989691241, 2013034554, 2006634378, 1929308561, 2036820074, 2010894877, 1988169794, 1935981040, 1933563189, 1954966260, 2004142441, 1475027840, 1933500765, 1969809374, 1926953160, 1962149542, 1929292723, 1988221452, 1946725884, 1933599527, 1875597488, 1974293542, 1939106737, 2004150464, 1949053480, 1975289943, 1957560406, 2027778880, 1954475800, 2003700008, 1937256275, 1934878410, 1923110280, 1955104950, 1947920140, 1947948916, 1991175384, 1923103079, 1951224052, 1897365608, 1937256075, 1951269878, 1980691729, 1431012434, 1940890725, 1981872047, 1981872499, 1930240464, 1933287165, 1984369276, 1958345867, 1982119662, 2035368395, 1947222011, 1969207074, 1964033373, 1967264948, 1971439241, 1938226665, 1949830049, 1911601266, 1901063538, 1927282381, 1907199340, 1930661227, 1942035048, 1935974055, 1899222590, 1928852392, 1898854929, 1927174035, 1907206441, 1923033601, 1923037652, 1930226385, 1928162146, 1935734473, 1922506728, 1931293823, 1930671111, 1910212028, 1455679002, 1429354611, 1814891499, 1946234565, 1908633463, 1908595188, 1898529580, 1884224488, 1850312553, 1810123708, 1475031388, 1907294923, 1900249310, 1876501256, 1459005503, 1459002352, 1809205740, 1806772958, 1940825372, 1443902198, 1857243221, 1844714548, 1873015624, 1884601621, 1833715136, 1834656422, 1848302042, 1877499795, 1829815710, 1879914780, 1879917658, 1879332029, 1862828567, 1385403668, 1825951494, 1905086772, 1907282710, 1878971369, 413829280, 1880909169, 1847081686, 1845530050, 1825950559, 1815339889, 1388618588, 1806309597, 1806732225, 1806738560, 1807785485, 1818450309, 1806882710, 1472307262, 1819510820, 1865217234, 1808138267, 1806772875, 1807999411, 1809698996, 1806772994, 1806753396, 1824197613, 1498952599, 1807456530, 558727870, 1388619024, 1820791091, 488208711, 1426538961, 481280064, 1322892548, 32334505, 1339729145, 1429449947, 1388618592, 1339591054, 1388618570, 1350259280, 1425818247, 1318000209, 1318031730, 1339722660, 1361535707, 1332728385, 1339802328, 489367232, 450669301, 467214860, 1388617974, 545993375, 450098721, 468264985]"
7329236323,70年代的人听什么歌,享受一下70年代的歌曲那个年代的欢乐时光,"['70后', 'KTV', '榜单', 'KTV']","[17141622, 472045174, 17786207, 20045598, 19553363, 20045608, 18785845, 17786203, 1348524401, 20261093, 19578245, 19553361, 1345856196, 17436284, 4334237, 4334224, 18785857, 17141626, 4237923, 4238174, 472045187, 28486333, 4238150, 22223809, 17141647, 472045169, 4237918, 472045093, 4237914, 472045172]"
8730717154,那些我在KTV里面必唱的歌,"世事难两全，得失总相伴。
记住往前走，是最好的结局。","['伤感', '怀旧', 'KTV', 'KTV']","[66476, 432509483, 1804320463, 147030, 376635, 158093, 113122, 1477530893, 191171, 115981, 439100721, 1379053995, 77379, 150996, 108103, 72394, 175072, 26545309, 60102, 4173190, 64634, 65766, 436514312, 29567191, 1994328481]"
2111859026,蹦♚（环绕，3D，重低音）,戴上耳机跟我一起，蹦跶,"['酒吧', 'KTV', '性感', 'KTV']","[1448260853, 1409843998, 1396365414, 1451981659, 1448658697, 1480438168, 1439793509, 1329606657, 1365598047, 1365572385, 1317369249, 1347214184, 1387267570, 1379959218, 1386988785, 518896594, 529824979, 1349279194, 33111443, 1378905436, 29378287, 27781345, 548648066, 438903739, 471969790, 452986349, 1375174852, 567624698, 1363282268, 409650792, 862085819, 411315810, 544274399, 541534367, 544208090, 487379597, 1316045592, 405597478, 427373972, 475264040, 1338275480, 1334199204, 414670048, 865868057, 32477546, 31517427, 29393622, 29979795, 402070218, 1314811712, 33307572, 399366200, 531452765, 34892203, 31165227, 32320336, 28303867, 28730270, 33404130, 32835001, 29572652, 420125961, 29713705, 31284084, 34532261, 28443150, 32958672, 525935284, 428350510, 33223316, 26610779, 507983351, 475072054, 436487129, 414979759, 500684834, 515269424, 28996325, 463049020, 29807644, 507795190, 31594436, 417595252, 28411393, 514055266, 33789036, 490595309, 31674997, 462861081, 26489703, 487587543, 28729445, 452997280, 28000614, 34167329, 544483346, 492850130, 422094552, 405612166, 26974448, 1923489, 532156099, 518904885, 33991463, 522745254, 403820001, 466332789, 418602088, 452608374, 29793229, 29793230, 405372458, 28282813, 482597551, 30590630, 29922416, 27951526, 452601901, 27890604, 451782675, 449824317, 28473348, 27784957, 27728632, 516827154, 520242706, 27714206, 29807512, 31928206, 451991565, 35806116, 422428569, 28461771, 451110087, 451521111, 506094856, 450765245, 525127014, 41653419, 423015272, 35031728, 419837717, 452986715, 452804063, 444356238, 28730277, 451701186, 451701192, 524152463, 35476383, 417595824, 469410926, 33233669, 409646295, 435289732, 31081097, 467595978]"
368214813,KTV男生必备300首,耳机是人类的避难所，音乐是人类的救心丸。,"['KTV', '伤感', '流行', 'KTV']","[153784, 29723022, 1383927243, 4872533, 108493, 1383876635, 460112012, 158655, 190246, 1377007223, 191258, 442869203, 189236, 25643328, 362930, 190495, 163123, 188432, 189545, 114369, 1325896149, 28111646, 441491828, 541511427, 1293886117, 1309814115, 191534, 553755659, 31134193, 108931, 126946, 108138, 188222, 557584888, 167655, 25986093, 25642121, 189238, 28481818, 516076896, 29004400, 185726, 518686034, 553310243, 491943068, 514761281, 28798921, 150430, 5267256, 29759733, 25642952, 82190, 191392, 363488, 65681, 25986095, 200436, 168091, 424264505, 65766, 86849, 27483167, 114741, 114389, 387635, 150432, 85580, 93053, 96888, 77131, 354455, 25642153, 28563317, 60102, 25718007, 28306412, 27713963, 515803379, 415792881, 115162, 60263, 167942, 186436, 188175, 114397, 65769, 63787, 155872, 25906124, 346151, 400162138, 29850531, 169632, 26090160, 186345, 434550872, 108134, 176999, 65800, 25642129, 446875807, 31877157, 29436904, 138793, 176640, 108242, 108418, 97357, 202373, 193535, 29723028, 191819, 25642714, 25714352, 25642125, 27937521, 165026, 64093, 27646198, 108914, 5250048, 66282, 108886, 65536, 65919, 65538, 65533, 189207, 109196, 189714, 192384, 191528, 347355, 192316, 72394, 404784564, 25706282, 28815250, 167975, 27583525, 354593, 189315, 190241, 88926, 176053, 191171, 191232, 28219176, 108468, 65528, 29932432, 31654343, 63650, 29814898, 28892408, 346075, 133998, 190072, 436514312, 486218073, 482988834, 513791211, 480580003, 466122271, 412902689, 27955658, 27955653, 32192436, 27808044, 471385043, 32507038, 516657051, 169185]"
7551325647,KTV女生必点歌曲【中高音】,"你们要的中高音惊艳歌曲已整理，注意查收，持续更新哦～

封面：虞书欣","['流行', '90后', 'KTV', 'KTV']","[2065258712, 1942041775, 2043045498, 2037904328, 2034881346, 448144321, 501347079, 1943687607, 480579393, 1968599553, 223763, 25639007, 255858, 1969320038, 223736, 2006448864, 1493083969, 1426959223, 234015, 1999314042, 5238992, 1953017440, 234066, 354352, 1887328226, 1843704418, 1996298007, 421423806, 1994253743, 1438865533, 344418, 1989430006, 1995174272, 1992083081, 865632948, 35678875, 1337205804, 1965647402, 1430303185, 1460682363, 1954947185, 1323303807, 16232697, 1480380028, 1988232089, 1972018590, 483937795, 1948277210, 471403427, 1985106136, 1965956796, 1979743387, 1924133224, 1500569811, 340376, 509311656, 489302317, 1981863128, 1435177840, 26217171, 1343506065, 1951788951, 1831769361, 1421191920, 1336205537, 1980781208, 1345848098, 1940943649, 1857630559, 1909932701, 38679524, 1982627346, 274686, 1868943615, 1374489910, 1943043408, 1467444619, 468513829, 1963390467, 504835560, 1908392914, 1972258487, 1807537867, 1341964346, 465921195, 1444751400, 1440876675, 1401267466, 1966162185, 490453044, 1434631277, 1453086724, 31514406, 1496822949, 1807799505, 1880151536, 1878315329, 32835565, 1968053454, 33419432, 33241396, 1323304621, 1448183660, 493735012, 1475124792, 26418130, 29004400, 1399112638, 1930213637, 1935613660, 1358848433, 35678877, 1479702535, 1890714308, 1804614734, 1830448879, 1920784999, 1949119429, 1927231651, 1812673579, 1929363849, 1965671755, 1968773532, 1882420127, 1888915574, 1929356674, 1486264538, 1430000692]"
8881599385,养只猫 取名叫旧约 纪念我们相识在九月,其实我接受我们分开了 我躺在床上 眼睛看着天花板 把我们之间发生的事情都想了一遍 开心的 幸福的 吵架的 已经不流泪了 只是经常发呆 听到某一首歌就会想起我们那段我们不在一起的时候 我太想跟你好了 但是看到你那么自由 我对你来说是负担 我总和朋友说不喜欢放下了 但心有嘴那么恨就好了 我确实还是舍不得你,"['华语', '流行', 'KTV', 'KTV']","[1488077114, 2085647962, 1397345903, 488249475, 1482867143, 1396223165, 2100329027, 2066654616, 865632948, 157458, 25643373, 1910505500, 2044458035, 1956574552, 516571913, 1403318151, 489302016, 1905004937, 2049512697, 436346833, 421486605]"
5073442783,G & Deep house抑着浓浓的匪气重低音,"带上耳机
一起沉浸在充满匪气重低音的世界里","['电子', 'KTV', 'KTV']","[864041038, 1369658060, 1415645455, 1405102064, 1360740796, 516735019, 1356928339, 1377289570, 1398451663, 29564556, 34532176, 28154885, 451981574, 459733269, 546488667, 1406273234, 1441860073, 1356657763, 427139295, 1394137472, 1397148900, 1411718674, 1446673707, 30148373, 1819889668, 1423297895, 512376304, 28743433, 32196321, 541364972, 408140277, 499222320, 443277190, 407450336, 1412899148, 407450644, 32639453, 399953146, 1332403297, 39227081, 1362147511, 1345531109, 36586421, 1336856711, 1396196557, 1339763623, 1411719571, 1336871640, 1376076597, 505807968, 1322875426, 1328910929, 1416761424, 417613080, 1376958623, 448316067, 32038810, 1349062061, 442562229, 1336866361, 399410327, 1345778121, 1414765912, 28796984, 1369535258, 451113381, 495311013, 1342566625, 1378461420, 1315703833, 33728661, 34557638, 35443009, 1352279782, 1372845879, 553764951, 406072747, 1329092547, 542977901, 27888764, 496871009, 524150214, 1359356941, 1306496090, 1332461204, 1314794977, 1353889145, 1318827940, 1365398014, 1415209829, 1323631439, 421148741, 519943217, 1336864631, 1302066341, 18004020, 27810086, 501214040, 30212159, 507134225, 1306628313, 417613079, 1323301875, 466333699, 458496375, 431853811, 1315963154, 541980442, 1366229748, 35443143, 528270554, 487387216, 26259203, 1354813868, 534541185, 1385125103, 1336866360, 1336656674, 548890860, 1317488947, 456381024, 512260485, 26745462, 1360113734, 533121979, 479223307, 483671668, 34033274, 486837237, 31365862, 520458965, 28595293, 535389183, 504016381, 400690291, 517542039, 1324845118, 487003072, 464188344, 32035599, 29400996, 400876536, 32358330, 425684979, 422960592, 516765174, 1364507434, 426026877, 547203811, 409647998, 33486118, 456175255, 542986942, 28543994, 29402179, 28423175, 28652689, 506569058, 506420751, 400690202, 418603094, 417250186, 35443145, 488611386, 417613082, 410518078, 454730625, 29488446, 28382481, 411314445, 431534576, 438803460, 458496599, 447076645, 28975820, 34532507, 28932481, 28953429, 30212342, 28170923, 452814467, 27509150, 36664396, 443292138, 41631511, 458238658, 29563737, 33692905, 440207802, 400074050, 28975821, 400291010, 404184368, 449577203, 35447639, 41629087, 476324907, 28553127, 399366654, 37091383, 28261298, 417613081, 441491291, 412187872, 404784556, 27672266, 493551152]"
2094503027,KTV女生必点歌曲【易学】,"由于之前的易学歌单
很多人说不好学
所以我把简单点的歌单独拿出来
并且添加了其他易学歌曲
希望能帮助到美女们~

封面：李凯馨","['华语', '流行', 'KTV', 'KTV']","[1480380028, 209643, 26217171, 1974391626, 1968053454, 1968781675, 1969061662, 1878315329, 1966155051, 254306, 1374489910, 1908392914, 1480380030, 1839001238, 1807901896, 4874932, 1474624352, 1496833377, 26494530, 276936, 1426959223, 1407424616, 1426112587, 1445761206, 167827, 1475739400, 1401909095, 468513829, 526464293, 1475739401, 1489304620, 327736, 29450548, 298213, 139764, 1422004391, 1425898259, 4875084, 1345848098, 1396568325, 1319434339, 326997, 254309, 307525, 208938, 864353348, 516891538, 27747330, 255219, 27747328, 490238678, 28892385, 28285910, 297845, 30431366, 521606665, 437250268, 523251118, 547976490, 208889, 531295576, 31877644, 327145, 354352, 504835560, 1341964346, 1350522448, 1373228477, 33337258, 344442, 233974, 445665094, 30987293, 1309394162, 415090356, 5234899, 569214126, 307679, 440241144, 325336, 326904, 27867140, 471403427, 206730, 229161, 287398, 562598081, 344418, 32619064, 209758, 26113988, 28949444, 108468, 287035, 208902, 476987525, 229336, 307606, 296885, 25713022, 326784, 255294, 28018075, 254574, 481519556, 306920, 287063, 32450986, 27836179, 233931, 437292675, 25640792, 234066, 4875309, 326738, 415793869, 30089063, 256093, 534542079, 240147, 247491, 35678877, 35678875, 512733081, 541523314, 326965, 409941296, 37202030, 468878693, 22854166, 4874159, 240141, 240125, 431554131, 316100, 27591608, 22740077, 5243349, 418257688, 419374466, 476007252, 32046185, 4875075, 28767065, 507116696, 410181337, 450853439, 32046186]"
759220398,再也不用担心去ktv没英文歌唱！,"KTV点歌无从下手？
一单解决你的烦恼
收录欧美火爆热单
再也不用担心去ktv没英文歌唱！","['欧美', '流行', 'KTV', 'KTV']","[28639182, 29950374, 1317380441, 461518855, 453185808, 441491080, 18638057, 35847388, 28661564, 481691618, 415792744, 28847994, 17654232, 423228325, 460043750, 515269424, 35447182, 411921480, 526116053, 26390073, 19064412, 494865824, 17793698, 430297325, 36668810, 31273679, 31090820, 1373168742, 5100462, 1519121, 21563094, 473817398, 28481189, 32897951, 492145159, 3313757, 4172700, 4224657, 5145734, 475072467, 31273503, 21563184, 522444650, 28761177, 27846862, 28306668, 28798532, 1315367060, 481691622, 18981975, 432698441, 34722412, 2526625, 3029019, 33599620, 2772113, 280581, 27902187, 400876320, 26538229, 39224884, 451703096, 36496695, 2534006, 27697195, 480524523, 17112299, 409181575, 418603177, 26060065, 36992485, 19567918, 3313334, 18981898, 487363236, 415904452, 30841076, 21253958, 401382522, 420922950, 31356499, 29561077, 36841427, 410654683, 17654194, 38592976, 21562995, 1697653, 16435049, 32507839, 434974661, 30706066, 402070862, 5145740, 21234462, 34228719, 456175020, 28475345, 480426313, 21674656, 518894596, 1297841, 16375205, 18981910, 416700932, 401249910, 521416693, 409916250, 21563197, 3225999, 461347998, 515453363, 1374329431, 29747524, 411314681, 406475394, 31719696, 423227295, 411315504, 464647452, 467952465, 2870985, 419594258, 3986241, 26548584, 509480054, 34229234, 436487129, 422132237, 465920775, 30953009, 426502151, 29966565, 26243686, 3026369, 2308499]"
5057152425,百首流行 · 00后麦霸速成宝典,"都0202年了，作为一个00后当然要掌握点流行歌曲，要不然怎么当麦霸，歌单持续更新！祝你早日成麦霸。
","['华语', '流行', 'KTV', 'KTV']","[1807537867, 1811408619, 1804320463, 1495058484, 573615289, 1368754688, 1810021934, 1500569811, 1447966613, 1481164987, 1811102198, 1804879213, 1441758494, 1443838552, 1808492017, 1463165983, 207497, 1491221473, 1459950258, 1809976865, 1401671455, 1489342321, 1497799734, 1805088448, 1493083969, 1487528112, 1811118551, 1501715251, 1498342485, 1477539203, 1436910205, 1478568147, 1479526505, 1403318151, 1455717202, 1413585838, 523250334, 1456393572, 1500788926, 1479706965, 569213220, 1441860073, 1446769897, 1374329431, 1808053189, 1492049185, 1456443773, 1811459887, 1807550736, 1297742167, 1445556953, 1462875618, 1811183594, 558071673, 407450223, 1384450197, 1457707546, 1397674264, 864498975, 1297498908, 31010566, 1477769124, 1807381939, 1460682363, 1806336043, 5238992, 386844, 1429716422, 1480204501, 1453972194, 1421256202, 1449416890, 1803349526, 1471064193, 400876320, 1811118545, 1336856777, 1476239407, 1489065373, 26305527, 536622304, 1811118553, 1293886117, 1486763122, 1808078153, 574566207, 553755659, 1456673752, 1442332360, 1306507078, 1405283464, 461347998, 1336856864, 346089, 1811118564, 1497588709, 1437031748, 1809760190, 1383972145, 1806117006, 1811118559, 1481657185, 1404511131, 523251474, 1398508295, 528326686, 1496602290, 1460656959, 569214250, 1459232593, 456185577, 534228257, 1380075991, 1459023707, 1433338551, 405599470, 1495845516, 1396141677, 515453363, 1406649619, 25706282, 1463168014, 1471285412, 1373168742, 451703096, 406475394, 1810711312, 1452439191, 1442508316, 1436709403, 1426649237, 493735012, 1425626819, 1423241987, 1450574147, 1344897943, 1445761206, 465921195, 1387581250, 1449678888, 1363948882, 1398663411, 1413142894, 1450843719, 1400256289, 1403215687, 1426112587, 32835565, 35678875, 1420075778, 1330348068, 1355896807, 1438865533, 1435449062, 1346104327, 1450163801, 1331819951, 1407551413, 1406642934, 1359356908, 208902, 1365898499, 1384026889, 1365393542, 1383927243, 1363205817, 1451463691, 29004400, 1382596189, 1411358329, 1386460251, 441491828, 1376873330, 1389090775, 460578140, 298213, 165339, 1399112638, 569200213, 1377748865, 483937795, 316686, 1313354324, 1391891631, 1386259535, 496370620, 1440443944, 490595927, 442314990, 1381755293, 1425814935, 1357999894, 1372060183, 1334295185, 1383876635, 1335350269, 550138197, 1358848433, 1422212205, 513360721, 1443143188, 1343756008, 1412559986, 1385856956, 1369798757, 1356350562, 28018075, 1445670554, 480580003, 1297802566, 1412242872, 1415829224, 417859631, 86369, 1303289043, 1450938702, 254574, 1349292048, 1409329655, 516323185, 449818741, 1427444926, 1450956881, 157276, 347230, 1439333714, 191254, 108390, 536099160, 31445772, 1387592437, 1404906595, 514761281, 287035, 1397345903, 1382985712, 25713022, 1439142552, 412911436, 411214279, 415792881, 1377078201, 1367609755, 403710393, 413812448, 1382423403, 1296833312, 1338695683, 476659144, 483671599, 474739467, 1404885266, 65766, 1367452194, 175072, 1376142151, 174944, 1315718569, 385965, 1357825630, 470759757, 108914, 167876, 1449213110, 316100]"
6624401170,摇头抖脚硬曲dj,天人之资，狒狒挠头！反祖现像！大鹏展翅！鱼儿出水！,"['舞曲', '兴奋', 'KTV', 'KTV']","[1448260853, 1868398074, 1423947675, 541881721, 1377530437, 1985748314, 2051027914, 1390040075, 1824064806, 1322073023, 1333693792, 1335251582, 1369285767, 1970623879, 1944518589, 1961736717, 1950839974, 1953105354, 1938970300, 1893483243, 5365723, 28912686, 1380483885, 1807999149, 1855739286, 566300578, 1873921611, 1832450179, 1432160937, 1808388545, 1405130828, 1336526373, 1819828675, 1473560238, 28738474, 1823485320, 1878698474, 1440871051, 1852982792, 1479155669, 1821548580, 1808595494, 1845192507, 1389431677, 558368373, 1374521275, 1398513776, 1395429080, 1478063304, 1451669556, 1443000831, 1444442646, 1476291733, 1387591269, 1385433380, 1391281657, 1357587673, 1382572506, 1349973366, 27246960, 1317785304, 1380294757, 1398467990, 1300381887, 1373881554, 1294880461, 1398513971, 1358934778, 471969786, 1353163840, 1321481656]"
8454893489,KTV | 适合大合唱的华语流行歌曲,"适合在KTV大合唱的华语流行歌曲。

哪一首歌曲勾起了你的回忆呢？","['KTV', '流行', '华语', 'KTV']","[94240, 354684, 354738, 354745, 354750, 1840459406, 1966162185, 369392, 1359356908, 402070928, 5273910, 187338, 1808492017, 360832, 135362, 472137697, 4874121, 277680, 95843, 139377, 139371, 386866, 108795, 185937, 32192436, 362450, 63914, 399354289, 376417, 97357, 519935280, 28387594, 190381, 287035, 354593, 85580, 189323, 185726, 167912, 5240550, 86363, 82932, 436514312, 169243, 4872530, 86279, 387764, 258235, 188057, 185919, 25640795, 144513, 362998, 186345, 168091, 190352, 500665346, 5255651, 349892, 76933, 77437, 157288, 387812, 1330348068, 28606305, 280175, 1457756795, 25986094, 554191989, 1895382850, 139357, 65050, 167880, 1962191041, 1807172379, 355992, 26305547, 189545, 254574, 25706282, 195373, 5232552, 5243638, 5243631, 108660, 188432, 5279696, 186624, 25640392, 179242, 308123, 388068, 387948, 298880, 1474411443, 162643, 144619, 5272610, 4876355, 111096, 109530, 108914, 26598946, 1895377452, 94646, 34999431, 1888076998, 209643, 64800, 1985421283, 1965140277, 25643328, 194651, 191252, 187134]"
2413926591,猜歌名游戏专用,"听歌猜歌名“食用清单”
（本人多年组织实践活动经验下原创歌单，亲测好玩有趣有氛围）

#可用于各个场景，如团建游戏，热场游戏，聚会野餐，或者朋友、情侣之间调节气氛
#还可以用于固定场景下循环播放，比如入场，商场等，都是耳熟能详、脍炙人口、人民大众喜闻乐见的经典歌曲哦

#常用游戏形式
①随机播放前奏猜歌名，或者听前奏猜歌名
②切换到播放页直接播放高潮猜歌名
③还可以用来玩听上一句猜下一句，适用于大部分歌曲
④有些歌曲跟电视剧电影有关，可以听歌曲猜电视剧或者猜电影
⑤听歌曲猜歌手名
⑥.....未完待续，欢迎私聊补充

#坚持持续更新歌曲，随时随地完善歌单，欢迎补充和提点","['流行', 'KTV', '经典', 'KTV']","[156008, 4872535, 167942, 32685948, 1480378521, 178139, 354601, 189323, 174963, 1480380030, 307606, 65681, 261557, 240515, 406737348, 387812, 293769, 109734, 167888, 306662, 287749, 1480380031, 288121, 383267, 224000, 209750, 368800, 299449, 229232, 247579, 306664, 167929, 1897927518, 287231, 86279, 5254811, 27671253, 150430, 114600, 327115, 77211, 210049, 254359, 4872533, 87111, 168091, 60102, 306665, 2092161257, 421423806, 1877996649, 28949444, 417859631, 1947948874, 1929370102, 1966162185, 488249475, 2019573476, 1951069525, 1895330088, 2090044467, 2008202858, 2088887669, 2092537722, 2062623445, 2092536832, 2090568608, 2066654616, 2063864551, 4172700, 1299550532, 26428032, 1934251776, 1950343972, 1891431677, 1974443814, 436346833, 1397345903, 205342, 2082079879, 1984474579, 174944, 475479888, 573968836, 1890530891, 529668356, 2019620319, 1293886117, 2021437775, 438204707, 1368754688, 208891, 553755659, 1962695870, 174956, 2063487880, 2071935674, 1959667345, 4878146, 27570905, 391566, 391564, 1330348068, 1968781675, 2046990697, 27671269, 1357375695, 287063, 65766, 1807799505, 449577636, 1463165983, 2050391293, 2048584480, 2026224214, 2049512697, 2057534370, 2059814165, 316686, 64317, 362450, 188175, 5243631, 28152182, 25707139, 2008726921, 287248, 383073, 1443886268, 28208244, 454828889, 354588, 4873813, 4874558, 316100, 4874225, 393025, 22740079, 110452, 354549, 1410647903, 72394, 165026, 224086, 208902, 29848657, 5257138, 4876080, 4873343, 254183, 4875079, 191722, 1480378513, 2030766928, 157276, 1984475097, 1894606139, 1997438791, 2016442586, 191179, 108886, 185700, 150433, 436016654, 65592, 5239100, 86943, 65536, 1996887512, 29436904, 194715, 330857, 144155, 210842, 85482, 223339, 5232465, 32785586, 5279696, 1474411443, 1901371647, 1842025914, 1979274315, 258235, 21509136, 32201359, 1807537867, 523250334, 190352, 1361988914, 1811921555, 1890850918, 1416661696, 1885131132, 1891454316, 1891454308, 327157, 229394, 186018, 185709, 167882, 387948, 28606305, 27646196, 115569, 167850, 346075, 108242, 186345, 185697, 167885, 185694, 191819, 254285, 114741, 27646687, 386538, 108795, 28285910, 534067514, 254102, 167876, 30814948, 441491828, 1840459406, 492818328, 441612583, 1382781444, 17793698, 28566210, 2188283, 17177324, 405599119, 29722263, 29769734, 4173190, 1297841, 29539085, 21373645, 18638057, 441491080, 27759600, 38592976, 17706562, 28157586, 27902187, 401249910, 28248872, 440208476, 1518938, 400971154, 33522777, 86369, 254191, 385965, 354593, 31877627, 185919, 4875127, 368764, 191060, 29814898, 385973, 27483167, 191248, 402073804, 27583525, 185726, 449818741, 28341146, 27937466, 65126, 30903117, 65099, 92774, 350616, 85491, 531295576, 30612793, 25642125, 29713754, 176093, 1338695683, 186149, 347355, 425298905, 557584888, 531051217, 349892, 27808044, 186160, 114024, 418603077, 150422, 186119, 27955653, 186114, 25713022, 468513829, 26418130, 5260494, 26562739, 27937069, 537854958, 346073, 170749, 16607987, 27706564, 354620, 191252, 156193, 470573565, 65533, 108390, 299757, 65528, 4875626, 394748, 22813728, 238658, 393335, 375328, 375381, 4873340, 27731176, 287035, 26524510, 26569168, 2081057, 17753288, 16431842, 29019227, 18794244, 29498914, 17112299, 451703096, 212233, 115162, 32192436, 483671599, 354455, 26090160, 169185, 254574, 25730801, 32507038, 30953009, 426852063, 25706282, 376417, 405485737, 108251, 108914, 18611643, 101387]"
2012833269,[狂野节奏] 电音之王,"高潮部分听到醉
","['KTV', '00后', 'KTV']","[507338883, 864107687, 1881528472, 1387592205, 1881843406, 1999193440, 28152841, 1855545728, 1300726413, 1372628016, 26830970, 2011127277, 1844175674, 29809960, 2060814557, 1971087392, 506326329, 1875855655, 1896710802, 1817566719, 1840743183, 488359747, 1921471058, 1935843225, 2010369335, 2020524962, 1820911912, 1501587268, 1948083890, 1975811775, 1988586766, 1898113522, 427373563, 2027884248, 2038285664, 1894884040, 2005311941, 2063156685, 502602282, 2047985543, 2021338418, 2052933578, 2055313175, 2072134030, 2067064891, 2064470669, 1825297241, 1429424264, 1940057567, 1395041140, 506112531, 1356738081, 573515582, 1409241133, 1947575679, 1858712632, 1869545350, 1858674349, 1853845826, 1857038952, 1868513196, 1853828483, 28196744, 32317081, 28443150, 1451326094, 567242153, 1403270274, 1867279066, 460099546, 1371411107, 1867132661, 1930532461, 1998722993, 1829894951, 2020446266, 1478079861, 1501224950, 1340901602, 1454801892, 1932511799, 1843346920, 1958151292, 1479683762, 1860097646, 1902022583, 2020656823, 1823209181, 3314177, 1840487998, 1915969053, 1873899645, 1962116655, 1822978334, 30706070, 1900261884, 1341300139, 1961694241, 1935263712, 553915892, 1890011744, 1963232440, 1877418485, 1912031959, 1854022002, 2015637781, 1417126178, 26494213, 1844415596, 1977106849, 1911111276, 1903652877, 1488193791, 1960032059, 1961227854, 2010593700, 2005783916, 1905710164, 443622106, 1849626810, 1876023432, 1896493227, 1882750445, 2013418021, 1825015136, 1500354628, 1818094487, 1996909693, 1464841099, 2013902686, 1881030622, 1459014177, 1916100273, 1814670290, 1842033421, 1980668004, 1441835874, 1888621668, 1948643297, 1895997113, 1462715443, 1827009013, 1965021897, 1900289624, 1855545729, 4079512, 1924593747, 1945589411, 1846110214, 1806187768, 1447573604, 1831514803, 1979146957, 1982146878, 1377131157, 1497782348, 24051365, 1876223525, 1960267822, 1363905876, 1806361420, 1971291768, 1907034062, 1804346563, 1894326423, 1936116560, 1930058155, 1862753740, 1934338027, 1857920621, 572932030, 1937331009, 1838776441, 27939136, 1829056239, 1337238487, 1955571906, 1347647027, 1493333482, 1906792450, 1911025952, 1923582, 1907927822, 1497829905, 1911668089, 1977906073, 1977906078, 536082971, 553753388, 1892343290, 567453626, 1831768247, 1911680618, 1872000017, 1873200293, 1878429485, 1482755603, 1403213488, 1894320268, 1855961011, 1842561393, 1842366561, 1859982992, 1924995800, 1426075426, 1893483243, 1940023656, 1416976004, 540513409, 1419653095, 1344644402, 1917363785, 1916413301, 30212221, 1846184023, 1878073783, 1476237761, 1293913379, 1380930214, 1398528550, 1868580145, 1890268008, 1486853507, 1927363562, 1836115374, 1824489426, 1909797836, 1879732188, 1888339900, 1904518686, 1309491534, 1876209472, 1830753386, 1483179618, 1810797224, 1323205272, 1866949377, 1805277464, 1368397201, 1487976987, 1449382955, 1879680138, 1874747521, 1847030583, 1469699282, 1374044628, 1366879413, 1830733886, 1840260019, 1894878117, 1847571305, 1898033450, 1498051648, 1392161480, 1862246604, 1809395867, 1889511807, 1831147872, 1808503777, 512640293, 1332404536, 1831141124, 1881311006, 26797853, 538509082, 1440871051, 1837196458, 1438108287, 1492248865, 539907313, 1466022945, 1406083634, 554130624, 507963399, 1364369443, 34892203, 1824314692, 1809393471, 1804984317, 1491113470, 1407880738, 1846424831, 544459546, 1824635051, 1832399009, 1451041994, 427542439, 1454644626, 1446054012, 1851182533, 493551129, 410801074, 1493816591, 1814915363, 405372109, 1808985983, 1853975042, 1837029093, 1473966737, 1452654249, 28041964, 1495828704, 1843319489, 26486187, 26474760, 1407640126, 546990464, 1396365414, 1848730629, 1396930759, 1400060067, 1822834833, 1850758887, 1808388545, 1821548580, 1808595159, 1368945415, 1451660554, 1485471322, 1470189251, 1463386264, 1480072347, 1481082523, 1487914980, 1430481113, 1480192612, 1490313971, 1473704094, 1467546293, 1805980671, 1447740036, 1841007108, 1825554931, 1494303302, 1835926157, 1353851909, 1815960304, 495311013, 1823908914, 1314141286, 1805864078, 1377830798, 1835557095, 492145159, 1460666492, 1320071850, 1483533740, 1322040777, 1407594595, 1497155218, 1482128471, 503958486, 1462204070, 1464216786, 1401413082, 1433900330, 1434241607, 1449035006, 1384296696, 1407705293, 462523502, 456381024, 1300242955, 1451259420, 1399075236, 1378916600, 1341340144, 1379582349, 1429105868, 1464142549, 1471935480, 1477751205, 1424216493, 1445927005, 1448260853, 1466823955, 1475630614, 28593175, 1432160937, 447925566, 401246013, 400162908, 1362603770, 1379719396, 565202998, 1429945855, 1485467251, 1498778223, 1396223164, 28923131, 1405130828, 1478265994, 1478135178, 1474336599, 1477342781, 1362061413, 1404880364, 1445908052, 1465220381, 32432623, 1479536243, 39443927, 507134049, 37240360, 1399705823, 26072643, 23259227, 1314649902, 467595801, 1363616015, 1398679623, 1438240945, 451372126, 1480445666, 1387851308, 1398516521, 1411718848, 451701614, 1449539197, 512835044, 1438240944, 1395819762, 452601445, 460249299, 1422097765, 1386946638, 1369874073, 1473560238, 1473562171, 26342437, 1450791349, 1449654244, 531452765, 493361636, 1432632388, 1419407098, 549529663, 1404743561, 1395041190, 1456782294, 1444008910, 501862714, 452608397, 1371331280, 1387849443, 1458314796, 533447074, 550786345, 1398880002, 1401433415, 572513381, 399367137, 1347653953, 512832214, 31165165, 440411473, 488986816, 1444095167, 1423247816, 1399781608, 29816078, 460323895, 1340498213, 1340930134, 544808832, 1360018468, 27218197, 28362056, 451701387, 462997837, 1393018778, 1407590882, 485354922, 863929482, 5101915, 1417684813, 1375512782, 1403221990, 1387591269, 452814975, 1397288794, 1347022166, 442562232, 1378649391, 1371760993, 1385433380, 27130723, 571338993, 572763271, 1349062061, 528271152, 40729854, 453463532, 562577685, 544208090, 526099041, 452608095, 28852648, 399366190, 509531925, 528597010, 451521293, 452608471, 414979759, 21792987, 482115760, 406300830, 524300631, 496871009, 512834590, 460514116, 26231829, 1331514800, 499384441, 439646877, 452608379, 471969790, 452608972, 446875013, 409650792, 1323631439, 535029678, 558148812, 493540171, 473742948, 5110496, 33717998, 27246960, 452814333, 451376075, 452804406, 452804407, 452814332, 451376073, 451372125, 451372124, 452804403, 29822767, 1338754541, 451376074, 552145020, 1318827940, 1334199204, 452804402, 533790168, 452601611, 451372123, 34228409, 439625790, 553753383, 452986223, 467595799, 453185710, 529824797, 468517640, 452986717, 443194935, 512832155, 862731506, 32196550, 26565006, 31356499, 449577299, 458496410, 26474235, 1348651700, 572232661, 512832211, 520242704, 31165183, 571863667, 452804408, 464553047, 28173601, 467595802, 463159495, 467595806, 471761614, 452804400, 468513735, 33937011, 451703632, 451701612, 452997280, 464377978, 464377947, 530428670, 467591002, 467590986, 36117850, 28764296, 28263911, 28729445, 34167329, 32196747, 28530970, 28481950, 27609451, 33404154, 27691911, 546075261, 488256796, 28096759, 441617758, 452814335, 27690867, 441618755, 406096688, 441441198, 34690684, 33367859, 449578921, 29849182, 26292059, 475279147, 453567098, 410802611, 27523418, 33233669, 450345684, 441617747, 30590630, 440239246, 408772573, 453398784, 26193977, 486988171, 33404141, 34228068, 435307402, 435307401, 443205984, 443206003, 443194946, 35726316, 486999469, 487590538, 487587550, 487587547, 487003358, 487590536, 490416049, 487590533, 486194925, 486194931, 490416048, 489998974, 489998979]"
7543186025,从《妓和不如》爱上隔壁老樊,他总是能在让你失落的时候更加的失落，而且会对那个她更加的想念，可是她已经不在了，，，,"['夜晚', '伤感', 'KTV', 'KTV']","[1325484613, 1365221826, 1336856777, 1346104327, 1383927243, 1461381929, 1483261410, 1808051498, 1499596038, 1391441275, 1448006342, 568741706, 1496049283, 1379445889, 1443592120, 1490631418, 1446541217, 1440968432, 1296590092, 1423479227, 1390025989, 1424766691, 1468751214, 1491229191, 1361195373, 511124094, 1346472029, 1400050991, 1410416506, 1334327077, 1392971370, 1373236574, 1405319676, 1346093140, 1356499052]"
2153717858,华语情歌° | 最痴情的男人像海洋,"一直到双手像枯树一样斑驳

这些字才想起了当时的温柔

一直到邮差走遍千万个门口

这些信才想起了流浪的理由

一封封情书穿越缓慢的时空

代替我来不及说的含情默默

我相信离开终究会有始有终

有一天我将能为你描写彩虹

一直到海角吞没船尾的脸孔

这港湾才扬起那咸咸的海风

一直到时间终于一去不回头

这些信才回到我爱人的手中

一封封情书穿越缓慢的时空

代替我等了好久的十指相拥

我知道回去不一定一路顺风

只希望有天好好梳你的白头","['华语', '流行', 'KTV', 'KTV']","[108242, 346069, 28563317, 92939, 186843, 95249, 93492, 108390, 189315, 385965, 190016, 158674, 188057, 118644, 109729, 69827, 175973, 25657378, 188550, 191171, 187564, 144083, 186842, 86849, 354455, 104274, 79125, 27538254, 191232, 150430, 185919, 5260505, 356487, 139359, 29715557, 114741, 25657514, 190241, 376417, 32785700, 4875310, 363488, 186345, 192603, 189735, 4872836, 27646199, 150654, 26494496, 87110, 116513, 115162, 156374, 143474, 63778, 153784, 66476, 60263, 186279, 25642125, 349892, 116986, 147258, 95410, 82911, 374612, 28935309, 157808, 5263538, 192159, 25657364, 189350, 186624]"
37475003,劲爆DJ嗨曲大串烧，中英文大合集,药药药，切克闹！煎饼果子来一套，我说嗯哼你说要！,"['酒吧', '兴奋', 'KTV', 'KTV']","[27609451, 28730277, 32924467, 28730265, 3592494, 27704582, 16146698, 21606436, 5264309, 290840, 29460357, 27605403, 32548869, 26429479, 29743191, 27713920, 27804336, 18803200, 17800824, 19567986, 17721274, 1822378, 22846474, 25956581, 26201830, 26390073, 27646979, 2113299, 28306554, 27571440, 26573727, 20036073, 22455410, 21373644, 18902932, 27492533, 27906181, 1222760, 26344198, 120357, 24300493, 26575134, 27890456, 26589502, 26609292, 27853601, 17793618, 5067258, 27890447, 17285300, 27853618, 21925430, 17793611, 27896129, 3203127, 21562959, 27853663, 5162502, 3313334, 27853662, 17706535, 2871217, 27853602, 2918954, 22843672, 27890402, 1674192, 27853620, 3797859, 27853604, 27904282, 27927759, 27904413, 28953651, 26590112]"
99007712,【在KTV唱哭过的粤语歌】,记得以前读初中 上晚自习 带着各自的女朋友逃课出去和几个朋友在15块一小时的KTV 唱到声嘶力竭 那时的歌曲还在 人都不在了 这些都来纪念曾经的友情吧,"['粤语', '夜晚', 'KTV', 'KTV']","[153784, 63650, 116869, 33251088, 188575, 174122, 94639, 186786, 156846, 30569024, 29463425, 212376, 152392, 27506284, 86849, 114024, 263645, 65769, 224837, 30432205, 298485, 258684, 257098, 66895, 86330, 94743, 33887621, 67411, 5268106, 191144, 316509, 316756, 63892, 288075, 113838, 30569023, 306709, 67467, 29463429, 113373, 64638, 287705, 26075150]"
8756593138,摇头晃脑丨从今夜开始[持续更新],摇头晃脑结束今天的疲惫吧 为了明天的工作,"['KTV', '兴奋', 'KTV']","[1915372894, 1952414478, 28953641, 409650792, 1300242955, 1857134137, 512832155, 5110496, 1481653769, 1959359877, 538509082, 1971087392, 1935880624, 488359748, 27753604, 2037862037, 501132054, 437250569, 1957747946, 1473704094, 1300276124, 1960267822, 5104192, 1857920621, 1910994242, 1984174895, 2047126369, 2025337662, 2037772776, 1894884040, 1340901602, 1880355804, 1937506314, 1993513637, 2045102849, 2013794559, 484447473, 1940057567]"
100332324,容祖儿，粤语歌曲精选,,"['粤语', 'KTV', 'KTV']","[28111262, 287686, 27867458, 286713, 287744, 286720, 27583584, 27583592, 28111266, 287693, 286820, 286818, 28111253, 28111258, 286912, 287759, 287261, 288075, 287562, 288160, 28111246, 288139, 286709, 287284, 287011, 286910, 414002792, 287002, 286993, 287671, 287667, 288093, 287003, 28684335, 27906318, 27511754]"
8803103933,五月天广州诺亚方舟复刻版10.11版,有幸能在五月天诺亚方舟十周年复刻版到现场，亲眼看到黄牛哥点唱孤勇者被拒再来反手一个知足，绝对是一个历史性时刻。即使这样，11号场完全没有听够，可以继续疯狂地Loop！,"['华语', '摇滚', 'KTV', 'KTV']","[385542, 386857, 386870, 22198018, 385556, 22197008, 22198023, 385787, 28181110, 385795, 385925, 386542, 385558, 386934, 417953658, 385821, 386538, 385781, 22197010, 28181103, 422094253, 385913, 385965, 2008202858, 22197007, 22197011, 1994447009, 28181107, 385973, 385554, 386175, 386854, 1383023894]"
