59667622,《海洋之歌》电视原声带,动漫电影《海洋之歌》的原声带,"['欧美', '下午茶', '影视原声', '下午茶']","[29849027, 29849028, 29849029, 29849030, 29849031, 29849032, 29849033, 29849034, 29849035, 29849036, 29849037, 29849038, 29849039, 29849040, 29849041, 29849042, 29849043, 29849044, 29849045, 29849046, 29849047, 29849048, 29849049, 29849050, 29849051]"
8873050424,美女珍藏的纯音乐,"全是爱听的听好多遍的轻音乐
如果可以想开店循环播放
（随意排的顺序）","['轻音乐', '治愈', '下午茶', '下午茶']","[1922519132, 29535887, 1431268645, 1364370190, 1444605178, 473805760, 1820673129, 446875144, 425100824, 424498328, 40249171, 36894948, 408943384, 1420937384, 452526756, 547033571, 35416319, 1638489, 1638485, 18933802, 1355896824, 1379958635, 26620638, 1375266614, 29803287, 540287674, 505688656, 521417510, 1345166, 479219481, 424477951, 421423014, 1398352909, 31452733, 412175488, 524913179, 477936796, 480286151, 518904462, 423228015, 32337423, 460112792, 862098120, 475072648, 503223, 411214133, 26532432, 520459812, 500352030, 865907087, 472485718, 433107530, 1429214739, 439139112, 1307392298, 756133, 532860839, 1856089194, 448741213, 527354000]"
7276612885,古典之境·西方｜艺术家都深爱自己的缪斯,"古典音乐（Classical Music）

有广义和狭义之分，人们平时讨论的一般是广义上的古典音乐。广义上的古典音乐指根植于西方音乐传统（包括宗教音乐和世俗音乐），从西方中世纪开始至今，在欧洲主流文化背景下创作的艺术音乐，主要因其复杂多样的创作技术和所能承载的厚重内涵而有别于通俗音乐和民间音乐。广义上的古典音乐属于西方音乐，中国古典音乐一般指的是中国古代音乐。
狭义上的古典音乐指的是广义古典音乐的一个时期——维也纳古典主义时期的音乐。

维也纳古典主义时期起于J.S.巴赫（Johann Sebastian Bach）逝世的1750年，一般认为1827年贝多芬的逝世标志着古典主义时期的结束。","['古典', '下午茶', '怀旧', '下午茶']","[402172797, 28283137, 28828074, 757567, 16139397, 1390414308, 1466963184, 3882876, 1437160854, 1431403321, 1060914, 2529472, 2529459, 1698603, 5299097, 1361336438, 18248324, 26989255, 18495538, 1607259, 518649049, 1924530, 1424992942, 1842817276, 441566936, 1060910, 26090105, 22599496, 16171278, 26090119, 29829090, 5276811, 26090122, 1296886, 180280, 5241854, 5234605, 1049224, 396827, 5216509, 2284047, 27864120, 22259257, 5264841, 26559631, 396830, 26090121, 5189655, 22587051, 1938623, 5259429, 22487243, 5168402, 4873386, 180278, 5234595, 5208712, 5233915, 2261386, 26090135, 22228731, 20947629, 2541567, 26584875, 5259428, 22621137, 22599483, 566261815, 5185352, 22247538, 27864105, 2540225, 25892485, 142420, 2541574, 22442307, 4430521, 19287879, 22526663, 1065181, 1458567, 1683287, 5277911, 4430230, 5057458, 1374348, 1049199, 26584877, 30031809, 22467446, 22504245, 25731590, 22599501, 1698182, 5055211, 117240, 26535236, 2866080, 1683267, 1458524, 27565921, 1065183, 22543917, 22483836, 26294503, 22530659, 4462879, 27471609, 25294987, 5259436, 1458643, 22503869, 22534115, 28908573, 28908578, 1644789, 25295034, 1683105, 27511298, 2866236, 27069718, 26789938, 22467453, 1570941, 29049009, 1458550, 25234214, 34084318, 26666394, 1585937, 22612073, 16409470, 27182195, 26205688, 5173296, 22211039, 16254454, 27221425, 22319191, 22483857, 16405850, 29099236, 5216481, 22483787, 22484170, 22226918, 27471615, 2776537]"
8498461057,沉溺夏日°给耳朵来一杯冰汽水,"hey你那边几度？
我是说
要不要一起出门喝汽水

/封面来自@陈巨可爱","['华语', '下午茶', '清新', '下午茶']","[1454670699, 1923215640, 2054255352, 2029479894, 2053935560, 1961991016, 2050651054, 2049203787, 2045101792, 1362128139, 1309833126, 2048875066, 2044787397, 2051483751, 2055920752, 1832110874, 2056112723, 2056751741, 2051828102, 2056920850, 2049579378, 2055295113, 1949452153, 2032440013, 2033073510, 2052072189, 2056245629, 2048825707, 2047787972, 2054889789, 2053770128, 1464823473, 2056963090, 2025525504, 1872131792, 1833391733, 2057377512, 2046795080]"
571472932,Coffee Shop ☕︎ ¨̮,“喝喝咖啡看看书，一天就这样过去了。”☕️,"['下午茶', '爵士', '流行', '下午茶']","[415792772, 1461458408, 864647100, 1805363607, 1441214296, 498880671, 1443007152, 18931980, 479029118, 412187147, 1410840179, 468878678, 532940288, 549309183, 1351923466, 574648542, 29216046, 567366119, 424057262, 431080944, 544739914, 18356614, 1307996767, 1610997, 863481066, 19163298, 468490896, 1297747230, 466126365, 448916139, 514055455, 557583289, 3950239, 517533045, 460298916, 21004952, 449577802, 440403590, 5137882, 28269089, 511416950, 1316636, 406846180, 480769653, 480768667, 28613244, 493448422, 789129, 26131191, 413077158, 468517575, 451126439, 483563760, 27923688, 17086559, 28872172, 29750366, 29777117, 297806, 30431634, 424264534, 416700932, 471403976, 449578757, 454438472, 454438484, 430026203, 447280819, 453291208, 28718974, 33544144, 21224496, 26852886, 33418114, 16283534, 31273575, 19900522, 30841948, 22405809, 17199330, 29732662, 452997246, 438801039, 19160481, 16837502, 28279354, 28592882, 16972406, 279836, 19637447, 3950292, 29097995, 20558845, 1383635, 17416985, 29401098, 3231590, 28465173, 18059829, 5196736, 486376, 3597506, 3933767, 27733655, 28143758, 17086565, 26213616, 28240959, 26418355, 33599265, 28870196, 429769789, 427595628, 20978510, 27506485, 21157115, 16802329, 435004023, 28254353, 439122642, 2311428, 22839414, 27019012, 18733233, 435004021, 30394959, 26349073, 32317704, 4000050, 18250864, 31140326, 18725365, 436698448, 16805644, 18622909, 17517285, 5054921, 2119776, 18449193, 35806424, 28391132, 30251329, 16426514, 28286255, 4339196, 3851994, 427595461, 740513, 28977547, 400161558, 17617640, 18725436, 16607020, 5346332, 29097993, 16341464, 429261578, 28814336, 34280181, 22839930, 2144758, 31140325, 35040590, 29216041, 740765, 17571151, 740649, 17086516, 1345002, 26440055, 31877392, 419594140, 30612932, 414980099, 4003383, 421423070, 26343110, 4339200, 408055342, 29463479, 35288249]"
375457381,中国民谣精选集,民谣作为小众音乐的代表，近几年来不断被大家所接受。没有惊人的高音，没有重金属的敲打，以一种纯粹、干净的歌词与民谣歌手自我的独特嗓音，介绍着关于自己的故事，以歌说事。对于民谣，少了观众的呐喊，更多的是聆听与感受。音乐不止需要的是高音，期待更多民谣作品。,"['民谣', '下午茶', '安静', '下午茶']","[1895726692, 468878048, 1297492096, 1371780785, 28234182, 1974443814, 1356499052, 1836118945, 571069109, 1344897943, 542697115, 1896115893, 1888019887, 1422883398, 1879619867, 28996926, 1305960097, 1813226041, 415793618, 29122797, 165356, 1439225937, 1350147426, 1472618658, 1405319676, 526763682, 26418516, 1855783750, 1825800893, 1334295185, 469073823, 1386055751, 28977819, 1300994613, 1432714356, 418602584, 1308261269, 421934255, 351059, 512359558, 1383927243, 32628933, 1359568677, 1325484613, 553604910, 574566207, 1334327077, 437311047, 409941438, 402073803, 26427662, 1307822531, 516728102, 34380395, 411754937, 463973320, 571338279, 28935309, 1346104327, 417250673, 482044211, 1365221826, 1386055858, 1336856777, 516076896, 1297750769, 450353154, 202367, 416388912, 26145728, 864100018, 1335350269, 1323304621, 422429521, 274863, 36080207, 461080452, 463262368, 429769229, 455995743, 1331436616, 411921863, 1323106961, 27808295, 30814948, 29810321, 33166533, 460628183, 1341964346, 29482312, 35476049, 487885426, 27896818, 570332048, 486999661, 67296, 29414460, 505820138, 30870581, 509512457, 421563082, 571338083, 864429434, 28310921, 159929, 1295824647, 29771089, 186842, 351190, 26145725, 487587087, 31877636, 109998, 33166539, 557584888, 418990139, 41659256, 514543436, 416892296, 38576323, 461572361, 202325, 461577631, 526464293, 472531958, 25986025, 202341, 29593808, 34923114, 434070628, 191261, 450612833, 33920046, 41664790, 473441409, 26494698, 463157222, 202376, 31445554, 29738941, 30431376, 407761964, 33166563, 26427663, 411259290, 31654492, 38582036, 26145722, 473940941, 101218, 412175360, 406000222, 29567194, 31445772, 459720276, 447926067, 401722035, 27562609, 386844, 439139384, 29850531, 113914, 28302100, 432698064, 5255798, 35618537, 28310930, 32957955, 407761576, 27901533, 41640165, 25657384, 29567191, 33166602, 447926063, 447925066, 447925058, 29567185, 28111471, 447925059, 447926068, 29567190, 29810320, 437608773, 29414455, 25657380, 202370, 28381611, 36924429, 408814900, 167802, 32272627, 436514312, 381858, 27538254, 29593805, 26090100, 293649, 26427668, 163395, 28940188, 5240789, 27646205, 27646198, 28310924, 202373, 202725, 37764144, 29567189, 167551, 363319, 29567193, 25698004, 350838, 26494853, 27731259, 30841846, 28587843, 139357, 29049466, 28267047, 29005959, 28547435, 105886, 26427658, 26427666, 26217406, 26427653, 202368, 202369, 28577557, 28053533, 29593807, 29567192, 29567187, 27646196, 33162226, 29567055, 27646197, 5246242, 27646199, 29436904, 26145721, 364821]"
8778549334,希望你快乐 今天 明天 每天！,要天天快乐哦,"['轻音乐', '下午茶', '清新', '下午茶']","[1840310903, 31384974, 1974443814, 1306497271, 1335047484, 29822047, 2081784704, 2064801431, 399358310, 2038248552, 1469513302, 1886345442, 2078684729, 108463, 31273131, 30431364, 2066590047, 1435404200, 1956713157, 1401522756, 1986884302, 449577636, 574919767, 438803200, 456370693, 1458134324, 185697, 2019573475, 1340001156, 1465225544, 1465226154, 1465226164, 2038508476, 1334246005, 518894020, 28151052, 1449520336, 186162, 475479888, 108485, 1873346015, 1836935769, 1953047554, 1384482575, 2048700321, 1377642003, 1807742799, 2009838942, 1299570939, 1434245018, 27591323, 1392161293, 1840551391, 1985033190, 29848657, 1436727001, 108931, 1985293374, 409060875, 2075579745, 108795, 1427725543, 185701, 37196629, 25657274, 1851344107, 28593339, 1968781957, 2024361129, 2025474049, 2013067348, 2063830016, 1345353903, 1961056433, 22789468, 1471706561, 447925342, 1306923998, 405998841, 2058314889, 28287132, 441491828, 436346833, 1481705135, 36307815, 1437031748, 442869301, 1349964388, 1955978156, 1956138383, 1890256410, 2066549219, 849893, 549941995, 1377053293, 1868603806, 1939979967, 1942576027, 22676165, 39224559, 29803287, 496869422, 406232, 2057534370, 22676167, 2056170674, 514765154, 2085754300, 471565537, 26111937, 1407112865, 441722, 1332662892, 1481540748, 1859515946, 500410102, 2025235522, 515454649, 2024002331, 458231315, 2024616120, 1487186260, 2086373405, 2016688503, 2050451398, 2032750211, 2061056069, 1369798757, 1457681678, 1571835, 1877526024, 426881503, 2066028766, 19033666, 1327600477, 1391269256, 1486904053, 550772132, 2062568210, 1886218279, 1947011767, 1344440225, 515269424, 1382576173, 430685732, 1435828582, 505665222, 1819624896, 1447584994, 1483979868, 1996617490, 26128877, 1397345903, 1989565211, 1981337457, 2004845409, 2040565464, 2014851679, 1369374485, 480426313, 2061562823, 418602088, 504265014, 26092806, 1927679769, 1992942053, 1842396651, 2007402321, 1924844260, 528270321, 1871993255, 19192352, 466332664, 440403856, 1446035600, 1940074698, 1859879653, 1903710356, 1407910105, 2062100912, 415792064, 1961533788, 1217823, 1968869187, 1399054231, 1429355183, 1447797075, 1461579206, 1373168742]"
8818898181,指针不会导航 你是我唯一方向.,秋雨不问梧桐意,"['安静', '下午茶', '下午茶']","[491695208, 426881489, 1827600686, 2102664448, 22704470, 2001687595, 2048123869, 1887055987, 1927693793, 1824020871, 1363205817, 1835951859, 1325711261, 1899705498, 2060966085, 2047923290, 2047923288, 2049826804, 2047923292, 2013714547, 1991719092, 2073941281, 2013399294, 1877070976, 2029895485, 2056901270, 2051890435]"
8836696617,下午茶放松时间,沐浴午后阳光躺在最放松的地方打着游戏喝着好喝的饮品笑着听,"['下午茶', '清新', '放松', '下午茶']","[2000917694, 421423099, 421423808, 1947274, 1947272, 1947267, 1947264, 1947261, 1947257, 553951587, 34274418, 407862034, 27552522, 483911723, 519624, 431080067, 1947253, 505665775, 5007138, 4054742, 36587118, 1318571300, 1385203706, 536097099, 540967]"
2761458551,[日本空心吉他 | DEPAPEPE精选],"阳光有旋律的话，应该就是这样的吧

两把木吉他，两个大男孩，来自日本的组合DEPAPEPE仅用两把吉他就能表现出变化多端的心象风景以及喜怒哀乐。

静静闭着眼，感受这洋溢着青春气息的轻快旋律吧~","['轻音乐', '下午茶', '器乐', '下午茶']","[22688487, 22688491, 22688472, 22688493, 22688502, 1311090110, 22688505, 22688434, 22688485, 22688506, 1311091095, 1311091091, 1311086111, 471754191, 22688451, 1311090111, 709386, 471754190, 1311091094, 1311086110, 471754184, 709278, 22688492, 29017436, 22688440, 21702477, 471754187, 22688470, 471754193, 709318, 22688371, 28587138, 28587144, 1311091093, 28587140, 1311086112, 1311090113, 471754188, 29017440, 22688484, 22688379, 1311093081, 471754185, 22688496, 28587139, 22688449, 709295, 1311091092, 22688490, 28587149]"
2641647577,【美剧】黑袍纠察队 The Boys 三季全,"Amazon 新剧

漫画改编剧

这部剧集聚焦在超级英雄的黑暗面，讲述一群被旁人称为「The Boys」的义警，他们专门对付因为自身能力而腐败﹑黑化的超级英雄。","['欧美', '下午茶', '影视原声', '下午茶']","[1962724220, 1962724236, 17550098, 5042213, 17567262, 26726120, 5199194, 18483637, 1848335177, 1848321851, 1848309394, 1956591293, 571635508, 1462178066, 3559694, 26758487, 1886589947, 2083048, 542738109, 412016843, 20189501, 26998000, 1344165191, 1953492893, 1953479784, 1953455218, 540804003, 1932769409, 1496451353, 1954001179, 549549149, 16641854, 3563411, 27651377, 16641424, 573946729, 20366078, 1379904, 16641418, 1361325835, 1367510620, 1367513517, 20282676, 1905590, 5201819, 5084270, 16641713, 27566922, 5221683, 16641800, 5054922, 493705515, 568472483, 548548327, 533637756, 542982189, 5221167, 26666931, 28876115, 486134791, 486069566, 573947065, 22247428, 19578239, 33933230, 32689933, 5049657, 1325937168, 1324018106, 5143941, 19169717, 417250207]"
68187505,如果我有间咖啡厅,想在繁华里开一间安静的咖啡厅。,"['下午茶', '安静', '下午茶']","[1927207173, 1942594143, 2045011326, 2018793680, 1852532577, 28402565, 1831039709, 1443440243, 1846213743, 1880740549, 2326300, 1375824, 1312528250, 2002585, 1500880130, 16623534, 28390955, 5188877, 5137882, 17694907, 187199, 17480871, 1748673, 490963279, 2777611, 17617640, 2922453, 434981618, 21152979, 5179669, 17617362, 17617368, 1886545306, 427373135, 21152973, 5137895, 523981, 19572271, 19572270, 3019511, 28237360, 20263666, 1349946492, 5046372, 1696922, 19027626, 26988741, 28626072, 28885472, 29578288, 16310232, 281074, 492061, 28157606, 2851091, 2851083, 18610062, 18663220, 16434100, 427416052, 1352962983, 1364326336, 18578558, 18733192, 402073823, 16435050, 1362825341, 1365843323, 1365843324, 1323911406, 1443243872, 17982528, 1221083, 18319295, 27579143, 1344368486, 29460402, 28793502, 26090275, 1315441719, 126946, 25718007, 574919767, 29999850, 22473999, 31090100, 28972591, 1375589, 1955014, 26358211, 1366846011, 1873803, 108179, 1353372483, 21223795, 427416048, 2003108, 1776238, 16942880, 5183690, 27080389, 17245412, 18602363, 17245428, 439122050, 18694935, 21838822, 27725416, 21537914, 29539213, 1368979, 22064607, 5046367, 5165666, 5151044, 1697004, 28457932, 22683677, 26319260, 18212778, 26539164, 19027628, 5193021, 17104401, 5055793, 5171540, 1074449, 41666803, 26679470, 2851093, 31814584, 28193018, 462688242, 299981, 21429888, 18941112, 461081621, 461347998, 506224180, 484051556, 518015108, 22478606, 4344799, 28193020, 36019737, 16967333, 1878616, 28256197, 33211435, 26284002, 5163195, 24230601, 21469678, 4372746, 26657608, 432486132, 3407101, 405226741, 25901083, 21669719, 2788529, 18795387, 34229234, 18618247, 32174183, 499384050, 22822610, 27865563, 26291150, 424264351, 415786182, 27390875, 19459718, 3986194, 3235673, 4395977, 1804676, 1804689, 19673369, 17810607, 16965859, 3164322, 4367704, 17160663, 27118403, 20087061, 17373388, 18449210, 1791431, 18587410, 3027830, 28359949, 33922381, 407927991, 26215210, 2929182, 22480710, 1377257, 17956466, 402668464, 17950533, 16327145, 28612195, 17140567, 32166834, 19673436, 4388051, 437802479, 28352987, 3885373, 17261206, 28525827, 5098629, 21157119, 5137151, 17950503, 16783825, 1146983, 31517171, 1084273, 30967929, 16805463, 3159059, 33495784, 18733198, 18733268, 1066835, 28571642, 17990631, 19107212, 27757335, 16148503, 4235833, 31273503, 32192215, 21786879, 19468098, 21948077, 27506733, 34834413, 39122749, 418550944, 399343818, 418603177, 28133171, 38592976, 29722661, 1592677, 1592728, 28643004, 28692687, 28639182, 5052784, 5041806, 17091562, 1529633, 5050444, 19168459, 316498, 1215678, 1698589, 2112908, 27268032, 19080054, 20849874, 1875320, 36616434, 22450237, 22265793, 28381440, 299757, 299116, 255858, 990506, 35345538, 35956873, 187374, 300129, 407889887, 27584029, 35847450, 2587456, 29572637, 25731320, 27280547, 27198691, 31814394, 16820446, 22966366, 31090075, 41667324, 21698700, 1609146, 28143753, 19292543, 27946754, 4106503, 26741537, 4340760, 17959471, 27808360, 2002745, 16682671, 17449201, 1618606, 18529562, 4340758, 1720034, 31517162, 2532690, 28747434, 18938939, 26343068, 28445534, 5043107, 130317, 27501811, 34516434, 189627, 21171751, 31066037, 3554328, 79935, 29362121, 33872347, 35956197, 37993336, 28143752, 18740624, 27755999, 28280046, 32364501, 5171539, 34045604, 34922419, 16432067, 32548972, 26354120, 1064980, 28402341, 18015954, 17950501, 17950509, 17950534, 5053289, 27999082, 5041667, 30496792, 28838894, 4078204, 79928, 1934413, 19267060, 28830405, 31563628, 27510022, 3413895, 4330176, 29480183, 28680438, 29427498, 16624944, 1933598, 3884566, 29561495, 27588470, 29802079, 27810134, 28525829, 79941, 18518779, 30569536, 2006210, 19045993, 1490674, 18938931, 1923403, 19182328, 5049171, 31260258, 16780426, 2870859, 18449193, 17541191, 27591140, 1695655, 29769129, 21157115, 2922574, 26326198, 21157036, 16966391, 1141608, 1141597, 1141603, 19192263, 18733269, 1215682, 29497924, 21794248, 17231960, 18533095, 18250864, 4278817, 19840921, 33522777, 17177282, 79938, 17240037, 1821488, 28259367, 16823351, 16823358, 16426514, 21224448, 21301200, 21648358, 4331335, 18824409, 5191751, 21171965, 5040046, 28068337, 1940007, 26473416, 21794163, 1616338, 1646198, 18828737, 18383573, 21724389, 18625239, 5137747, 5039521, 21127251, 1807840, 21935132, 5129482, 27965145, 22463088, 17086516, 28354772, 17579310, 28036785, 18658932, 18658933, 28952229, 18658961, 1474275, 25964510, 20954415, 20978510, 5162956, 5039513, 20954451, 16951468, 4440728, 18538037, 986444, 28274595, 18015961, 20954450, 5406549, 28566204, 986457, 1697653, 2534889, 1762230, 1600990, 5326782, 4000050, 29378376, 4340768, 2002458, 18161816, 30841540, 1600939, 2001320, 31134241, 1600964, 28409107, 68451, 204219, 1383639, 3411353, 26515317, 26343110, 2639557, 3986241, 27083354, 18618065, 30870581, 28274966, 27562608, 27562607, 29436904, 26494698, 25788026, 5057793, 27646196, 27968014, 17346976, 28310920, 28274967, 28522819, 29758130, 22539903, 2700056, 3409175, 28566216, 21029803, 16779737, 23005692, 2639559, 1601005]"
572194201,清凉的日系爵士* [Jazz hip hop],"欧美爵士的红酒兑上日式迷情般的苏打。
摇晃悦动。

#Jazzhiphop","['爵士', '下午茶', '下午茶']","[505688656, 1344594911, 481537371, 453268575, 22777580, 22778414, 22706399, 447279824, 1788993, 29091862, 630621, 421423014, 22740549, 27548773, 22802599, 1345162, 524655, 1345079, 1345129, 1354738, 475072607, 475072648, 458507089, 444269352, 22740540, 26421110, 22740542, 28565301, 36894948, 409653, 1617261, 22778421, 30841417, 26107935, 4894292, 28565309, 1694115, 41632479, 449578463, 407226, 450041171, 454435553, 448917124, 424477951, 26303743, 2419169, 22740548, 29724386, 29049489, 1638485, 22743825, 407436, 484462, 1694084, 29724403, 475687, 33410323, 41631191, 406497, 1293036, 22778420, 33987089, 2100829, 28996630, 1343912, 27707270, 26259733, 22811988, 608662, 1344988, 22644323, 402507, 35470479, 23764785, 26126394, 736570, 31569457, 806945, 32046503, 4899021, 1788006, 39324837]"
8859822589,创产A+/ Chill night,舒舒服服听歌 开开心心喝茶 清清爽爽吹风,"['夜晚', '酒吧', '下午茶', '下午茶']","[473719938, 5119513, 2310292, 437480841, 415786182, 29039101, 5094255, 534067041, 3314567, 25388864, 5131313, 3566864, 17438211, 27725406, 5094250, 5109719, 17659668, 24230601, 514052466, 23084260, 411349945, 511416946, 1477575661, 1483687023, 19132425, 18733191, 17298167, 514195357, 18725404, 25279677, 5094911, 5201770, 5188885, 1304867958, 511229542, 1478348451, 17416985, 19027626, 19132421, 5201767, 19900531, 2777611, 25776226, 5155802, 5201769, 19027627, 17372142, 27725407, 27511207, 5188881, 2919114, 19027628, 2924723, 18214754, 511678877, 3314580, 562819902, 557583289, 19027624, 518895787, 5119549, 3555022, 26657608, 514055455, 18214724, 35310714, 5122361, 5171539, 27725416, 19900524, 18725368, 18212695, 1337640, 1337675, 3781860, 3781857, 3781863, 3781853, 3781869, 3781872, 3781876, 3781866, 27711012, 26154064, 3797633, 5216970, 5216971, 5216972, 5216973, 5216981, 5216980, 5216974, 5216976, 5216977, 5216978, 5216979, 5132080, 26377493, 1852797, 2870790, 5193021, 17245428, 458697739, 21116331, 18824409, 1482106409, 1364336908, 16660840, 404415225, 20954458, 488393439, 27808594, 26147459, 21539597, 21171965, 1701102, 1700504, 31789305, 19291472, 21171735, 19861313, 2002761, 18581004, 22417539, 21171747, 19291493, 986433, 26714314, 22223522, 16350286, 20954450, 406271002, 439122050, 18827568, 22502857, 22533911, 20539317, 20954457, 21774601, 1383627, 4049771, 17075940, 21615665, 26714326, 18688793, 16942884, 26539164, 28705447, 16661874, 1383639, 16951467, 27190253, 26281760, 16310242, 22088971, 20954632, 18828737, 21171751, 22588412, 27839244, 22372893, 21774565, 422073136, 1890527, 27091517, 22571003, 29482355, 2424675, 28851137, 28851141, 28274294, 16350222, 1775569, 1146770, 17245236, 1211273, 18610054, 26282999, 3248683, 17344493, 17372144, 18212755, 18177058, 3164322, 18383574, 5048932, 17541009, 2924290, 17416991, 22489132, 17374675, 22222822, 2778004, 1963477, 22516960, 5057818, 21278133, 4878292, 21910448, 3234007, 18728844, 2871231, 17893387, 5171540, 632893, 633294, 22822318, 633082, 633116, 632821, 632889, 632951, 632391, 632397, 632425, 633330, 632832, 632381, 632806, 632815, 518904789, 1804329295, 1387183465, 1299326404, 1806516145, 1806516957, 1806516122, 523756204, 1335197200, 4873594, 5239544, 25698047, 5145730, 25698049, 25699082, 25698040, 1383841268, 28306853, 25698048, 25698038, 25699064, 25699035, 297480, 25699027, 297477, 25699090, 25699078, 28310711, 521417334, 25698036, 25699087, 25698035, 25699080, 414776871, 1400461495, 25699084, 25699091, 25698037, 28310707, 1400462554, 1394130396, 5233049, 25699042, 4899198, 633113, 633140, 633288, 632452, 632886, 632829, 633297, 528272739, 632799, 633259, 632959, 27896019, 632840, 633094, 402070888, 28566360, 22742167, 431357618, 520274153, 402073864, 527566, 28566356, 656410, 656450, 526656, 28566359, 38358217, 410925730, 22742166, 452814363, 656452, 431259870, 402070887, 4896722, 413961284, 413961276, 28566353, 431357616, 431357614, 28566361, 431259869, 431259872, 431357617, 22781754, 431357615, 431259871, 520459223, 656462, 31311235, 280578, 280581, 280548, 280551, 280640, 280561, 280579, 280584, 280565, 280590, 280592, 280568, 280543, 280582, 280593, 280587, 280577, 280600, 26118395, 280580, 280473, 280638, 280641, 280575, 280599, 280637, 280639, 26118387, 280598, 280583, 280586, 280588, 280596, 280636, 280585, 26118399, 26118385]"
8833231153,2023 王羽佳钢琴独奏会巡演曲目（附安可,吴氏策划 王羽佳2023中国巡演节目单,"['古典', '钢琴', '下午茶', '下午茶']","[1321205, 1947009489, 401822062, 107345, 464734775, 1876353827, 568888614, 28744808, 1984904425, 33527413, 1882287921, 472895487, 402160404, 1972580855, 2030168920, 28323452, 404454889, 402008094, 20675091, 20675092]"
2526060341,午后塞纳河 | 邂逅周三黄昏下的咖啡馆,"“无论是好是坏，都算是一场邂逅吧。”
——《夏目友人帐》

06.16. 2019
-KooTo-","['欧美', '下午茶', '安静', '下午茶']","[19292814, 28747428, 18210647, 39122745, 19572271, 3918225, 17950509, 22467685, 530986903, 1606800, 28495852, 16854326, 19395222, 567145047, 28111293, 28977802, 21301194, 1307996767, 19068552, 33916531, 19572270, 18602293, 1606811, 18171912]"
2395191115,四季音色，适合学习的轻音乐,会持续更新,"['轻音乐', '学习', '下午茶', '下午茶']","[410042763, 1316385034, 1342019912, 1315824155, 409649183, 410181618, 410715788, 413829862, 426832063, 440355946, 438903643, 462199987, 453749183, 450532725, 518540371, 468005471, 415807032, 411988490, 477144723, 1302193713, 1296816863, 413392314, 481261856, 448365344, 535331509, 539124821, 420401226, 423104199, 441618348, 445505913, 525984517, 459357455, 456274369, 430062504, 412493365, 435305831, 416385581, 499436849, 564349308, 423776494, 412493366, 530113170, 428390627, 439665646]"
8726801924,个人项|午后小曲,电子蝴蝶,"['另类/独立', '下午茶', '放松', '下午茶']","[36496695, 209478, 1393999544, 1981301644, 1404531626, 1444242241, 1937340367, 1981999927, 1403204015, 2003196666, 1857026754, 1296302555, 1908001823, 1969148440, 2057318547, 1480274234, 1810072698, 1865095005, 450224882, 1999170057, 1878812258, 421486605, 1381615652, 1815055198, 1913064744, 5237831, 520459745, 1309995372, 2055776589, 40249612, 1990259912, 1902204614, 406346856, 1403699842, 1329771977, 1981994634, 865036406, 1812426170, 1805048150]"
8886654263,华语经典 | 怎能凭爱意要富士山私有,字句间流露纵情尘世的星芒,"['华语', '下午茶', '怀旧', '下午茶']","[168091, 25707139, 346075, 346089, 65766, 346576, 347597, 516728102, 1416628288, 109998, 29848657, 28267047, 26305534, 116869, 386844, 5269124, 1895377452, 191328, 362998, 108242, 1378666986, 2003621098, 186162, 185904, 185942, 185811, 347355, 77098, 229012, 1298919378, 1383023894, 66282]"
549394614,Lofi Hiphop=/=Vaporwave,持续更新…jazzhiphop ，swing jazz ，chill，lofi hiphop ……应有尽有,"['另类/独立', '下午茶', '放松', '下午茶']","[2104036227, 2095534331, 2084713097, 2059799769, 2046777623, 2043742526, 2033873300, 2030774631, 2008956706, 2006799027, 2001362403, 1998467086, 1982987549, 1978460902, 1976576687, 1972283117, 1937946427, 1457464539, 1961603381, 1956795112, 1950078851, 1942636306, 1943778389, 1933891327, 1928445553, 1927431870, 1924332487, 1320832941, 36190323, 526326023, 1915651288, 1913886753, 1911967126, 1911383283, 1882951917, 1882950516, 1419346103, 1864856673, 1393601381, 467164659, 1814798000, 1884445554, 1873552531, 1867990515, 1860225069, 1858649228, 1845194252, 1839356730, 1468436813, 1816574408, 1404839590, 507116731, 1417939608, 1808943594, 27222019, 545154971, 863515908, 504487047, 494862144, 1428284622, 1417063348, 1416680027, 27894831, 1476852809, 1477198213, 1489075289, 1485154591, 1416680030, 509311913, 1460373596, 1456671247, 1456531726, 1455851587, 1452525452, 1450406230, 1448977346, 1375935121, 516228034, 1445293389, 1441824190, 1439464004, 1435738878, 1433799439, 1431092644, 489997969, 3494560, 1430303239, 27684936, 1428558441, 429261416, 1427158834, 1418411127, 1425069872, 1424537451, 429210560, 524150373, 1325158009, 809084, 425100816, 27570680, 28243952, 554661427, 1423023673, 1421614381, 1420832777, 1420328886, 1413367508, 482809935, 520458166, 476631922, 1408217237, 1400281244, 1350112934, 493646402, 481523688, 1395040693, 493041605, 1392203886, 1349034383, 518894020, 1388048728, 1388048454, 1381949801, 571339613, 494642794, 736570, 1374860909, 480579348, 420500734, 509311059, 1367001621, 1361205107, 523041134, 480395046, 444524412, 1359179938, 420134612, 442315042, 477933206, 1357485999, 17691171, 448316800, 1355388533, 481853608, 520458829, 1353427208, 1352199598, 1350208968, 471969193, 518894934, 561704129, 1347976217, 479028237, 473440567, 547495525, 1325462170, 865907087, 1345741567, 28822993, 536624794, 521749137, 564374996, 1340411078, 526413094, 28702707, 1338181869, 481535366, 481537371, 469744719, 466332633, 1335400375, 460112792, 526468239, 489506085, 475073681, 442867023, 534067513, 441120302, 490595139, 509311090, 1322136629, 460112789, 1330400380, 479979628, 863515918, 518895591, 475072636, 507114670, 1325788072, 1300452103, 571338636, 494410453, 446508414, 518904462, 490595150, 480769092, 479028457, 518896473, 504487081, 534066508, 1323365871, 863515920, 485960284, 1321838999, 493663295, 865907086, 444269562, 467595351, 525239836, 1317994678, 1316246087, 484314394, 1313934915, 1312719250, 491695290, 33316874, 1310718830, 431096271, 523041065, 1308602651, 502119908, 411214134, 500325097, 493735112, 1307221245, 547033571, 1305066165, 524148143, 1305239818, 29049497, 27555426, 493001131, 461124107, 1303339587, 510911646, 448741197, 1302200925, 418593011, 445450343, 458725151, 526464104, 447280589, 1301171853, 1300438641, 1299059045, 26464012, 1721532, 1297111039, 1296192776, 32823281, 1295844851, 1295544029, 512099234, 1294237093, 469272032, 446508943, 493735123, 517571405, 442314469, 865914238, 865032813, 864780791, 864438441, 863861513, 863570297, 863419282, 862920955, 33544768, 862457751, 862118113, 574465086, 22717918, 410628726, 573325015, 572758598, 479422047, 571565184, 484732654, 414979235, 569740865, 567632946, 22757343, 565447293, 494645920, 563658183, 471566576, 423228046, 34749474, 553178212, 475073629, 559891356, 523045155, 505688656, 558464467, 562088173, 28882016, 550813783, 479028240, 550478999, 27771954, 480395029, 555409460, 27721448, 557536728, 528273636, 557206176, 479219204, 494862146, 521417918, 525240377, 526413088, 550470126, 496870095, 552560273, 509106089, 28691134, 509531055, 509506051, 458231932, 509508045, 446512676, 447279807, 489998870, 507114719, 473941004, 509506068, 522529511, 446508938, 522529412, 509530059, 491686284, 520458951, 451126502, 473941003, 485607084, 451991040, 494858498, 485612094, 480579355, 470759234, 458507197, 516819011, 487191002, 475072648, 411315870, 475073717, 504492264, 451981268, 481523702, 474484015, 454224236, 486999010, 28983604, 480769728, 484730028, 509311067, 480575379, 473940883, 477331992, 471763909, 485612091, 454438146, 466795514, 480286095, 473964498, 475072607, 509531500, 494410641, 4891462, 447279674, 484730079, 458725561, 494410676, 27604807, 524152640, 27930214, 27836221, 487191008, 29043510, 29049495, 479223461, 425298154, 515816117, 460112831, 28976438, 41662891, 463001810, 488641583, 493735160, 487379321, 481859132, 450048185, 480575380, 479219423, 28479354, 448143145, 463159052, 478731317, 484732061, 485612082, 480426467, 468513193, 444267646, 481537355, 447279804, 434550077, 471761894, 428591979, 486837906, 450048233, 482988261, 475073715, 480575364, 485612050, 431080615, 454053873, 428203329, 27898998, 33544773, 484732053, 442315650, 479223232, 473964497, 451703182, 460112445, 479223100, 475072630, 446728153, 447280523, 447280508, 473941008, 447280693, 419594990, 446875144, 454966273, 450041171, 437605376, 436355719, 431259130, 407459561, 463268824, 484732689, 33233902, 34167086, 444548819, 458238818, 446508905, 447279579, 481859544, 431096357, 473573556, 444548794, 478029284, 447279716, 448741250, 424477951, 437856206, 446512886, 446508939, 481523667, 478049185, 460099710, 475072642, 417859391, 1877601, 27926055, 28385981, 27711373, 28172268, 22751132, 22644323, 1773934, 26132511, 26464003, 27548773, 357179, 414979123, 453491467, 459062704, 466795423, 446732031, 447280703, 429769778, 447280700, 26328713, 471968908, 473940999, 445462265, 471969888, 471968915, 471969867, 471968919, 473940998, 26371431, 444548955, 473403402, 445450326, 445450342, 446728111, 434550967, 420125676, 435004540, 468878678, 468877752, 444524971, 468878691, 468878698, 468878692, 468878238, 468878242, 460112794, 468877296, 432698860, 466126387, 466126365, 466122447, 466122457, 466122488, 466122478, 466126415, 466126379, 466122440, 466122513, 466126408, 464647310, 465920476, 421423024, 462857600, 460298916, 462861559, 462997138, 463001148, 462997191, 462997036, 462997171, 462861575, 462997043, 463001178, 460298888, 459925808, 459954634, 459954608, 459925827, 459954558, 458507205, 458507190, 458507089, 28736096, 459062887, 459139060, 459139050, 445844350, 454966291, 451703265, 451703254, 451703259, 458496147, 458507055, 458507236, 458507077, 458496158, 458507065, 458507043, 458507038, 458496131, 458496129, 458507025, 458507023, 32432531, 445844591, 454924418, 454924429, 454924419, 454966283, 454924430, 451701193, 454924393, 454966261, 441116323, 422095006, 29045976, 440207893, 454438488, 454438473, 454435553, 450048188, 454438459, 454438484, 454438483, 454435535, 454438457, 454438460, 454435552, 454438461, 454438485, 454438487, 28183083, 454438472, 453291208, 454435554, 453268588, 453268584, 453291393, 453291350, 453291404, 453268575, 18104552, 453291312, 453291315, 446508774, 28155407, 448742206, 448741204, 450222539, 450224579, 451126439, 450048077, 449578757, 419254227, 449577529, 449577512, 449578557, 449577528, 449578564, 449578463, 449578568, 28676708, 28676709, 26064984, 412187354, 412187356, 411214046, 407459213, 411213067, 411213105, 412187910, 412187600, 411213169, 41631191, 38771669, 19797609, 411213164, 32337423, 28360697, 427416745, 429482300, 421423014, 444267577, 421423588, 429482292, 425015331, 26341097, 442867033, 442869022, 442869035, 412175382, 412175394, 5077387, 442867034, 446512733, 447279824, 447280702, 448143174, 448143036, 447280749, 447279805, 447280820, 447280819, 447279685, 447279803, 411213165, 448916139, 448916114, 448917124, 448917034, 448916124]"
8737947434,吉普赛爵士大师Django Reinhardt作品合集,尽量收录他的全部曲目，但肯定有遗漏,"['爵士', '酒吧', '下午茶', '下午茶']","[574153677, 574156564, 574153678, 574156565, 574153679, 574153680, 574153681, 574156566, 574156567, 574156568, 574156569, 574156570, 574156571, 574153682, 574156572, 574153683, 574153684, 574153685, 574156573, 574156574, 574156575, 574156576, 574156577, 574156578, 574156579, 1344458698, 1344456740, 1344456741, 1344458700, 1344456742, 1344456743, 1344456744, 1344456745, 1344456746, 1344456747, 1344456748, 1344458702, 2005622013, 2005622014, 2005622015, 2005622016, 2005622017, 2005622018, 2005622019, 2005620196, 2005622020, 2005622021, 2005620197, 2005622022, 2005620199, 2005622023, 2005620200, 1378612269, 1378612270, 1378612271, 1378612273, 1378612276, 1378612277, 1378611341, 1378611342, 1378612278, 1378612279, 1378611344, 1378611345, 1378612280, 1344458721, 1344458722, 1344456776, 1344456778, 1344458723, 1344458724, 1344456779, 1344456780, 1344456781, 1344456782, 1344456783, 1344456784, 535186504, 1438405466, 1829652995, 1829652996, 1829652997, 1829653000, 1829653002, 1829652598, 1829653007, 1829653008, 1829652608, 1829653019, 1829653020, 1829653021, 1829653025, 1829653037, 1829653043, 1829653048, 1829652620, 1829652621, 1829652622, 1829652623, 2065170361, 2065171331, 2065171338, 1343427396, 1343425715, 1343427397, 1343425716, 1343427398, 1343425717, 1343425718, 1343427399, 1343427400, 1343427402, 1343425720, 1343425721, 1343427403, 1343425723, 1343425724, 1343425725, 1343425726, 1343425728, 1343425729, 1343427406, 17391662, 17391663, 17391664, 17391665, 17391666, 17391667, 17391668, 17391669, 17391670, 17391671, 17391672, 17391673, 17391674, 17391675, 17391676, 17391677, 17391678, 17391679, 17391680, 17391681, 17391682, 17391683, 17391684, 17391685, 17391686, 17391687, 17391688, 17391689, 17391690, 17391691, 17391692, 17391693, 17391694, 17391695, 17391696, 17391697, 547039759, 547041623, 547039760, 547041624, 547039761, 547039762, 547041627, 547039763, 547041628, 547039765, 547041630, 547041631, 1825939081, 1825939082, 1825938334, 1825938335, 1825939085, 1825939086, 1825939087, 1825938338, 1825939090, 1825938342, 1825938343, 1825939095, 1825938347, 1825938349, 1825938351, 1825938353, 1825939101, 1825939102, 1825942246, 1825942248, 1825942851, 1825942253, 1825942254, 1825942255, 1825942257, 1825942258, 1825942853, 1825942260, 1825942262, 1825942854, 1825942263, 1825942264, 1825942856, 1825942267, 1825942857, 1825924874, 1825922316, 1825924875, 1825922317, 1825922318, 1825922319, 1825924876, 1825922321, 1825922322, 1825922323, 1825922324, 1825922325, 1825924879, 1825922327, 1825924880, 1825924881, 1823192937, 1823192939, 1823192940, 1823192941, 1823190581, 1823190583, 1823192944, 1823192945, 1823190584, 1823192946, 1823192948, 1823192949, 1823190585, 1823192950, 1823192951, 1823192952, 1823192954, 1823192955, 1823190588, 1823192958, 1823190589, 1823190590, 1823192961, 1823192962, 1823192963, 1823192964, 1823192965, 1823190593, 1823192966, 1823192967, 1823190595, 1823190596, 1438759118, 1438758594, 1438758596, 1438759120, 1438758597, 1438759121, 1438758598, 1438758599, 567226283, 567225793, 567225791, 567225790, 567225789, 567225788, 567225787, 1448178336, 1448177608, 1448178337, 1448177609, 1448177610, 1448178338, 1448177611, 1448178339, 1448177612, 1448177613, 1448178340, 1448178341, 1448178342, 1448171226, 1448170776, 1448170777, 1448170779, 1448170781, 1448171230, 1448171232, 1448171233, 1448170787, 1448171236, 1448171237, 1448170793, 1448171238, 1448268339, 1448268340, 1448266881, 1448268341, 1448266882, 1448268342, 1448268343, 1448268344, 1448268345, 1448268346, 1448266884, 1448411097, 1448409370, 1448411099, 1448409371, 1448411100, 1448411101, 1448200178, 1448199318, 1448200184, 1448199320, 1448205018, 1448212028, 1448212030, 1448212031, 1448212032, 1448266874, 1448268329, 1448268330, 1448266875, 1448266876, 1448266877, 1448268333, 1448268335, 1448268336, 1448266878, 1448268337, 1448199324, 1448200188, 1448200189, 1448199326, 1448199327, 1448199328, 1448199329, 1448199330, 1448199331, 1448221681, 1448222295, 1448222296, 1448221682, 1448221683, 1448222297, 1448221685, 1448222298, 1448221686, 1448221687, 1448222300, 1438405464, 1438406549, 1438405465, 1438406550, 1438405469, 1438405471, 1448222107, 1448222108, 1448221460, 1448221461, 1448221462, 1448222109, 1448222110, 1448221463, 1448222111, 1448221464, 1448221465, 1448221466, 1437160384, 1437160385, 1437160386, 1437158723, 1437160387, 1437160388, 1437158724, 1437158725, 1437158727, 1437158729, 571064254, 571061752, 571064256, 567264973, 567265497, 567265495, 567265494, 567265492, 567265491, 567264969, 567265490, 1448199398, 1448199399, 1448199400, 1448199401, 1448199369, 1448199370, 1448199371, 1448199373, 1448199374, 1448199376, 1930421305, 1930421893, 1930421309, 1930421898, 1930421899, 1930421901, 1948857810, 1948857811, 1948857812, 1948857815, 1948857817, 1948859629, 1948859631, 1948857818, 1948857820, 1948859632, 1948857822, 1948859633]"
8785382103,快过来，最好听的歌都在这里了,第一次做歌单，不是很好如果你能看到。能不能保存起来？求求啦！,"['下午茶', '轻音乐', '散步', '下午茶']","[1855080368, 566436427, 1926660829, 1328921249, 1870226195, 1467444619, 2005574298, 1913206466, 1962946869, 2019279516, 1486264538, 1397345903, 2062921141, 2073657710, 1491495234, 31649308, 436346833]"
8842250046,复古爵士（溺爱ok版）,"本歌单适用场景：
慵懒下午茶✓
浴缸香薰时刻✓
烛光月光衬你目光✓
深夜微醺solo✓","['爵士', '下午茶', '浪漫', '下午茶']","[1968791360, 1976787301, 1914856001, 1961506634, 1994834581, 2082434029, 2093851906, 2086015298, 1981301644, 2068136520, 1909832379, 2008017082, 2082433513, 2093851904, 2093851174, 2008015310, 2086015714, 2083422853, 2093851905, 1909727545, 2093851175, 2082434030, 1913153718, 2008017081, 1928329190, 1960673249, 1994833582, 1967415383, 1924955504, 1911916571, 1992441573, 1971747703, 1941639439, 1999333901, 2000036494, 1957532085, 1888357108, 1446849973, 1984571756, 2008015311, 1888357126, 1888354076, 1968060032, 1888357144]"
8834265187,放下生活压力慢慢感受这美好,泡一杯咖啡，拿两片面包，慢慢的，看着夕阳，晚霞，慢慢的～,"['轻音乐', '下午茶', '放松', '下午茶']","[1841002409, 475479888, 1966155051, 468176711, 2049512697, 441491828, 488249475, 2023318834, 1963213974, 1500569811, 1807799505, 1392600538, 1986771025, 1925500681, 1968791360, 1474400749, 1983501304, 1403318151, 1397345903, 865632948]"
8783398295,回忆杀丨那些年のʰᵘⁱʸⁱ,阳光，迟到，操场，背影，偷瞄，小卖部，躲闪，夏天，暗恋，晚自习,"['华语', '怀旧', '下午茶', '下午茶']","[35476049, 229336, 428203460, 1349292048, 1449678888, 554241732, 202369, 404784564, 1365221826, 1369798757, 60102, 1313354324, 480580003, 557584888, 31356788, 1493994302, 163123, 108418, 29713754, 483671599, 1328146041, 1345848098, 553755659, 30814948, 1297743952, 574566207, 1295548309, 30987293, 569214126, 431096179, 29436904, 571338083, 436514312, 1928857203, 29814898, 31081148, 1426304544, 29771231, 362937, 1336856777, 5238992, 399354289, 97357, 32507038, 28285910, 1381755293, 1425626819, 407450223, 523250334, 524003571, 60394, 254285, 28892408, 168091, 222724, 28387594, 176053, 167885, 86360, 86363, 185700, 165340, 27678655, 362998, 327157, 1806303555, 165361, 167827, 26090160, 85580, 165379, 26599239]"
8759867748,冬｜白色的冬天也可以拥有温暖｜让心平静,冬季歌单❄️,"['安静', '下午茶', '孤独', '下午茶']","[1901297402, 1985018775, 3225617, 2001320, 26343110, 17691584, 521169592, 1921151767, 1814967647, 1385806121, 1434499128, 1878812259, 1831326085, 1878810566, 1417261845, 1979903221, 1878810567, 1481575515, 1904170112, 1831321963, 1878812258, 1447801334, 1895291255, 1402845090, 1447803268, 1964236911, 1313107767, 1333336680, 1458863599, 1402843217, 1409958051, 1458638474, 1887203993, 1440687084, 1345338338, 1372350500, 1990259912, 1423291, 27588475, 36668118, 2061269297, 27588473, 27588467, 447280899, 1375270512, 38392808, 28068787, 28068783, 28059506, 526081120, 515143137, 28068785, 26428002, 1352962983, 1886345442, 1336864660, 18468285, 3986241, 32201359, 441612583, 4340758, 2177197, 2065100111, 1999170057, 552060841]"
5093138279,流行音乐（纯音乐）,纯音乐，就像藏在心里没说出口的话…,"['下午茶', '器乐', '学习', '下午茶']",[]
721495063,有格调的法国餐厅里昏暗的灯光下，音乐响起,喜欢咖啡店风格的就收藏吧,"['欧美', '爵士', '下午茶', '下午茶']","[421563784, 1946726259, 17572422, 32358160, 394672, 28828076, 1673809, 19059807, 2080326, 989371, 1423006649, 4875724, 22283826, 28566356, 1374329431, 22281622, 5201824, 524331, 795595, 632840, 633130, 4899198, 632687, 33599024, 528272739, 632704, 632767, 632678, 633140, 632304, 26131195, 5183688, 1348599, 29572679, 29775025, 19144617, 1791490, 297477, 25699083, 437608911, 414776873, 414776872, 414776871, 297480, 25699027, 25699064, 25699081, 25699082, 32451562, 25699018, 25699045, 25698043, 25698042, 25698038, 25918339, 25698041, 25699078, 25698035, 25699084, 25699080, 25699090, 5248043, 25699068, 25698046, 25698049, 25698048, 5150332, 25698047, 632799, 632802, 632806, 632809, 632811, 632813, 632815, 632818, 632821, 632824, 632827, 632829, 632832, 633074, 633078, 633082, 633086, 633090, 633094, 633098, 633102, 633106, 633110, 633116, 632944, 632946, 632948, 632950, 632951, 632952, 632953, 632955, 632957, 632959, 632961, 22822332, 22822340, 22822333, 22822338, 22822336, 22822341, 22822334, 22822335, 22822339, 22822337, 632886, 632889, 632891, 632893, 632895, 632896, 632898, 632900, 632903, 632906, 632909, 632911, 5233049, 4873594, 5239544, 25698040, 33223321, 5145730, 421423099, 22822318, 632452, 22822312, 633113]"
8793918257,核谐铀爱氢音乐,儿时听着入睡的摇篮曲终于找到了(๑ १д१),"['轻音乐', '下午茶', '浪漫', '下午茶']","[2043161968, 1354461143, 1916095309, 1818106632, 1468755728, 1424516785, 1847741361, 445703346, 2040919542, 2040919544, 2055886977, 1883156123, 1961805370, 1455974449, 2088349415, 2092629832, 2092628868, 1488810162, 2043164656, 1922567102, 561307211, 1401852639, 1974437442, 1492074415, 1914658766, 2011881260, 1416321652, 2093209504, 2093069787, 2080461744, 2090856096, 1398843466, 1339904920, 1472575666, 1914658929, 1962445295, 1962488963, 1354461142, 1830201659, 1904189105, 1961805371, 1962374180, 2010582349, 1962519608, 1967066074, 1871810527, 1859618589, 1495879966, 2025918252, 31587603, 41416612, 547764286, 547764298, 34002531, 1919135304, 1365666451, 425280953, 41631041, 558377341, 1482677420, 1482677424, 1433723670, 1853203665, 1464185868, 1939877872, 440101631, 1891389809, 1414774757, 1981628634, 1935655919, 1460682349, 1454732381, 1454723768, 1354459328, 1901381961, 1384353223, 1810065538, 1993916271, 1824976234, 454261823, 1810331471, 1904531586, 1904257296, 1914659060, 477458675, 1993519962, 2015139064, 2043340113, 2041522324, 1987029111, 1454965632, 1807609758, 1907047300, 558560027, 1967066635, 2010302251, 1365672200, 1336689103, 2086612075, 2075497340, 1385304973, 1482675005, 1915297690, 518088775, 1891387174, 1482675006, 1853203666, 1853203664, 1853203667, 1853203135, 1853203149, 1853203690, 2083442920, 1914659895, 1919137741, 1962484633, 470601215, 470601181, 1862260487, 2061373391, 1973455862, 1960688854, 1847185760, 1850892826, 2056256334, 1809366064, 1809366049, 558377347, 558377350, 558377342, 1492074418, 1459038427, 1476219520, 1821507605, 1303119310, 1482675009, 1933521478, 1831515743, 1892269324, 1435577041]"
8797342303,一些喜欢的英文歌曲,Hi！欢迎来到Aurora的欧美音乐cafe☕！,"['欧美', '治愈', '下午茶', '下午茶']","[31861287, 1888773106, 1496285291, 22843791, 22843782, 22843786, 1454317928, 1993123375, 518904648, 572166420, 2029807034, 1972876200, 1969774924, 2024055742, 1469883470, 1943612418, 1961271059, 1958557540, 1857547285, 1873232971, 1921251210, 1921251209, 1947655324, 1943347064, 1987224758, 2052050635, 2063430324, 1909667926, 1821557798, 1925365458, 2074382021, 1954641156, 1938925066, 1958401420, 1917343360, 1965855805, 2050164932, 2053962541, 2053961468, 2059730567, 1840200746, 36496695, 31370203, 1424784689, 497463179, 16607964, 16607987, 1920243052, 28718313, 1815892497, 29747526, 1817629883, 1859515946, 1923073976, 447506014, 564663565, 1467363772, 530986903, 1336866526, 1999170057, 1886345442, 1942594143, 552060841, 1878812258, 1419831638, 1411827517, 2034314194, 1819273461, 1886441931, 1322298227, 1819275125, 1969226904, 1982988968, 1480769848, 1854644975, 1482559370, 1805363607, 1394952100, 1417063251, 1407917743, 1470909898, 1474577657, 1856237205, 1856241667, 1970542285, 1849112086, 1954372700, 2056938905, 1940074698, 1938320498, 2012564517, 2032284401, 1977005723, 1988736268, 1842902461, 1302066604, 448741168, 1446219648, 1366537490, 515803398, 1422778166, 1937340367, 1498317081, 1827038717, 1337981999, 2057188186, 2088972940, 1983149480]"
8845823339,小舟从此逝，江海寄余生,无缘求不来,"['华语', '古风', '下午茶', '下午茶']","[2022903178, 1345910746, 1404722668, 30621618, 1305728175, 1371537430, 1804586207, 1811662859, 531250077, 1322877419, 1375935067, 165345, 438456232, 1311347661, 439121070, 555282890, 1361789569, 1478108040, 1460261149, 1473547846, 1424461685, 1457113272, 556203037, 1823076294, 1861049526, 1437917928, 1301884692, 27506597, 405597568, 531823586, 516512122, 574533103, 32922246, 475072197, 32957012, 1822257076, 392406, 184557, 1488311970, 1352002513, 1913206466, 422429425, 101833, 1480319764, 434070744, 1375804780, 1933175252, 1338443062, 423776165, 1866595606, 1857585695, 520126220, 1942807158, 2004666452, 2004327393, 418326379, 460173322, 1311345134, 1394601255, 2066590047, 1867463860, 1382547958, 1382561071, 1880551051, 2021166639, 2072040195, 1931680649, 1314438112, 2037225358, 1817661979, 1868536471, 34017157]"
