58328382,早教精品系列故事集,嘘......我给你讲个故事哦.......,"['学习', '影视原声', '儿童', '儿童']","[28724387, 28724388, 28724389, 28724390, 28724391, 28724392, 28724393, 28724394, 28724395, 28724396, 28724397, 28724398, 28724399, 28724400, 28724401, 28724402, 28724403, 28724404, 28724405, 28724406, 28724407, 28724408, 28724409, 28724410, 28724411, 28724412, 28724413, 28724414, 28724415, 28724416, 28724417, 28724418, 28724419, 28724420, 28724421, 28724422, 28724423, 28724424, 28724425, 28724426, 28724427, 28724428, 28724429, 28724430, 28724431, 28724432, 28724433, 28724434]"
2189545805,你觉得是什么呢,“你眼睛有柔情万千。”,"['儿童', '儿童']","[2100329027, 254141, 2071935674, 2014340645, 1844532739, 1359382613, 1929036065, 2079996729, 2063864551, 2000381011, 224086, 28815250, 1362049977, 436346833, 1911963166, 1992730463, 1931647519, 28445512, 224133, 2049540645, 1497588709, 1410647903, 1481100356, 2056901270, 1895330088, 2057475888, 1829057624, 1946803091, 1941963749, 2044458035, 2044458041, 445154140, 1396377448, 95475, 1456393572, 329925, 35678875, 2021373243, 26305547, 288075, 470759757, 1395222212, 280389, 1387581250, 28838040, 1922701695, 1426112587, 28181125, 167873, 31514406, 27804029, 1420082472, 1850240555, 421486605, 2023954033, 97357, 2007071268, 1951069525, 344418, 1941265858, 28181103, 422104138, 31877481, 445665094, 1960601951, 1943043408, 486218073, 1391101614, 247936, 406737348, 1915191923, 1425814935, 461080452, 1985027951, 1430531944, 30612793, 454698657, 1843704418, 1371780785, 1869943939, 29357087, 1867964889, 1438865533, 1849694789, 25648043, 1886673679, 435288399, 1357399743, 1451720450, 1368754688, 1954302417, 1403318151, 1959667345, 1931293986, 1425898259, 1299550532, 1372348225, 463157222, 571464961, 1412672813, 1375920506, 72394, 405597568, 1817702136, 442314990, 1822712479, 1412242872, 1894094482, 1846489646, 1908392914, 1807381939, 1455485876, 1357999885, 190352, 1892583113, 1394183562, 1439121983, 1886371886, 550767094, 1386726633, 1479526505, 1382985712, 25731320, 1367280230, 1401267466, 1867217766, 1437266892, 1311363493, 1391638888, 1821627601, 513428953, 1400184355, 1416772486, 1382757155, 1336866429, 1857630559, 1465103337, 1500157594, 1468270651, 1383909126, 1449591243, 1405763595, 1453923844, 1466319699, 1489064589, 1806336043, 1453972194, 1497799734, 1808492017, 1806953690, 497400537, 1817762859, 1500886499, 1384971398, 1445247246, 1432544572, 1468957767, 1491221473, 1475124792, 558071673, 1481164987, 1426649237, 407450223, 1454687317, 1434386699, 1436902081, 174944, 571338083, 1436709403, 1327230835, 555894912, 1341069888, 1433736155, 408943929, 1387608452, 1392719801, 461899833, 30089063, 1406119516, 1337325783, 1413183697, 1403783133, 1383053049, 1380075991, 556056315, 1398508295, 439139384, 1375468860, 569213220, 569200213, 1383201475, 1415829224, 502960453, 558290126, 1411358329, 1398663411, 550138197, 1325896149, 1400256289, 514761281, 1394305048, 1356691936, 1367867672, 1370047789, 405599470, 30431364, 507940142, 1378945187, 1297802566, 1350160916, 1365393542, 1348304090, 30431376, 1357999894, 35476188, 1317542136, 1338785762, 1318101671, 1323106961, 1356350562, 1338022514, 29759733, 461047774, 1345848098, 439121995, 421563713, 1343610114, 1340678372, 1336866698, 1341964346, 864647456, 386844, 208902, 1293951677, 1342592226, 230729, 441491828, 460542191, 1313354324, 504835560, 30814948, 1295690798, 27713963, 553755659, 460578140, 1296833312, 526464145, 33705391, 29004400, 513360721, 30431366, 421423806, 30431367, 421423808, 574566207, 545804135, 812400, 557584888, 534539569, 545413103, 407677607, 1330348068, 516076896]"
765159380,安睡宝贝：轻轻道一声晚安,"轻轻道一声晚安！让美妙的音乐带宝宝进入梦乡~

“陪伴着现在和以往 
岸，举着一根高高的芦苇 
四下眺望 
是你 
守护着每一个波浪 
守护着迷人的泡沫和星星 
当呜咽的月亮 
吹起古老的船歌 
多么忧伤” 

北岛《岸》","['古典', '夜晚', '儿童', '儿童']","[465434671, 465065141, 1868502789, 1390263593, 1355039686, 1359451469, 1341722376, 552520903, 464891819, 565890133, 1317165042, 464683210, 1340223367, 464686408, 532960898, 465038250, 1430153036, 443882349, 465492175, 554669333, 464683212, 477932278, 477933972, 464686056, 465080931, 464683207, 471806106, 477933978, 465492187, 477932312, 471806182, 465515402, 465515401, 465080930, 465492183, 465080923, 465080921, 465093562, 482744065]"
2699200870,我们的追忆｜那段守着电视机看动画的时光,谨以此歌单，记录我们零零后的童年，那是一段属于我们的守着电视看动漫的幸福时光。总有一首歌，陪伴在曾经那个电视机前的你。,"['怀旧', '00后', '儿童', '儿童']","[28267530, 368720, 26304180, 490595480, 27906420, 5251825, 32737976, 32737977, 32737993, 297791, 27946143, 31835410, 31838335, 27907904, 27907902, 27896321, 27907768, 34280296, 473850008, 27896941, 27901832, 405987118, 27901235, 27896028, 29819850, 28768484, 27853752, 29758474, 34766643, 28152182, 501302894, 27927965, 27928321, 35448126, 27896282, 27896283, 27946216, 33937949, 33937948, 27906153, 27901744, 34341458, 27890995, 28152199, 29418974, 191134, 125857, 34280143, 26619167, 34586699, 27901231, 28613172, 31365604, 27896762, 106368, 29593103, 27890969, 39224699, 394990, 33891982, 4873075, 29562240, 27946524, 27896308, 27946215, 199766, 29562241, 29822059, 29023594, 29593117, 5263407, 27901808, 29848624, 29822085, 27571930, 29844877, 33894404, 27928256, 28959135, 27896702, 27896749, 27896740, 27896711, 34766647, 27901962, 33705391, 33705392, 27908022, 29378963, 33419110, 27904321, 4873065, 33187451, 33187450, 27901933, 28188452, 27927195, 29850050, 31645206, 28953442, 27908107, 27901803, 33737425, 394999, 27896752, 27901669, 27896701, 27901951, 27908110, 30830982, 31273716, 35726221, 27901942, 29848687, 33525665, 34324641, 29544002, 28029828, 108428, 394987, 5242612]"
501958437,儿童街舞音乐,适合儿童街舞的各类音乐（不断更新）,"['流行', '儿童', '舞曲', '儿童']","[5043035, 21615181, 26985026, 31997691, 28606082, 1410381512, 5208438, 413830771, 29984255, 5141044, 1457939927, 27315909, 3315198, 1320695174, 27781128, 30854130, 2317244, 2436457, 463505, 21974794, 29827588, 3040237, 26806273, 17145962, 3030166, 2887210, 542501753, 447925566, 411347970, 4876768, 4436633, 26781044, 476655914, 511391907, 26193209, 1309995658, 364901, 29789260, 138926, 18638050, 21420957, 400278326, 3185884, 25642941, 29744892, 28756350, 17112346, 17525442, 437387388, 423776930, 36841867, 509728246, 461544374, 27288042, 440357345, 1224832, 462759273, 444781828, 478184366, 3030173, 30612336, 28094278, 353909, 33495564, 492144600, 489114930, 22357458, 1345043, 2889901, 29008882, 4878122, 26826878, 34229976, 18803411, 3849538, 2436443, 398639, 398611, 33887412, 41636089, 5323101, 408332757, 524868030, 1345018, 509612912, 17282443, 387895, 3584040, 1630379, 4877098, 29371332, 25641863, 25657277, 520676541, 110076, 92986, 371362, 33991619, 3949494, 386041, 545192076, 392711, 26584200, 35270898, 29922173, 16858394, 36095115, 114249, 28665224, 114130, 205365, 87937, 526472132, 1427692, 112764, 33190753, 526468142, 27896340, 252918, 177215, 407759199, 230566, 429461194, 518088878, 19082127, 32835004, 3464493, 469104766, 416933902, 5265458, 410628807, 230140, 28832363, 507114320, 5388831, 5279695, 17706562, 33789789, 362414, 398424, 21033244, 186057, 28838178, 35090569, 348910, 27646851, 5260535, 29722263, 17753288, 27965452, 398530, 398437]"
5189112815,Death metal/Death core/Brutal death,,"['安静', '儿童', '民谣', '儿童']","[547969556, 2037159028, 2013311669, 1998318855, 1903840762, 1980728671, 1858029759, 1948356752, 1976472952, 1971651049, 1963039699, 1953751364, 1813994968, 1971316945, 17790769, 1970779596, 29529064, 1305892357, 1398875780, 1398875777, 1822712057, 1838022517, 18788876, 1951367209, 1941469721, 565301621, 1864024607, 1859008580, 1876609027, 1913653016, 1468698524, 1468679985, 1318196286, 1872867499, 1906042050, 1418274691, 1456618015, 456333610, 17155013, 1855938400, 19815660, 1482974177, 1403713076, 1872262812, 1490530343, 1490530342, 1490531032, 1306711085, 1856490587, 1867561862, 461124100, 1868223976, 476428755, 1352526494, 1480728131, 33872139, 33872137, 33872135, 33872132, 33872131, 33872138, 1856490836, 26842979, 566053266, 565002959, 1408612818, 1864024606, 474739419, 37091644, 37091642, 1298819818, 865396220, 19815641, 1431583676, 503853950, 20354573, 461518842, 1418275940, 527979422, 527979417, 527979416, 1364339925, 1860069704, 1852125262, 1294590157, 4150171, 4150183, 1306708986, 1487370573, 1478362770, 1478362768, 1478362766, 1478362765, 1487369768, 420922837, 1444649356, 458697820, 566798804, 16956899, 1847213503, 31179382, 31179380, 21611691, 21611689, 21611688, 21611684, 1860591400, 1844532915, 1403713784, 1403713787, 1403713785, 1403714066, 1438380679, 547274452, 1858407672, 1858405760, 1420956845, 529619104, 1824627500, 1813828295, 1816316358, 1360785773, 462968351, 1382384155, 1345792399, 1353883967, 1399119630, 1399118512, 1399118513, 1399119627, 1376715417, 19519787, 456333618, 528273752, 29492138, 1840860827, 476428756, 16845533, 1376117494, 1420911828, 28782329, 1494098665, 1494100402, 1494098664, 1494098663, 31834800, 1843703792, 1852474841, 474932122, 1309247225, 1309246623, 27597811, 1389041492, 1845770013, 1842594551, 1842595148, 1842594548, 1842594546, 1842594545, 1842594543, 1415446766, 1415446769, 1415453112, 469073375, 1846621315, 1306708987, 1369525051, 4150175, 31834799, 479219229, 1438017714, 1399119632, 21611693, 1840201175, 420922833, 420922832, 420922830, 1838029828, 467665233, 467665232, 1387933152, 1491926638, 20477417, 1824642415, 1824643255, 1824642412, 420922807, 461124096, 1832308198, 1831452140, 1830773734, 1816988958, 1824642404, 1824642410, 1377110901, 17366378, 31917095, 1359070358, 479219214, 31834798, 2751118, 33872133, 569530779, 568351503, 1451850286, 1451850288, 1451851230, 1451851228, 1451851226, 1451850284, 1451851224, 1451850283, 1451850282, 1451850281, 31861753, 1805837327, 1805837326, 1805837325, 1829121510, 1812840107, 1824038805, 461080347, 1347249541, 28960047, 33549168, 1382314081, 420134393, 31861754, 542525916, 1309902477, 528272725, 1451700047, 1375450726, 419594796, 443875754, 443875751, 1459844082, 569530777, 569530774, 465920185, 1362240729, 542525917, 1437266224, 19647801, 474932104, 17366366, 1329020616, 1370027398, 1417165655, 1399866430, 1437743907, 1812072305, 1369524162, 527851959, 1371563500, 1331551733, 461519796, 1370028335, 1375921261, 546557692, 420134396, 420125438, 1365147594, 1482972961, 1804962231, 1805841193, 1495203258, 467665231, 527979419, 1484235497, 1811340192, 1441704752, 4004136, 427142809, 535717197, 443882385, 1373466714, 1816181652, 1816180133, 420125439, 1365146813, 1809479003, 420134392, 420125437, 28477940, 21611682, 28675847, 28675850, 472361110, 28675836, 443875143, 493623320, 1435460629, 420134394, 29529070, 1436575008, 1403755614, 1403754722, 1400379004, 1400377833, 1375207236, 1375203669, 1375203664, 1375203675, 1482974176, 1484908823, 26067156, 19190123, 1472507213, 1376715415, 1494692032, 29527827, 569530778, 29527826, 1449531937, 1452560909, 1468679986, 543301595, 1497676220, 1383034531, 1494649407, 1369524160, 1470138267, 28477939, 26781457, 26781456, 26781455, 4196170, 493623326, 454698325, 31917099, 28435304, 532177102, 1309245050, 490637832, 28522426, 417953720, 1355229278, 417953719, 19815639, 28435301, 417953718, 1492825490, 1464962699, 1464963160, 1483612990, 29578550, 443876127, 566053263, 1385982818, 1385982817, 1385982815, 1438788875, 1307474547, 1318543814, 1306708983, 1449304127, 1398019160, 1359255430, 27746893, 1452560908, 1438749732, 1443209189, 1487185519, 1338210433, 1325357638, 1338208631, 1338210432, 474739424, 1385982816, 1399118516, 1399118518, 1453132771, 1369525052, 1486967253, 33211154, 27723902, 409647899, 26067153, 1309247224, 29771168, 2192404, 28287721, 28287720, 1309905088, 1309902478, 1309902474, 1309908163, 35539943, 27597812, 28634428, 555315681, 1389767923, 1374483913, 456333614, 456333612, 451368162, 561631323, 1468675173, 511426031, 1338830228, 501220409, 1308818927, 29771166, 1383240261, 28351341, 451367705, 1311042655, 1311042654, 1311043294, 1421395510, 470601835, 493623329, 1464316018, 551337106, 29407281, 451366780, 1378876946, 26194877, 28350439, 28416143, 31917097, 29527829, 31834801, 1385983952, 17155027, 17155025, 17155020, 17155016, 17155015, 470601836, 529619103, 17155018, 17155008, 17155017, 17155004, 1304091531, 1365316079, 474739422, 5197518, 30780115, 30780114, 1403339473, 1418182865, 479223217, 40047575, 40047582, 40047573, 26596228, 470601838, 31834802, 456333616, 27903808, 17169849, 31861748, 472361109, 553972006, 454698314, 561447502, 1309246624, 1418275939, 1369524164, 1331300534, 37720254, 1399861349, 474739418, 474739423, 447281022, 475072122, 1427963691, 28234157, 564960917, 1447353515, 1370637651, 17155023, 1455935739, 1460308302, 1309247223, 1435362777, 32343424, 476428760, 1369712496, 566734442, 1309902480, 1309905085, 1309902481, 1309902482, 456333615, 4004138, 31917102, 28612296, 28612294, 28612303, 566508615, 29529061, 29529066, 29529060, 28612302, 21611686, 28612304, 1359981543, 28612301, 28612291, 3845841, 26781462, 31917094, 1425818918, 31917093, 1309902473, 4004139, 26483448, 21611683, 21611703, 28612295, 28435299, 19815635, 1309902504, 28612290, 28612300, 33211149, 21611685, 1376117495]"
992186360,我不喜欢的音乐,,"['儿童', '儿童']","[1962142222, 341942, 1298798664, 2058946438, 1809746621, 473602583, 316069, 1865139511, 32431637, 382122, 461728135, 27974805, 22778415, 28288634, 28288632, 28288628, 646453, 269457, 25640797, 381968, 2008261357, 247429, 1869291547, 2028884728, 2022069284, 1892514735, 1882662117, 551400874, 22663877, 431259693, 1332952877, 150429, 238555, 2035279723, 107824, 2033897126, 1844886646, 66315, 1474159145, 2023496391, 150561, 150570, 1317285056, 1888864514, 186041, 538498336, 382096, 381919, 26545054, 1318687265, 1820193741, 1955247902, 316077, 316086, 280765, 316061, 150633, 524152312, 1923210613, 1974443814, 233889, 5252288, 469998923, 1970514994, 65657, 472060885, 186055, 1872816448, 1466626410, 25657309, 300587, 1385884973, 1385884971, 1981999919, 26577240, 1948694170, 1955997754, 299932, 26326396, 25699068, 382099, 382107, 150558, 532417364, 510945200, 1834118074, 1303019195, 1970708652, 150564, 67381, 1464928350, 355995, 1808262953, 409830367, 574925503, 1959668192, 1487202783, 1959667345, 1924567676, 448518236, 1948145018, 26332199, 1490932002, 1396198042, 454924184, 441116262, 33162867, 518904789, 315982, 412902075, 1332725422, 297773, 1452668705, 1307385071, 209397, 1811514628, 1367358886, 1299795411, 208927, 1822995789, 513045821, 1946797734, 1867949667, 185747, 455345541, 382108, 1406062961, 1830066193, 256672, 343325, 1843315603, 1914664865, 1922007886, 1901929043, 185665, 1874946818, 1860879623, 1411872988, 1868414597, 440411569, 1805380240, 277822, 1334659559, 249332, 1842713263, 70985, 4873065, 1813801764, 399341494, 407444041, 30431364, 1918081293, 255644, 1872975622, 453927774, 453927759, 1333968128, 466142956, 1405103375, 1910268045, 1903916498, 350830, 1836021414, 1877854161, 299519, 409830368, 206935, 315959, 1437222759, 1383893826, 539227726, 1453011783, 294693, 1825175011, 1472826810, 1878131516, 1842746616, 1812175842, 1479507542, 1490383493, 1841195310, 1852326658, 1858399796, 1818820553, 1412597751, 1495052210, 1807799505, 1345353903, 1306923998, 514774334, 1405142459, 1438463386, 1366467511, 1841283359, 1873049720, 1411793721, 1337553457, 1463373377, 1814779804, 1463419806, 1407950339, 1372510711, 574505502, 503932988, 29017261, 1393632138, 1445214028, 286966, 1439903132, 1822793201, 1429237296, 1456637925, 1387183465, 1294899223, 454828889, 506259256, 570087030, 28923458, 28923457, 1437251162, 1300595161, 1854105063, 1469438026, 1487202784, 1806516962, 209494, 536623692, 1392316405, 440208470, 1822994866, 1822994869, 1471111588, 1390389051, 1347739921, 1807796551, 1807796555, 1432229429, 456741401, 1423985782, 458356832, 1499310652, 1299326404, 5260494, 523756204, 29723421, 1366216050, 520277152, 1310741276, 32217106, 487587201, 32272267, 297748, 286959, 548556869, 1294889112, 1297750680, 557583044, 421870099, 208958, 28285910, 25714352, 547976490, 537150725, 544713530, 529319768, 27808295, 526470574, 450567505, 506942692, 439139384]"
2142327380,田艺苗儿童教育,"3 - 13 早晨
14 - 24 夜晚

1. 肖邦 《小狗圆舞曲》
2. 海顿 《弦乐四重奏 “皇帝”》
3. 格里格 《晨曲》
4. 斯美塔那 《伏尔塔瓦河》
5. 舒伯特 《钢琴五重奏 “鳟鱼”》
6. 舒伯特 《F小调幻想曲》
7. 德彪西 《亚麻色头发的少女》
8. 格什温 《夏日时光》
9. 弗雷 《西西里舞曲》
10. 比才 《卡门间奏曲》
11. 亨德尔 《管风琴协奏曲》
12. 维瓦尔弟 《四季》
13. 维瓦尔弟 《琉特琴协奏曲》
14. 舒伯特 《摇篮曲》
15. 勃拉姆斯 《摇篮曲》
16. 莫扎特 《摇篮曲》
17、18. 肖邦 《摇篮曲》
19. 门德尔松 《无言歌》
20. 德沃夏克 《弦乐小夜曲》
21. 鲍罗丁 《弦乐四重奏 “夜曲”》
22. 德沃夏克 《新世界交响曲》
23. 德沃夏克 《斯拉夫舞曲》
24. 拉赫马尼诺夫 《第二钢琴协奏曲》
25. 柴可夫斯基 《四小天鹅舞曲》
26. 罗西尼 《猫咪二重唱》
27. 亨德尔 《水上音乐》
28 - 30 莫扎特 《K448 双钢琴奏鸣曲》
31. 巴赫：平均律第一册，C大调前奏曲, BWV 846-869
32. 肖邦圆舞曲第十首,b小调,作品69第2号
33. 傅聪：贝多芬D大调钢琴协奏曲，第二乐章
34. 舒曼：A小调钢琴协奏曲 Op.54 第一乐章
35. 小克莱伯：小约翰施特劳斯蝙蝠序曲
36. 莫扎特C大调16号钢琴协奏曲，第三乐章回旋曲
37. 门德尔松第二交响曲Op.52，赞美颂
38. 帕莱斯特里纳教皇马尔切里弥撒，信经
39 - 70. 古尔德：哥德堡变奏曲
71. 海顿：惊愕交响曲，第二乐章
72. 扎特B大调第十七号弦乐四重奏k.458，第一乐章
73. 贝多芬第三交响曲“英雄”，第四乐章
74. 李斯特：超级练习曲，黄昏的和谐
75. 门德尔松：苏格兰交响曲，第二乐章
76. 斯特拉文斯基：彼得鲁斯卡选段
77. 拉德斯基进行曲 Op.228
78. 德彪西：月光
79 - 80. 贝多芬：第九交响曲，第三、四乐章
81. 柴可夫斯基：天鹅湖选段
82. 门德尔松：第一钢琴三重奏 Op.49，第一乐章
83. 柏辽兹：浮士德的惩罚鬼火小步舞曲
84. 柴可夫斯基：胡桃夹子花之圆舞曲
85. 海顿：弦乐四重奏 Op.33，第五号第三首谐谑曲","['儿童', '经典', '古典', '儿童']","[5164943, 28814210, 25731824, 1112818, 1345369, 1715946, 1145407, 1142884, 24176992, 27227268, 22251373, 2123686, 5165412, 22226654, 34766098, 22238258, 221992, 4450974, 2866057, 1805264, 18579418, 1931616, 26802923, 3541226, 22474697, 26608223, 1715935, 1715939, 1715943, 5114031, 5165017, 427296697, 28631376, 1213393, 667185, 27849621, 26722828, 18001009, 18001010, 18001011, 18001012, 18001013, 18001014, 18001015, 18001016, 18001017, 18001018, 18001019, 18001020, 18001021, 18001022, 18001023, 18001024, 18001025, 18001026, 18001027, 18001028, 18001029, 18001030, 18001031, 18001032, 18001033, 18001034, 18001035, 18001036, 18001037, 18001038, 18001039, 18001040, 402063642, 1458611, 20558043, 28908889, 27595564, 22483836, 27682855, 22256831, 22256832, 22241828, 1697316, 27883592, 29539602, 34609033, 29797560, 29797561, 29797562, 29797563, 29797564, 29797565, 29797566, 29797567, 29797568, 29797569, 29797570, 26734674, 21325028, 21325029, 21325030, 21325031, 21325032, 21325033, 21325034, 21183819, 22006383, 22006384, 22006385, 22006386, 22006387, 22006388, 22006389, 22006390, 22006391, 22006392, 22006393, 22006394, 22006395, 29087744, 29108951, 403806342, 403806343, 403806344, 26734714, 28908892, 29717230, 28605065, 28605064, 28605066, 28605067, 502448937, 27315092, 27315093, 27315094, 27315095, 27315096, 27315097, 27315098, 27315099, 27315100, 27315101, 27315102, 27315103, 27315104, 27315105, 27315106, 27315107, 27315108, 406001897, 406001898, 406001899, 28244625, 28244626, 28244627, 28244628, 28244629, 28244630, 28244631, 28244632, 28244633, 28244634, 28244635, 28244636, 28244637, 28244638, 28244639, 28244640, 28244641, 28244642, 28244643, 28244644, 28244645, 28244646, 28244647, 28244648, 28244649, 28244650, 28244651, 28244652, 28244653, 28244654, 34609027, 34609028, 34609029, 34609030, 3033920, 3033923, 3033926, 3033927, 3033928, 3033929, 3033932, 3033935, 3033938, 36909527, 36909528, 36909529, 36909530, 36909531, 36909532, 36909533, 36909534, 36909535, 36909536, 36909537, 36909538, 36909539, 36909540, 36909541, 36909542, 36909543, 36909544, 36909545, 36909546, 36909547, 36909548, 36909549, 36909550, 36909551, 36909552, 36909553, 36909554, 36909555, 36909556, 36909557, 36909558, 36909559, 36909560, 36909561, 36909562, 36909563, 36909564, 36909565, 36909566, 36909567, 36909568, 36909569, 36909570, 36909571, 36909572, 36909573, 36909574, 36909575, 36909576, 22325184, 22325185, 22325186, 22325187, 22325188, 22325189]"
7115241813,儿歌 婴儿早教音乐,儿歌|早教音乐|儿童歌曲,"['儿童', '快乐', '华语', '儿童']","[566443170, 566443179, 566436183, 566435153, 566436185, 566436190, 566443184, 419549970, 419549971, 419549972, 419549973, 419549974, 419549975, 419549976, 419549977, 419549978, 419549979, 419549980, 421486730, 421486731, 421486732, 421486733, 421486734, 421486735, 421486736, 421486737, 421486738, 421486739, 421486740, 421486741, 421486742, 421486743, 421486744, 421486745, 421486746, 421486747, 421486748, 421486749, 421486750, 421486751, 421486752, 421486753, 421486754, 421486755, 424538180, 424538181, 424538182, 424538183, 424538184, 424538185, 424538187, 424538188, 424538189, 424538190, 424538191, 424538192, 424538193, 424538194, 424538195, 424538196, 424538197, 424538198, 424538199, 424538200, 424538201, 424538202, 424538203, 424538204, 424538205, 424538206, 424538207, 424538208, 424538209, 424538210, 429560523, 429560524, 429560525, 429560526, 429560527, 429560528, 429560529, 429560530, 429560531, 429560532, 429560533, 429560534, 429560535, 429560536, 429560537, 429560538, 429560539, 429560540, 429560541, 429560542, 429560543, 429560544, 429560545, 429560546, 429560547, 429560548, 429560549, 429560550, 429560551, 429560552, 429560553, 429560554, 429560555, 429560556, 429560557, 427470163, 427470164, 427470165, 427470166, 427470167, 427470168, 427470169, 427470170, 427470171, 427470172, 427470173, 427470174, 427470175, 427470176, 427470177, 427470178, 427470179, 427470180, 427470181, 427470182, 427470183, 427470184, 427470185, 427470186, 427470187, 427470188, 427470189, 427470190, 427470191, 427470192, 427470193, 427470194, 427470195, 421269074, 421269076, 421269077, 421269078, 421269080, 421269082, 421269083, 421269084, 421269085, 421269086, 421269087, 421269089, 421269090, 421269091, 421269092, 421269093, 421269094, 421269095, 421269096, 421269097, 421269098, 421269099, 421269100, 421269101, 421269102, 421269103, 421269104, 426303276, 426303277, 426303278, 426303279, 426303280, 426303281, 426303282, 426303283, 426303284, 426303285, 426303286, 426303287, 426303288, 426303289, 426303290, 426303291, 426303292, 426303293, 426303294, 426303295, 426303296, 426303297, 426303298, 426303299, 426303300, 426303301, 426303302, 426303303, 426303304, 426303306, 426303307, 426303308, 426303309, 426303310, 426303311, 426303312, 426303313, 426303314, 426303315, 426303316, 426303317, 426303318, 426303319, 426303320, 426303321, 426303322, 426303323, 426303324, 426303325, 566443167, 566443169, 566435148, 566442172, 566443172, 566436179, 566442175, 566436180, 566443175, 566442177, 566442176, 566442178, 566442174, 566435151, 566442181, 566442182, 566436186, 566435164, 566435157]"
974428727,疾风亦有归途.,双手合十 做自己的神,"['午休', '安静', '儿童', '儿童']","[1925396823, 26524701, 3406918, 425280634, 29498727, 1817576399, 1961711900, 1831812154, 1890256410, 26204204, 28878559, 1376075781, 1293913379, 414586202, 35617718, 423314146, 406072775, 1496990737, 41643739, 33933850, 1393692429, 36190658, 566300578, 403711527, 1836115374, 477742336, 28263184, 37092830, 1836124865, 1377642003, 1427291001, 1396196557, 1831786095, 1430240064, 556204163, 1397148900, 1336871640, 1305815005, 456185219, 1809393471, 1493816591, 418602305, 1805317558, 528273782, 1817561607, 34613621, 1456677611, 1851471859, 1439181436, 1298037209, 436487129, 400876320, 1379931671, 30212221, 1332561711, 1461637594, 1450889933, 1442226465, 1341359810, 36921285, 1810797224, 1838081036, 484058025, 1827817908, 1404710756, 1830799856, 418602464, 1369701289, 1495837921, 1428549018, 1489232043, 442853877, 1325896942, 437859809, 1431769411, 30394495, 1442681212, 461124153, 23666785, 423227295, 506726178, 436487118, 557583842, 433018366, 545947135, 32102752, 405599648, 509728140, 26487545, 409931573, 1384492900, 507585218, 420513450, 1343458283, 29497338, 5067882, 1329122075, 518904426, 1480204501, 35497894, 527824482, 512358366, 439121233, 30474763, 417859039, 520928254, 506196018, 543710904, 479422643, 1321385655, 482999243, 1313107065, 429089881, 1356668706, 1344644402, 522444650, 504265014, 420513452, 493646263, 415063320, 1377466954, 36307046, 509726712, 447281375, 414980218, 28612173, 479938197, 1384450197, 411500695, 572763271, 31808749, 521416693, 1401863952, 1381706037, 29910080, 529391087, 1364333108, 470547658, 1306497271, 31918993, 463159617, 501220770, 515454649, 534228257, 1301572562, 1392030602, 439037024, 415793155, 1444426834, 1296550963, 1396151812, 470573536, 521417643, 438981332, 1435317766, 31010566, 1322438280]"
8778950402,好好/儿童歌曲/推荐,好好的热门歌曲,"['儿童', '快乐', '儿童']","[1438493285, 1960847076, 1981574764, 1453911779, 1811671760, 572107325, 1957795010, 1403721420, 1977900233, 1965090322, 1965091490, 1965625579, 1359731856, 1378869403, 1379411009, 1316851333, 1965091003, 1833852866, 1433723663, 1824478565, 569876017, 2016385419, 1450716641, 1364342729, 1974655757, 1400406887, 1981578626, 558385435, 1982667078, 1376832813, 1987224773, 1409289197, 1824478508, 1974657917, 1971056505, 2006761133, 1405333563, 1397640229, 1965090876, 2048286578, 1951461806, 1986516565, 2032522242, 1336955709, 1954522199, 1414289151, 1954942823, 1374043575, 1840449901, 2072199035, 1406616285, 1334270934, 2081484974, 1364409068, 1927100474]"
4922472072,儿童胎教音乐,儿童胎教音乐儿童胎教音乐儿童胎教音乐儿童胎教音乐儿童胎教音乐儿童胎教音乐儿童胎教音乐儿童胎教音乐儿童胎教音乐儿童胎教音乐儿童胎教音乐儿童胎教音乐儿童胎教音乐儿童胎教音乐儿童胎教音乐儿童胎教音乐儿童胎教音乐儿童胎教音乐儿童胎教音乐儿童胎教音乐儿童胎教音乐儿童胎教音乐儿童胎教音乐儿童胎教音乐儿童胎教音乐儿童胎教音乐儿童胎教音乐儿童胎教音乐儿童胎教音乐儿童胎教音乐儿童胎教音乐儿童胎教音乐儿童胎教音乐儿童胎教音乐儿童胎教音乐,"['儿童', '儿童']","[1393616085, 1929948982, 1804140810, 1917234176, 1859082512, 1500167452, 1896002380, 1859089039, 1857272901, 1392638120, 1424596480, 1462866982, 1492123591, 1483522952, 1857272902, 1310570385, 1869460273, 1822483520, 1421290123, 1818068566, 1356846507, 1297558590, 569675522, 569669346, 1441576907, 1811173423, 1859110700, 1437031801, 1477390211, 1482167547, 1495895843, 1437176781, 1469001160, 1499310595, 1302801284, 1492864083, 1811250981, 1390096510, 1406286141, 1407358975, 1836462679, 1436198182, 1811250965, 1849276971, 1304401067, 1498169320, 1411733437, 1837310015, 1441581261, 1476979161, 1444477415, 1409683468, 1437030961, 1385126375, 1463637599, 1406670485, 1495969252, 1495865235, 1495888737, 1819241978, 1430511365, 1475205370, 1495995560, 1295241798, 1449851140, 1399533571, 1388868825, 1425616139, 1338265198, 1397282357, 1442626842, 1442312258, 1444463013, 1390255360, 1439025036, 1463195660, 1468191777, 1429641890, 1425850132, 1453115316, 1429007297, 1479916547, 1456437953, 1438592165, 1480408534, 1383053757, 1371828769, 1388793526, 1382029984, 1347489382, 1411091300, 1422519270, 574945270, 1438210911, 1345948583, 1413386567, 1425515496, 1390925396, 1297894703, 1403176771, 1428568230, 1383664004, 1307040991, 1351758958, 1407866354, 1426691333, 1299709949, 1390644492, 1347297662, 1390882591, 1386080512, 1393832299, 1407977302, 1415645239, 1300423261, 1413683191, 1419131627, 1422307983, 1379728692, 1413661369, 1387811717, 1394997085, 1398426756, 1416339129, 1416382765, 1406673404, 1345368744, 1416313250, 1334329149, 1427925335, 1379294741, 1387712599, 475146872, 1425882449, 1418230430, 1391871575, 1408776075, 559899844, 1334713905, 1396654120, 1296693902, 1374426045, 1335548140, 1345950780, 1401842474, 1397096659, 1294638738, 1426421178, 1322041120, 1427900838, 1389751073, 1421991596, 1370209583, 1392834288, 1412915801]"
6635279756,【育儿知识】| 帮助孩子健康成长,宝宝成长小贴士！,"['儿童', '儿童']","[1459916986, 1459911609, 1459913337, 1459911544, 1459917117, 1459917116, 1459917936, 1459911728, 1459911595, 1459917161, 1459913390, 1459916323, 1459916257, 1459913113, 1459911645, 1459911388, 1459913491, 1459913362, 1459913361, 1459913488, 1459913365, 1459916245, 1459916875, 1459913099, 1459911753, 1459916873, 1459913293, 1459911564, 1459911361, 1459913088, 1459913287, 1459913092]"
2196486923,da mix one,LeviLeviLeviLeviLeviLeviLeviLeviLeviLeviLeviLeviLeviLeviLeviLeviLeviLeviLeviLeviLeviLeviLeviLeviLeviLeviLeviLeviLeviLeviLeviLeviLeviLeviLeviLeviLeviLeviLeviLeviLeviLeviLeviLeviLeviLeviLeviLeviLeviLeviLeviLeviLeviLeviLeviLeviLeviLeviLeviLeviLeviLeviLeviLeviLeviLeviLeviLeviLeviLeviLeviLeviLeviLeviLeviLeviLeviLeviLeviLeviLeviLeviLeviLeviLeviLeviLeviLeviLeviLeviLeviLeviLeviLeviLeviLeviLeviLeviLeviLeviLeviLeviLeviLeviLeviLeviLeviLeviLeviLeviLeviLeviLeviLeviLeviLeviLeviLeviLeviLeviLeviLeviLeviLeviLeviLeviLeviLeviLeviLeviLeviLeviLeviLeviLeviLeviLeviLeviLeviLeviLeviLeviLeviLeviLeviLeviLeviLeviLeviLeviLeviLeviLeviLeviLeviLeviLeviLeviLeviLeviLeviLeviLeviLeviLeviLeviLeviLeviLeviLeviLeviLeviLeviLeviLeviLeviLeviLeviLeviLeviLeviLeviLeviLeviLeviLeviLeviLeviLeviLeviLeviLeviLeviLeviLeviLeviLeviLeviLeviLeviLeviLeviLeviLeviLeviLeviLeviLeviLeviLeviLeviLeviLeviLeviLeviLeviLeviLeviLeviLeviLeviLeviLeviLeviLeviLeviLeviLeviLeviLeviLeviLeviLeviLeviLeviLeviLeviLeviLeviLeviLeviLeviLeviLeviLeviLeviLeviLeviLeviLevi,"['儿童', '儿童']",[]
2732884200,小学五年级下册音乐课本,"根据广东省珠海市小学五年级音乐教材收集。

因版权问题，不一定全收录。

","['校园', '儿童', '00后', '儿童']","[1457527237, 300529, 33941524, 33544466, 282002, 282129, 5271926, 5263497, 633063, 33004859, 33024004, 520566619, 33004929, 17121774, 27896196, 276898, 396876, 435289288, 5263133, 33004961]"
3053209950,小菠萝安抚睡眠曲,歌曲不多，但都是精心挑选并且对宝宝真的有安抚催眠作用的。,"['儿童', '儿童']","[578064, 1320600690, 864489526, 1351182980, 1352983800, 1805817475, 1825124545, 1393394355, 1456445892, 1393394356, 149222, 40257849, 1393394354, 1418260201, 1393394353, 1396138270, 1445342841, 556481954, 471986831, 4876216, 424496589, 1335705760, 1437160854, 424496693, 531860665, 1341852473, 1342815755, 1407096365, 1383925359, 454222589, 34892891, 441213226, 524677920, 471964457, 464094484, 542476198, 465016858, 524969672, 463906678, 468811089]"
2772142496,可爱向Vlog BGM｜ 夏季夜晚的可爱事物,"Vlog 也要有一点可爱向的BGM嘛～
毕竟我们也是可可爱爱的女孩子～","['快乐', '儿童', '校园', '儿童']","[1943071000, 1895314394, 1464149918, 31246600, 461749, 4990628, 4978801, 482636374, 1341578257, 2311214, 4946882, 492390949, 17423748, 17423745, 29583254, 17423738, 17423743, 523248476, 17423744, 462179, 17423742, 450041171, 17423747, 29087154, 17423750, 17423740, 17423737, 4990644, 4990636, 30431983]"
903525404,一位靓仔的歌单,一位靓仔的歌单,"['儿童', '儿童']","[406308124, 28838219, 1456603282, 1848351664, 1925452719, 518895995, 1405069977, 426852405, 1840502945, 1313303916, 1482494784, 422104138, 1299563516, 1831761295, 1979274315, 2031912194, 16431842, 422428548, 1311782175, 1958557540, 19292838, 344418, 1827600686, 481535277, 1809760190, 1846014476, 1900190434, 1374056689, 1350601781, 1419369467, 41643271, 518904908, 496298886, 1404715631, 1852086408, 1493083969, 1910800800, 1808065609, 1895330088, 31108467, 28341146, 1406498247, 1430319727, 1873049720, 1850240555, 1853809171, 185878, 1441542704, 1441637892, 406475394, 31789010, 461518855, 486188082, 438801672, 21151698, 453176145, 445666072]"
2920077557,【贝瓦英文儿歌】学英语要从娃娃抓起,给宝宝最好的英语体验,"['欧美', '儿童', '说唱', '儿童']","[420134925, 1493183839, 1444961259, 1319004199, 1446020184, 1367341253, 1368892220, 1377402222, 1408432700, 1454911766, 1454664439, 1338947224, 1437140564, 1304690874, 1391251513, 1380269941, 530714990, 1334329149, 1329612765, 551970086, 1446630021, 1412468947, 1344361072, 405089420, 469104548, 1444959595, 1446465608, 1334431748, 544311210, 1396101777, 29007425, 544673196, 1401687520, 1428834843, 1427574416, 1396347452, 1421434285, 559647886, 1444959593, 1364329388, 460043667, 1415767465, 1374617484, 1329734275, 1407895557, 1351936031, 1372742020, 1407895561, 1413200427, 1393579198, 1393575498, 1409247806, 1394601349, 1393575501, 1392037070, 1388528465, 1390780976, 452608821, 1373321434, 1357768669, 1378420797, 1343259183, 1382670265, 1370462487, 1367172233, 1384265008, 1384440292, 416011170, 1349213615, 1379977877, 1336871429, 567447119, 562494194, 1321382251, 438580521, 1313325999, 409031076, 561279085, 1316526753, 1371924626, 542092475, 425008183, 428642135, 41662978, 1349215186, 1298673459, 1340015126, 1373097027, 1356795124, 1367289588, 1335483321, 1318733599, 447079586, 1317089738, 500684076, 525063635, 427595614, 1340266806, 533392780, 1329908929, 550684496, 574926583, 574926602, 531777461, 1298432425]"
2333022182,宝宝巴士儿歌大全,此单只适合儿童,"['儿童', '学习', '治愈', '儿童']",[]
2772630005,宝宝中文儿歌,本来是宝宝巴士儿歌歌单，自己删减一些，又加一些，儿子哄睡必听。,"['儿童', '华语', '快乐', '儿童']","[1942878138, 1450775050, 1973377523, 408055928, 1378869403, 371362, 511773655, 556201083, 566436196, 566435164, 1870383688, 5388831, 27901422, 1417892398, 1417892375, 1485848839, 566442221, 1471026229, 524913779, 566442172, 566442208, 566442181, 566443208, 566443210, 566443168, 438900219, 400876164, 521065352, 566442216, 566435153, 352241, 566435176, 566442231, 400875143, 566435163, 566436207, 566442174, 566443219, 566435167, 29738289, 864489526, 566435186, 566435192, 863489653, 554242755, 35270898, 566442230, 33004889, 566443213, 566442175, 566443191, 28785763, 566435148, 566443167, 566443169, 566443170, 566443172, 566436218, 566436179, 566443175, 566436180, 566442176, 566442178, 566435151, 566443179, 566436185, 566436186, 566442182, 566443184, 566443185, 566443187, 566442190, 566436190, 566443189, 566442191, 566435166, 566442193, 566442194, 566436192, 566442198, 566435171, 566435172, 566443195, 566442200, 566443199, 566442202, 566442218, 566443204, 566435180, 566436198, 566436201, 566436202, 566436203, 566436209, 566436210, 566443211, 566435190, 566436213, 566442217, 566435193, 566435194, 566436214, 566436215, 566435195, 566442219, 566435196, 566443215, 566442220, 566436216, 566436217, 566443216, 566442222, 566443218, 566442223, 566435198, 566442226, 566442227, 566436221, 566436222, 566436241, 566436224, 566436226, 566443222, 566436228, 566436229, 566443224, 566443225, 566443226, 566436231, 566435204, 566436234, 566443229, 566443230]"
5334711514,哼哼啊啊啊啊啊啊啊啊,哼哼啊啊啊啊啊啊啊啊,"['学习', '儿童', '放松', '儿童']","[2001768009, 1991896407, 1991895426, 1960912412, 1991205725, 1964644297, 1497829905, 1483727714, 1924370773, 1928387052, 1816852084, 1884620802, 1859428939, 1294168477, 1317702938, 1383331631, 1383468076, 1314611302, 537035283, 1368588634, 572545990, 1341488633, 449301208, 1340686112, 574900659, 544047501, 553163802, 31191220, 40249229, 541456359, 1340075012, 31814005, 524424358, 29535429, 30706264, 1417684813, 1422226351, 510021516, 1428156992, 437753593, 1394835079, 517556427, 1409990618, 421885610, 413074398, 29777035, 423015239, 548442689, 449587296, 464955908, 1307408778, 551598390, 552050987, 556220425, 558792814, 1349023716, 560729411, 536578128, 1322080157, 548408261, 548450311, 33525582, 518088613, 445886392, 441618460, 483258619, 480046895, 541237662, 516156202, 469220150, 37239038, 435948703, 29593223, 36471573, 27890499, 29999894, 31719560, 34040984, 34468461, 33891396, 430053832, 425065639, 424495938, 421091835, 36924670, 422427950, 419373822, 423015241, 34341566, 409649752, 411988637, 34834086, 405343978, 33544914, 41602869, 34072627, 28528979, 33085845, 33497237, 41633112, 33854805, 34834178, 33937520, 32719720, 28528970, 31311765, 34468650, 32619555, 35040696, 34248230, 31311760, 34916580, 33991208, 35090742, 34324344, 34324346, 35288852, 34341062, 29593931, 29712212, 35023189, 29561454, 32102936, 32719385, 32102942, 31311762, 31446543, 34078120, 33668218, 31477136, 35288988, 33987559, 35448869, 35345840, 27896861, 28528978, 34057245, 34586061, 32364062, 34280710, 34341570, 35040854, 34999459, 35023114, 32451878, 32507592, 29593004, 33419897, 29999895, 34152162, 29393531, 33891493, 33789265, 34003088, 34144862, 33991005, 29712213, 29771783, 33668765, 32619494, 34144676, 34152005, 33497891, 32196648, 29593934, 28528981, 32507591, 33085848, 33525662, 32648716, 33365048, 32639459, 29769120, 28996850, 29771770, 30064735, 32196753, 28528968, 28445467, 29593932, 30987924, 31311764, 29357174, 29732418, 29750681, 30967650, 27906826, 29743627, 31477134, 28288417, 29792867, 28528962, 28528963, 28528964, 29764471, 30569621, 29844991, 31311763, 30798572, 520866674, 1299280383, 533204221, 1319966265, 5180953, 863203923, 1346336185, 574067722, 29280112, 1299660727, 545816751, 526077841, 544047002, 1331886122, 1318013184, 1302376715, 1389134795, 1328669712, 540631032, 1453416551, 556408455, 1306573641, 549435709, 560244686, 547096034, 862102533, 407042026, 484731532, 406821173, 477832659, 34341571, 481352206, 457553899, 457553917, 477998719, 492782886, 436667391, 36897568, 415091002, 501805781, 477832634, 413188581, 463838993, 490356155, 496985199, 467857794, 495601756, 437752326, 526363468, 41656574, 485273834, 431795056, 362304, 523652435, 527823382, 533951307, 32341354, 508062756, 495172506, 429461035, 409647737, 33668080, 475152359, 1450237051, 484563633, 16808545, 1437005997, 1338733130, 1362841807, 1333417476, 574899779, 517086870, 574461521, 407039065, 862429362, 551368753, 539913728, 414706257, 491765477, 506079995, 513644298, 483497749, 525606627, 35848647, 470973020, 442503562, 455190125, 27156831, 450692234, 528941450, 526363454, 529342561, 34003085, 430053394, 26562727, 34228115, 865702374, 406821172, 544049469, 480264180, 526698913, 477834109, 517736700, 406730447, 486723925, 34125804, 511485055, 1300029222, 521617681, 1431089276, 866102487, 1449430365]"
18444877,「上山就要做老虎」,那些男孩爱的男人爱机器机器爱法律法律是你,"['快乐', '儿童', '儿童']",[]
27851488,也许这是因为我脑中空空荡荡,,"['儿童', '儿童']",[]
493903594,中央人民广播电台少年广播合唱团,中央人民广播电台少年广播合唱团,"['清新', '儿童', '快乐', '儿童']","[29418974, 395559, 395476, 395563, 395468, 395542, 395493, 395482, 395495, 395557, 395666, 5240667, 5240723, 5286810, 395534, 395507, 571338095, 395501, 395589, 571336103, 395577, 395553, 1307370042, 395580, 395670, 1307369113, 395479, 395540, 395537, 395485, 395633, 395448, 395574, 395472, 5269749, 395583, 395460, 395456, 395516, 395613, 395625, 395627, 395658, 395571, 395491, 395464, 395489, 5240649, 5286808, 395543, 395513, 5240647, 395550, 5278078, 395586, 5240748, 395504, 395522, 395531, 5263126, 395611, 395674, 395545, 395609, 395648, 395519, 395498, 395592, 395561, 5269751, 395568, 395631, 5286812, 5263129, 395662, 395510, 395528, 571338096, 571340084, 395615, 395452, 395565, 395621, 5278091, 395525, 5286809, 395644, 5285232, 520566623]"
3029332006,幼儿园日常游戏活动音乐,幼儿老师在亲子活动的时候玩游戏背景音乐哦(´-ω-`),"['快乐', '儿童', '华语', '儿童']","[437753234, 1313648023, 400971143, 2313544, 4874555, 506092100, 34743154, 412319569, 29207817, 17423743, 421110259, 34497538, 5252495, 492145159, 5388815, 1335867093, 20953761, 33346361, 27965452, 31460297, 31246600, 33211676]"
807697933,一些狂拽酷炫屌炸天,我在成都就像秦始皇在西安~~,"['轻音乐', '安静', '儿童', '儿童']","[2096457208, 2096458228, 2061964450, 2061964448, 2061964449, 2061966698, 1942642603, 2051980983, 2025185099, 2008506250, 2055808604, 2061626302, 2060087228, 2004405836, 2004405831, 2004403911, 2004403910, 2009744753, 2036830577, 1995496604, 1970396861, 2048370958, 2048371190, 2046867332, 2048371124, 2046864387, 2050717230, 2052782758, 2024556390, 1841293351, 2034881346, 2045332344, 1913296137, 1840755117, 2036811108, 1997556000, 2028618034, 2004403909, 2022637942, 1820581474, 1999019262, 1815721702, 1963081241, 1817971997, 1963040472, 1981966695, 2024814812, 1961982263, 1961990679, 1961990684, 1961990680, 2010089421, 1822834628, 1496643716, 1805310491, 1970054679, 2002813505, 2002753297, 1987522556, 1948467227, 1840728251, 1370859061, 1859660047, 1981008515, 1982963268, 1922361937, 1995502663, 1995502665, 1964015645, 1934233831, 1970396860, 1970396862, 1970392508, 1988564487, 1969908030, 1938102763, 1953387775, 1953377618, 1409835384, 1958998132, 1963765546, 1974459985, 1913479470, 1913476587, 1913476585, 1881536229, 1965637921, 1933515094, 1947134966, 1964443044, 1971817689, 1958961025, 1958961030, 1962368710, 1962364509, 1962364507, 1962364495, 1957516205, 1957516190, 1957516188, 1949153742, 1811774593, 1950525404, 1390440146, 1956540679, 1948756996, 1948756998, 1874158536, 1942756623, 1938027692, 1841834860, 1937763074, 1929062441, 1929065858, 1929062443, 1936282940, 1926220336, 1888363877, 1806084073, 1806084967, 1497732932, 1419614965, 1924072773, 1407304934, 1430657585, 1914692581, 1462875618, 1396126033, 1907532649, 1496199618, 1876182019, 1882777096, 1853520283, 1494262584, 1472142718, 1383053757, 1495093451, 1456659704, 1855286222, 1421771168, 1437926917, 1424191469, 1876208860, 1809843323, 1815195727, 1498066118, 1876611316, 1452245488, 1448094009, 1881992362, 1840324143, 1862806601, 1885217355, 1877027200, 1806110581, 1472877722, 1409785490, 1488990357, 1826189041, 1488985556, 1894097701, 479029252, 1394994862, 1298432425, 1298432439, 428642135, 1888637738, 1387581250, 1462410538, 1340535891, 1885426450, 1875908299, 1449822900, 1484967131, 1821696547, 1475720340, 1805086465, 1368854464, 1357953381, 1872177206, 1805085468, 1461879093, 1491303510, 1444134585, 1338104073, 1840737274, 520591257, 1396141419, 1372898355, 1412759175, 1871803683, 1809667099, 1396946038, 1498184315, 1320100120, 1389013281, 1857099215, 1849059963, 1849060932, 1849059964, 1849060931, 1849059967, 1849060928, 1848201253, 1848204638, 1848204640, 1848204637, 1833633819, 1833633815, 1833633812, 1841293335, 1376125188, 1817438659, 1827059566, 1827060628, 1823029551, 1821623185, 1814766747, 1449873414, 1823305772, 1488990337, 1488990358, 1488985577, 1331064067, 1413325391, 1429588479, 1352801250, 1818845642, 1818844745, 1812394802, 1495851121, 1810577953, 1814041552, 1447966613, 1492700023, 26354166, 1454566946, 1446630021, 1480848896, 1442320451, 1487009099, 1808039988, 1808038252, 1808039981, 1808038254, 1483784265, 1307037926, 1372584200, 1446857300, 1405557607, 1457329446, 1446417233, 554245375, 1375640677, 470272542, 1311346765, 1492886323, 1493721315, 1486671421, 1486672300, 1457592679, 1375316359, 1404588153, 574088957, 1311345794, 1431111596, 1447521944, 1455101010, 1439034707, 1403359023, 1442369545, 1294041320, 1480360925, 1474621530, 1476449967, 1476449991, 1478381001, 1476455411, 1392638120, 1466346969, 1448151850, 1425225128, 1475887256, 1322261402, 1428243603, 522528606, 1458783781, 1462097900, 557433824, 1325254206, 1365095926, 1415829224, 1434293617, 1455539219, 1376512613, 1345585483, 1442892549, 1435505040, 1347300594, 1449822904, 1449821003, 1449821002, 1449822903, 1449822902, 1432778698, 1299792742, 486738526, 1361002219, 1396141673, 486739494, 1444140174, 1441233666, 1441232902, 1441233663, 1441233662, 1401816525, 1429250856, 445702397, 1431941680, 1355292203, 1426022021, 1426022020, 1426032483, 1426032472, 1415430220, 1418284153, 459880606, 1372783563, 525238797, 1352565652, 1352801249, 1411990343, 1408941731, 1408944789, 1408941729, 1408941728, 1408941727, 1408930588, 1403510842, 1402877928, 1404479816, 1396146253, 1396141662, 1401090698, 1378666938, 1389663105, 1389914672, 1379869960, 1347297663, 1339422595, 1382584335, 569550430, 439138279, 1321841207, 1329612764, 543138663, 1377519494, 1383211745, 1377519538, 1376121323, 1308810045, 1320689747, 1306322002, 1294144648, 1327057005, 505820860, 1321928886, 33894141, 1309833126, 474099732, 1362172653, 1362172651, 503127018, 462565213, 864647456, 443875069, 557581893, 1345651478, 523250478, 1308631043, 401722039, 1339066481, 551970086, 29849333, 65797, 864100958, 65812, 1327796510, 1319854361, 1315952365, 1313105189, 17314706, 1320136693, 1306497427, 29717089, 34033788, 864607934, 33469348, 1312017784, 1306498829, 1306507875, 1300594120, 486447838, 469104548, 553543166, 1296645941, 1300068248, 1406628514, 482056804, 864639840, 447079586, 416966103, 33469355, 39122683, 39122663, 481801981, 33684399, 34468008, 503932484, 65808, 542871640, 529834699, 558449431, 32431099, 460839073, 520046972, 408814261, 543988605, 509185071, 473787167, 473785561, 482699518, 509753804, 532332486, 1297127269, 429461650, 534621822, 520448416, 523251474, 522000140, 511391907, 486111543, 509888057, 515396603, 27928402, 439665556, 501467216, 28784206, 41651193, 419837239, 28977772, 456481586, 138922, 460042450, 462546500, 454887975, 451169473, 498104956, 479026574, 421137598]"
2664600663,喜羊羊与灰太狼,"
喜羊羊与灰太狼
虎虎生威
兔年顶呱呱
奇思妙想喜羊羊
开心闯龙年
喜气洋洋过蛇年
懒洋洋当大厨
飞马奇遇记
衣橱大冒险
羊年喜羊羊

听这些歌很有感触，喜羊羊不是最喜欢的，但肯定是看的最多的。小时候家里电视是用的光纤，顶天60个台。那时候早上五点起来，看看奥特曼来没，没来就继续睡觉。睡醒了奥特曼基本上就来了，看完奥特曼就去少儿频道看喜羊羊。少儿频道演完了就去浙江台。后来奥特曼几乎没有了，只有喜羊羊可以看。零几年的时候很多台都有喜羊羊，几乎一天都有喜羊羊看。看到后来最初几季都看了好几遍。现在很久没打开过电视了。","['华语', '儿童', '儿童']","[5242612, 481631990, 394990, 394987, 394992, 394999, 394995, 394997, 234951, 27906975, 234954, 27896311, 34586699, 28592869, 33207753, 33875348, 33875349, 27896714, 28605060, 28256112, 33789039, 31090135, 35090850, 28138628]"
5232663143,儿童电音｜早教专用 让孩子赢在起跑线上,电音要从娃娃抓起,"['电子', '儿童', '儿童']","[427142041, 1494957008, 28982558, 1296189977, 506095191, 1459462699, 1831544363, 1452271103, 1387591467, 1444836345, 1494327432, 1458298495, 1444836343, 1444836344, 1444837086, 1444707269, 399342348, 1444724710, 1345693263, 1443068646, 1396354057, 573683023, 1347760980, 1351303518, 1452486310, 1437932307, 452427741, 29794684, 1342741604, 437311407, 36095115, 1234174, 1234158, 1234162, 1234153, 1234148]"
2143180655,中国新声代经典,Children's songs.,"['00后', '榜单', '儿童', '儿童']","[558389793, 479959522, 28875240, 34125017, 33789166, 33955176, 28638934, 34280462, 481081474, 481083165, 481082344, 481083228, 26609385, 26584076, 28918293, 35288868, 26584286, 26584078, 28996031, 26609382, 28707593, 33789167, 33419837, 34614668, 26584336, 35288867, 26830795, 34928667, 26577328, 26584150, 34766837, 26584077, 26584154, 27534221, 26584072, 34928665, 34614666, 35288866, 34280399, 28626079, 28626076, 34280405, 28798511, 26830805, 33599463, 34766838, 27534214, 33035004, 28918295, 27534225, 28798512, 28738368, 34928666, 28707598, 35288869, 26609390, 26830799, 28953010, 28953011, 27493081, 26584293, 26609389, 28996030, 28707595, 26577325, 28850628, 28626078, 28850627, 26830801, 33789165, 26577266, 26584073, 28850629, 26609384, 28768719, 26584329, 26584283, 35288870, 28768718, 28798513, 33419832, 34280409, 34125023]"
2129920816,幼儿园早操音乐,,"['儿童', '00后', '放松', '儿童']","[27570639, 479938668, 205407, 864489522, 272783, 1368934278, 4922726, 22706994, 412319569, 264605, 26173033, 28700257, 1491112, 26222455, 28700276, 526904859, 441491829, 554191055, 28240119, 308656, 34828474, 27511129, 400876050, 864489523, 28718066, 254265, 862101001, 35307582, 551339740, 1294924781, 28912463, 26406081, 308244, 31654481, 417833539, 27571483, 376593, 5265458, 28785763, 245625, 382698, 27896154, 29567381, 26136982, 34828470, 29498161, 5388831, 236272, 27908100, 28875230, 371362]"
2917692235,A.做不到的承诺就别说,我深知人穷不恋富家女,"['儿童', '儿童']","[95396, 1473483750, 2034881346, 1886673682, 30245576, 1463362956, 1852086408, 449577226, 2005213526, 1330348068, 2026224214, 2046248816, 1387581250, 1873321491, 1933473250, 1922888354, 1456890009, 1807799505, 2012937074, 1846014476, 167770, 1374527538, 1496851462, 1806071453, 1877996649, 27588744, 515143961, 2049512697, 2048637667, 1977972537, 2040217924, 1450790873, 2011901382, 493581463, 1974443814, 2005728329, 1979417838, 1336789769, 1410647903, 1368754688, 1959667345, 2041799838, 1412514821, 865632948, 1931199686, 205342, 2038225309, 1212320, 480427115, 1413046027, 1808053614, 2010353117, 1449416890, 1924245718, 1477144603, 234064, 1373225817, 2018853500, 25642952, 504652401, 1894877949, 1939790595, 1829058962, 491943068, 1930058155, 526081111, 109998, 1876249163, 1841908846, 1878073783, 1398940916, 1920976243, 1951084010, 1937105542, 1896502024, 1373577001, 1364842276, 1451259801, 1996312116, 1911045410, 1398514581, 1896766488, 1859907075, 3305969, 1876502011, 1929494011, 1855755735, 1901838921, 1930537034, 1955309061, 27747329, 1959265874, 1998664800, 1847521457, 2918954, 1983896660, 1947948874, 1976899454, 1976755968, 1941725658, 1916602593, 1843987565, 1827006268, 192384, 1840509131, 1822360854, 1937050851, 496370620, 343557, 64317, 27646205, 1846489646, 1831569117, 1457289380, 1895330088, 1372762575, 1457707546, 108463, 1846337727, 1891469546, 1886501461, 1805317558, 1413351838, 519367069, 1861938140, 1441758494, 446627373, 1428534431, 1808078153, 37092830, 400876320, 1864686640, 33538955, 26609650, 1830744629, 1826189041, 26619228, 1387664112, 1843319489, 1806953690, 1498523311, 1838399483, 1845483499, 1398452463, 1382985712, 1817826645, 1830770286, 27928457, 1817466941, 1406642934, 25640392, 1325702742, 1457837321, 1815105886, 522631453, 1437014328, 1438805880, 1403318151, 1479526505, 1413142894, 207497, 1807537867, 570326067, 29759369, 1486518045, 565203857, 565194929, 1412022967, 1334613881, 421934255, 1377574592, 547812462, 1332573224, 1374061363, 1397701756, 1466242414, 1443000831, 1416416427, 1398451562, 1344977771, 1401433235, 1335900551, 1387615709, 562727012, 1429363574, 1443178157, 1399112265, 1385408332, 547976102, 1360892929, 1423054774, 1395852251, 27646786, 532777012, 1386685831, 1321442901, 1450084400, 1431448890, 407450223, 513077439, 65533, 1459928972, 1387183835, 1303046498, 1417143120, 1439418223, 1442508316, 28892408, 1440637161, 490595955, 25718007, 465921195, 165364, 1439870583, 1425814935, 174944, 239188, 1317326420, 1394963332, 1400453707, 569214250, 1398663411, 1407551413, 1303027163, 1424573763, 375328, 525446608, 481535277, 28341142, 558290126, 1397345903, 1385805666, 417859631, 1369303149, 421160837, 233931, 1390453532, 28018075, 571545156, 1342837974, 16232697, 1404885266, 1306507078, 26296307, 569282112, 1303019637, 1393436061, 1387178379, 1357646934, 452601948, 1405319676, 167897, 1405021279, 1400050991, 1400256289, 571338374, 1372060183, 1351112642, 1399869580, 1359568677, 1363948882, 541792027, 1371780785, 175072, 1392177987, 518096340, 1390025989, 534542208, 573583329, 1346093140, 1335350269, 1316921651, 1301212183, 1383876635, 1356350562, 1346104327, 1323106961, 1385646451, 1378945187, 1383011509, 1381236415, 108418, 346075, 1395794883, 1384570303, 1394362773, 65847, 1343756008, 30569561, 1381761374, 1321378753, 421423806, 1300994613, 28111646, 208902, 386844, 190072, 1313052971, 1318101671, 1338785762, 1330938221, 163123, 350616, 1325484613, 1344897943, 1356499052, 1376142151, 1336882154, 1331835608, 1334327077, 38576323, 28095355, 1381755293, 31473269, 487885426, 347230, 516728102, 191254, 1297750769, 1370047789, 256081, 26524402, 1325896149, 1360587311, 1313354324, 461519272, 863489830, 486814412, 497527639, 27678655, 1293886117, 571338279, 554242032, 1341964346, 481519556, 1345848098, 534542079, 1338146682, 1348548292, 1342743664, 494645466, 554241732, 165237, 1301573591, 108251, 36270426, 165361, 402073082]"
388939115,绝对熟悉的儿歌，返老还童了,听着听着，就回去了，毕竟还等着过六一呢,"['怀旧', '快乐', '儿童', '儿童']","[359415, 33004975, 4917284, 230140, 5240760, 5242631, 5242612, 5242625, 230466, 29819850, 27901231, 28308276, 456396, 395559, 33004804, 395476, 395464, 395498, 5269741, 5242638, 395606, 290549, 5242635, 395611, 5262984, 395574, 5278076, 90907, 4877777, 25893916, 28029828, 30352948, 28188452, 27906147, 199768, 29418974, 27571930, 199766, 29822085, 34280143, 233293, 5269738, 5269694, 5263408, 5269742, 5269743, 27901416, 395460]"
3125519670,azaplik gittar nahxisi ,,"['儿童', '浪漫', '学习', '儿童']","[2070136884, 1819624681, 458238990, 1330480428, 1903206657, 2008692627, 1950054225, 1919905688, 1898649088, 1926907287, 1918074828, 1887059821, 1886478504, 1994519806, 1889051090, 407761831, 1428835900, 1386737507, 1450916929, 1426919915, 1496880298, 1808318929, 1857387222, 1913110224, 1816505936, 1473654926, 1425322840, 1425069401, 1497517386, 1369205428, 1448694009, 1421614152, 1411750399, 1411193668, 1465389844, 1473039465, 1807099278, 1497439927, 1840491201, 484311380, 1465093749, 1472524398, 477973876, 1470512495, 1328228710, 1462354380, 1806067833, 469699615, 1877420735, 1455242257, 1830753927, 1452092938, 1476951947, 1835050657, 1469413702, 1811420280, 1867318855, 1467575354, 1810331458, 1460892887, 1497422214, 1455221032, 1472977453, 1829888319, 1373884497, 1436332525, 1381806529, 1824269132, 1466267157, 1810331461, 1466157790, 1809160885, 1809319172, 1467751857, 1500769637, 1805586472, 1807340175, 1445764615, 1468206188, 1433285917, 1430048088, 1403396079, 1468259237, 1360416412, 1345253284, 1482489366, 1429434394, 1333658294, 1390637469, 36894605, 1467249297, 1298114347, 505196135, 30871501, 34376656, 1309961876, 420401005, 1411636892, 1411382312, 1432772392, 1433653622, 1427084775, 1456188156, 1452284568, 552334473, 534540288, 1310244823, 412175621, 1452798123, 1316608750, 1464747657, 1429908263, 1463996481, 1353753337, 535008911, 1302642277, 535007675, 31545919, 556249648, 502348751, 1373344129, 1312873511, 30814365, 460323131, 436675500, 436675499, 539477426, 467952097, 447613002, 460298336, 541572346, 37764408, 439138687, 550336649, 36150567, 1395424156, 862437284, 1390255814, 1332964927, 1378886877, 438904573, 1406277357, 459036476, 1335707621, 550469043, 436667552, 1395827533, 1343331598, 1347461855, 1344425034, 1350595452, 1352288073, 1369636446, 863603023, 557391968, 1334247858, 557689674, 1345544684, 1385947385, 408943482, 416966387, 467952098, 423058837, 460323134, 439665872, 515834563, 1401300777, 1388028371, 1394817677, 416890539, 447076485, 1343870392, 1411382612, 426343067, 426343137, 426342162, 1362214737, 408943485, 1295045049, 1385651070, 416890538, 416890537, 1342407284, 423058187, 1300539831, 460323158, 518771059, 550855474, 864952121, 36586914, 556575837, 546760665, 36080060, 423776907, 1329125392, 535194146, 423776902, 1304640832, 535012096, 519253893, 467953063, 1323415768, 1355981789, 416890541, 495872755, 418990052, 1310799928, 413829812]"
752078000,CCTV少儿频道,,"['华语', '经典', '儿童', '儿童']","[34341458, 32737581, 394999, 34766835, 27946204, 448722019, 28605060, 27896762, 548252595, 536097181, 399410536, 449818326, 34586699, 234951, 28592869, 458270054, 29828322, 33525665, 557581463, 245889, 35448126, 27896740, 27907987, 29343690, 364194, 4872576, 27890968, 27904199, 412187245, 130102, 27901840, 34766647, 238963, 27896749, 27896282, 27896283, 28315002, 27901839, 30070949, 27901956, 27896752, 27928146, 27928644, 473850008, 191819, 34880636, 31967083, 30431278, 5265523, 28700552, 86367, 86360, 86363, 18928244, 1323302825, 29544002, 33252244, 186269, 27896701, 27901231, 321891, 469744897, 27904321, 419485686, 34899703, 27907768, 27901803, 27901740, 33414660, 34999295, 144187, 35726206, 27896711, 432511763, 27890956, 1334112562, 35726221, 33887429, 28267552, 543798542, 27896658, 480768731, 394992, 27907340, 391613, 29822127, 32737993, 28732340, 27906147, 29593103, 27896751, 31209075, 27907840, 27927944, 28629038, 28378263, 29722587, 27896229, 27896699, 27908107, 394987, 27901099, 27896702, 31365604, 31838335, 25962464, 34766643, 27890995, 29848692, 5278076, 34364152, 33894404, 27927843, 27901808, 407459316, 22728540, 28768484, 31273716, 199766, 29418974, 155438, 29378963, 5263405, 31645206, 28953443, 29850050, 237475, 33419110, 34999296, 27946216, 106370, 286071, 108428, 27896308, 27908110, 4940920, 27937879, 29498099, 27896652, 5263407, 5269345, 28854813, 27907902, 26619167, 37095476, 29848698, 125857, 33314071, 27896028, 31835410, 34033489, 297791, 28613215, 29593117, 29748124, 30953301, 28953445, 27901967, 27928321, 254322, 27907726, 415085923, 1992741, 29810089, 4877778, 4873065, 352521, 28785328, 27896321, 30089042, 27901962, 5263384, 34324641, 192975, 29848668, 29810086, 330498, 33937312, 32272840, 32737977, 27927305, 27907904, 28267530, 31260038, 28267531, 424477214, 28708806, 29844877, 27896483, 368720, 443899, 33987470, 27907298, 4873075, 27901942, 34280143, 4876706, 5270582, 29572936, 368825, 33872921, 92973, 5263391, 32408842, 32835566, 412175215, 541131, 412175242, 620282, 29775527, 412187236, 28285786, 412175261, 412175256, 412175241, 412187202, 412175221, 412175216, 412187249, 412187227, 27906425, 31245522, 412187230, 29848686, 30352949, 214389, 27927407, 30352948, 29810088, 34923234, 5057950, 29848568, 29848665, 25962447, 29764382, 29829718, 28953453, 29848543, 33705391, 27927234, 27927750, 5263387, 27901836, 28953457, 27907778, 32019269, 33705392, 28593261, 28831001, 315065, 394062, 29999531, 30070925, 27571930, 28920001, 30830473, 29848687, 28613195, 28798506, 28850409, 106369, 27927195, 27901781, 27890969, 90907, 4877785, 4877777, 28959119, 5270559, 29463612, 29829730, 32451409, 27901256, 29822071, 27896347, 106368, 28138430, 27907849, 32102823, 4998139, 27927658, 4877780, 28762578, 30070951, 29848671, 28920002, 4876675, 27927107, 27906186, 30039393, 29822086, 4877779, 130126, 28959135, 394064, 27927965, 28188450, 395571, 29848583, 29829717, 28190463, 30070948, 28528934, 32737976, 29848584, 28409805, 28850410, 29848703, 394634, 27901548, 395574, 4990422, 422960100, 5242640, 26129512, 29822084, 30070950, 30070924, 325040, 394637, 167833, 27927966, 68622, 33359002, 31563918, 4873072, 27896941, 27901832, 30830982, 30870988, 27901669, 27904124, 32639017, 28188420, 4989687, 27570832, 28695638, 27901951, 28152182, 255184, 26082104, 28762386, 28285777, 555959, 29829731, 5263408, 27906420, 199768, 28029828, 29819850, 29848624, 395583, 412175260, 19207074, 5242612, 394990, 27901235, 29816860, 28188452, 28953442, 5263409, 252171, 27946215, 29562241, 29562240, 29822085, 29822059, 29829703, 27901933, 27946143, 33187450, 33187451, 27908022, 29023521, 29023594, 29822196, 33737425, 27946524, 5251825]"
