153607696,【百首中外小提琴名曲】古典乐之美,众所周知，小提琴曲是很多，但是其中良曲又有多少?本歌单收录了许多小提琴名曲，作为考级或鉴赏专用。如有不足或其他相关意见请大家明确指出，希望大家能支持本歌单，谢谢！,"['放松', '器乐', '古典', '古典']","[148283, 435004382, 1220372, 1654652, 34516402, 122672, 22571293, 2583454, 34516403, 25480736, 2852194, 1602759, 25295034, 26012624, 28814210, 1145401, 1602833, 5105945, 22209126, 33739974, 25234217, 34516400, 34516409, 20958791, 122631, 419485740, 22538950, 22538951, 22538952, 22538953, 22538954, 22538956, 2852200, 1604728, 2852217, 26020723, 26020718, 16409470, 19675021, 2123602, 25954832, 1990476, 22533203, 27256835, 25439373, 27812401, 25830161, 26974138, 320590, 5105992, 1461574, 5105975, 5105949, 5105950, 35566763, 122682, 25954841, 5189655, 20768920, 4462879, 25813885, 5160803, 27256783, 5105895, 28357886, 130845, 5105982, 130723, 130818, 130848, 122644, 122652, 5105903, 5168415, 25954642, 5271047, 2529459, 5105917, 1604782, 122440, 30051164, 5236470, 5236466, 201857, 1604800, 25953921, 5241803, 122676, 122454, 173480, 201849, 25726253, 25726249, 5241597, 28908896]"
8812363152,古典音乐“浪漫主义”时期重要作品,从神的启示到人类内心情感的迸发，那是神赋予的能力帮助人类跨越认知的维度，以音乐之名去构建连接宇宙的灵魂属性！,"['欧美', '古典', '感动', '古典']","[1400389597, 1213304, 25893003, 1458729, 25731277, 31062491, 1901134547, 569089319, 5160794, 1482129315, 1480560252, 561839567, 1985650121, 5168414, 5160797, 1434268573, 1803538084, 1807783050, 1940259705, 458043542, 1060910, 1060914, 2031097661, 1864274620, 2031096922, 1864274611, 1946207143, 1990109104, 464740784, 543640181, 25731592, 1939457622, 25731583, 1934002719, 526824862, 531921647, 405240251, 26090121, 1858810738, 25730371, 560261417]"
8552779832,缅怀｜米兰·昆德拉：我们都不擅长告别,"“这是一个流行离开的世界，但是我们不擅长告别”

米兰·昆德拉从小就跟着父亲学钢琴，作曲。对音乐的热爱，即便是在选择哲学以及电影专业之后，他仍然坚持弹弹琴、写写曲。他的小说也常常提到贝多芬、肖邦、莫扎特、勋伯格、斯特拉文斯基等大师的音乐。

本歌单精心整理了米兰·昆德拉的代表作《不能承受的生命之轻》《生活在别处》《笑忘书》《不朽》等作品中提及的古典乐供大家收听，其中包含了巴赫《平均律钢琴曲集》《《哥德堡变奏曲》《大提琴无伴奏组曲》、贝多芬《第三交响曲“英雄”》《第五交响曲“命运”》《第九交响曲“合唱”》《月光奏鸣曲》、肖斯塔科维奇《第五交响曲》、肖邦《E小调夜曲》《降E大调夜曲》、莫扎特《魔笛》《安魂曲》、柴可夫斯基《四季》、舒伯特《冬之旅》《钢琴三重奏》、舒曼《童年情景》、拉赫玛尼诺夫《第二钢琴协奏曲》等80首乐曲。

一起在音乐的世界中缅怀这位伟大的作家。","['思念', '古典', '古典']","[1778976, 1778978, 1778979, 1778981, 1778986, 1458709, 1458719, 1458729, 27708281, 27708293, 27708294, 1697643, 3541224, 3541226, 3541228, 22006383, 22006391, 22006389, 22006395, 22000530, 22000525, 1060967, 1060910, 1060914, 1060930, 27466126, 27466128, 561098558, 1458837, 1458852, 1458867, 1486033102, 18001009, 18001012, 18001032, 18001040, 489587558, 489587548, 489587529, 489587526, 489587487, 489587475, 22631509, 22631512, 22631524, 22631528, 28838013, 28838016, 28838017, 28838019, 27439773, 27439776, 1818144401, 1818144403, 1818143620, 472831232, 472831233, 472831234, 1458599, 1458602, 1458607, 1458611, 1213304, 1213305, 1213306, 1213307, 1213308, 1213309, 1213310, 1213312, 405277189, 405277190, 405277191, 405277192, 405277193, 405277194, 405277195, 408332027, 408332026, 28631313]"
5383283950,贝多芬 悲怆奏鸣曲 合集,贝多芬第八钢琴奏鸣曲 op.18,"['古典', '钢琴', '古典']","[20675013, 20675014, 20675015, 22535708, 22535709, 22535710, 22484560, 22484561, 22484562, 22486793, 22486794, 22486795, 22328656, 22328657, 22328658, 22374422, 22374423, 22374424, 1068241, 1068244, 1068247, 22468604, 22468605, 22468606, 5173294, 5173295, 5173296, 1004652, 1004656, 1004659, 1926582, 1926586, 1926590, 17999948, 17999949, 17999950, 25640731, 25640733, 25640735, 25842626, 25842619, 25842623, 26783700, 26783701, 26783702, 25729687, 25729694, 25729684]"
4251751,舒伯特名作：钢琴作品,A大调奏鸣曲 / 降E大调即兴曲 /《流浪者幻想曲》/《音乐的瞬间》,"['古典', '钢琴', '古典']","[16263130, 16263131, 16263132, 16263133, 16254440, 16254441, 16254442, 16254443, 16254444, 16254445, 16254446, 16254447, 21683612, 21683613, 21683614, 21683615, 16254452, 16254453, 16254454, 16254455, 16254456, 16254457]"
4901680444,李斯特—匈牙利狂想曲全集,《匈牙利狂想曲》（匈牙利语：Hungarian Rhapsody）是一组由弗兰兹·李斯特所写的钢琴曲目。全组19首曲目都是以当时匈牙利民歌音调为主题，并于1846-1853年、1882年以及1885年期间所编写。其中第2、5、6、9、12及14首其后由奥地利音乐家法兰兹·达普勒(Franz Doppler)改编以交响乐方式来演奏。,"['古典', '钢琴', '古典']","[29087743, 29087744, 29087745, 29087746, 29087747, 29087748, 29087749, 29087750, 29087751, 29087752, 29087753, 29087754, 29087755, 29087756, 29087757, 29087758, 29087759, 29087760, 29087761]"
1989081833,在一个雨天逛美术馆,自己看展的时候听的，古典纯音乐为主，节奏大多舒缓宁静。也适用于睡前阅读、学习时。,"['古典', '夜晚', '学习', '古典']","[1991449178, 1378720, 1300743430, 19934751, 19934752, 19934753, 19934754, 19934755, 19934756, 19934757, 19934758, 19934759, 19934760, 19934761, 19934762, 1116723, 1282178, 1312730, 1997726502, 1997727814, 553946777, 553947022, 553946778, 553946779, 553947024, 553946780, 553947025, 553947026, 553946782, 553947023, 1847916157, 470736155, 553946781, 470736153, 470759019, 438431080, 1341328661, 1361298619, 1361299492, 1361298659, 1361299493, 1361298563, 1361298550, 1361299513, 1361298598, 1361298589, 1361298597, 1361298622, 1361298647, 1361298661, 1361298584, 1361299515, 1361298689, 1361299647, 1361299629, 1361298711, 1361298714, 472807332, 578070, 578072, 578074, 578075, 578076, 578077, 578080, 578083, 578087, 578090, 578050, 578052, 578053, 578054, 578055, 578056, 578058, 578060, 578062, 578064, 540531, 1295212133, 1220550, 1116693, 1876200156, 667066, 667069, 667072, 667074, 667077, 667080, 667085, 667086, 667087, 667088, 667090, 667092, 667096, 667103, 667107, 667110, 667113, 667115, 667117, 667118, 667120, 667122, 667124, 667128, 667134, 667139, 667144, 667148, 667152, 667158, 667160, 667166, 667170, 667174, 667177, 667179, 667184, 667185, 667188, 667194, 667197, 667201, 667204, 667208, 667210, 667213, 667216, 1860315630, 26935407, 865260598, 22712636, 29414795, 667162, 22712639, 22712630, 28744808, 28411782, 536612221, 341997, 341999, 342001, 342002, 342003, 342004, 342005, 342006, 342007, 342008, 342009, 342010, 342011, 342012, 342013, 342014, 342015, 342016, 342017, 342018, 342019, 342020, 342021, 342022, 342023, 342024, 342025, 342026, 342027, 342028, 342029, 342030, 342031, 342032, 342033, 342034, 342035, 342036, 342037, 342038, 342039, 342040, 342041, 342042, 342043, 342044, 342045, 342046, 1919749, 26135458, 1399142, 27567993, 436501185, 22533202, 22533204, 22533205, 22533206, 22533207, 22533208, 22533209, 22533210, 22533211, 22533212, 22533213, 22533214, 22533215, 22533216, 22533217, 22533203, 1091846, 82149, 533072727, 533072734, 1060959, 484745837, 20113380, 18219968, 648431, 5198909, 1060928, 18219970, 586344, 268896, 29544057, 29544056, 29544058, 29544059, 29544061, 29544060, 29544062, 29544063, 29544064, 29544065, 29544067, 29544068, 29544069, 29544071, 29544072, 29544073, 29544074, 29544075, 29544076, 29544077, 29544078, 29544079, 29544080, 29544081, 29544082, 29544084, 29544085, 29544086, 29544087, 29544089, 29544088, 29544090, 29544091, 29544092, 29544093, 29544094, 29544095, 29544096, 29544097, 29544055, 1217974, 1494147009, 1478535292, 1478535290, 1478535289, 1469750399, 1771731, 464925729, 465381477, 865268121, 865269084, 865269082, 865268124, 865269083, 865269085, 865269086, 865268125, 865269087, 865268126, 865268127, 865268122, 82217, 533072732, 533072730, 533072726, 1643373, 1643368, 401250821, 5165027, 667142, 564680406, 1415428, 1415430, 1415432, 1415433, 1415435, 1415437, 1415439, 1415441, 1415443, 1415445, 1415447, 1415449, 1415451, 1415453, 1415455, 1415457, 1415459, 1415461, 1415464, 1415467, 1415470, 1415473, 1282170, 1779274, 1337135204, 554362111, 22361670, 27708281, 27708282, 27708283, 27708284, 27708285, 27708286, 27708287, 27708288, 27708289, 27708291, 27708292, 27708293, 27708294, 27708296, 27708299, 27708298, 27708295, 29844130, 5111400, 27200546, 39324872, 16314603, 16314601, 26883019, 5164971, 5168403, 667140, 667138, 667131, 5165005, 82392, 26928685, 82458, 33480326, 5164972, 1938623, 82130, 4450822, 29844122, 1060910, 4450803, 5165017, 26160791, 116858, 116866, 116882, 116886, 116892, 116906, 116931, 31721288, 27708297, 5164981, 1779030, 439365, 2583454, 865268123, 19114441, 82204, 534066204, 1426246712, 533072724, 27650572, 29544070, 16405809, 2865845, 1494389, 1771745, 31680862, 1282146, 26799504, 5189172, 414718, 667083, 32695695, 36226132, 483234914, 1376490, 22501584, 27553465, 22006156, 27210656, 2583489, 5168386, 22361635, 25200315, 1336510669, 28631312, 22361668, 5276799, 22000530, 27708290, 545200801, 1585531, 5111398, 29803865, 2879420, 667181, 2305182, 5111393, 534044345, 1415529, 555637768, 464828321, 4450865, 402001919, 16314602, 16314604, 16314605, 465857836, 28551644, 5164951, 399368092, 667156, 5173151, 16882636, 28872281, 5168416, 122631, 5173135, 1715939, 516662324, 1415434, 22512110, 22311524, 1294322, 22006160, 402041867, 448157182, 448157197, 5027088, 25200345, 25295058, 22226932, 29415911, 116879, 482823]"
94560016,『全版本收录中』拉赫玛尼诺夫第二钢协,"全曲共分三个乐章：
第一乐章 中板，c小调，2/2拍子，奏鸣曲形式。 引子部分，主奏钢琴弹出八小节像是钟声一样灰暗而沉重的和弦。 之后， 出现管弦乐的充满力量富有无限张力的 c小调 第一主题（片段1），这是对美好的向往，是对苦难的怨诉，更是对当时俄国社会的抨击。 在中提琴的引导之下， 出现了由钢琴主奏的 降E大调 第二主题（片段2），这一主题气息宽广，热情丰沛，被认为是“最有拉赫玛尼诺夫特色”的旋律之一。短暂的华彩后管弦乐将乐曲引入发展部，发展部主题在管弦乐和钢琴之间此起彼伏，最终进入第一乐章高潮，忧郁沉重的第一主题变为激昂的进行曲，然后钢琴独自再现主部主题，单簧管奏出第二主题，这时的第二主题灰暗而忧郁，随着钢琴的带动渐渐消沉，发展部主题缓缓地奏出，最终钢琴和乐队合奏，强有力的结束。
第二乐章 稍慢的柔板，E大调，4/4拍或3/2拍，肃穆而舒缓的三部曲式。主部主题是从第一乐章抒情的副部主题派生而来，带有沉思的乐念，富有幻想、希望和生活的快乐，甜美而伤感的主题在弦乐、单簧管、钢琴不同声部依次出现，弥漫着浓郁的俄罗斯风格。中段，钢琴突然活跃起来，在各种调性上作变化，与主部主题形成鲜明的对比（片段3），速度渐渐越来越快，最后发展为华丽的颤音。弦乐发出强奏，钢琴由华彩渐渐熄灭，再现第一主题。终结部，弦乐优美的旋律，钢琴自由而快乐的和弦、柔美而饱满的波音，这是整首协奏曲最美的地方。
第三乐章 诙谐的快板， C小调转C大调，2/2拍子，近乎于回旋曲。乐队奏出引子，钢琴暴风雨般奏出近似刮奏的华彩，雄赳赳地奏出激昂的第一主题，主题充分地发展。双簧管和中提琴以钢琴作为引导，绵绵地唱出了降B大调第二主题（片段4），宽广如歌，抒情地在琴键中流淌，与第一个主题形成了明显对比。最后是过渡段，钢琴奏出阴暗的三连音，接着第一主题再现，较前更为激昂、强烈，然后是以第一主题为主旋律的“急板”插段，接着乐队达到最高点。第二主题在降D大调上再现，接着再一次出现阴暗的过渡段。第一主题在钢琴的衔接下由管乐奏出，最终，钢琴带领乐队一跃而起，第二主题在C大调上奏出，汇成了一首激情澎湃的宏伟赞歌。 乐章结尾，速度逐渐加快，钢琴强奏装饰乐队，最后在钢琴与全乐队合奏的最高潮中结束全曲。","['古典', '钢琴', '器乐', '古典']","[3541224, 3541226, 3541228, 454595658, 454595659, 454595660, 473101073, 473101074, 473101075, 30590064, 30590065, 30590066, 30569698, 30569699, 30569700, 403869398, 403869399, 403869400, 25730582, 25730584, 411494412, 411494413, 411494414, 32714235, 32714236, 32714234, 26183446, 26183448, 26183450, 22549693, 22549694, 22549695, 26783873, 26783872, 26783871, 25730273, 25730275, 25730272, 28744625, 28744633, 28744644, 304747, 304748, 304749, 2077651, 2077653, 2077655, 115138, 115142, 115146, 25901083, 25901080, 25901082, 1590578, 1590580, 1590582, 5165307, 25730581, 25861071, 1343100]"
26163861,Decca 终极系列（古典）,一单在手，别无所求。已含：《柴可夫斯基》《拉赫玛尼诺夫》《门德尔松》《维瓦尔第》《柏辽兹》《勃拉姆斯》《肖邦》《舒伯特》《亨德尔》《贝多芬》《海顿》《莫扎特》《巴赫》,"['古典', '工作', '放松', '古典']","[25230048, 25230049, 25230050, 25230051, 25230052, 25230053, 25230061, 25230062, 25230063, 25230064, 25230065, 25230066, 25230067, 25230068, 25230069, 25230070, 25230071, 25230072, 25230073, 25230074, 25230075, 25230076, 25230077, 25230078, 25230079, 25230080, 25230081, 25230082, 25230083, 25230084, 25230085, 25230086, 25230087, 25230088, 25230089, 25230090, 25230091, 5165300, 5165301, 5165302, 5165303, 5165304, 5165305, 5165306, 5165307, 5165308, 5165309, 5165310, 5165311, 5165312, 5165313, 5165314, 5165315, 5165316, 5165317, 5165318, 5165319, 5165320, 5165321, 5165322, 5165323, 5165324, 5165325, 5165326, 5165327, 5165328, 5165329, 5165330, 5165331, 5165332, 5165333, 5165334, 5165335, 5165336, 5165337, 5165338, 5165339, 5165340, 5165341, 5165342, 5165343, 5165344, 5165345, 5165346, 5165347, 28908888, 28908889, 28908890, 28908891, 28908892, 28908893, 28908894, 28908895, 28908896, 28908897, 28908898, 28908899, 28908900, 28908901, 28908902, 28908903, 28908904, 28908905, 28908906, 28908907, 28908908, 28908909, 28908910, 28908911, 28908912, 28908913, 28908914, 28908915, 28908916, 28908917, 28908918, 28908919, 28908920, 28908921, 28908922, 28908923, 28908924, 28908925, 28908926, 28908927, 28908928, 28908929, 28908930, 28908931, 28908932, 28908933, 28908934, 28908935, 28908936, 28908937, 28908938, 28908939, 28908940, 5165359, 5165360, 5165361, 5165362, 5165363, 5165364, 5165365, 5165366, 5165367, 5165368, 5165369, 5165370, 5165371, 5165372, 5165373, 5165374, 5165375, 5165376, 5165377, 5165378, 5165379, 5165380, 5165381, 5165382, 5165383, 5165384, 5165385, 5165386, 5165387, 5165388, 5165389, 5165390, 5165391, 5165392, 5165393, 5165394, 5165395, 5165396, 5165397, 5165398, 5165399, 5165400, 5165401, 5165402, 5165403, 5165404, 5165405, 5165406, 5165407, 5165408, 5165409, 5165410, 5165411, 5165412, 5165413, 5165414, 5165415, 5165416, 5165417, 5165418, 5165419, 5165420, 5165421, 5165422, 5165423, 5165424, 5165425, 5165426, 5165427, 5165428, 5165429, 5165430, 5165431, 5165432, 5165433, 5165434, 5165435, 5165436, 5165437, 5165438, 5165439, 5120195, 5120196, 5120197, 5120198, 5120199, 5120200, 5120201, 5120202, 5120203, 5120204, 5120205, 5120206, 5120207, 5120208, 5120209, 5120210, 5120211, 5120212, 5120213, 5120214, 5120215, 5120216, 5120217, 5120218, 5120219, 5120220, 5120221, 5120222, 5120223, 5120224, 5120225, 5120226, 5120227, 5120228, 5120229, 5120230, 5120231, 5137163, 5137164, 5137165, 5137166, 5137167, 5137168, 5137169, 5137170, 5137171, 5137172, 5137173, 5137174, 5137175, 5137176, 5137177, 5137178, 5137179, 5137180, 5137181, 5137182, 5137183, 5137184, 5137185, 5137186, 5137187, 5137188, 5137189, 5137190, 5137191, 5137192, 5137193, 5137194, 5173074, 5173075, 5173076, 5173077, 5173078, 5173079, 5173080, 5173081, 5173082, 5173083, 5173084, 5173085, 5173086, 5173087, 5173088, 5173089, 5173090, 5173091, 5173092, 5173093, 5173094, 5173095, 5173096, 5173097, 5173098, 5173099, 5173100, 5173101, 5173102, 5173103, 5173104, 5173105, 5173106, 5173107, 5173108, 5173109, 5173110, 5173111, 5173112, 5173113, 5173114, 5173115, 5173116, 5173117, 5173118, 5173119, 5173120, 5173121, 5173122, 5173123, 5173124, 5173125, 5173126, 5173127, 5173128, 5173129, 5173130, 5173131, 5173132, 5173133, 5173134, 5173135, 5173136, 5173137, 5173138, 5173139, 5173140, 5173141, 5173142, 5173143, 5173144, 5173145, 5173146, 5173147, 5173148, 5173149, 5173150, 5173151, 5173152, 5173153, 25200307, 25200308, 25200309, 25200310, 25200311, 25200312, 25200313, 25200314, 25200315, 25200316, 25200317, 25200318, 25200319, 25200320, 25200321, 25200322, 25200323, 25200324, 25200325, 25200326, 25200327, 25200328, 25200329, 25200330, 25200331, 25200332, 25200333, 25200334, 25200335, 25200336, 25200337, 25200338, 25200339, 25200340, 25200341, 25200342, 25200343, 25200344, 25200345, 25200346, 25200347, 25200348, 25200349, 25200350, 25200351, 25200352, 25200353, 5167831, 5167832, 5167833, 5167834, 5167835, 5167836, 5167837, 5167838, 5167839, 5167840, 5167841, 5167842, 5167843, 5167844, 5167845, 5167846, 5167847, 5167848, 5167849, 5167850, 5167851, 5167852, 5167853, 5167854, 5167855, 5167856, 5167857, 5167858, 5167859, 5167860, 5167861, 5167862, 5167863, 5167864, 5167865, 5167866, 5167867, 5167868, 5167869, 5167870, 5167871, 5167872, 5167873, 5167874, 5167875, 5167876, 5167877, 5167878, 5167879, 5167880, 5167881, 5167882, 5167883, 5167884, 5167885, 5167886, 5167887, 5167888, 5167889, 5167890, 5167891, 5167892, 5167893, 5167894, 5167895, 5167896, 5167897, 5167898, 5167899, 5167900, 5167901, 5167902, 5167903, 5167904, 5167905, 5167906, 5167907, 5167908, 5167909, 5167910, 5167911, 5167912, 5167913, 5167914, 5167915, 5167916, 5167917, 5167918, 5167919, 5167920, 5167921, 5167922, 5167923, 5167924, 5167925, 5167926, 5167927, 5167928, 5167929, 5167930, 5167931, 5167932, 5167933, 5167934, 5173270, 5173271, 5173272, 5173273, 5173274, 5173275, 5173276, 5173277, 5173278, 5173279, 5173280, 5173281, 5173282, 5173283, 5173284, 5173285, 5173286, 5173287, 5173288, 5173289, 5173290, 5173291, 5173292, 5173293, 5173294, 5173295, 5173296, 5173297, 5173298, 5173299, 5173300, 5173301, 5173302, 28814177, 28814178, 28814179, 28814180, 28814181, 28814182, 28814183, 28814184, 28814185, 28814186, 28814187, 28814188, 28814189, 28814190, 28814191, 28814192, 28814193, 28814194, 28814195, 28814196, 28814197, 28814198, 28814199, 28814200, 28814201, 28814202, 28814203, 28814204, 28814205, 28814206, 28814207, 28814208, 28814209, 28814210, 28814211, 28814212, 28814213, 28814214, 28814215, 28814216, 28814217, 28814218, 28814219, 28814220, 28814221, 28814222, 28814223, 28814224, 28814225, 28814226, 28814227, 28814228, 28814229, 28814230, 28814231, 28814232, 28814233, 25294987, 25294988, 25294989, 25294990, 25294991, 25294992, 25294993, 25294994, 25294995, 25294996, 25294997, 25294998, 25294999, 25295000, 25295001, 25295004, 25295007, 25295010, 25295013, 25295016, 25295019, 25295022, 25295025, 25295028, 25295031, 25295034, 25295037, 25295040, 25295043, 25295046, 25295049, 25295052, 25295055, 25295058, 25295060, 25295063, 25295066, 25295069, 25295072, 25295074, 25295076, 25295079, 25295082, 25295085, 25295088, 25295091, 25295094, 25295096, 25295098, 25295101, 25295104, 25295107, 25295110, 25295113, 25295115, 25295117, 25295120, 25295123, 25295126, 25295129, 25295132, 25295134, 5165132, 5165133, 5165134, 5165135, 5165136, 5165137, 5165138, 5165139, 5165140, 5165141, 5165142, 5165143, 5165144, 5165145, 5165146, 5165147, 5165148, 5165149, 5165150, 5165151, 5165152, 5165153, 5165154, 5165155, 5165156, 5165157, 5165158, 5165159, 5165160, 5165161, 5165162, 5165163, 5165164, 5165165, 5165166, 5165167, 5165168, 5165169, 5165170, 5165171, 5165172, 5165173, 5165174, 5165175, 5165176, 5165177, 5165178, 5165179, 5165180, 5165181, 5165182, 5165183]"
5466414263,百听不厌—世界名曲联奏—英国皇家爱乐乐团,"[img id=1008437]http://img.xiami.net/images/collect_pic/12-21/1387616425_fW1o.jpg[/img] 
我们这一代在年轻时（80年代），大概都听过《百听不厌-世界名曲联奏》。世界名曲一一连在一起，让我们熟悉了许多美好的旋律。现在网上也能找到这些名曲联奏，克拉克的世界名曲联奏再次为古典音乐爱好者带来温馨的回忆。这是一辑克拉克所编排的并由他自己指挥英国皇家爱乐乐团演奏的世界名曲联奏，唯有克拉克的版本能够做到真正把旋律糅合在一起，了不起！ 
 
[b]古典音乐推荐专辑[/b] 
[url=http://www.xiami.com/collect/25785489?spm=a1z1s.6929273.1561534893.112.08vtwa]世界名曲经典50[/url]•••••••••••••[url=http://www.xiami.com/collect/27987961?spm=a1z1s.6929273.1561534893.106.wJ44Y1]第2辑[/url] 
[url=http://www.xiami.com/collect/33462497?spm=a1z1s.6929273.1561534893.112.xUsQKG]古典音乐作曲家[/url]•••••••••••••[url=http://www.xiami.com/collect/34004335?spm=a1z1s.6929273.1561534893.108.fWPucs]古典音乐指挥家[/url]••••••••••••••[url=http://www.xiami.com/collect/36553183?spm=a1z1s.6929273.1561534893.98.Cz4dfE]古典音乐管弦乐队[/url] 
[url=http://www.xiami.com/collect/31877597?spm=a1z1s.6929273.1561534893.100.kPD83o]伟大的作曲家巴赫[/url]••••••••••[url=http://www.xiami.com/collect/33696908?success=2]伟大的作曲家莫扎特[/url]••••••••[url=http://www.xiami.com/collect/34926936?spm=a1z1s.6929273.1561534893.1.jKX82X]伟大的作曲家贝多芬[/url]••••••••••••[url=http://www.xiami.com/collect/37397547?spm=a1z1s.6929273.1561534893.89.0CJMWe]伟大的作曲家柴可夫斯基[/url] 
[url=http://www.xiami.com/collect/40351656?spm=a1z1s.6929273.1561534893.7.xCNgWC]伟大的作曲家维瓦尔第[/url] 
[url=http://www.xiami.com/collect/24636118?spm=a1z1s.6929273.1561534893.124.vXXsML]传奇指挥卡拉扬[/url]•••••••••••••[url=http://www.xiami.com/collect/31856292?spm=a1z1s.6929273.1561534893.118.GHNrpE]大动作指挥小泽征尔[/url] ••••••••[url=http://www.xiami.com/collect/47746034?spm=0.0.0.0.RkMqAa]奇才指挥巴伦博伊姆[/url] 
[url=http://www.xiami.com/collect/24465769?spm=a1z1s.6929273.1561534893.133.haH5fQ]世界名曲经典小夜曲[/url]•••••••[url=http://www.xiami.com/collect/24678704?spm=a1z1s.6929273.1561534893.115.VD4Kw8]经典进行曲[/url] ••••••••••••••••••••[url=http://www.xiami.com/collect/38320785?spm=a1z1s.6929273.1561534893.1.z4DInR]交响曲精华[/url] 
[url=http://www.xiami.com/collect/25699231?spm=a1z1s.6929273.1561534893.36.EfUKCo]世界名曲—慢板的旋律[/url]••••[url=http://www.xiami.com/collect/25755157?spm=a1z1s.6929273.1561534893.119.OigzcL]快板的热情[/url] 
[url=http://www.xiami.com/collect/32516480?spm=a1z1s.6929273.1561534893.115.mJ6yXa]经典小提琴协奏曲[/url] 
[url=http://www.xiami.com/collect/25200748?spm=a1z1s.6929273.1561534893.130.vQCBVR]百听不厌—世界名曲联奏[/url]","['古典', '经典', '运动', '古典']","[4268991, 419238200, 1367411123, 5062514, 5062452, 5062542, 5062540, 5062447, 4265531, 5062443, 4266184, 5062448, 1673128, 5062543, 4268934, 4266187, 5062430, 4268938, 419238206, 419238207, 4265549, 5062551, 419238232, 1810647045]"
86734359,马克西姆.姆尔维察 ～精选集,马克西姆，1975年生于克罗地亚的亚德里亚海岸一个叫做Sibenik的小镇，九岁开始学习钢琴，随即便展现出他在钢琴演奏上过人的天赋。他9岁获邀参加演出，3年后就能够和交响乐团合作演奏海顿的C大调钢琴协奏曲。,"['古典', '经典', '钢琴', '古典']","[1696373, 27570005, 1696336, 1696205, 1695916, 1696326, 27570010, 27570013, 1695937, 1696369, 1696331, 27570004, 27570011, 1696361, 1695945, 1695942, 1696341, 29709877, 1696356, 29709875, 1695934, 1696066, 1696280, 27570014, 1696351, 27570008, 27570009]"
7443699452,布鲁克纳交响曲全集（优秀版本）,"第零交响曲：廷特纳
第一交响曲：吉伦
第二交响曲：吉伦
第三交响曲：吉伦
第四交响曲：西诺波利
第五交响曲：哈农库特
第六交响曲：布隆斯泰德
第七交响曲：伯姆
第八交响曲：马泽尔
第九交响曲：朱里尼","['古典', '古典']","[465072121, 465072122, 465072123, 465072124, 443882680, 443882681, 443882682, 443882683, 443882685, 443882686, 443882687, 443882688, 465735693, 465735694, 465735695, 465735696, 472816987, 472816988, 472816989, 472816990, 2011001852, 2011002666, 2011001853, 2011002667, 403387734, 403387735, 403387736, 403387737, 1858234119, 1858235896, 1858234120, 1858235897, 22379032, 22379033, 22379034, 22379035, 403756322, 403756323, 403756324]"
2988979191,芭蕾｜经典剧目&变奏集锦,"《睡美人》婚礼大双+coda
《睡美人》蓝鸟、紫丁香变奏
《睡美人》玫瑰柔板
《奥贝尔》古典大双
《胡桃夹子》糖梅仙子之舞
《天鹅湖》白天鹅变奏+挥鞭转
《天鹅湖》黑天鹅大双
《古典女子四人舞》
《唐吉诃德》一幕女变奏
《唐吉诃德》三幕女变奏
《唐吉诃德》婚礼大双
《唐吉诃德》丘比特变奏
《吉赛尔》全剧
《胡桃夹子》花之圆舞曲
《罗密欧与朱丽叶》骑士之舞
《葛蓓莉亚》洋娃娃圆舞曲
《舞姬》幻影变奏
《珠宝》绿宝石西西里变奏

Mathieu Ganio/Nina kaptsova/Svetlana Lunkina/Friedemann Vogel/Tamara Rojo/Timofej Andeijashenko/Vladimir Shklyarov

我爱他们呀！","['舞曲', '古典', '古典']","[1408170096, 1408172097, 1408170084, 1408170079, 1408172080, 1408172078, 1408172077, 1374585800, 1374585802, 1374582192, 1374582189, 1407128625, 5164981, 473033671, 22241848, 465713151, 464933119, 1368328177, 514378624, 399355557, 401987644, 22527482, 22527483, 22527438, 22474710, 401987708, 22527426, 26697112, 22241832, 22241827, 22241823, 22241820, 1311714332, 401987663, 455886846, 455886845, 455886861, 455886860, 22240637, 22240636, 26697098, 465110764, 465630736, 465072347, 465713133, 26971649, 401987713, 567012184, 571047907, 406182642, 551734794, 551736441, 551734795, 551734796, 551734797, 551736442, 551736443, 551736444, 551736445, 551736446, 551734798, 551734799, 551734800, 551734801, 551736447, 551734802]"
8885206703,布鲁赫、维厄当：小提琴协奏曲,"马克斯·克里斯蒂安·腓特烈·布鲁赫（德语：Max·Christian·Friedrich·Bruch，1838年1月6日－1920年10月2日） ，德国浪漫乐派作曲家、指挥家、音乐教育家；最具代表性作品有两首小提琴协奏曲、苏格兰幻想曲、科尔·尼德莱等。

亨利·维厄当(Henri Vieuxtemps，1820-1881)，另译魏奥当。比利时作曲家、小提琴家。他的作品有小提琴协奏曲、大提琴协奏曲、多首音乐会练习曲、幻想曲、变奏曲、浪漫曲、弦乐四重奏等，共计六十多部。维厄当最出色、最有成就的作品是他的七部小提琴协奏曲。","['古典', '经典', '器乐', '古典']","[399364845, 399364846, 399364847, 399364848, 399364849, 399364850, 2066073872, 568939120, 568939121, 568939122, 568939123, 568938574, 568939124, 568938575, 422073802, 422073803, 422073804, 422073805, 422073806, 422073807, 422073808, 422073809, 422073810, 422073811, 406737791, 406737790, 406730902, 406730903, 472877988, 472877989, 472877990, 472877991, 472877992, 472877993, 472877994, 472877995, 472877996, 472877997, 472877998, 472877999, 472878000, 472878001, 472878002, 472878003, 472878004, 472878005, 472878006, 402100254, 402100255, 402100256, 1397967445, 1397966816, 1397966817, 22540636, 22540637, 22540638, 22540639, 22540640, 22540641, 30053381, 30053382, 30053383, 30053384, 30053385, 30053386, 30053387, 30053388, 403785374, 403785375, 403785376, 552376110, 552376111, 552376112, 572353786, 572353787, 572353788, 472860554, 472860555, 472860556, 22484410, 22484411, 22484412, 30053391, 30053392, 30053393, 2078128, 2078129, 2078130, 573656182, 573656183, 559906192, 25953916, 25953921, 25953914, 25953917, 25953918, 25953920, 25953919, 25953915, 560783536, 560783537, 560783538, 1604795, 1604798, 1604800, 1604802, 1604804, 1604807, 1604810, 1604813, 1604816, 1604818, 26743407, 26743408, 26743409]"
8862514947,【典雅】意大利古典音乐,"◎◎建单日期：2023年11月14日
◎◎专辑风格：以意大利古典风情为主。舒心，精致典雅的优美旋律风格。
……………～～～…………～～～

◇△意大利音乐
～～在欧洲音乐文化中占有重要地位。

*^*～维瓦尔第～是一位出生于威尼斯的意大利神父和巴洛克音乐作曲家，他被认为是最有名的巴洛克音乐作曲家之一。其最著名的作品为《四季》。
…………………～～～～………………

PS：持续更新中……欢迎收藏，开心分享……(ɔˆ ³(ˆ⌣ˆc)
","['古典', '夜晚', '浪漫', '古典']","[2323889, 2323890, 1878173286, 1938623, 5276804, 1458558, 3541231, 26883017, 5168399, 1458643, 25294987, 5189655, 5189652, 1648253, 403826040, 29592045, 561745367, 864416751, 24906240, 24906238, 562366498, 22604897, 35634378, 35634376, 401597338, 401597334, 530914661, 401588356, 401588351, 401588346, 465062178, 1363620961, 1363620959, 2004752521, 2004752518, 473157544, 464740849, 1990499, 1990479, 25544864, 402168865, 2123690, 1486046241, 1486044615, 1486046240, 1486046239, 25961674, 25961670, 25961662, 25961672, 40024903, 40024883, 40024862, 40024850, 40024843, 1933958684, 1933959688, 1933959680, 2024798435, 2024798434, 2024798433, 2050561692, 2056101944, 1993641439, 1993641438, 1933959683, 2541477, 1993639600, 40028084, 25961663, 1486044641, 568235323, 2123708, 402168866, 25544857, 1990488, 464740848, 473157554, 2004757445, 1363626338, 1951848730, 465534942, 465062177, 465406387, 465401213, 401588427, 530914657, 401597332, 465080518, 35634406, 530914655, 473001031, 22604967, 562365686, 24906255, 440354765, 304757, 864417269, 561745364, 29592042, 403826038, 1341502676, 407927757, 424233301, 3965415, 1650304, 862583928, 403806559, 25480718, 572428183, 465773508, 405335530, 562272258, 16263224]"
8834844213,每个编号一部古典音乐名作op75-51,"op.73 贝多芬 降E大调第五钢琴协奏曲“皇帝” Piano Concerto No. 5 in E-Flat Major , Op. 73. ""Emperor""
op.72 贝多芬 歌剧《费德里奥》 Fidelio
op.69 贝多芬 A大调大提琴奏鸣曲 Sonato No.3 for Piano & Cello
op.68 勃拉姆斯 c小调第一交响曲 Symphony No.1 In C Minor
op.67 贝多芬 c小调第五交响曲“命运” Symphony No. 5 in C Minor
op.66 肖邦 幻想即兴曲 Impromptu No. 4, in C Sharp Minor, Op. 66 ""Fantasy Impromptu""
op.65 肖邦 大提琴奏鸣曲 Cello Sonata in G Minor
op.64 门德尔松 Mendelssohn e小调小提琴协奏曲 Violin Concerto In E Minor
op.62 贝多芬 科里奥兰序曲 Overture ""Coriolan""
op.61 贝多芬 D大调小提琴协奏曲 Violin Concerto in D Major
op.59 贝多芬 三首弦乐四重奏“拉祖莫夫斯基” String Quartet ""Rasumovsky""
op.58 贝多芬 G大调第四钢琴协奏曲 Piano Concerto No.4 In G
op.57 贝多芬 f小调第二十三钢琴奏鸣曲“热情” Piano Sonata No. 23 in F Minor, Op.57 “Appassionata“
op.56 贝多芬 C大调三重协奏曲 Triple Concerto in C Major
op.55 贝多芬 降E大调第三交响曲“英雄” Symphony No. 3 in E-Flat Major, Op. 55 ""Eroica""
op.54 舒曼 a小调钢琴协奏曲 Piano Concerto In A Minor
op.53 贝多芬 C大调第二十一钢琴奏鸣曲“黎明” Piano Sonata No.21 in C Op.53 -Waldstein

每个编号基本只有一首伟大作品，每个作品预备两个版本作为对比。严伯钧严公子推荐。
","['古典', '古典']","[411490498, 411490499, 411490500, 404436865, 404436866, 404436867, 22606402, 22573919, 22573964, 26774213, 26774219, 26774214, 2865788, 2865791, 2865793, 18278022, 18278023, 18278024, 18278025, 533144365, 533144366, 533144367, 533144368, 1458643, 1458647, 1458651, 1458654, 1213304, 1213305, 1213306, 1213307, 488562904, 401699884, 1844653496, 1844653497, 1844653498, 1844653499, 1407530306, 1407531129, 1401397703, 1407530307, 33739930, 33739940, 33739950, 1602777, 1602781, 1602785, 28592386, 18277897, 22593564, 22593565, 22593566, 18357029, 18357030, 18357031, 33262302, 33262310, 33262318, 33262326, 33262334, 33262342, 33262350, 33262356, 33262296, 33262304, 33262312, 33262320, 472802905, 472802906, 472802907, 472802908, 472802909, 472802910, 472802911, 472802912, 472802913, 472802914, 472802915, 472802916, 473002064, 473002065, 473002066, 404436856, 404436857, 404436858, 114458, 114461, 114465, 562275002, 562275003, 562275004, 26961181, 26961182, 26961183, 1437158450, 1437158451, 1437158452, 22501399, 22501400, 22501401, 22501402, 403840159, 403840160, 403840161, 403840162, 27192234, 27192235, 27192236, 21183803, 21183804, 21183805, 472839131, 472839130, 472839132, 20675061, 20675062, 20675063]"
2770004278,古典吉他 | 细腻多变的优雅音色,古典吉他又名西班牙吉他、西班牙古典吉他。古典吉他也是尼龙弦吉他之一，亦属于弹拨乐器。古典吉他此名称并不表示其仅限于演奏古典音乐，不同的音乐风格，例如古典音乐、法蘭明歌、爵士音乐等皆可以以古典结他演奏。,"['欧美', '古典', '浪漫', '古典']","[35058414, 541712355, 465442578, 568168855, 406250634, 550196795, 465067415, 317796, 537914894, 18671425, 25061535, 317793, 562778426, 28416996, 562778423, 561434686, 35058413, 464945995, 401593492, 465083008, 465442573, 562777701, 16319883, 465045015, 472822336, 469467735, 535605301, 5191125, 28416988, 526768205, 543534, 40140742, 29034909, 562778430, 18456123, 562778420, 561434693, 1338490471, 501458557, 29034989, 864202903, 28856437, 562778433, 465070899, 465873731, 570624390, 465452346, 27473504, 317638, 37460411]"
81894758,柏辽兹作品欣赏：入门必备,柏辽兹是法国最伟大的作曲家，最优美的法国交响曲作家，第一个真正的法国浪漫派，也是浪漫主义激进派的一个领袖。本歌单收录他：1、幻想交响曲op·14；2、罗密欧与朱丽叶；3；浮士德的天谴；4、罗马狂欢节序曲；5、夏夜op·7,"['轻音乐', '古典', '经典', '古典']","[1435228, 1435233, 1435238, 1435242, 1435246, 22493597, 22493598, 22493599, 22493600, 22493601, 22493602, 22493603, 22493604, 22493605, 22493606, 22493607, 22493608, 22493609, 22493610, 22493611, 22493612, 22493613, 22493614, 5216486, 27883592, 22457588, 24453821, 27766749, 27883407, 27883408, 27883409, 27883410, 27883411, 27883412]"
6748831265,『沉浸在凡尔赛宫内』殿堂级古典交响乐40首,"「殿堂级交响乐」
从小提琴到钢琴从钢琴汇总到交响
循序渐进
仿佛置身于凡尔赛宫内
感受欧洲古典音乐之美","['古典', '安静', '浪漫', '古典']","[2123686, 2123708, 2123727, 2123690, 2123698, 5165407, 25954832, 483024749, 20113380, 29334584, 1442253642, 25954382, 26160782, 565154573, 1295212133, 26818410, 21095799, 21095807, 18558271, 5164959, 1347652749, 1347688466, 1347688499, 1347688530, 1347687844, 1347688544, 1347688594, 1347688602, 1347687930, 1347687951, 1347688641, 1347687774, 1347687968, 5189652, 29539586, 29539584, 34923877, 34923883, 34923884, 34923887, 29049009, 22319191, 3541224, 1501606, 27182186, 2776537, 1458542, 1458530, 1809117165, 1809117119, 4430016, 1809117116]"
983812600,愈听愈迷人的古典乐,"关于我为何如此钟情于古典
可能我也讲不清
只是
单纯的很喜欢
觉得似乎古典有一种魔力
深沉的
活泼的
令人沉醉
以下歌单收录了，
我或无意
或被推荐
听到的无比吸引人
很优秀也很动听的
我所钟爱的古典音乐
希望在你小憩时
忧郁时
沉思时
可以欣赏到她
我想你也会爱上她
如我般喜爱","['古典', '安静', '放松', '古典']","[28908023, 464891899, 464891452, 26382105, 1698603, 5168399, 18579414, 1060910, 5047797, 5168414, 5059351, 26818412, 1060948, 506038804, 1060914, 5264176, 445867401, 31260307, 22006156, 114681, 1004475, 1643531, 1296882]"
57382912,最美女高音 Jenkins,"中文名 凯瑟琳·詹金斯 外文名 Katherine Jenkins 国 籍 英国 出生地 英国南威尔士利夫 出生日期 1980年6月29日 职 业 歌手 身 高 163 cm
凯瑟琳·詹金斯是首位连续两年荣获全英古典音乐奖年度专辑大奖女艺人，她的全新大碟荣登英国流行金榜季军，她被英国传媒誉为“最具歌声力量的新甜心”的歌剧、声乐跨界女艺人。她的声音很有震撼力，让人沉浸在浓烈的艺术享受之中。 她是英国身价最高的古典歌手，她将《图兰朵》中著名的咏叹调“今夜无人入眠”演绎得犹如天籁之音。2004年4月，她的首张专辑《Premiere》在古典排行榜上高踞榜首达8周之久，一时无两，气势如虹。2008年凯瑟琳·詹金斯(Katherine Jenkins)推出新作《From The Heart》，其中一首是改编布莱恩·亚当斯(Bryan Adams)经典旧作的《(Everything I Do)I Do It For You》，风格典雅幽怨，唱出另一番味道。
新作《From The Heart》收录了两首改编自大家均耳熟能详的流行歌的古典版·第一首是改编自布莱恩·亚当斯为电影《侠盗罗宾汉》献唱的主题，《(Everything I Do) I Do It For You》的意大利文版《(Quello Che Faro) Sara Per Te》。相比原装的激情，这首古典女高音版则是高贵典雅，当中还带有很浓烈的幽怨味道。","['古典', '浪漫', '性感', '古典']","[19039136, 19039137, 19039138, 19039140, 19039141, 19039142, 19039143, 19039144, 19039145, 19039146, 19039147, 19039000, 19039001, 19039002, 19039003, 19039006, 19039007, 19039008, 19039009, 19039010, 19039011, 19039012, 19038884, 19038885, 19038886, 19038887, 19038888, 19038889, 19038891, 19038892, 19038896, 19038897, 19038898, 19038899, 19038901, 19038902, 19038903, 19038932, 19038933, 19038934, 19038936, 19038938, 19038939, 19038940, 19038941, 19038943, 19038944, 19038945, 19039200, 2873807, 2873824, 2873827, 2873834, 2873837, 2873853, 2873857, 2873873, 2873877, 2873889, 2873891, 2873894, 2873900, 2873903, 19039044, 19039045, 19039047, 19039048, 19039050, 19039051, 19039054, 19039055, 19039255, 19039257, 19039258, 19039259, 19039260, 19039261, 19039264, 19039265, 19039266, 2873946, 2873948, 2873960, 2873969, 2873972, 2873977, 19038986, 19038987, 19038988, 19038990, 19038991, 19038993, 19038996, 19038997, 19039208, 19039211, 19039212, 19039213, 19039216, 19039217, 19039219, 19039098, 19039101, 19039102, 19039103, 19039104, 19039105, 19039106, 19039107, 19039108, 2874122, 2874128, 2874131, 2874134, 2874136, 2874137, 2874138, 2874141, 2874144, 2874201, 2874205, 2874213, 2874219, 2874223, 2874228, 2874233, 2874238, 2874246, 2874250, 2874253, 2874255, 27359321, 27359322, 27359323, 27359324, 27359325, 27359326, 27359327, 27359328, 27359329, 27359330, 27722030, 27722031, 27722036, 27722039, 29744247, 29744248, 29744249, 29744250, 29744251, 29744252, 29744253, 29744254, 29744255, 29744256, 29744257, 19039099, 5254073, 2873879, 2874125, 19039092, 2873957, 2873963, 19039100, 2873883, 2873818, 28436998, 19039004, 2873860, 19039005, 2873951, 2873881, 2873886, 28437007, 24582350, 29744259, 19039256, 2873845, 29744245, 2873829, 2874242, 26237334, 2873978, 2873897, 29744246, 19039148, 19039155, 19039156, 19039159]"
6670421,伟大的柴可夫斯基Tchaikovsky,他的音乐旋律优美动人，风格独树一帜，处处充溢着深沉悠远、壮美动听的民歌旋律。有时让人潸然泪下，有时又热情洋溢，同时也一直伴随的一种孤独压抑感；作品题材广泛多样，有俄罗斯之魂之美誉。三部芭蕾舞曲，1812序曲，第一钢琴协奏曲，小提琴协奏曲，弦乐小夜曲，第六悲怆交响曲等等皆为名曲,"['古典', '经典', '古典']","[487753388, 3541092, 28212624, 28212625, 28212626, 28212627, 504348227, 504348219, 504348211, 504348212, 504348217, 504348216, 3541079, 3541081, 3541077, 16820862, 16820863, 16820864, 16820865, 37455102, 37455103, 37455104, 37455105, 37455106, 37455107, 37455108, 37455109, 37455110, 37455111, 37455112, 37455113, 37455114, 37455115, 37455116, 37455117, 37455118, 37455119, 37455120, 37455121, 37455122, 37455123, 25937000, 25938001, 25936999, 25936998, 37707720, 28744713, 465073298, 465073299, 465370242, 465362855, 465362853, 465370234, 27766655, 27766668, 27766681, 27766694, 22528510, 21685013, 402292551, 29019038, 3541083, 22537038, 22537039, 22537040, 22537041, 22537042, 1342711, 1342714, 1342716, 1342718, 1342720, 1342724, 1342727, 1342731, 1342735, 1342739, 1342744, 1342748, 1342753, 1342757, 1342760, 1342763, 1342766, 1342770, 1342772, 25769058, 25769069, 25769053, 25769060, 25769063, 25769067, 32032765, 32032767, 32032769, 32032771, 3541231, 3541234, 3541239, 22467426, 16234815, 22276187, 27368380, 39311333, 28271189, 399348189, 465362856, 465073301, 465362862, 465362851, 465370243, 465362841, 465370244, 465370245, 465073302, 465362858, 465370246, 465370235, 465370225, 465370247, 504348225, 465073303, 465370233, 504348228, 1602789, 30496367, 30496368, 30496369, 30496370, 30496378, 16820875, 16820876, 16820877, 16820878, 27177911, 26788289, 19840322, 22303463, 22303464, 22303465, 22303466, 22303467, 22303468, 22303469, 27368382, 37113164, 37113165, 37113166, 38449631, 38449632, 38449633, 38449634, 22000525, 22000526, 22000527, 22000528, 22000529, 22000530, 22000531, 22000532, 22000533, 22000534, 22000535, 22000536, 465370248, 465362859, 465362860, 465370232, 465370236, 504348220, 3541085, 5180733, 3541087, 36909378, 36909379, 36909380, 22303456, 22303457, 22303458, 38449024, 465073304, 465073305, 465073306, 504348221, 465362857, 465073307, 465073308, 38449567, 38449568, 38449569, 38449570, 2538736, 1380992, 1380996, 1381000, 1381004, 1381008, 1381012, 1381014, 1381017, 1381021, 1381025, 1381029, 1381033, 1381036, 1381038, 1381039, 3541109, 22000521, 3541103, 3541096, 5180747, 465073312, 465073313, 465073314, 465073315, 465073316, 465073317, 465073318, 465073319, 465073320, 465073321, 465073322, 465073323, 465073324, 465073325, 465073326, 465073327, 22528513, 22528514, 22528515, 22528516, 22528517, 22528518, 22528519, 22528520, 22528521, 22528522, 22528523, 22528524, 22528525, 22528526, 22528527, 22528528, 402292546, 22303451, 22303452, 5180743, 37707725, 37707726, 37707727, 37707728, 504348231, 504348214, 504348229, 504348215, 504348213, 115478, 465362843, 465362844, 465362854, 465362848, 465362849, 465073309, 465073310, 465362845, 465362847, 465362846, 465362861, 465073311, 5180740, 18778193, 504348230, 504348222, 504348226, 504348218, 504348223, 504348224, 38449018, 38449019, 38449020, 38449021, 465370226, 465370227, 465370228, 465370229, 465370230, 465370231, 22527428, 22527429, 22527430, 22527431, 22527432, 22527433, 22527434, 22527435, 22527436, 22527437, 22527438, 22527439, 22527440, 22527441, 22527442, 22527443, 22527444, 22527445, 22527446, 22527447, 22527448, 22527449, 22527450, 22527451, 22527452, 22527453, 22527454, 22527455, 22527456, 22527457, 22527458, 22527459, 22527460, 22527461, 22527462, 22527463, 22527464, 22527465, 22527466, 22527467, 22527468, 22527469, 22527470, 22527471, 22527472, 22527473, 22527474, 22527475, 22527476, 22527477, 22527478, 22527479, 22527480, 22527481, 22527482, 22527483, 22527484, 22527485, 22527486, 22527487, 465370239, 465370240, 465370241, 38449022, 22443086, 465729165, 465729166, 465729167, 465729168, 465729169, 465729170, 465729171, 465729172, 465729173, 465729174, 465729175, 465729176, 465729177, 465729178, 465729179, 465729180, 465729181, 465729182, 465729183, 465729184, 465729185, 465729186, 465729187, 465729188, 465729189, 465729190, 465729191, 465729192, 2180962, 32032764, 32032766, 32032768, 32032770, 27565921, 27565922, 27565923, 27565924, 27565925, 27565926, 27565927, 27565928, 27565929, 27565930, 27565931, 27565932, 27565933, 27565934, 27565935, 27565936, 27565937, 27565938, 27565939, 27565940, 27565941, 27565942, 27565943, 27565944, 27565945, 22559419, 22559420, 22559421, 22559422, 22559423, 22559424, 22559425, 22559426, 22000524, 22000523, 22000520, 3541099, 26233062, 26233063, 26233064, 26233065, 26233066, 26233067, 2107137, 2107138, 2107139, 2107140, 22303459, 22528512, 29544419, 37707721, 22528511, 27368386, 16820866]"
488254930,古典 丨 经典发烧唱片推荐来自文明之光,"吴军系列书籍《文明之光》中的第三册第七十章节，梳理了从巴赫到柴可夫斯基，也就是从巴洛克时期到民族音乐发展的过程，下面是吴军博士根据自己的体验，向大家推荐的一些发烧唱片：

巴赫
《勃兰登堡协奏曲》
李希特指挥慕尼黑巴赫乐团版本，DECCA公司制作。

莫扎特
《第40交响曲》
富尔特文格勒指挥维也纳爱乐交响乐乐团版本，EMI公司制作。
《第41（朱庇特）交响曲》
阿巴多指挥伦敦交响乐团版本，德意志唱片公司（Deutsche Grammophom）制作。

贝多芬
《第三（英雄）交响曲》
富尔特文格勒指挥维也纳爱乐交响乐乐团版本，EMI公司制作。
《第五（命运）交响曲》
克莱伯（Carlos Kleiber）指挥维也纳爱乐交响乐团版本，德意志唱片公司制作。
《第六（田园）交响曲》
伯姆（Karl Bohm）指挥维也纳爱乐交响乐团版本，德意志唱片公司制作。
《第九（合唱）交响曲》
富尔特文格勒指挥拜鲁伊特音乐节管弦乐团版本，EMI公司制作。这部作品也可以考虑美、俄、英、法、德五国的七个乐团庆祝两德统一的演出实况录音，其场面极其宏大，伯恩斯坦指挥，德意志唱片公司制作。
《第五钢琴（皇帝）协奏曲》
古尔达钢琴，斯坦恩指挥维也纳爱乐交响乐团版本，DECCA公司制作。
《钢琴奏鸣曲全集》
阿什肯纳吉演奏，DECCA公司制作。
《F-大调小提琴浪漫曲》和《A-大调小提琴浪漫曲》
大卫·奥伊斯特拉赫（David Oistrakh）演奏，德意志唱片公司制作。

肖邦
《最喜爱的肖邦》
霍洛维茨演奏，CBS出品。
《奏鸣曲全集》
阿格丽姬演奏，德意志唱片公司制作。
《夜曲全集》
鲁宾斯坦演奏，RCA制作。
《前奏曲全集》
阿格丽姬演奏，德意志唱片公司制作。
《叙事曲全集》
鲁宾斯坦演奏，RCA制作。
《波兰舞曲全集》
鲁宾斯坦演奏，RCA制作。

穆索尔斯
《图画展览会》
朱里尼（Corlo-Maria Guinimi）指挥芝加哥交响乐团版本，德意志唱片公司制作。

柴可夫斯基
《1812序曲》
多拉蒂（Antal Dorati）指挥伦敦交响乐团和明尼苏达交响乐团版本，水星制作。
《交响曲全集》
阿巴多指挥维也纳爱乐交响乐团版本，德意志唱片公司制作。

PS：网易云上不少版本是找不到的，已经用别的版本替代，另外贝多芬的A-大调小提琴浪漫曲在网易云上没有，所以就不在歌单里面了。","['古典', '钢琴', '器乐', '古典']","[1585913, 1585917, 1585921, 1585924, 1585927, 1585930, 1585933, 1585937, 1585941, 1585947, 1585951, 1585955, 1585959, 1585967, 1585979, 1585982, 1585985, 1585988, 1585991, 1585994, 1585997, 1585999, 1586002, 1586004, 1586009, 25294987, 25294988, 25294990, 25294989, 27549391, 27546202, 27546203, 27546204, 1683059, 1683063, 1683066, 1683069, 1213304, 1213305, 1213306, 1213307, 1458657, 1458660, 1458663, 1458666, 1458670, 1683152, 1683156, 1683160, 1683163, 1683166, 25731406, 25731408, 25731407, 20674991, 20674992, 20674993, 20674994, 20674995, 20674996, 20674997, 20674998, 20674999, 20675000, 20675001, 20675002, 20675003, 20675004, 20675005, 20675006, 20675007, 20675008, 20675009, 20675010, 20675011, 20675012, 20675013, 20675014, 20675015, 20675016, 20675017, 20675018, 20675019, 20675020, 20675021, 20675022, 20675023, 20675024, 20675025, 20675026, 20675027, 20675028, 20675029, 20675030, 20675031, 20675032, 20675033, 20675034, 20675035, 20675036, 20675037, 20675038, 20675039, 20675040, 20675041, 20675042, 20675043, 20675044, 20675045, 20675046, 20675047, 20675048, 20675049, 20675050, 20675051, 20675052, 20675053, 20675054, 20675055, 20675056, 20675057, 20675058, 20675059, 20675060, 20675061, 20675062, 20675063, 20675064, 20675065, 20675066, 20675067, 20675068, 20675069, 20675070, 20675071, 20675072, 20675073, 20675074, 20675075, 20675076, 20675077, 20675078, 20675079, 20675080, 20675081, 20675082, 20675083, 20675084, 20675085, 20675086, 20675087, 20675088, 20675089, 20675090, 20675091, 20675092, 435004418, 1060300, 22005525, 22005524, 22005520, 22005519, 22005527, 27834632, 27834890, 27834662, 22006151, 21183947, 21183948, 21183949, 21183950, 32711086, 32711087, 32711088, 32711089, 32711090, 32711091, 32711092, 34586484, 34586485, 34586486, 34586487, 34586488, 34586489, 34586490, 34586491, 34586492, 34586493, 34586494, 34586495, 34586496, 34586497, 34125584, 34586498, 34586499, 34586500, 34586501, 34586502, 34586503, 34586504, 34586505, 34586506, 34586507, 34586508, 32696188, 32696189, 32696190, 32696191, 1779137, 22337174, 1060467, 1060471, 1060476, 1060480, 1060485, 21183928, 21183927, 1340029, 1340032, 1340035, 1340037, 1340040, 1340043, 1340046, 1340049, 29750838, 29750834, 29750835, 29750839, 25729171, 25729172, 25729173, 25729174, 25729175]"
23780752,[何塞·卡雷拉斯]~美声精选,西班牙男高音何塞。卡雷拉斯1946.12.5 出生于加泰隆尼亚自治区首府巴塞罗那。求学和第一次登台演出都是在家乡，演出的剧目是威尔第《那布果》。1971年卡雷拉斯获得意大利“威尔第声乐大奖”，逐渐成为世界顶级的抒情男高音。卡雷拉斯和帕瓦罗蒂、多明戈是享誉世界的三大男高音。,"['欧美', '古典', '世界音乐', '古典']","[1502987, 1502949, 993228, 1502762, 1504025, 1502955, 1503998, 1502943, 1502977, 1502789, 16371636, 1502794, 1502791, 1502968, 1502782, 1502766, 1502792, 1502778, 25159549, 1502333, 1502952, 1502964, 1502798, 1502339, 1502985, 26237333, 22528004, 1502979, 1502946, 1502961, 1502336, 1502343, 1502346, 26237340, 1502958, 22528011, 1504029]"
49503043,莫粉必听莫扎特传电影原声-空灵的挚爱,选曲超级经典，莫扎特铁粉必听，空灵最喜爱的碟片之一。获奥斯卡金像奖八项大奖的电影。不仅是史上最经典的音乐电影之一，配乐更被誉为经典中的经典！原声带历年来销售超过百万张的黄金记录，配乐由忠于莫札特原曲风格著称的指挥名家马利纳与圣马丁学院管絃弦乐团演绎。曲曲经典，实在让人着迷！！！,"['古典', '古典']","[26734831, 667120, 1497455, 27900332, 27605572, 27605577, 1491163, 25910913, 1690710, 5276818, 28428165, 22006156, 22483796, 115051, 5193833, 2007641, 25525193, 5047797, 1375805, 5276802, 27540409, 26935406, 22558743, 29415923, 25769014, 29486899, 25294987, 2986728, 19046711, 25295113, 19046710, 1644789, 29029998, 22366608, 29333656, 1697269, 2703932, 82333, 22610893, 29800987, 22491422, 25294992, 20463298, 27598890, 25899907, 29966843, 22581590, 75142, 28196311, 1694691, 2741341, 29012063, 5027088, 82339, 25892495, 27423822, 28631313, 5168415, 5160795, 18860107, 344943, 1375923, 22478705, 5276794, 173421, 5023318, 1601934, 1715935, 22741316, 25295007, 25953648, 25807436, 22280027, 1834760, 22483797, 5023319, 27133689, 667087, 22280535, 667181, 25294994, 22497944, 27949529, 29414795, 21183224, 2703928, 30394448, 1715939, 18280342, 22374954, 22317386, 22317390, 25780160, 105683, 22463252, 22463250, 25726936, 28122927, 22565707, 25295052, 29415918, 2123299, 25899906, 28908642]"
8816139906,花腔女高音：娜塔莉·德赛,"Natalie Dessay简介
法国夜莺-纳塔利·德赛（Natalie Dessay） 来自法国的Natalie Dessay，以她的高音轰动欧美声乐界，成为当红花腔女高音。不仅唱功一流，嗓音高亢，极具魅力 ；Natalie的演技也是一流，是极少数能同时具备感情与歌唱技巧的顶尖花腔女高音。","['古典', '古典']","[22612926, 3201842, 1347081775, 1347085337, 1347085338, 1347085339, 1347085340, 1347081776, 1347081777, 1347081778, 1347081779, 1347085341, 1347085342, 1347081780, 1347081781, 1347085343, 1347085344, 424073119, 424073120, 424073121, 424073122, 424073123, 424073124, 424073125, 424073126, 424073127, 424073128, 424073129, 424073130, 424073131, 424073132, 424073133, 424073134, 424073135, 424073136, 424073137, 424073138, 424073139, 424073140, 424073141, 424073142, 424073143, 424073144, 424073145, 424073146, 424073147, 424073148, 424073149, 424073150, 424073151, 424073152, 424073153, 424073154, 424073155, 424073156, 424073157, 424073158, 22612925, 22612927, 22612928, 22612929, 22612930, 22612931, 22612932, 22612933, 22612934, 22612935, 22612936, 22612937, 22612938, 22612939, 22612940, 22612941, 22612942, 22612943, 22612944, 22612945, 22612946, 22612947, 22612948, 22612949, 22612950, 22514657, 22514659, 22514660, 22514658, 22514661, 22514662, 22514663, 22514664, 22514665, 22514666, 22514667, 22514668, 22514669, 22514670, 22514671, 22514672, 22514673, 22514674, 22514675, 22514676, 22514677, 22514678, 22514679, 22514680, 22514691, 22514681, 22514682, 22514683, 22514684, 22514685, 22514686, 22514687, 22514688, 22514689, 22514690, 22469072, 22469073, 22469074, 22469075, 22469076, 22469077, 22469078, 22469079, 22469080, 22469081, 22469082, 22469083, 22469084, 22469085, 22469086, 22469087, 1347133623, 1347134514, 1347133624, 1347133625, 1347133626, 1347134515, 1347133627, 1347134516, 1347133628, 1347134517, 1347133629, 1347133630, 1347133631, 22477319, 22477320, 22477321, 22477322, 22477323, 22477324, 22477325, 22477326, 1410564754, 1410563859, 1410564755, 1410564756, 1410564757, 1410564758, 1410563860, 1410564759, 1410563861, 1410563862, 1410563863, 1347133606, 1347133608, 1347134490, 1347133609, 1347133611, 1347134492, 1347134494, 1347134495, 1347134497, 1347133614, 1347134499, 1347133616, 1347134501, 1347134502, 1347133617, 1347134503, 1347134504, 1347133618, 1347134505, 1347134506, 1347134507, 1347133619, 1347133620, 1347134508, 1347133621, 1347134509, 1347134510, 1347134511, 1347134512, 1347133622, 1347134513, 3201834, 3201835, 3201836, 3201837, 3201838, 3201839, 3201840, 3201844, 3201846, 3201848, 1354202980, 1354202981, 1354203809, 1354203810, 1354203811, 1354202982, 1354202983, 1354203812, 1354203813, 1354202984, 1354203814, 1354203816, 1354203817, 1354203818, 1354202985, 1354203819, 1354203820, 1354203821, 1354202986, 1354203822, 1354203823, 1354203824, 1354203825, 1354202987, 1354203826, 519265848, 516735436, 519265850, 519265851, 519265852, 519265853, 519265854, 519265855, 519265856, 519265857, 519265858, 517973701, 519265860, 519265861, 519265862, 519265863, 519265864, 519265865, 514166637, 519265867, 1822653937, 1822652366, 1822653938, 1822652367, 1822652368, 1822653939, 1822653940, 1822652369, 1822653941, 1822652370, 1822652371, 1822652372, 1822653942, 1822653943, 1822653944, 1822653945, 1822653946, 1822652373, 1822652374, 1822653947, 1822652375, 1822652376, 1822653948, 1822652377, 1822652378, 1822652379, 1822653949, 1822653950, 1822652380, 1822653951, 1822653952, 1822653953, 1822652381, 1822652382, 1822653954, 1822653955, 1822653956, 1822653957, 1822653958, 1822653959, 1822652383]"
520843982,室友打呼噜时，请点我。,不要相信室友，相信音乐。,"['古典', '轻音乐', '放松', '古典']","[3432151, 29150369, 22557763, 24913039, 24913038, 27650582, 402001939, 1771679, 31680868, 26915225, 32032759, 430685404, 27256783, 1296885, 31680821, 2123232, 5193845, 440556262, 28551666, 1698603, 27137315, 21669713, 1771731, 1145380, 27933636, 19554598, 1296882, 1643346, 31260314, 28838017, 29536714, 22545080, 5164971, 27759196, 5047807, 27137287, 415793798, 22437688, 31721402, 28718123, 17980954, 20733975, 1771745, 32708073, 3541387, 28908925, 24177001, 26991562, 5173151, 24177041, 33480276, 27342278, 25480724, 25480714, 27567112, 22465857, 22297592, 27544323, 27118325, 22297579, 22538948, 34690005, 27471618, 2987798, 27693891, 1145407, 1643531, 1415441, 29540281, 28908929, 5208711, 17116402, 22580191, 22609425, 16691428, 22512110, 22330988, 5157811, 27650571, 29553325, 2868414, 21296414, 21787311, 1068187, 5027380, 20952125, 22319202, 27471628, 20110046, 18057481, 27544325, 27693892, 1642632, 20113376, 2185832, 1060914, 1313983, 27137307, 22301955, 22311524, 22538945, 2852191, 22006167, 5157808, 5105959, 1415254, 1375838, 1791501, 5188837, 29803727, 3403470]"
86573594,维也纳新年音乐会（极品三场）,"每年的当地时间1月1日上午（北京时间 1月1日18：00），在奥地利首都维也纳的“维也纳音乐之友协会”大厅——富丽堂皇的维也纳金色大厅被鲜花装点得分外秀丽，维也纳新年音乐会在全球的瞩目下举行，演出的曲目是被称为“圆舞曲之王”的小约翰·施特劳斯及其家族的音乐作品，由世界历史最悠久、素质最高超的乐团之一——维也纳爱乐乐团演奏。新年音乐会展示的是人类最文明、最欢快、最明亮的侧面，高雅、轻松、豪华、热烈是维也纳新年音乐会的最大特点。

然而，在许多纯粹的古典音乐迷看来，施特劳斯家族音乐的价值估计连三流都排不上。不过，从聊胜于无的角度来看，历届‘’维新‘’中大家公认演出艺术水平最高的有三场：1，89年，指挥：小克莱伯；2，87年指挥：卡拉扬；3，92年，指挥：小克莱伯。
——白莲洞人","['古典', '经典', '器乐', '古典']","[1213387, 1213389, 1213391, 1213392, 1213393, 1213394, 1213395, 1213396, 1213397, 1213398, 1213399, 1213400, 1213401, 1213402, 1213403, 1213404, 1458524, 1458527, 1458530, 1458533, 1458536, 1458539, 1458542, 1458546, 1458550, 1458553, 1458558, 1458564, 1458567, 1213354, 1213356, 1213358, 1213360, 1213362, 1213363, 1213364, 1213365, 1213366, 1213369, 1213372, 1213377, 1213380]"
10310746,古典主义音乐灵魂--Mozart,莫扎特谱出的协奏曲、交响曲、奏鸣曲、小夜曲、嬉游曲等成为后来古典音乐的主要形式。因狂飙运动显露出早期浪漫主义曲风，直接预示了贝多芬式的英雄性音乐的出现。此外其作曲风格同时兼具旋律及艺术性，悦耳却又不失优雅，能让人感受到音乐风格由巴洛克时期转向古典主义时期。,"['古典', '世界音乐', '钢琴', '古典']","[5259497, 1694699, 1694696, 1694694, 1694692, 1694691, 5276802, 5276794, 5276818, 25726935, 25726940, 25726941, 25726944, 25726942, 25726937, 25726939, 25726934, 25726936, 25726943, 25726945, 25726938, 25294996, 25295004, 25295007, 25295010, 25295013, 25295016, 25295019, 25295022, 25295025, 25295028, 25295031, 25295046, 25295049, 25295052, 25295055, 25295058, 25295060, 25295063, 25295066, 25295069, 25295072, 25295074, 25295082, 25295088, 25295091, 25295094, 25295096, 25295098, 25295101, 25295104, 25295107, 25295110, 25295113, 25295115, 25295120, 25295134, 25295043, 25295040, 25295037, 25295034, 25294997, 25457408, 25294995, 25295001, 25295000, 25294999, 25294994, 25294993, 25294992, 25294991, 25294990, 25294989, 25294988, 25294987, 26799497, 17550924, 1644848, 1644789, 27511298, 19046710, 18852596, 17550923, 17550925, 1644857, 1644793, 2986777, 22518342, 22341177, 18852592, 5259502, 5259496, 1694698, 1694695, 1694693, 1715939]"
7020475473,G弦上的咏叹调、D大调卡农,享受独属于自己的时光,"['古典', '古典']","[1868148531, 568639098, 3364863, 1340355476, 1350265624, 346214, 1850167808, 512613128, 5057458, 29540404, 27221401, 26883017, 1003876, 1773378, 26012224, 34516403, 26878877, 440355840, 1492843545, 5188849, 26598252, 34218388, 5188837, 450518399, 456763672, 30051164, 29808258, 5251168, 1492881571, 28625050, 454222589, 1295237547, 1376274305, 560780790, 478896330, 478860153, 464746388, 464756616, 25892485, 37720645, 32714162, 1818487730, 5188836, 29414800, 1374416, 1378137666, 1861039351, 26705086, 1880917221, 1394618521, 1326261585, 467599640, 34341674, 1809432068, 17953856, 34532273, 26908739, 1869175991, 27511129, 478507889, 482809843, 488919588, 1698603, 1499595969, 29843583, 3402285, 27540408, 1376547, 338991, 16409470, 18001040, 338888, 342047, 1469152282, 18001009, 1492862607, 31260314, 481000109]"
817109703,施特劳斯父子全集,"除爱德华之作品，俱已全录无阙。然疏怠归类矣。
一、老约翰·施特劳斯
1.圆舞曲
2.波尔卡
3.加洛普
4.进行曲
二、约瑟夫·施特劳斯
1.圆舞曲
2.波尔卡
3.进行曲
4.加洛普
5.四对舞
三、爱德华·施特劳斯
1.波尔卡：Op.45、70、108、112、221、228、238
2.方阵舞曲：Op.14、134","['古典', '古典']","[464867394, 464867395, 464867396, 464867397, 464867398, 464867399, 464867400, 464867401, 464867402, 464867403, 464867404, 464867405, 464867406, 464867595, 464867596, 464867597, 464867598, 464867599, 464867600, 464867601, 464867602, 464867603, 464867604, 464867605, 464867606, 464867607, 464867608, 464867609, 464867610, 464867611, 464867612, 464867613, 464867614, 464867615, 464867616, 464867617, 464867618, 464867619, 464867620, 464867621, 464867622, 464867623, 464867624, 464867625, 464867626, 464867627, 464867628, 464867629, 464867630, 464867631, 464867632, 464867633, 464867634, 464867635, 464867636, 464867819, 464867822, 464867823, 464867824, 464867825, 464867826, 464867827, 464867828, 464867829, 464867830, 464867831, 464867832, 464867833, 464867834, 464867835, 464867836, 464867837, 464867838, 464867839, 464867840, 464867841, 464867842, 464867843, 464867844, 464867845, 464867846, 464867847, 464867848, 464867849, 464867850, 464867851, 464867852, 464867853, 464867854, 464867855, 464867856, 464867857, 464867858, 464867859, 464867860, 464867861, 464867862, 464867863, 464867864, 464867865, 464867866, 464867867, 464867868, 464867869, 464867870, 464867871, 464867872, 464867873, 464867874, 464867875, 464867876, 464867877, 464867878, 464867879, 464867880, 464867881, 464867882, 464867883, 464867884, 464867885, 464867886, 464867887, 464867888, 464867889, 464867890, 464867891, 464867892, 464867893, 464867894, 464867895, 464867896, 464867897, 464867898, 464867899, 464867900, 464867901, 464867902, 464867903, 464867904, 464867905, 464867906, 464867907, 464867908, 464867909, 464867910, 464876253, 464876254, 464876255, 464876256, 464876257, 464876258, 464876259, 464876260, 464876261, 464876262, 464876263, 464876264, 464876265, 464876266, 464876267, 464876268, 464876269, 464876270, 464876271, 464876272, 464876273, 464876274, 464876275, 464876276, 464876277, 464876278, 464876279, 464876280, 464876281, 464876282, 464876283, 464876284, 464876285, 464876286, 464876287, 464876288, 464876289, 464876290, 464876291, 464876292, 464876293, 464876294, 464876295, 464876296, 464876297, 464876298, 464876299, 464876300, 464876301, 464876302, 464876303, 464876304, 464876305, 464876306, 464876307, 464876308, 464876309, 464876310, 464876311, 464876312, 464876313, 464876314, 464876315, 464876316, 464876317, 464876318, 464876319, 464876320, 464876321, 464876322, 464876323, 464876324, 464876325, 464876326, 464876327, 464876328, 464876329, 464876330, 464876331, 464876332, 464876333, 464876334, 464876335, 464876336, 464876337, 464876338, 464876339, 464876340, 464876341, 464876342, 464876343, 464876344, 464876345, 464876346, 464876347, 464876348, 464876349, 464876350, 464876351, 464876352, 464876353, 464876354, 464876355, 464876356, 464876357, 464876358, 464876359, 464876360, 464876361, 464876362, 464876363, 464876364, 464876365, 464876366, 464876367, 464876368, 464876369, 464876370, 464876371, 464876372, 464876373, 464828057, 464828058, 464828059, 464828060, 464828061, 464828062, 464828063, 464828064, 464828065, 464828066, 464828067, 464828068, 464828069, 464828070, 464828071, 464828072, 464828073, 464828074, 464828075, 464828076, 464828077, 464828078, 464828079, 464828080, 464828081, 464828082, 464828083, 464828084, 464828085, 464828086, 464828087, 464828088, 464828089, 464828090, 464828091, 464828092, 464828093, 464828094, 464828095, 464828096, 464828097, 464828098, 464828099, 464828100, 464828101, 464828102, 464828103, 464828104, 464828105, 464828106, 464828107, 464828108, 464828109, 464828110, 464828111, 464828112, 464828113, 464828114, 464828115, 464828116, 464828117, 464828118, 464828119, 464828120, 464828121, 464828122, 464828123, 464828124, 464828125, 464828126, 464828127, 464828128, 464828129, 464828130, 464828131, 464828132, 464828133, 464828134, 464828135, 464828136, 464828137, 464828138, 464828139, 464828140, 464828141, 464828142, 464828143, 464828144, 464828145, 464828146, 464828147, 464828148, 464828149, 464828150, 464828151, 464828152, 464828153, 464828154, 464828155, 464828156, 464828157, 464828158, 464828159, 464828160, 464828161, 464828162, 464828163, 464828164, 464828165, 464828166, 464828167, 464828168, 464828169, 464828170, 464828171, 464828172, 464828173, 464828174, 464828175, 464828176, 464828177, 464828178, 464828179, 464828180, 464828181, 464828182, 464828183, 464828184, 464828185, 464828186, 464828187, 464828188, 464828189, 464828190, 464828191, 464828192, 464828193, 464828194, 464828195, 464828196, 464828197, 464828198, 464828199, 464828200, 464828201, 464828202, 464828203, 464828204, 464828205, 464828206, 464828207, 464828208, 464828209, 464828210, 464828211, 464828212, 464828213, 464828214, 464828215, 464828216, 464828217, 464828218, 464828219, 464828220, 464828221, 464828222, 464828223, 464828224, 464828645, 464828646, 464828647, 464828648, 464828649, 464828650, 464828651, 464828652, 464828653, 464828654, 464828655, 464828656, 464828657, 464828658, 464828659, 464828660, 464828661, 464828662, 464828663, 464828664, 464828665, 464828666, 464828667, 464828668, 464828669, 464828670, 464828671, 464828672, 464828673, 464828674, 464828675, 464828676, 464828677, 464828678, 464828679, 464828680, 464828681, 464828682, 464828683, 464828684, 464828685, 464828686, 464828687, 464828688, 464828689, 464828690, 464828691, 464828692, 464828693, 464828694, 464828695, 464828696, 464828697, 464828698, 464828699, 464828700, 464828701, 464828702, 464828703, 464828704, 464828705, 464828706, 464828707, 464828708, 464828709, 464828710, 464828711, 464828712, 464828713, 464828714, 464828715, 464828716, 464828717, 464828718, 464828719, 464828720, 464828721, 464828722, 464828723, 464828724, 464828725, 464828726, 464828727, 464828728, 464828729, 464828730, 464828731, 464828732, 464828733, 464828734, 464828735, 464828736, 464828737, 464828738, 464828739, 464828740, 464828741, 464828742, 464828743, 464828744, 464828745, 464828746, 464837175, 464837176, 464837177, 464837178, 464837179, 464837180, 464837181, 464837182, 464837183, 464837184, 464837185, 464837319, 464837320, 464837321, 464837322, 464837323, 464837324, 464837325, 464837326, 464837327, 431958220, 35845797, 35845791, 2540213, 35845804, 452324541, 431395856, 4430103, 4429999]"
5397465729,-Ambient piano|Neo-classicism -,"January 17 1952 - March 28 2023

Ars longa,vita brevis.Art is long,life is short.
艺术千秋，人生朝露。

ᴵᶠ ᴵ ⁿᵉᵛᵉʳ ˢᵉᵉ ʸᵒᵘ·ᵍᵒᵒᵈ ᵐᵒʳⁿⁱⁿᵍ / ᵍᵒᵒᵈ ᵃᶠᵗᵉʳⁿᵒᵒⁿ/ ᵍᵒᵒᵈ ⁿⁱᵍʰᵗ. ​​​
如果以后再也见不到，祝你早安/午安/晚安。

P.s.部分歌曲搬运合并自爱豆-柴北- 氛围钢琴歌单『15』-『20』

封面：坂本龙一","['夜晚', '轻音乐', '古典', '古典']",[]
483697928,【古典】将何慰幽独，赖此北窗琴。,音乐常使死亡迟延.,"['欧美', '古典', '治愈', '古典']","[26883751, 26915225, 1060914, 1497021538, 1060910, 22543917, 18000657, 18001022, 1415254, 25842621, 1361298714, 465074993, 18001034, 1375805, 1779120, 5298975, 5298979, 5298984, 5299100, 5299102, 27117854, 1060923, 1060955, 1294322, 27708297, 1778976, 5164954, 24913054, 5105959, 1060917, 26908739, 25954382, 401833884, 27471609, 5276799, 25769028, 25769032, 5164947, 1779136]"
5280468048,莫扎特小夜曲 （Serenade Mozart）,"莫扎特创作了很多小夜曲，按作品编号区分，至少有13首，其中最著名的Sernadein G,K.525,即No.13，弦乐小夜曲。","['古典', '清新', '古典']","[535969963, 535969964, 535969965, 535971181, 527742921, 527742920, 527742919, 527742918, 527742917, 527742916, 527742915, 20802487, 20802486, 20802485, 20802484, 20802483, 20802482, 20802481, 465638088, 465638087, 465638086, 465638085, 465638084, 465638083, 465638082, 465638081, 465638080, 417688237, 417688236, 417688235, 417688234, 417688233, 417688232, 417688231, 32689417, 32689416, 32689415, 32689414, 32689413, 32689412, 32689411, 574532554, 574532553, 574532552, 574532557, 574530786, 574530785, 574530784, 574532556, 574530783, 574532555, 508104745, 508104744, 508104743, 508104742, 508104741, 508104740, 508104739, 508104738, 29155257, 29155256, 29155255, 25901796, 25901797, 25901789, 25901798, 25901801, 25901799, 25901800, 1459858965, 1459858966, 1459855987, 1459855988]"
