5317296029,你很可爱 不是cute 是could be loved ♥︎,"希望你喜欢的人恰巧也喜欢你♡︎
希望你每次考试都能有进步♥︎
希望你常在换季的衣服里发现花剩的零钱♡︎
希望你在下雨天时路上的空车都不拒载♥︎
希望你新尝试的美食总比想象中的更好吃♡︎
希望你的心情永远像周五的下午♥︎
希望你永远活的像个孩子 ♡︎","['流行', '放松', '地铁', '地铁']","[2089977009, 2085776151, 2045124188, 1454732243, 1963176984, 1932593070, 1924902178, 1906234942, 1412013401, 545009030, 1472907048, 1875941511, 1463451619, 1867183963, 1465548364, 1417558044, 1492584510, 1822221871, 1421208219, 421531, 1804971143, 1442243751, 1806096161, 1812937356, 1812270796, 1500152567, 1811408619, 1488331245, 1498076242, 1807220266, 1804329525, 1501938644, 1805930274, 1458419969, 1366554054, 27984071, 1805377890, 1407551473, 1803481943, 1477837938, 1427900609, 419594140, 1372552573, 1321385420, 1420819780, 1433413470, 1464125510, 1452413330, 1404511131, 1463165960, 1459232593, 1488990357, 525324784, 545272449, 1473922862, 516240264, 28126835, 552594869, 1323343180, 1416378346, 1336789981, 1392174097, 1489681309, 1365461660, 1497750303, 1481644308, 573615289, 1500569811, 1465046860, 1435253178, 524148990, 1463453043, 1445556953, 1370378324, 1470721593, 1352002513, 1304405633, 1391638888, 135026]"
8753101410,23 Sep.24 地铁单环,Way to school ing…,"['地铁', '欧美', '流行', '地铁']","[1494714125, 29561525, 29009655, 2002411, 29572513, 1991240681, 1490999365, 1489257173, 1343492095, 28977745, 516818337, 1803546400, 19292852, 1322780845, 1990191997, 1382576173, 1990192692, 32924130, 29572510]"
153197818,我不是个坏人吧,很杂 很乱的歌单.,"['华语', '地铁', '流行', '地铁']","[2103022928, 2061978961, 2098231553, 378373, 1851715422, 1325711261, 27747326, 2014019634, 2048371124, 2052441038, 2045141907, 1873288707, 2066654616, 1306112195, 2057625662, 1988564487, 2046829307, 2050391293, 26545309, 2049512697, 1406653869, 1984475097, 209108, 1303027499, 208963, 421423806, 30431367, 1449822900, 29747526, 2023954033, 1428767920, 1356657763, 2019507788, 1823210482, 1942594143, 287057, 1494941747, 28068785, 1432968475, 1962364527, 1962060364, 1868874994, 1920611687, 1486470906, 865632948, 1480380028, 38679524, 247807, 1384667255, 1417103092, 1501587268, 1845452960, 530986175, 1970392508, 1402386282, 1948200167, 1463774251, 29850683, 1975290447, 167732, 1901319325, 1858811233, 86943, 1401671455, 1805175448, 1932464291, 1321399207, 1840490719, 1945262840, 1471806875, 1923184888, 156820, 1939898238, 1939138574, 3716423, 1922888354, 1817995541, 1923927650, 1929025019, 340376, 461858648, 1887917182, 1909021556, 141290, 1840450059, 483378334, 1890714308, 1886416691, 1430319727, 65533, 1888915574, 150565, 1876436782, 488249475, 1842765421, 1857630559, 1826189041, 1488990357, 108154, 1842025914, 1475739400, 1481676871, 1388005009, 1453957944, 1815389717, 1812937356, 1303019367, 1611000, 864498975, 1433039939, 108983, 1436117704, 1449416890, 1306848266, 1495399226, 1423417559, 1374606163, 1487528112, 1336856498, 1295724562, 1311709143, 209586, 311014, 1471285412, 865021614, 255589, 1343731992, 1413374583, 1367485724, 150667, 1440443944, 1459485336, 1349279287, 1383639, 1433285800, 1450083773, 1455987606, 1375640677, 526116053, 1416378346, 26425118, 465921195, 33004710, 864517742, 518094392, 1334499416, 1358881544, 1387183835, 410161452, 35625824, 167850, 406475394, 1320100120, 562118482, 1326219439, 1355147933, 1335968312, 249332, 466306577, 1316921651, 1359672637, 350566, 1369601580, 1370047789, 209758, 4873594, 1309130038, 1359356908, 473873431, 460043703, 287398, 1307376239, 208958, 502103677, 513360721, 536483221, 522510615, 514761281, 529747142, 504425882, 448749148, 31721606, 29759733, 35678875]"
5450204083,绝对不想错过的外语歌,歌单中的外语歌为当代流行和经典歌曲,"['散步', '地铁', '快乐', '地铁']","[20310407, 1938756186, 445665093, 1401302505, 1380022214, 469249168, 1490987790, 451703096, 28959074, 406475394, 30212890, 472045959, 1817576399, 27984264, 447925342, 1493077219, 36307815, 431610014, 1459232593, 550936829, 1873321491, 545947135, 29966565, 36496695, 536513830, 25657526, 1388433823, 29412405, 1923927650, 406407033, 28411642, 521416693, 1376075781, 1313584359, 1435828582, 1426238141, 1440570723, 1890494798, 1852665376, 5179543, 1387600572, 35301130, 528326686, 1335330283, 1467363772, 1805317558, 32835377, 1297841, 1359663981, 1383205688, 1416378346, 30064351, 492145159, 1813987184, 17939827, 5253801, 16232697, 31090820, 467952465, 28308080, 417043707, 1843319489, 1304402380, 1347133940, 29747517, 512621132, 27731486, 31356499, 491271737, 4132379, 31081299, 553479159, 37955047, 31477895, 1296583206, 28949226, 26902923, 1415805511, 504265014, 524148990, 472361096, 34228719, 420922950, 32574252, 552448704, 465675773, 1857484627, 409872465, 529391087, 28095742, 1610477, 423228325, 1864245483, 461518855, 30841076, 1823216550, 511678913, 28635835, 37240629, 33071205, 17753288, 1425209771, 1396488606, 29535349, 37092830, 27583305, 411314681, 461544312, 509728806, 444324644, 28411003, 1369828361, 402070513, 543987451, 29732929, 1351426724, 4433364, 1308782023, 21157332, 482246882, 501220770, 424155394, 1449537557, 1331708845, 498880297, 1830225972, 1404710756, 1809910902, 1478322298, 1347312292, 16959121, 35307062, 1339216146, 428375694, 1396365414, 399354184, 400162399, 409647388, 552366521, 1393230495, 566977275, 1407470464, 18161816, 28923131, 1456959717, 507585218, 1303027439, 1474912883, 28952146, 1494985963, 1303046498, 1356146948, 1483724289, 1492792890, 1830419924, 1432101409, 1399054231, 1296706520, 35513027, 417859039, 1333186383, 1406670485, 485612576, 31311695, 28923579, 4386589, 28476557, 1344644402, 1401075289, 1439181436, 1320544645, 28639182, 1299557938, 463160100, 38592976, 475072054, 33111556, 1432632388, 1444426834, 1338490248, 1457707546, 1495845516, 31789010, 1470939756, 1379719396, 493551129, 19542337, 1383729792, 441491410, 442562232, 494865824, 480426313, 1391234038, 27759600, 506726178, 456370693, 431855270, 1407268967, 545350938, 1393789519, 36990266, 441491080, 456185577, 401249910, 412951708, 32019002, 33035611, 409916250, 24953439, 500410102, 30953009, 1473560238, 464373438, 473817398, 1424447865, 16483438, 406072775, 437909145, 1404511131, 427542143, 37653063, 458725081, 1297498908, 439121233, 400876320, 29480187, 1373168742, 440208643, 448749148, 463352828, 28718313, 426291544, 1306507078, 1374329431, 1384450197, 1486631924, 536622304, 461347998, 418602088, 1477769124, 4038411, 411214053, 1478568147, 440208476, 31010566, 1401671455, 2526625, 1355147933, 1453911130, 1431866827, 1428598981, 1397573144, 1400010923, 1423241987, 28577062]"
8863257904,徐徐则达bgm,"播客「徐徐则达」bgm集合
share with u","['轻音乐', '工作', '地铁', '地铁']","[1480274234, 27579168, 27579143, 33166127, 862100842, 1381791700, 1855487830, 1853242262, 1463615238, 516358164, 27874327, 437859675, 27598891, 1968869187, 592701, 22453832, 1312596791, 3159069, 1470154871, 1982988968, 19438337, 1413075758, 28287132, 1821477965, 1928444184, 26621690, 1323304914, 26624709]"
641191678,杭州地铁一号线，越听越心碎,"可能是最全的杭州地铁网易云音乐涉及到的歌曲，为了看这地铁评论坐了两轮地铁，如果有遗漏请告诉我

**在杭州的朋友想体验的话，坐一号线，在站内等几趟过去，车厢内都是红色的就是啦，只有一趟车才是哦**","['地铁', '流行', '伤感', '地铁']","[441612583, 25949873, 458725738, 5281327, 189236, 66842, 18658931, 25706285, 254041, 300129, 35403523, 4083399, 412902075, 368757, 22450237, 395414, 386844, 31517567, 347758, 27556211, 29950374, 139357, 32628933, 27808044, 209238, 26217406, 394618, 139774, 316938, 186160, 326740, 4102682, 29431066, 209155, 29567189, 27646199, 65538, 27896982, 28285910, 28702321, 28695291, 5050339, 79938]"
638597288,杭州地铁戳心刷屏乐评歌曲大合集,"旅程没有音乐和故事就太寂寞。
2017年3月20日，网易云音乐联合杭港地铁发起“乐评专列：看见音乐的力量”活动，承包了一列车，和一个地铁站，用那些戳心的评论，让你看见音乐的力量。
（歌曲根据网络图片整理，活动持续时间为一个月）","['流行', '地铁', '孤独', '地铁']","[456185374, 22450237, 458725738, 186160, 31284429, 209155, 185699, 34923114, 464647435, 465921227, 25906124, 417596830, 186149, 467094566, 186001, 329371, 33248189, 421423806, 27955653, 27646199, 436514312, 38576323, 29567189, 394618, 65538, 316938, 28285910, 386844, 168089, 5050339, 79938, 28702321, 83061, 18658931, 27759600, 31445772, 857896, 5079881, 25949873, 3023863, 328169, 20707713, 448620375, 300129, 26217406, 31517567, 368962, 28263911, 4083399, 27556211, 29950374, 27808044, 32628933, 412902075, 1210496, 368757, 17241518, 35403523, 139357, 209121, 209238, 66842, 254041, 347758, 27896982, 453927759, 4102682, 29431066, 139774, 445867337, 189236, 28695291]"
906491791,张艺兴唱过的歌的原曲,"张艺兴在各种场合 唱过的其他人的歌
有的不是原唱，因为在这里找不到原唱的版本ｸﾞｯ!(๑•̀ㅂ•́)و✧
别去原唱的歌里提艺兴，谢谢！","['KTV', '地铁', '流行', '地铁']","[108251, 387823, 294399, 82453, 1962386325, 257528, 192159, 1350429618, 109196, 518686034, 156040, 280175, 190495, 5274412, 5256103, 566442172, 400162028, 97357, 1962191041, 197151, 110773, 163123, 1428401120, 1786869, 21534286, 1392990601, 1304261116, 351271, 25643328, 1293886117, 186315, 276330, 151391, 170749, 193168, 280220, 108478, 409302036, 60267, 518077030, 150619, 267215, 234867, 236396, 77825, 29023632, 144148, 187134, 281072, 26222226, 299264, 277302, 28605055, 25642129, 168116, 346075, 25643327, 354588, 375356, 150623, 28314060, 167912, 470573565, 376312, 96888, 156034, 147258, 328002, 176813, 554191055, 239188, 122376, 145754, 29932432, 25643275, 108950, 5245506, 188057, 5276250, 108886, 114741, 399353833, 170352, 29898060, 189094, 87937, 31877628, 276995, 366752, 409646419, 30967003, 26601005, 28427739, 323721, 195373, 162664, 109237, 5267163, 1518938, 139808, 26144177, 25643359, 186385, 106368, 276999, 5269082, 5263124, 186160, 177419, 25641853, 186055, 22509038, 33004975, 190352, 29723024, 176999, 4322894, 993168, 290292, 29375132, 4443777, 26484507, 509512939, 129009, 108792, 108958, 196127, 5280097, 25642707, 25642121, 63968, 139764, 64331, 4878122, 1697653, 4878615, 499957706, 193203, 70447, 25641848, 27552544, 145593, 387603, 484311956, 22845902, 398052, 108795, 4878616, 247579, 25640793, 5263408, 186560, 186181, 150617, 395648, 29723035, 276902, 28524458, 5376506, 36198176, 434974631, 185809, 139893, 108918, 206771, 362875, 26562231, 22813728, 276316, 26608741, 92986, 150430, 5263493, 110573, 2534006, 25641863, 34601665, 114149]"
8117672814,【Subway Surfers】地铁跑酷原声带,"地铁跑酷游戏原声带(持续更新)
跑酷玩家们不妨点个收藏。","['流行', '地铁', '游戏', '地铁']","[2060605161, 2060605189, 2060592117, 2049745199, 2019257010, 2009561821, 2009574517, 2049745212, 2009555594, 2013977951, 2009574515, 2009555593, 2049745159, 2009579225, 2013977954, 2010795848, 2009561870, 2013977948, 2009574516, 2013978645, 2009561871, 2010795847, 2013973626, 2013978652, 2013978633, 2013978639, 2013977943, 2013977947, 2013977949, 2013977952, 2013977903, 2013978634, 2013977961, 2013978636, 2013978653, 2013973570, 2013978643, 2013977897, 2013973573, 2013978642, 2013977945, 2013978641, 2013977936, 2013977895, 2013977894, 2013978638, 2013978654, 2013977950, 2013978637, 2013652875, 2007365412, 2007365402, 2014290371, 2014291326, 2014290377]"
785362738,高质量英文歌 每一首都值得单曲循环,"这些歌，调大耳机
一个人听，全世界都是你的！","['欧美', '流行', '地铁', '地铁']","[28310472, 1855739521, 31311940, 1824713569, 1476641676, 2027161167, 2075689392, 1357742834, 1857413029, 1833438500, 1840502945, 1496793726, 1993339875, 1948606963, 1968869187, 1894024620, 1941657144, 2021343439, 1300595030, 21849334, 1368028896, 1390195144, 1500151640, 1450307968, 1955870363, 1463774251, 1915790508, 1923374168, 544151692, 1878134299, 1885074740, 1482889283, 1882669038, 1859245776, 28493605, 1498778337, 445703269, 1366570351, 533017528, 1405069977, 1433256980, 1362813974, 426291544, 1468928651, 1464325108, 20707408, 1436266173, 1386040072, 1318088761, 1375853444, 1381706037, 27984264, 1338443147, 1351664230, 26884812, 863515869, 28208046, 488965395, 527425908, 438462538, 3949386]"
7424953375,鬼听了都要吓死的音乐,"鬼：￥%&*!?(&%@!#￥%&*!@#$%&*
标题简写：鬼畜BGM","['夜晚', '地铁', '兴奋', '地铁']","[544274399, 30431278, 29775322, 502327257, 1402886175, 1496713411, 505494336, 510021516, 31168303, 404460039, 36471573, 412175217, 407039065, 27890645, 448317040, 1852267527, 1864321730, 27570832, 1804585632, 1840459406, 31654779, 1434062381, 1374086946, 483024749, 349260, 33737083, 277673, 29829703, 27853752, 34999431, 4971469, 268508, 410710413, 333750, 29418974, 33024005, 30148802, 29819850, 33190753, 1294924781, 1318842799, 34280143, 27896814, 1301574905, 5242612, 28029828, 33190754, 177453, 33510761, 431096392, 109178, 1855080368]"
46205389,我拥有的都是侥幸啊我失去的都是人生,你看过凌晨两点的街道吗 / 你知道下一站是谁会上车站在你旁边吗 / 想经历的事情快去经历 / 想遇见的人快去遇见 / 趁时间 还早 / 你该拥有更多,"['地铁', '散步', '地铁']","[1919322135, 1943455918, 189688, 2006630435, 2053573377, 4877408, 4872531, 139371, 316100, 1803434981, 1492319444, 1490093393, 4873813, 277820, 1425626819, 38679524, 1432492654, 528326686, 1355896807, 436016777, 1404531626, 349079, 209494, 351037, 1413183374, 1392925633, 31545736, 27591608, 1375514229, 1313781571, 1342798229, 1340699001, 412175360, 85571, 1331819951, 1299424231, 532776368, 1322600749, 437290277, 150619, 492834292, 546724301, 492834289, 544734530, 547976249, 1297743194, 526464145, 573168813, 548556869, 108740, 574919767, 484755757, 28524619, 1330348068, 518863348, 509518010, 399341255, 482999696, 504266002, 490595927, 435166257, 85449, 390892, 29755139, 247491, 473571905, 489998494, 488647855, 355995, 168261, 471403427, 469073905, 29593805, 28661452, 407679465, 112766, 204076, 114741, 431357712, 25794009, 185157, 185156, 185149, 425298905, 424262348, 415793625, 400075295, 108254, 287041, 419115053, 36921804, 300062, 32507737, 29732485, 412911786, 29414460, 399354289, 26090100, 26427666, 32619064, 355992, 407002483, 167946, 5257152, 25727803, 186331, 863974, 299116, 299460, 36308000, 399552623, 306662, 39443692, 36587407, 26222425, 33085231, 33987415, 242603, 26830203, 29004400, 29583949, 34179043, 30953546, 32785830, 32785831, 32785832, 31473269, 32102723, 32977520, 32752249, 30431376, 326705, 126946, 67002, 110447, 64922, 191392, 297748, 31152310, 26524408, 32098876, 29814898, 31010515, 386866, 247821, 5247677, 29932082, 30590559, 299601, 326722, 30039636, 29709789]"
7523534623,kpop杂食老人爱听的,一些我喜欢的kpop曲 不分年代不分组合不分热门冷门 就是我想听的 曲曲阳间,"['韩语', '流行', '地铁', '地铁']","[2088473570, 1974911591, 2103817790, 28068785, 1375270512, 2095506622, 2079391232, 2064538132, 2064540104, 2064538129, 2075589279, 1891675133, 467953855, 478049011, 2075591849, 2071245990, 2071243601, 2075591804, 411921133, 450222776, 1393207314, 1481646939, 1899805384, 1837486599, 1987545297, 2040243113, 2037131708, 2040015324, 2040016321, 2042327112, 408532031, 411921135, 28391038, 27896639, 556203085, 1496086378, 1845452960, 2045929604, 2045929603, 2045929602, 2045931417, 1965121848, 1854458612, 1951174587, 1965121882, 29307702, 1996714081, 1436264336, 1996714082, 440317244, 1920863738, 2023956317, 2042927445, 22789469, 26608414, 2025227742, 1904255831, 2018458267, 445844852, 39443131, 28665540, 1932562799, 1932562802, 1370054832, 501220639, 458697072, 35270120, 27804178, 5401768, 28048809, 2014282291, 2007351318, 2007353131, 2007353130, 2007353129, 2007353128, 2007351317, 1960434658, 1923925459, 1478965643, 5301152, 22712107, 469699601, 1422867784, 1354608544, 414979799, 2009587802, 2009587800, 22748306, 28253156, 1415813451, 466343331, 22761945, 22644200, 1989611357, 1944702585, 1981834080, 22833463, 22833465, 27694132, 27676680, 482796512, 1842022715, 2008901013, 1334270184, 495468595, 22845915, 2011567135, 1919514068, 1409341330, 1961529467, 454730915, 1835294738, 435004793, 1996253763, 407007763, 533017605, 2008439179, 461167191, 28768726, 35956186, 409325023, 530057122, 1902224471, 1889721192, 1991152513, 400581140, 1951214168, 1981834840, 1981834077, 1981834076, 1981834841, 1853935868, 1965392666, 1459164699, 1378017748, 1955194614, 1919550166, 1924837512, 31421908, 1999014846, 1938018229, 1999014842, 554244538, 31191712, 32408433, 425280805, 491484150, 1948210797, 28059506, 28306404, 26259935, 1903395653, 33894275, 574925418, 22730466, 26133356, 445845796, 1932562801, 1459169342, 1428746777, 1984544100, 1886090296, 1952507458, 1357116203, 1484052702, 1973633315, 36668149, 1465373723, 1973395328, 1937653472, 1815357121, 410518471, 410519432, 451572027, 1324880131, 443875567, 27090013, 1398853041, 451572030, 1327682787, 1906998208, 1987543370, 1987545298, 1987545300, 1918616320, 1474133393, 1365471642, 22693042, 1407767394, 405599964, 1818068309, 1439148391, 1899087933, 26428002, 1327682785, 1428756125, 5366621, 1337268383, 22669773, 5416299, 5416301, 22789467, 27984996, 28242084, 5366190, 22673551, 1475993250, 474409275, 1903396680, 1444462543, 1380326644, 1906998206, 1363948696, 29750100, 1368592119, 1935204089, 33678726, 22789475, 28283324, 405599963, 28391037, 491950112, 26230519, 25657465, 5415898, 22789468, 495468596, 28613217, 27676681, 16629776, 445844849, 32922450, 22673504, 445844854, 445845798, 22761985, 1332662879, 1411586102, 30854743, 1938036163, 1497586611, 1497588391, 1497586614, 1843726489, 1444462544, 1843731578, 513336124, 1477320161, 1958105903, 1833656268, 1450776084, 427595456, 1336866102, 1465995441, 1875964868, 1331576580, 529391264, 1442013358, 1442010549, 1326027044, 29011143, 1889713513, 526081121, 1843731574, 1843731575, 1932560427, 1857054605, 32102385, 565890626, 30569115, 463840738, 439122254, 573583330, 513336077, 22826935, 29544873, 22826954, 27501949, 441489854, 512358233, 441489852, 473873431, 1316563427, 1912898406, 1874322549, 1351449124, 1894278646, 1353010539, 5348853, 28850659, 522351083, 34072520, 502238344, 1859122258, 35090760, 1920339780]"
2701897767,「粤语」本身就是歌,"富士山下钟无艳
相爱很难我本人","['粤语', '流行', '地铁', '地铁']","[1873049720, 260109, 300771, 299520, 299513, 64317, 29713754, 25769491, 300389, 299255, 1448290483, 1960927199, 215973, 25920714, 330107, 329218, 118083, 25920721, 63650, 328153, 316498, 1807231540, 110191, 306709, 556217593, 213292, 863553296, 28738132, 4875015, 1499456903, 279104, 299950, 390558, 211488, 26902925, 25702170, 25657576, 25657573, 40140642, 40140630, 410338018, 40140625, 40140663, 40140649, 112631, 307166, 40140667, 40140668, 40140666, 40140665, 40140631, 40140633, 40140632, 40140628, 40140627, 40140626, 40140644, 40140645, 40140670, 40140655, 40140646, 36861904, 40140643, 32785335, 86234, 1380100575, 1446233390, 26902928, 213791, 26584453, 112712, 26039327, 1496602290, 1484730187, 212253, 212233, 212430, 212436, 212376, 115162, 27874938, 25638777, 25657578, 26034828, 5276653, 559261010, 1332469336, 28009003, 441612704, 484755733, 28838027, 273405, 1391487677, 94547, 32705017, 65758, 187786, 27483203, 28606100, 524148566, 410338016, 32705019, 235096, 65800, 25639354, 135272, 256066, 1322856516, 40140636, 300571, 437802725, 451473846, 26031148, 1364190366, 555984413, 29844293, 186339, 256212, 81985, 308035, 298655, 26902927, 28234612, 65761, 25640674, 467011305, 400075152, 399364830, 28592545, 433018893, 25703028, 65549, 407927304, 64922, 5265772, 316510, 316938, 316637, 316686, 316486, 316756, 300136, 26353080, 26222533, 66285, 65538, 64797, 308023, 308349, 308166, 299460, 1351743678, 427595574, 299604, 299981, 188555, 234252, 1323303435, 514774247, 65763, 422977993, 308169, 317245, 26034821, 298089, 400075237, 28403108, 1305367734, 33471531, 308003, 308361, 1331292769, 27733321, 27671067, 29759373, 26902929, 224086, 29723421, 28493645, 26402069, 25961003, 234064, 64325, 298495, 307115, 65109, 224131, 224088, 5260326, 331301, 32192072, 25657581, 27591220, 234225, 33991619, 5268106, 5257251, 135219, 316704, 316763, 306845, 298258, 316631, 25702173, 25657572, 406475388, 25639351, 38853722, 28274119, 26429659, 174124, 32235062, 27591218, 298250, 299116, 280389, 65766, 25657575, 298535, 28427258, 5251214, 29431288, 308006, 308043, 273596, 26418879, 297629, 26390030, 279103, 29734353, 25707139, 27483204, 565316982, 571904679, 308402, 88480, 307935, 308010, 308020, 308299, 571340767, 307952, 307963, 25640365, 1299543571, 308413, 565316957, 475277350, 229066, 188384, 316405, 524003256, 529114298, 406737909, 547379430, 112678]"
8836097590,情感说唱，听进你心里,搬运工,"['地铁', '散步', '华语', '地铁']","[1463165960, 1948572170, 1472142718, 1819970423, 1823305772, 1454140144, 1843572449, 1922629725, 1847422867, 1840602372, 1320643450, 1323304761, 489543117, 1826189041, 1426022018, 1815404712, 1359882156, 1467957152, 1393207689, 432430651, 1889951061, 1872177206, 1896102097, 1456659704, 1346892100, 536623272, 1847219367, 495645179, 1481659408, 1335681613, 1308646798, 1481411858, 1441353003, 564346601, 1356527777, 1452413330, 1457071982, 1435967219, 1428200097, 1454142620, 1446396353, 1331331967, 1343299879, 1308601190, 1300221567, 1318308524, 1319908948, 551793766, 1320153377, 504772959, 1326396198, 1347134784, 1294279206, 537627444, 518904086, 548958290, 525959315, 1335306107, 460416819, 465721397, 1323862556, 495648177, 459847590, 479836980, 503819010, 519740950, 446557013, 521890311, 455604999, 516321040, 515606683, 468856479, 1423241987, 1856321417, 488249475, 1402845091, 1433413470, 1844449888, 1849998058, 1413522653, 534554433, 1430000692, 1371046568, 458943753, 405253316, 1321631043, 1312224019, 1417855873, 465183718, 572571728, 1297747300, 541103877, 1336789981, 1415717867, 1345954590, 1426233208, 1313321629, 1325473464, 1308046766, 1326935181, 512418299, 1297747296, 1413460174, 1405751950, 546018504, 1368167652, 1477463225, 525086802, 573382209, 1307170652, 564508589, 485859298, 1296685183, 1323795046, 1331579598, 1413325723, 1331848508, 1358943509, 1356540294, 436668558, 1393537423, 1297743308, 480717661, 446627373, 535842228, 533337542, 1320341933, 571465865, 1361391213, 538920912, 529306041, 517607562, 464976941, 529930900, 1333840480, 543987768, 863895757, 458679017, 1403756319, 1329538017, 1345139464, 472493221, 1306496053, 1402398551, 1351564259, 1402621521, 1404486664, 1309833126, 1317355152, 1393876864, 1326219439, 564677858, 1311638085, 1356613190, 1331819054, 1325711344, 564735933, 1325711347, 455999495, 546279760, 497034035, 525394933, 1334499416, 538227434, 455627696, 554242861, 455304006, 537898138, 515466052, 1335545304, 1331625256, 1366587293, 1349292048, 1342278329, 1298981852, 1295291048, 1311751378, 864100958, 462733038, 1347297664, 1347297663, 1360817545, 1324347162, 1356147383, 1325898847, 1450922074, 498666191, 465920905, 486914259, 1809257812, 551409472, 1295717199, 493784861, 523678346, 1411594726, 1323414620, 446557635, 1394414946, 475073085, 488532353, 419374860, 1302206408, 1365309145, 1345680410, 1358124720, 1302084161, 1337961673, 528094899, 1355933543, 443967885, 1311401375, 489893153, 1313268074, 864647456, 574168788, 1306498832, 525238795, 439138969, 1306497828, 543138663, 553815236, 450801831, 1318571230, 1413312701, 570222857, 1318341307, 1306333181, 501220106, 1297742314, 1372577502, 536622918, 1302901353, 1296583188, 1377519537, 1320308118, 504686979, 502015472, 1350460585, 1313492530, 1361384409, 1415829224, 413074253, 1326708210, 1383211741, 571758505, 431791066, 1373641129, 864181200, 552785382, 468551921, 1324429314, 1326773330, 537541126, 1353226336, 1406364606, 1303119740, 1297747297, 1414663120, 1441001050, 26608973, 517738440, 1351112645, 1423075077, 1411464897, 574928833, 1409283158, 1346629509, 548734830, 1433956170, 1315412367, 28784280, 1319719324, 519207019, 525058010, 486218073, 419376000, 1418209743, 1308702245, 516114636, 555612868, 426341104, 495653502, 1378528775, 413829416, 1359774718, 28830157, 555159547, 1352800686, 498071529, 552594869]"
2792749295,氤氲朦胧 +水汽弥漫 =冷门独特氛围,"音乐对情绪的激发作用不言而喻。用户们携着或激昂或沉郁的情绪，在评论区写出一条条可能是迄今为止感到最为满意的句子。而后接受点赞，评论，更多交互行为的发生。同样的音乐，必然带来相似的共鸣。在这个世界上，心声协鸣，也许是为数不多的能让人们不禁欣喜的事情。因而人群得以汇聚，因而社交开始延伸。在这样的背景下，就开始有一些耐人寻味的现象出现。如果一首歌评论较少的时候，几乎无一例外的，你会发现这样的两类评论：
“这么好的歌为什么不红？”
“希望永远不要红。”

作者：黑嗯
来源：简书","['欧美', '流行', '地铁', '地铁']","[1383073670, 508903290, 552575136, 555731592, 532777195, 448520440, 1363393390, 456175112, 552406947, 1304757270, 1301861955, 863515592, 459733913, 526081106, 509654444, 548551223, 1328289001, 458439635, 1343137578, 1314781050, 28411104, 29747436, 567154981, 481535715, 1316562031, 1325517531, 501214883, 1356668467, 534781575, 556207171, 865055668, 474574069, 1323301701, 1325453694, 1306566284, 27984200, 487590996, 436501918, 436669107, 494093412, 536623709, 521417306, 454966197, 1368707930, 566443100, 33166847, 526464864, 1306600386, 519935442, 573684317, 1311826926, 27885046, 463352535, 1296158886, 1298111914, 1384309146, 411907430, 469699312, 548339646, 492151768, 567146006, 28411103, 555974146, 556360152, 1332718577, 570161652, 28411096, 27853421, 519315403, 564307692, 28263186, 506155440, 1775585, 503020032, 514403012, 1352831754, 554169473, 556053562, 1325349676, 499793766, 435289210, 502448876, 554169128, 1306180528, 554191739, 865113629, 28524492, 488215175, 493752697, 1309544092, 1353221535, 529391968, 481535675, 417043085, 509456442, 504717992, 415904369, 400876030, 477823202, 557557123, 553813185, 1336871733, 1355150031]"
8786376240,跑步健身专用,燃脂健身 提升专注,"['地铁', '清晨', '放松', '地铁']","[437802479, 4172700, 1435661824, 1417055605, 1364530152, 545947135, 1387559099, 36990266, 418602088, 436487129, 444269135, 442605343, 31311695, 423228325, 1966875047, 1384450197]"
2560016304,谁说翻唱不好听,最美好的事都在四月。,"['华语', '流行', '地铁', '地铁']","[1933805488, 1984888642, 1969166478, 1945417412, 247936, 1852509743, 1878090992, 1876116226, 1831090063, 1813081266, 1817344764, 1416028934, 1459023707, 1407272627, 1382616408, 1386887580, 25723157, 1364616970, 1319434339, 1371382518, 1378032998, 1339648907, 1372563619, 1381755293, 1382531328, 1370494291, 1306964229, 1359026694, 1382411919, 1313951459, 1375944176, 1357704311, 1379416556, 427610313, 1355915493, 1354291617, 1336232702, 1379456709, 33920046, 1372796676, 1372970873, 1373217642, 1309130038, 476659144, 525251348, 1305187415, 1308087895, 1312993764, 524040278, 1342319420, 1321385420, 523574080, 1353785994, 1337325783, 1367032181, 1353240143, 863909439, 862972339, 564247993, 1296590092, 1351743204, 1343756008, 558213187, 1297776105, 864043623, 1335809275, 863233827, 1336096912, 574679824, 1337583892, 1343056168, 1345789048, 434052447, 526733895, 1343420262, 1300104011, 1343448972, 1337133273, 1331977945, 1331997081, 546261156, 453413861, 1308348956, 863430978, 416388594, 546883280, 463177739, 1295945614, 547170991, 462231369, 504677806, 1301909440, 516571913, 567999629, 454556146, 564247897, 409654891]"
8795229759,也许是宿命吧,无,"['流行', '夜晚', '地铁', '地铁']","[156736, 3956911, 2085727585, 40147554, 2041026502, 1328921249, 4876202, 208891, 29713754, 1479003964, 571340283, 28181103, 1403318151, 2033080138, 2087070788, 1808066043, 417859631, 30612793, 2090427771, 1366053680, 1463165983, 1931994283, 566521546, 436346833, 1397345903]"
7692490632,Lo-fi轻音乐｜直击心灵的纯音歌曲,这一杯我敬你，敬你漫不经心走进我的生命，不动声色的毁了我的生活，干了这杯，关于爱情，我只字不提！,"['轻音乐', '学习', '地铁', '地铁']","[1919499125, 1816258891, 1965902593, 1811895987, 1919493804, 1919494486, 1853533773, 1915537900, 520458829, 1910694841, 1853541987, 1467240495, 1387659186, 1849725373, 1424537126, 1348688293, 481859544, 487379321, 493646459, 1443022767, 1826254048, 1306507078, 442315653, 1416430733, 1912031798, 1873518697, 1458114010, 489997708, 542368062, 1411861154, 1430751658, 446732031, 481859485, 504264247, 1379215363, 1378992061, 541249555, 1430376071, 1413460561]"
986631253,蛋泥把车票放在了列车上,年轻又老派 未来行向过去的列车上,"['旅行', '地铁', '散步', '地铁']","[2100624065, 2102096136, 2070151218, 1495251587, 426194887, 32194493, 417859894, 1853157133, 18533516, 1353652006, 1970396862, 1609689, 1944896276, 1918602772, 1420921390, 1433622389, 1930432665, 1307980963, 1480464763, 18319259, 1342954269, 1422619975, 1843153674, 1365898307, 1843153675, 1398631168, 1496237784, 1909248796, 1481691188, 1907532649, 355995, 406072144, 1811283484, 5057820, 1874252731, 1448065437, 1855330749, 1812782433, 1403218555, 2417305, 1380104337, 1466523553, 1492523149, 33211435, 443277102, 1376078579, 1411777368, 1860234968, 1860234945, 1885119281, 1443007152, 1865115503, 1805049213, 1816763313, 1811184097, 1823923714, 1447930796, 1460783523, 1481575515, 5197756, 1818201305, 1439094767, 27145774, 28068737, 1396283498, 1311918479, 419254248, 445143339, 1474558152, 1366433094, 30051774, 1501510275, 1482694343, 33538371, 459925111, 1399139960, 1402872969, 1296410412, 1481257210, 1374552057, 1459783374, 1494741623, 2091050, 143750, 28587843, 1413443460, 19032293, 1312061178, 1471939378, 1451170107, 1441263741, 1487478840, 1387555989, 1384264596, 1481691179, 1483402951, 1466180492, 539982581, 1441156571, 1361757289, 445666571, 1482114551, 1482113525, 1312889227, 506094845, 1450864383, 19644630, 1454556038, 394670, 524149030, 3258712, 1442320451, 22493814, 1441233819, 527520157, 1350625613, 454698269, 1312889593, 525721542, 1408886214, 1425042907, 1415767465, 1307980967, 1389015617, 1382167572, 1338565343, 1370468309, 1376076755, 17822809, 1381365377, 1349877086, 865048221, 1356146948, 18943479, 1405247684, 1368775341, 1375853444, 1386968094, 1405062386, 1333335582, 18828737, 1337018730, 1354430657, 16835619, 1357815628, 473740148, 1333335577, 1380238621, 518093113, 28662030, 1356040130, 1354428828, 863424055, 1387576417, 1334329157, 1377565684, 507795374, 511332125, 552448704, 554146664, 1322229104, 554241255, 529998780, 31421601, 25677992, 1376078574, 1376076714, 1376076712, 31421599, 27160966, 1378273266, 441491108, 454595485, 566442444, 1317116094, 1376078581, 1376078580, 29600033, 1374061348, 1329126050, 1343492095, 1340542809, 525278462, 563840366, 484249739, 445702285, 553899132, 444269905, 1322227240, 3884715, 1370945576, 1368775337, 1368694885, 471566365, 17240039, 25787013, 1342552171, 526525312, 543798138, 348001, 1365856903, 484141296, 1347297664, 494407929, 573581502, 1311540346, 4225938, 1313324830, 431259773, 1336864105, 1336871406, 1322095689, 31246692, 28267932, 19549466, 501456603, 357421, 357424, 1306497265, 862098090, 28425414, 1351219081, 1355149437, 19455185, 1297486218, 475070014, 18137261, 18969070, 29554393, 467665047, 37820828, 445154882, 1326805186, 1322229106, 511332123, 543798136, 26524153, 21117932, 544346029, 1345838496, 1296626427, 455311432, 1336864844, 1321760184, 552448606, 1334328287, 1334811366, 17572330, 501133405, 1303027654, 1293953338, 1296419869, 497559523, 1630905, 1299557101, 555974036, 862098264, 544246743, 410338573, 28864687, 18969212, 574852415, 1333335583, 1334809687, 438456230, 1294889948, 516020645, 519342918, 520143633, 513502782, 1302269502, 1313326002, 421563050, 511332129, 502455447, 1298432432, 1297810527, 1300423071, 573540544, 91297, 481853481, 484732217, 1317410848, 1309796582, 18611546, 32619207, 28875127, 19851816, 27984273, 17910223, 1306385781, 31246680, 403822095, 17910205, 472018909, 441489115, 28310702, 32451560, 21792978, 17214000, 1313325998, 32317062, 29343273, 35528280, 17974936, 34045604, 35528276, 1762230, 185726, 519342927, 1310906489, 31421330, 1294378245, 428642135, 442869475, 26306527, 28432684, 410338580, 485992673, 557557186, 449239668, 1307615585, 1306507665, 428642132, 19449762, 518177873, 460043709, 28188176, 555974038, 4152989, 528272101, 1298432441, 1298432428, 530967657, 28193020, 36307219, 2638914, 18969207, 26314079, 407699922, 135111, 1782745, 28259367, 511332128, 439076170, 17565977, 433018867, 31246689, 27472194, 29600032, 1294817453, 28753605, 498251467, 511332130, 454438064, 557623644, 864100748, 863515890, 863515891, 544553108, 421807033, 481691823, 563586078, 574648365, 862099084, 573711052, 479403037, 542667209, 1300287, 405599119, 31426735, 420154641, 418550479, 417911175, 18969336, 29796679, 569214321, 557584182, 570350029, 570350028, 464508464, 21117920, 26345374, 524003175, 414586427, 446557635, 64634, 19290835, 17578670, 20489831, 525358257, 21162695, 524290443, 525112247, 1650691, 35617244, 554200153, 554200163, 29482355, 1299919, 484365842, 19192103, 548785552, 459733917, 34144943, 16426514, 27906325, 26441613, 5113327, 32192199, 516610048, 31517325, 27907492, 93405, 543798133, 27533012, 17572296, 28830157, 447279413, 410801684, 484700238, 545414866, 547265119, 522528438, 28482391, 28692519, 547229078, 489037213, 21799800, 987092, 29717076, 35528281, 477936925, 28413830, 454698357, 521418812, 421423205, 86470, 521955367, 540729713, 448917211, 425136158, 515579427, 456175323, 526116053, 501133802, 29775437, 501133798, 442869472, 533392794, 28472665, 31246688, 28912892, 475221023, 31010336, 27460442, 530202011, 525157432, 31010346, 18943533, 5044373, 521380385, 518895654, 18969150, 17572328, 477839541, 1297452, 29718122, 431080833, 421423453, 32252817, 27502174, 411907877, 18969210, 26642878, 410338572, 5052317, 522429028, 516321175, 505828865, 518015108, 519478294, 484249916, 501133800, 518077040, 33681175, 33085386, 28190354, 26313484, 32408814, 28850753, 439121372, 18943535, 29113207, 1039333, 5043818, 1297709, 432430664, 408277298, 425008236, 29717089, 434656302, 5186979, 27914566, 2919622, 35528278, 26598421, 18611513, 465973457, 1383639, 1890111, 1215489, 430043430, 17572244, 31421362, 431610564, 460043667, 477936918, 477933974, 20942981, 20189495, 477992214, 419250237, 26155471, 28418735, 451703096, 469104548, 460043708, 465721397, 473786407, 420154639, 421885447, 451017216, 409102288, 472045052, 447079586, 478920412, 438456246, 410654865, 451113505, 411928387, 470775529, 461811935, 472140615, 473870351, 473787167, 27845051, 500387010, 28987151, 418603177, 420154657, 29717112, 476598254, 427242429, 427242440, 498577487, 502242128, 445666474, 499257108, 27118446, 462688468, 4261685, 1297741, 29717114, 27942413, 492176122, 19375093, 1777667, 461519837, 482699518, 29554394, 440317256, 509781601, 503214360, 489037220, 1297866, 17572078, 469305034, 27526334, 515452055, 553899131, 477821065]"
6703277541,年年皆胜意，岁岁常欢愉,随机播放的惊喜：）,"['学习', '地铁', '放松', '地铁']","[4199756, 1318393981, 2089381947, 2088198840, 1807799506, 1452590934, 2092491111, 30070142, 571862564, 1972446651, 1846467132, 1881108119, 2006520847, 2014422927, 1949119429, 2014208007, 2082621054, 1957514684, 1937694547, 1830448879, 1822256814, 1906282910, 1872359071, 1983785822, 2015224950, 1942594143, 1952197993, 2027894485, 1490863293, 1856307135, 1983206561, 1998952428, 1941294569, 1930790961, 1979358158, 1955651132, 1975746138, 2037225358, 1996609227, 1368563262, 1424343020, 1468519310, 1845966572, 2000729734, 2045541755, 1845923213, 2049291275, 1817160410, 2064960966, 1878812518, 1978692717, 1969774924, 1983149480, 28481103, 2045539018, 2060973088, 2063623629, 2048335504, 1473844695, 1856643566, 1333336513, 1311347602, 551400874, 1368754688, 1959667345, 1984197542, 1443880686, 1803936748, 1381814876, 1875254487, 1965663436, 1347227968, 1976053318, 1952501380, 2044858935, 2042325635, 1982721303, 2006166078, 1323301155, 522510615, 514761281, 482386133, 2050325431, 1296896326, 1844593860, 28639182, 1422229039, 2048783798, 2038163355, 30284674, 504492140, 2017650619, 28586064, 28531849, 866065093, 1368371706, 413077244, 27598482, 1948467237, 2042937778, 85571, 2038818039, 2039177822, 2029895034, 1427609391, 1470255607, 1430583016, 1882083439, 1855590215, 1405427891, 550616628, 1386055783, 1973046704, 1374446646, 1928355910, 1928356828, 1826448666, 538156598, 1936388656, 4433364, 2031003425, 1403107856, 2005213526, 402431562, 1379045246, 1915620414, 2003171285, 509531185, 1463045481, 1389090775, 286966, 29816628, 536870012, 1313560945, 1367394991, 1387548482, 1354240664, 544247584, 1865218754, 1830775773, 1365578494, 448749148, 1843636386, 1849820733, 1944897224, 1989344262, 1915796767, 1806052941, 1905403429, 1403204015, 557581284, 1357999894, 574566207, 1313354324, 2008726921, 419373705, 247172, 450853439, 1997438791, 1990259912, 567601200, 22786083, 1812252754, 1909668621, 1981933642, 1860828782, 1837798796, 1457053886, 1854449484, 1989430006, 1471795341, 1981999931, 1981999125, 1981999919, 1996082492, 1490093393, 1901072307, 1901072305, 1857054605, 1932560427, 1396181681, 1405069977, 1355149441, 1426775937, 1491050989, 1447801334, 1803546393, 1803546869, 1915897440, 1915903914, 1915897438, 1915897437, 1915897436, 1915903913, 1915903912, 1915897435, 1915897434, 1915897433, 1388503739, 1486593195, 1446788784, 1804614734, 1981863128, 1833163297, 1981056341, 1354629987, 1397680229, 1860879623, 1812175842, 1805801737, 1411827517, 1909876137, 1913749766, 1957503897, 1817629883, 1821466261, 1849845779, 1960544028, 29401961, 512377276, 34228369, 539277639, 561856157, 1878812258, 1427368683, 1462804973, 1478568147, 19553535, 19012449, 554241732, 436346214, 521784134, 529825010, 37988003, 1382576173, 1384264596, 1954090536, 1864878818, 29412405, 19292800, 2001472, 1397679291, 1440570723, 1830718509, 1482867143, 1439148825, 1813330721, 1463399498, 1864887870, 1944898673, 1944897613, 1941330888, 1942146669, 1942575668, 1939710988, 1940769779, 1940770364, 1940771896, 1325949046, 1938195452, 1371033487, 1395977262, 1395972867, 1395972868, 1476164132, 1935311363, 1842933946, 1807799505, 1357713479, 1859402255, 1830414341, 1418131335, 1366216050, 1868874994, 1473721141, 1435828582, 408522735, 1886345442, 1446764662, 209421, 1388433823, 1392089153, 1448421783, 1821466257, 1818178340, 37955047, 37955044, 1483607841, 1917551897, 1805363607, 1413863166, 506259256, 1849674035, 1844944163, 1466544976, 1409981622, 1458911894, 2788529, 1832532837, 28953952, 1920806662, 1462753117, 1919029404, 34280738, 28569056, 1859515946, 1384019317, 1817977673, 1416661697, 27630178, 34834414, 28133171, 1374606163, 534631701, 1904245164, 1475476091, 1303027499, 1308782023, 1397321353, 1336796065, 1294062424, 1370946208, 27386720, 1478322774, 480769051, 480768067, 413829873, 415086030, 1900190434, 1449678888, 1442827199, 1459950258, 1444186157, 1898711267, 1836117930, 1412728693, 1846280444, 1436046680, 1872074958, 1402843217, 27846862, 1830706001, 34828457, 1401671455, 1313584359, 563999351, 1390728547, 25964510, 420154635, 1463383559, 1869973029, 39122745, 19572271, 29950496, 36019737, 1418070020, 1412559986, 1405349492, 1831321963, 1458863599, 473194652, 1397451865, 3550532, 552060841, 519338231, 476987164, 1864040678, 30706071, 461518855, 1869983814, 28747428, 17271094, 1859054392, 1465313631, 5041667, 1378851281, 502043537, 423849357, 1806516098, 1490104281, 1492362609, 1841252071, 1472921626, 1500569811, 1443886268, 1405384220]"
2481857103,我们应该坐在一起发呆,记忆闯入了镜头我按下了永远,"['地铁', '伤感', '思念', '地铁']","[255294, 1833804846, 108961, 1417849873, 1838919030, 63597, 2026885331, 369173, 27511265, 29743986, 155995, 2093260138, 32835565, 1405283464, 399341494, 109210, 30284674, 2093312916, 1806634682, 65540, 109218, 26550502, 4872535, 1366053680, 2063864551, 1475739401, 32358362, 109168, 1996909642, 1909955412, 1303027499, 2083786393, 1918576268, 1453326529, 2019574451, 86360, 2019562366, 1983290040, 82532, 28029104, 150619, 26425119, 446154100, 209397, 2059739330, 2008726921, 37853789, 1480380030, 150633, 26428032, 108487, 108473, 1391477429, 29774171, 108298, 1951671063, 1991835721, 1486982948, 2068151168, 31514406, 2006747976, 2005078579, 2044287034, 1421859939, 1985421283, 1947208581, 29759371, 1806926690, 1951069525, 1978260557, 1947948874, 1968053454, 1809100933, 1814162747, 505197835, 2061703813, 2079861511, 2015623102, 447926063, 1443101955, 2014019634, 1971444527, 1998135910, 1496828617, 1329748113, 1933997277, 1988134692, 1959217061, 1349292048, 2064527195, 2064407747, 2071935674, 1366052801, 1980273066, 506099560, 362930, 2051460329, 2051084523, 1306436172, 1981863128, 5237823, 1859339684, 1994762250, 1426112587, 2025533834, 1931994283, 1829058639, 1958231796, 1959303514, 1948007389, 1968429904, 1888732318, 5257205, 2062885837, 1914727873, 2071596484, 2062623445, 28059417, 1436117704, 2055864684, 2005492354, 2016323659, 1946234096, 1816736720, 31877157, 27588742, 1360512113, 469356271, 1473782328, 2044458035, 31877628, 1357399743, 29803525, 1972008463, 65536, 1961006625, 1992698886, 2050390513, 2041531532, 1955039633, 1830735525, 2045089372, 2053099516, 2049512697, 1375455778, 1462079756, 1901319325, 1972150745, 26260469, 1808326361, 865632948, 65923, 2043125519, 1867217766, 255589, 1979417838, 1468768062, 1969874371, 1959528822, 1979977609, 5232550, 1983690885, 1956810237, 4877413, 1962438244, 1959028063, 1804879213, 1989487495, 150411, 209867, 1367609755, 562598081, 1945417412, 500538107, 1360465540, 28009051, 169185, 1959206801, 1842728629, 1454722927, 461858648, 1954223039, 1963213974, 424496769, 473194652, 1462352597, 548885986, 28191532, 1949075851, 30431366, 1409151125, 209643, 1838763739, 1806926338, 108406, 1923184888, 1831810728, 1919430638, 546715971, 412902950, 287248, 343557, 438204707, 1404228691, 1927402478, 1919322135, 1825964694, 1400259397, 1325711261, 571340283, 1391101614, 1820314965, 1339648907, 29822958, 1400184355, 1919512240, 25794012, 5259353, 1434354649, 29737762, 507364094, 475479888, 1899079967, 31877076, 1371780785, 139764, 431096179, 408055928, 28838040, 112878, 1403318151, 1853354075, 27511488, 1413863166, 1317671992, 1805172349, 1872132338, 469998923, 86030, 1866688711, 1454670699, 459139780, 33419837, 488249475, 1833846310, 92305, 1838878350, 298085, 30039341, 1344814341, 5240523, 1816595009, 1821777739, 552469970, 1482642504, 29769315, 1486060211, 1439459095, 65528, 506092654, 1429964668, 4875084, 208958, 1463165983, 1386460251, 108263, 1413496005, 1481164987, 1439374208, 26305540, 407435011, 420401511, 1330348068, 4875080, 1433786440, 1399319508, 1462515184, 1443997393, 1374061043, 27731176, 26494530, 436016777, 1418880409, 29771231, 1357815628, 1409344469, 515411101, 29710981, 368764, 470057375, 35678875, 287611, 238100, 28731108, 1382596189, 344418, 28018075, 1353460917, 1393739628, 1381305582, 1403215687, 1374056689, 1331593956, 66282, 862098927, 133998, 1380646702, 1312250080, 82453, 1379736483, 25698047, 400581333, 1312993764, 465921195, 1374673362, 4873540, 504677806, 1382411575, 1393659632, 1393145176, 276936, 1336856449, 1336856864, 1321631043, 517446139, 1372796676, 1338810486, 442314991, 489302317, 442314990, 553310138, 108281, 29814898, 25727803, 64561, 569212211, 25718007, 28285912, 567999629, 516323185, 553805926, 516657051, 28306418, 1350202699, 554241732, 234014, 453413861, 547170991, 480041442, 27906446, 1343420262, 529668356, 421203086, 1325292076, 490407216, 1310728498, 25657348, 439139384, 534542079, 28563317, 536221227, 41634014, 1334270281, 517642609, 27955652, 498758558, 546261156, 1293886117, 31654343, 28341146, 287063, 108390, 439121995, 460578140]"
981902404,【索尼大法好】煲机 望喜欢,"降噪王者大法Mdr1000x
推荐下载收听无损 地铁小心坐过站了哦
","['地铁', '地铁']","[534540206, 40147557, 16405944, 451126088, 473865426, 408250464, 465254009, 466637556, 488958365, 486999661, 467897915, 16714253, 16714264, 440353010, 525238081, 474180787, 28263911, 486218073, 32341324, 33937527, 405226741, 18803411, 36308916, 475254755, 30212889, 28959074, 454924362, 25888658, 1220372, 26193501, 27542857, 517411583, 460410002, 29600717, 469243036, 448749148, 484365611, 517571371, 33035611, 33085608, 478029091, 467953113, 487375361, 487454738, 493275043, 37653063, 1696373, 31654478, 507532195, 513357140, 440208643]"
7065178170,FIFA 22 Soundtrack （EA官网最全搬运）,EA官网搬运，无缺漏。不含VOLTA。,"['运动', '地铁', '地铁']","[1878803282, 1850105059, 1860986665, 1865883828, 1869068533, 1810500422, 1840396786, 1865207689, 1860726103, 1848174634, 1864450966, 1840860903, 1818211376, 1878784967, 1837671515, 1876949533, 1850184866, 1872945453, 1878441567, 1854033280, 1857708025, 1823583080, 1850274126, 1842345484, 1879794902, 1832088015, 1879077453, 1881960967, 1870358945, 1494672111, 1862787522, 1837448864, 1825238491, 1835620373, 1876651913, 1845425406, 1850184008, 1881414137, 1862606224, 1883342435, 1876605873, 1856370818, 1878440454, 1846752607, 1862431447, 1844949869, 1839403159, 1493595747, 1844602154, 1836827372, 1876298466, 1810558102]"
4991256069,这场雨不打伞或许更浪漫,想认认真真的被爱的人爱一次 ​​​ 短暂的爱意不要在我身上停留,"['快乐', '地铁', '驾车', '地铁']","[28068785, 31191712, 5240550, 26609650, 2063131354, 63650, 254460, 156820, 385818, 1821567426, 22673504, 2056203126, 551400874, 22673551, 27676680, 25648006, 66823, 67467, 385554, 156008, 1429237296, 208940, 523251301, 2041974276, 2052409208, 1806516957, 1905004937, 150633, 150651, 2057712077, 150623, 441612080, 2061888566, 2065587747, 1953436735, 5100769, 28095742, 29713617, 1465114465, 1835514122, 1830419924, 1824927085, 1948620191, 21373645, 1979417838, 2048335504, 2025227743, 26428032, 209046, 187338, 402073804, 1303027499, 28181103, 350909, 25642952, 94637, 2046805446, 1474035833, 1478264137, 1466242403, 27646197, 30431368, 27646199, 27646198, 27646205, 436514312, 202373, 343557, 1961990685, 447926067, 33933412, 35345243, 233882, 28068305, 65540, 1873049720, 1974443814, 516728102, 865021614, 1306923998, 1888354408, 108103, 1992115432, 167691, 534064158, 1970396862, 497034035, 414586175, 504652401, 461544126, 4172700, 1832582017, 26222225, 1829058962, 1499989691, 1307463441, 26524701, 518725853, 1948478077, 1964443044, 1838763739, 1882716480, 1465335755, 385973, 469998923, 1987986734, 386538, 436016654, 1953125353, 300129, 326984, 354588, 1480380028, 4875079, 1890590098, 344386, 1430303185, 1424916458, 407761576, 1919322135, 1983456716, 407002483, 1987834234, 247807, 483378334, 516657214, 1436575829, 540596309, 1895440226, 25642144, 1410647903, 454698657, 1475739401, 27588734, 256468, 22740077, 1436081452, 287248, 1480378513, 475479888, 240147, 490602750, 1942041775, 1480380030, 1320098329, 1959667345, 298838, 17112299, 1934251776, 1857630559, 386175, 526464145, 174956, 25642139, 1951513623, 16607964, 34723470, 229336, 239682, 1807799505, 1827600686, 1474411443, 1338146173, 28285910, 4873340, 109125, 1933450519, 26305541, 29850685, 191084, 1459261754, 25639009, 1368754688, 25706279, 1413863166, 1496776216, 208950, 26425119, 1359818052, 414670101, 1390137821, 26418130, 1371780785, 406737348, 29850683, 30413630, 5233038, 5240523, 108910, 29774171, 26217171, 1477578247, 287063, 473194652, 475277350, 1844449888, 299664, 38576323, 26902923, 1843015206, 65355, 569200212, 569200210, 28196001, 1465310744, 1333395577, 1895330088, 1907766514, 1381755293, 1365898499, 254144, 1462659723, 28481104, 32711685, 25642125, 573968818, 25906124, 1391477429, 287035, 1405384220, 299604, 26207292, 300062, 300136, 461899833, 525278976, 299757, 1443190683, 35040810, 1842025914, 1856255478, 208891, 420401511, 26305540, 287749, 1833634254, 1407551413, 1387581250, 1463165960, 1815389717, 28830157, 1459905452, 1453957944, 425298905, 399552623, 4873540, 1806071453, 28481103, 35403523, 64561, 1498312483, 4874225, 156193, 255667, 247864, 85621, 298085, 1817960244, 864498975, 25706282, 1453086724, 362937, 1377544581, 1335350269, 554241732, 1425626819, 133998, 525086802, 562598081, 1384527426, 255589, 1479510189, 1307822531, 1482867143, 1483786045, 1401863689, 1366216050, 5145730, 1383841268, 33223321, 5239544, 4873594, 25698047, 329925, 1804879213, 1495058484, 1497799734, 25730757, 1433736573, 1497588709, 1463741292, 541687281, 514761281, 85571, 26305527, 28718313, 1404511131, 537407969, 446627373, 4433364, 476659144, 1453911130, 210790, 1342798229, 1440443944, 1383729792, 1481619814, 4164331, 1434354649, 1432156509, 286966, 1397282233, 4875084, 1383909126, 25714102, 375328, 1466053895, 1293951677, 1408941731, 1460137289, 1436076578, 423228325, 479223413, 407435011, 1403250178, 569214250, 440208470, 1411718813, 1303019276, 442314991, 35678875, 5249197, 459872690, 1387183835, 1336856864, 1369034061, 1450574147, 1423241987, 441491080, 1336856449, 254265, 165339, 1385856956, 864647494, 1344897943, 569214247, 185700, 25657282, 2532690, 28798452, 33085220, 287565, 554375621, 480426313, 37955044, 1323626008, 410629770, 27759600, 544247584, 569734247, 30987373, 18374823, 17793698, 26429346, 500410102, 509135896, 1356448905, 809268, 1411358329, 29771231, 5257138, 254359, 1363948882, 27937466, 1325702742, 1335601039, 29848657, 482988834, 185709, 513360721, 483937795, 416385506, 1309394162, 1331819951, 416892296, 1330293665, 30814948, 569213220, 514765154, 1296893537, 864647456, 287057, 306664, 276936, 863430978, 115162, 519136840, 1302090321, 863709049, 438904142, 553755659, 534542079, 4872537, 27928131, 478303470, 27955653, 27955658, 108251, 480580003, 32701156, 497323369, 479598964, 406730551, 108138, 27955656, 32957955, 40249612, 1330348068, 408814900, 254574, 308299, 299601, 28285912, 1433434738, 31877628, 329336, 28563317, 185937, 25718007, 186436, 64443, 65536, 65528, 65800, 65533, 65766, 65538, 30953009, 28996922, 442869240, 468176711, 299116, 1359356908, 34229234, 1316921651, 2081057, 36668810, 36496695, 1306400549, 1367452194, 1318133532, 1415829224, 25713024, 406475394, 425828896, 1398663411, 493735012]"
8809564103,在细雨中呼喊,,"['后摇', '地铁', '旅行', '地铁']","[1936342020, 1839978953, 1969589128, 1481132595, 413830517, 524152359, 28912536, 863073353, 22664748, 27785104, 499465978, 350127, 27646215, 28164935, 1926704058, 2066050870, 1831469103, 3947466, 1956518935, 423015410, 1408602020, 1922188197]"
3133406437,『旋律』一定是风和你都太温柔了,". “ 喜欢这件事 是奔赴 是相见 而不是浮云为寄 见字如面。或许山高水远 道阻且长 可喜欢的话 总是能披星戴月 来见你的。” 旋律收集杂录
透过耳机进入你的耳朵
今晚 晚安～","['华语', '散步', '地铁', '地铁']","[2069897403, 2082677443, 2061361542, 2075914369, 1932089683, 2046096502, 1976500925, 2064137535, 2083885419, 2049495339, 2069860802, 2021141007, 548103736, 1890365896, 1862684946, 1992911596, 2078213978, 2021011650, 400162575, 2016642638, 1306567384, 2082404347, 1820040979, 28406197, 420513158, 1429237296, 1805893959, 27747328, 1943043408, 1901072307, 366449, 1351253289, 1994497824, 1806516957, 2078103142, 1871871951, 19934757, 1811283484, 1398283847, 2003582433, 2083785152, 1909949451, 1956739478, 2083887281, 1474392057, 1855371681, 1974787871, 2073851521, 2082345051, 1984537508, 2032942173, 2081658813, 472219504, 2050589243, 2078584929, 548785553, 546715225, 1990678410, 2025227743, 436346833, 1990192689, 1887200324, 1380104337, 2036687165, 1497855310, 1995166605, 411349769, 548823595, 1376078664, 1891188426, 2068712090, 2028167900, 1424460203, 516358164, 1481691177, 1942594014, 2053139728, 2039353518, 1835846313, 1843636386, 1440148562, 2025187018, 2046096661, 1868505014, 1980941008, 1965323444, 1868505016, 1820850206, 1500724251, 2039145695, 1825152777, 2004562490, 1401302507, 1965324401, 2034390283, 1903089246, 1882558053, 1992594189, 2022441970, 1448424605, 1904432257, 1921546508, 1807799504, 1852778551, 1395822306, 1876808033, 2006113247, 1918849371, 2037034387, 1856302169, 1981999927, 1965890261, 167827, 1822027163, 2008017082, 1913757558, 574299292, 1808235517, 2036331318, 2024779527, 2034031983, 1984810617, 1822031017, 1336789771, 1498231606, 2024889454, 2024225492, 2007217608, 1990708264, 2032434510, 2008524195, 2030806458, 1807796555, 1923210613, 1443165921, 1994834581, 1481323654, 1881885609, 1383873870, 1940757803, 1311530752, 1974443814, 1346272701, 1306507078, 1891585288, 1821439451, 344418, 2026303431, 2026224214, 1940123811, 1847975477, 2008726921, 1997293017, 2007975568, 1359815265, 1967753523, 1482867143, 25640674, 1996298007, 25642952, 1812111397, 1979026251, 1888778036, 1997438791, 2009804890, 1836919943, 1444959394, 1914893736, 1466131242, 1920666540, 2001341010, 1968869187, 1444326036, 1833853095, 469508217, 1995456224, 1886331142, 1988457333, 2013290415, 1433274147, 1401880091, 1878753652, 1890654426, 1899269001, 1484295753, 1960545932, 544788691, 1968948975, 1399983531, 1972198871, 1466504260, 1469663482, 1969743603, 1968948974, 1833791381, 27591711, 1460622715, 1486896169, 1894717872, 1348767067, 1888390861, 1992997073, 1378213276, 1945886367, 1826016241, 1842417439, 1858399796, 1866160694, 1878039034, 1356658022, 1895513818, 1842669893, 1469513302, 1853692500, 1994555014, 1988034342, 1852203382, 1812426170, 1918576268, 1908049566, 1938264562, 1356223509, 1927340692, 1995726876, 1961262000, 1482559370, 865632948, 1984828530, 1976708166, 1979736773, 502043537, 1463365157, 1413585838, 1958557540, 1976731735, 1811130111, 1973660993, 1327566544, 1851330148, 1938041426, 1413863166, 1914856001, 1960613442, 1934751987, 1402386281, 549800783, 1457463959, 1878048073, 1960545929, 1842286746, 1958194953, 1941742260, 1947775642, 1953435808, 1890494798, 1458189898, 1857232779, 1877751193, 135025, 1440148185, 523003357, 1824599691, 1469005999, 1824718834, 1353204563, 1876425095, 1919029404, 72394, 160023, 1490631480, 1833391733, 1454445561, 1872953175, 443876166, 1385763675, 445154140, 1937051360, 1877691627, 1826285382, 1315169726, 1868783253, 1441183183, 1925528864, 1838241387, 1365268528, 1468692293, 1364471785, 29412405, 1878812258, 1844156620, 1480769848, 1813475883, 1372002692, 1453084967, 1806641628, 1856237205, 1311397126, 1359451515, 1855134708, 1875497943, 428203719, 1811326006, 437802973, 1806768056, 1872723353, 1868708210, 1907766514, 1886371886, 1862592546, 1891469546, 1328146041, 1300423074, 1468675911, 1901049671, 1334034591, 1896102097, 475277350, 1887308228, 1458932482, 1893736474, 1501661847, 1887276693, 1887139866, 1402886410, 1466214798, 566442442, 1402887143, 1439323452, 1472223960, 509311656, 1408763565, 1378670867, 1497071430, 1354430657, 1387278639, 1867862867, 526093093, 1849102231, 1804329525, 1881218945, 1835514122, 1467444619, 1466181561, 528005734, 1407061673, 1440079854, 1376696818, 1333336513, 1815616558, 1377476005, 866045314, 424995410, 1834676274, 1852267192, 1836033745, 1806926338, 1804362955, 1823407673, 1405853776, 1390072207, 1312714167, 1430583016, 1817437247, 1441160209, 1610477, 34619045, 1423297820, 1418245291, 18733192, 1841252641, 403822095, 1388891420, 1819275125, 1846489646, 1854105063, 1854639518, 1432512858, 1833866142, 1834286108, 1295335891, 424264503, 1375921501, 433059340, 1473019642, 1460175228, 1417129088, 1300595266, 1451098199, 1494693822, 1474035833, 18733268, 1371378364, 865021709, 326904, 523042176, 1433430842, 1481691185, 1497362136, 1351896723, 528273318, 1376705584, 1421005529, 1442545859, 1391607519, 1439680812, 1454838033, 1390375470, 523732406, 1416560550, 1417878859, 1335835528, 1379743266, 1442170858, 1433285800, 26902923, 476553467, 1401526878, 1466242403, 1838461483, 1352912738, 1313102152, 1417197917, 1425944859, 1439454471, 1811941177, 1496017614, 1359818052, 1458667025, 864489965, 1466652032, 1336871793, 1318511226, 1833634254, 1476849, 1830414211, 1830414245, 1830419997, 1832597822, 1824725298, 1824725300, 1832596923, 1830413575, 1830414341, 1830413514, 1830419924, 1830419990, 460043710, 1488288293, 406475388, 1460175225, 1815618744, 1427619702, 1470881278, 1804215051, 1477576719, 1813800992, 1345709622, 528116662, 1453344474, 1406665350, 1448428550, 1415420644, 1449648960, 569200212, 1427160525, 1317494331, 1406648893, 29850683, 1443095951, 1436511992, 17470701, 1478130362, 63574, 1372711528, 1299557101, 29848657, 1456124422, 1810149359, 1321580023, 1426326198, 526904841, 1492584510, 1358035424, 1497588709, 1421789705, 1342818582, 400075152, 1309995372, 1442033499, 1818581946, 1811643847, 1368775422, 1421441023, 1370073379, 1405908431, 1409344469, 1433430840, 1394847699, 1426095739, 1365053361, 1814844778, 1447710029, 86849, 1807799505, 1366874488, 191508, 1448027500, 1464057770, 1433315303, 1473668256, 1806926997, 1376831519, 1393553542, 1470086356, 518904648, 1387574419, 1323304284, 1413368925, 1425017124, 1461986803, 1429214309, 1352063761, 1804788093, 460241049, 1307463441, 571338659, 1469628853, 1335465211, 1331206556, 1401570278, 1453326531, 1403783252, 1466327559, 27747329, 1459170032, 1463271934, 82375, 1387608205, 1499171705, 1399802153, 1411560344, 1397140671, 1411560341, 1411560343, 1481164987, 1383242859, 65538, 1433517237, 1334295081, 1501588015, 1804879213, 306927, 406475394, 1451622980, 1493848645, 82360, 552463583, 1462787373, 1407595622, 1480274234, 1405888465, 1411536852, 1399319418, 1450083773, 1496587248, 1467914420, 1430252743, 1493835538, 1294924172, 1487478840, 1476449942, 1441200661, 1480684988, 1481688537, 1487528112, 1485168982, 1429716797, 1423950678, 1481688710, 1373466881, 1334584990, 1323301262, 1418090625, 557143160, 1382423892, 1395625206, 1460673845, 1313107303, 1460286076, 1302237336, 421929077, 1411358329, 1462923102, 424264505, 523250334, 35678875, 1390469916, 1358442062, 864647494, 1314154490, 441491828, 493735012, 1433839075, 1426883824, 1450574147, 1396365191, 1406388336, 1450084723, 1428284723, 539642909, 1357831544, 1441296079, 1371525490, 496370620, 1346093135, 1347512930, 1429363572, 1428668442, 1350646146, 1317121764, 1417990030, 1345950780, 1360802596, 1420910054, 1358848433, 34916664, 1384986506, 1324382204, 1380340821, 28907016, 1381604530, 1396926232, 1387564802, 1387564796, 1293886117, 1417136806, 1372350500, 1382596189, 441622707, 1363642136, 507784029, 1325711261, 1294631869, 467378790, 537179575, 460723345, 444267837, 1323302541, 1329122118, 864043623, 1387152205, 1402551314, 1356593848, 526099067, 1435247957, 1448042610, 1464602449]"
2763486694,你是纵拥山海的神明,海 山 空 雲 太陽 月 波 雨 緑 泥濘 風 花 鳥 石 光 台風 へ影 うんこうんこ 笨蛋 笨蛋 あほう あほう 白 黒 黄紅 黄紅 オレンジ 蜜柑 夕陽 炎 瞳 眼 強がり 泣き虫 思い出 瞬き 姿 髪 慈しみ 閃光 あなた 夏芽,"['地铁', '地铁']","[394670, 65355, 25639009, 28219176, 25641853, 27483167, 25642125, 573968818, 27713963, 33497051, 25642952, 2066654616, 1363553440, 564486, 190473, 1359382613, 419827620, 1371780785, 1320329373, 2019574134, 1991056669, 190180, 202373, 5257205, 426194894, 26721789, 1979417838, 491943372, 16434100, 5088486, 1456131050, 1958557540, 485992506, 473285827, 28234970, 26907013, 1967057345, 36841427, 1959667345, 1807799505, 30431375, 27646197, 1467721151, 1427781031, 551816010, 1403318151, 468513829, 28563317, 30612793, 1880541165, 1863103809, 94809, 242603, 1336856864, 1868553, 114975, 28496078, 1938756186, 1466931525, 1872929810, 1900980958, 486111543, 1399112638, 1299557101, 1810458453, 28892408, 21274655, 26524352, 158093, 18638051, 213673, 461518895, 445154140, 1871524805, 554241732, 114389, 276936, 30431377, 22846518, 27646199, 27646205, 27646198, 39224709, 1466181561, 468877745, 1351923466, 41644768, 28068737, 1459935719, 1912878797, 31654343, 186513, 496869422, 36199034, 34228719, 40237792, 520482501, 526646591, 187076, 206730, 432506809, 5257380, 1393399161, 280980, 277766, 496370620, 1499473155, 1841002409, 556030257, 17939827, 1842728629, 1483221816, 1313102152, 1811351751, 157143, 863515869, 1821490233, 1804586207, 1307822531, 516728102, 25657445, 5103312, 85571, 1320101152, 488249475, 27937466, 65800, 212376, 1480065463, 1813864802, 32701152, 329925, 458356832, 25657444, 1363551021, 64453, 64561, 407007125, 1451860389, 1476419373, 346576, 346089, 346069, 30245655, 28403111, 1451826202, 537012213, 28946044, 33206214, 1456443773, 1461103379, 26568363, 1417425535, 1397345903, 1303289043, 1459007339, 29043459, 234694, 1403699842, 28577165, 438462713, 1411718813, 1459950258, 1381738482, 1450128299, 1426649237, 1378670679, 437292675, 864647494, 368764, 1388608541, 1449678888, 437755210, 440796153, 502960453, 514765154, 350648, 35678875, 28884019, 1310728498, 30431366, 1387157948, 1398508295, 1371382518, 1316659173, 27808295, 108194, 108281, 571338083, 557584888, 1365898499, 442869203, 467952048, 1345910746, 1370047789, 108390, 1331997081, 1365428235, 443794, 1367452194, 566436427, 31445554, 446557635, 490407216, 1353240143, 340376, 478029411, 27867140, 1337761764, 557667045, 1452439191, 411988534, 420401511, 407435011, 1329719293, 1345820742, 514761281, 185712, 421423806, 421423808, 1336856777, 1346104327, 1341964346, 1345848098, 504835560, 441491828]"
2747390657,秋刀鱼会过期嘛,秋刀鱼会过期 但浪漫永不逾期…,"['华语', '地铁', '流行', '地铁']","[2059815640, 1319602072, 2100329027, 2097531989, 2008692348, 2008691407, 1969320038, 1487212156, 2082700997, 447926071, 1348548696, 2088425432, 2060966085, 1918900536, 436346833, 2067808217, 2063469675, 399341494, 2067807199, 1945875426, 1306112195, 25648005, 2045946501, 447925059, 2017777785, 2042350186, 2060731920, 2013774385, 2027251452, 1872408238, 1987019489, 1485200651, 1920701110, 2009592201, 25949862, 1929370102, 1958200222, 25702218, 2063131354, 1915875397, 29715551, 1363553440, 354588, 2057534370, 2037903749, 475277350, 2002712975, 1890714308, 2049512697, 2015056380, 1953436735, 1357785909, 2048371219, 2047736243, 482919165, 467595239, 1329719698, 432506809, 1929356844, 1945878296, 33933412, 39443402, 1826179038, 388068, 401723037, 467595237, 1876950435, 186624, 1957017384, 573968836, 1877017100, 1499345116, 1899989255, 1902224134, 2026224214, 553543175, 1492049185, 1863623907, 447926067, 2025191564, 1950343972, 29567193, 480579393, 1901319325, 452601948, 486855953, 1838505400, 202373, 87146, 1984475097, 210287, 165026, 1988532821, 169200, 25706285, 28892418, 531040038, 1960403857, 2016388265, 2016385347, 1982721303, 2016123058, 1953125353, 2007281783, 1930330170, 1971912772, 1947948874, 1837528900, 2003336042, 1411464897, 1974443814, 554242032, 1899994039, 211238, 1951513479, 1899994040, 1954947185, 451701923, 25640409, 440411204, 1922872664, 1974403336, 1992083081, 86279, 33556489, 5243776, 346075, 255667, 27671261, 1960309270, 5267003, 1978670873, 4875144, 167876, 176999, 1845676697, 1904245164, 288121, 229226, 1368756097, 1479507542, 1860879623, 1343756008, 25703004, 1876226709, 5251214, 1932551887, 1458966839, 431259309, 1416685176, 287749, 1475596788, 1927231651, 1806071453, 1450044522, 139357, 27588740, 423314746, 1896178203, 34383258, 1965928052, 1454723856, 1966162185, 420513158, 5248648, 191171, 519909355, 1411558182, 1945355027, 1495845437, 33599003, 87111, 1973404785, 1405319676, 1848232739, 1888915574, 523946593, 286980, 1959667345, 1940770243, 1379662223, 4872687, 1922374770, 1824045033, 1915259735, 1389089335, 1867476351, 1959528822, 1433434738, 1462905862, 484732869, 1334270729, 1942734484, 1936199804, 1933997277, 1934251776, 1468768062, 1925452719, 1882400889, 1362624611, 316169, 66841, 1951994235, 1894290017, 1474411443, 1934233831, 1940943649, 1943043408, 255219, 254672, 506259256, 1949119429, 1912959921, 1949056389, 548556869, 424264503, 1430566047, 30621954, 1826189041, 26305545, 467952048, 30245655, 30612793, 32835565, 1836118255, 1844449888, 27890306, 1459935719, 1941485377, 1937449108, 109864, 35625821, 287018, 277111, 25730757, 27747330, 526081111, 1359818052, 483671599, 1812673579, 317251, 1426412115, 428203719, 1877996649, 25794009, 1923211568, 1391477429, 25906124, 441120217, 1901371647, 27955654, 1335968312, 1299550532, 25694525, 208891, 1918650503, 1873049720, 233936, 1916476909, 522352195, 573969617, 1377145341, 1851244378, 1911515725, 306665, 1907766514, 1827109585, 1371780785, 1844664372, 1898194086, 573968818, 1897964065, 1835556403, 1887139866, 30431367, 1876438007, 29357087, 450222687, 1451191794, 1888924045, 1813226041, 1878285988, 362998, 1876764264, 1424916458, 1890906933, 1888215863, 1359356908, 1895330088, 1882420127, 1896178370, 1345353903, 210281, 1888622459, 189602, 1894094482, 391568, 1413374550, 32924538, 1885427474, 1869943939, 108269, 1343260241, 29709795, 64317, 454828887, 523251118, 86369, 1880886636, 1886371886, 1875246245, 355992, 27646199, 29436904, 1807799505, 1860614598, 27646205, 1484240293, 501347079, 32408464, 1823076294, 1468115100, 1377574592, 1875941511, 1852086408, 1880669500, 1858139145, 1822712479, 454828889, 1841002409, 542667133, 1299326404, 1368563262, 400162320, 1313702061, 1309833126, 25727803, 26305548, 512376326, 33497040, 1879641033, 1846094285, 488249475, 1382790135, 449818741, 1486264538, 65847, 1417136425, 500665346, 1868874994, 346089, 28793502, 1868943615, 1397282233, 108298, 1842728629, 1494588309, 562776904, 26562741, 417595727, 1413142894, 1873562041, 514765154, 1393659632, 1495052210, 431096179, 25640392, 26305531, 551816010, 460578140, 534542079, 1468957767, 1866185395, 1867217766, 28427753, 94639, 36024806, 1413623407, 571069109, 1868206865, 399354373, 222724, 28838040, 25729758, 1813278477, 435307908, 33497051, 1425940911, 1473782328, 1371557617, 1849694789, 277382, 28427707, 1871183784, 326784, 1866919902, 1871993457, 1303027499, 34200623, 1844385599, 475479888, 1413863166, 1806567921, 1860864828, 1467444619, 1846489646, 31877245, 65536, 1836033745, 1849060101, 1846280444, 1844441197, 1840459406, 1857630559, 1857540026, 1825639727, 28196001, 1843704418, 536243030, 1854105063, 1848190450, 1842025914, 436514254, 139392, 1321392748, 1412266089, 520277152, 64561, 1840861309, 1837826526, 29722582, 1817431690, 28563317, 1459232593, 1819027992, 1807381939, 1498523311, 550138197, 1809100933, 1822761395, 1811662859, 1475091192, 520676541, 1424461685, 1406649619, 420401511, 1808078153, 1453326529, 536483221, 1442827199, 1336856864, 1493083969, 1497588709, 569200210, 436514312, 1456393572, 1391891631, 1813864802, 1815105886, 1805371171, 1808326361, 1811921555, 1498076242, 415792881, 516657140, 413829859, 1811459887, 1500788926, 1414157538, 1469006417, 1469005999, 1336856449, 298258, 1809976865, 1805088448, 1497799734, 1481961402, 554241732, 1386259535, 1368754688, 1807537867, 254309, 505080482, 1414783972, 1446323419, 187417, 1500569811, 1495058484, 1489065373, 1461142410, 1441758494, 1487511998, 1487528112, 521416788, 1486982948, 1415682131, 1375640677, 1415829224, 1434309927, 1434295491, 1440968432, 1443592120, 1396023850, 1377544581, 1391871577, 1361988914, 1371939273, 1341188360, 1375514229, 562594264, 549410942, 507815173, 1360807180, 1413340821, 1471285412, 1443838552, 1412672813, 1340543218, 1367452194, 1332160201, 1390466212, 1394167216, 1301884692, 1369798757, 1368002975, 41500990, 1459950258, 569212210, 379785, 1475367999, 1436575829, 1422461683, 1439121983, 65533, 1478435236, 1404884182, 1476239407, 368942, 33599439, 32098468, 27808044, 35403523, 468517654, 26550502, 26207292, 26577904, 165340, 516657051, 287057, 421203086, 1440876675, 27937466, 276904, 1463165983, 28219176, 29562333, 1321518222, 33162226, 5243349, 864647494, 1426959223, 1392752940, 5265763, 1460839271, 1457772409, 537854958, 1458789926, 1457757260, 1440443944, 1408220694, 1390804534, 1413585838, 1452439191, 1455965526, 1455126055, 1381644279, 1353194608, 425298905, 1404885266, 1407222910, 1412242872, 26305550, 1451463691, 1302090321, 1421191783, 424474214, 559829400, 1424904652, 1388407065, 522943592, 1400021098, 165339, 1418316824, 1406686876, 1389090775, 1430583016, 1378302559, 1449782341, 34179921, 1431240525, 1398687279, 1430850573, 176053, 482999696, 426852063, 569214247, 327089, 1420075778, 1426649237, 409060879, 254485, 385965, 480580003, 424264505, 1368371706, 1296558060, 375168, 1425626819, 329336, 239682, 255604, 1423241987, 29713635, 1407789605, 1422883398, 1303289043, 493735012, 1443886268, 1423695212, 25714102, 1438865533, 1444743085, 407002483, 31514406, 30635706, 1440669827, 1404357443, 4872535, 28892385, 402073807, 30089063, 1438895079, 429450258, 1429805487, 1387581250, 1378140180, 193168, 1411576088, 108263, 36229053, 28403111, 1429363572, 25706279, 1376142151, 1412263970, 32619064, 432509483, 1382985712, 108468, 1386737233, 375328, 28256943, 276936, 316486, 28387594, 407450223, 569200212, 504264911, 28283346, 31473269, 29450577, 1416772486, 1420972822, 191252, 191248, 28059417, 1403215687, 347230, 316686, 402073804, 1417855609, 1417120347, 108138, 1413464902, 399354289, 543798652, 1407551413, 28592088, 28987651, 562594267, 108134, 428375722, 1316921651, 1334901633, 1376091684, 1374646278, 1365209412, 1374445862, 29759733, 1365898499, 25639007, 25713024, 490602750, 65919, 574919767, 167870, 1361195373, 1356499052, 1349292048, 254422, 36587407, 1293886117, 27804029, 36229050, 1331819951, 296837, 189323, 1354814079, 28481103, 25650032, 328000, 399353128, 30284674, 298213, 470057375, 28892408, 167882, 167850, 442314991, 437292675, 408814900, 521780143, 1325905146, 5231510, 1299550093, 569213220, 25657348, 29897546, 1320098329, 441491828, 562598081, 407677607, 26217171, 254574, 156193, 541687281, 525278524, 25706282, 1330348068, 1365221826, 1346104327, 523250334, 569200213, 1409329655, 368764, 1412264550, 1411358329, 1398663411, 1410707700, 1312676169, 1405283464, 1404755735, 1400256289, 1387157948, 1404664057, 1404722668, 28341146, 316100, 460112012, 28427771, 29814898, 514761281, 1336856777, 1369978617, 28285910, 1336990251, 85571, 1396073496, 1398247728, 1363948882, 25729605, 1392971370, 1397345903, 26387325, 33206214, 5240550, 1350265567, 1384527426, 465921195, 97357, 569214250, 1385856956, 254191, 1392998700, 413812448, 536099160, 86360, 188522, 29848657, 1357825630, 1372060183, 502043537, 1392423401, 1341939767, 1387119900, 1326798446, 5267256, 1337205804, 1382596189, 26031148, 110790, 25657581, 34179910, 474739467, 308299, 308353, 1382423403, 65800, 25702173, 465921641, 465920705, 1383211741, 1383927243, 25639351, 1381755293, 108910, 65538, 434550872, 65053, 481535277, 27955653, 412911436, 1363205817, 1377131180, 1375935067, 1366216050, 31654343, 65099, 451126768, 1299424231]"
890801812,《我的孤独是一座关于贰拾七的花园》,"至少每天承认一次“我不知道”，
你将成为一个更好的人。","['地铁', '放松', '治愈', '地铁']","[1317285056, 1983147328, 1449268223, 1860567964, 2030766928, 464674405, 1804879213, 186513, 2099907912, 1349964388, 1358255257, 156736, 1840474273, 1374287809, 1958557540, 26830207, 2099310772, 1838919030, 2095318592, 2097278592, 2086327879, 2085729140, 2094791869, 506083887, 1417862046, 1397345903, 461545003, 461544997, 1811909303, 1952823230, 1469826254, 2083989384, 2080385153, 864513648, 1491146828, 1372762575, 1955087213, 2005708456, 2076708124, 1907752574, 30841627, 452614957, 2068654704, 2035279723, 2046562196, 411314657, 411314659, 2035320743, 32408464, 1374329431, 573677878, 2065197573, 2051936949, 2031084942, 1869943939, 1961990685, 1905004937, 209643, 1945874938, 2057534370, 436346833, 2056970420, 106368, 2049512697, 187417, 449577636, 542667160, 486999662, 1983464993, 1854105063, 1951069525, 501347079, 1945933172, 1360635379, 2016688503, 438204707, 1303027499, 2021373243, 1933915376, 1820193741, 28059417, 1368756097, 1979736773, 1926660829, 1488763761, 1487202784, 409830364, 1492319441, 865632948, 1975799630, 475479888, 1969924225, 28285912, 1824045033, 1385646451, 1417136425, 1940334604, 1442826342, 1473721141, 1959667345, 1959668191, 1959668190, 1417856017, 1422883398, 1409990258, 1937050851, 1306923998, 1345353903, 442869203, 1453342107, 5275405, 1938019501, 33599439, 1919226883, 1421191920, 1294899029, 517643306, 1872768912, 1928857203, 1459935719, 488249475, 16435049, 35847388, 208891, 1411542710, 1833634254, 1884596485, 1890714308, 1807799505, 109714, 1393399161, 1895081826, 21563184, 1888915574, 1894094482, 1891469546, 520242509, 408332849, 1482925175, 1440164358, 461864020, 491015072, 441612583, 1461319817, 1887190390, 442867218, 1501661847, 1813926556, 1489064589, 1486316620, 1839480696, 1410416506, 1840192925, 1400259397, 1383927243, 1363883359, 533105985, 1346251896, 573880157, 1470255607, 1299326404, 1868943615, 1474150197, 1813024678, 18449193, 27588467, 422428548, 1406432116, 31152310, 522510615, 3550532, 544713530, 569200210, 26284002, 37820801, 1354629987, 1457707546, 5041667, 502103677, 521493357, 38679132, 1853370384, 421203025, 1342798229, 1840980719, 486194136, 1472921626, 1474420719, 1808492017, 1811921555, 1810277284, 1489342321, 1493083969, 1428598981, 1463168014, 523250334, 1474660964, 21157332, 31877563, 558071673, 1443133367, 1445764991, 1449990499, 1388800785, 1421991010, 1426649237, 1449678888, 1406119516, 1403783133, 1442508316, 1336855544, 1436910205, 493735012, 1421271606, 1392971370, 1376873330, 1412242872, 1411358329, 438431191, 417250187, 1407551413, 1403699842, 1399996405, 1398663411, 186583, 190246, 1413142894, 1403858540, 1381794809, 1400256289, 1374527538, 1404368141, 1398508295, 239682, 1363948882, 1385856956, 108281, 1324242184, 485861334, 1372114945, 505885317, 1383876635, 522943592, 1386593989, 1394362773, 495220646, 35625821, 31654747, 1379456709, 476659144, 1331819951, 1359356908, 1382596189, 1369798757, 1356350562, 1379416556, 1323106961, 1316921651, 31877526, 1376142151, 1359860034, 1352449559, 490407216, 417596830, 551816010, 1348044876, 36270426, 1336789644, 511124094, 1313450835, 1361348080, 36229050, 573683265, 1346104327, 1336856777, 1345848098, 1299424231, 445546453, 1335350269, 1344010163, 1346093140, 1339087209, 1306400549, 1344897943, 1338695683, 1300594527, 554242032, 1315441722, 1313096578, 1336856864, 1313354324, 569213220, 557581095, 19945735, 39224884, 1336858469, 468517654, 410785832, 169794, 165522, 441491828, 1301909440, 1315367060, 439139817, 29004400, 1325905146, 1313701868, 296837, 493093412, 498311956, 1323610140, 562594322, 481853040, 547976490, 1307186170, 553310243, 572798845, 109729, 421423808, 479598964, 526464145, 38576323, 470759757, 488267621, 473940122, 479850552, 1317457541, 1311319037, 408280044, 108390, 306920, 1293886117, 536099160, 449818741, 1299550532, 863046037, 553755659, 554191751, 864443401, 431791474, 864043623, 1296590092, 30431376, 1294899063, 535793433, 1303413186, 1301711814, 476301155, 441491410, 426291544, 536622304, 529668356, 570287579, 573680023, 565402865, 557584888, 452986458, 536617355, 440208476, 562594267, 557581284, 186436, 507116418, 108478, 527021446, 1330348068, 409941242, 514761281, 520302773, 432509483, 28285910, 108557, 86360, 33206214, 487147018, 28793187, 205274, 417859631, 536502758, 413812448, 30903117, 4873540, 354455, 531295576, 812400, 28219176, 299757, 299601, 36668004, 26524510, 375328, 523251118, 526464293, 480580003, 518863348, 516321290, 509518010, 442315622, 399353366, 32102723, 446728023, 446728020, 479979440, 409931487, 29759733, 523658620, 404182775, 2188235, 412175309, 5148849, 21563004, 106212, 428642533, 423228325, 461347998, 492299696, 483671599, 502448541, 479223621, 2919622, 451703096, 503207093, 27836179, 437250607, 404184825, 474567580, 445666806, 449577226, 471474389, 501133611, 465920905, 287035, 494300869, 437292675]"
2245699141,人活着 直接点 我很饿想喝酒 我喜欢你,书里总爱写到喜出望外的傍晚 骑的单车还有他和她的对谈 女孩的白色衣裳男孩爱看她穿……,"['地铁', '夜晚', '工作', '地铁']","[316486, 1401909095, 1476239407, 67467, 30431367, 541687281, 1929356844, 496370620, 1441758494, 1368754688, 1359356908, 571338279, 29850683, 28947060, 1807381939, 25794009, 439121995, 191321, 65919, 28111646, 1361988914, 1479706965, 1426112587, 562598081, 547812462, 1446235243, 1846489646, 478303470, 1417520088, 1336856864, 1387581250, 255589, 1896178370, 1841002409, 1496017614, 1404906595, 1832381575, 1365898499, 1827600686, 1850504171, 1948803141, 1410647903, 1959667345, 109125, 1886371886, 65528, 1412242872, 1894606139, 522510615, 1293951677, 32835565, 1328146041, 29004400, 30431366, 1300994613, 1811921555, 1455717202, 254191, 1403215687, 1380075991, 1325896149, 526464145, 514761281, 1381755293, 1334270729, 394748, 482999696, 31654343, 25713024, 1490093393, 254574, 406475388, 210089, 1331819951, 550138197, 31514406, 1371094770, 191046, 108138, 812400, 28563317, 416892296, 1365393542, 504624714, 30089063, 1376166020, 176053, 534542079, 1322600749, 412911436, 108418, 27955653, 5240550, 29814898, 558290126, 407450223, 32192436, 29710981, 40147552, 108269, 27890306, 1345848098, 108242, 518686034, 27937466, 504835560, 30431376, 25643291, 133998, 1293886117, 513360721, 28403111, 573131630, 287035, 287063, 450853439, 41500990, 417250673, 468513829, 28892385, 1308818967, 1299550532, 25727803, 569214126, 108134, 449818741, 417859631, 421423806, 108251, 108493, 32507038, 37196629, 427542186, 108245, 188432, 108468, 516076896, 63650, 350909, 186436, 254319, 370776, 483671599, 208902, 28643203, 308299]"
5053487318,日子一般般 快乐很简单（车载）,平安 开心 简单 随性 希望,"['地铁', '运动', '快乐', '地铁']","[2048852608, 2036820074, 1852160286, 1445927005, 1874895765, 1473966737, 1827007166, 458711387, 488571840, 1954808903, 1911274318, 1911002265, 2020379005, 501862714, 504312403, 1934526805, 1906944880, 1399075236, 506726178, 1456598284, 1990522066, 1894328148, 1885365737, 3986017, 1845768602, 1972198666, 34364665, 27946723, 5110496, 1345693361, 1428890181, 1866916719, 1489366404, 1853070633, 1822880066, 507338883, 482809684, 1446214778, 1858712632, 1390072974, 1804132144, 1444908687, 465527023, 1831826179, 1916413301, 1497829905, 1824622772, 26207072, 1395190354, 1825988546, 449578314, 1892343290, 1331530075, 28170923, 1320544645, 1454644626, 1837818553, 476324907, 441622774, 459733269, 1398241685, 514548356, 1450417093, 32035600, 27138442, 1353385802, 452814335, 469352985, 1451156345, 446875037, 443205984, 1335244546, 1429945855, 1873574701, 1885886382, 1864102192, 1885502286, 560637384, 1440871051, 1385433380, 27717139, 416904370, 1349303490, 1817053885, 536082971, 40157611, 2919998, 1814915363, 1349062061, 1451660554, 1335033369, 1491113470, 572513381, 1844478886, 28481962, 27714206, 1379582349, 1803693056, 5162674, 5110522, 1300242955, 1329181051, 21563197, 1831490644, 1442571762, 1383053817, 1362520750, 1406598681, 562122079, 1835711337, 5145893, 5104192, 1480189684, 1494536044, 1808446350, 1824903243, 5140292, 862881959, 543006194, 1449539197, 1337238487, 573233948, 1821820956, 1449654244, 487375361, 1423297895, 1450158241, 523468632, 1805980671, 1489074908, 34179870, 1808753796, 542136859, 1366879413, 34167329, 1408761993, 1399694841, 16628235, 1488780845, 1475630614, 1331479338, 28362056, 1434180351, 1345674839, 1477342781, 548890860, 538509082, 26342437, 417859039, 1436589253, 520928254, 1345668883, 1336866360, 1385929681, 1392985819, 490416030, 1472946255, 1476201298, 448316067, 1377011268, 1455067998, 1478135178, 467394056, 1391251513, 1477330888, 1473874287, 31134525, 546722490, 493551152, 506043449, 1318827940, 520458061, 26606185, 1425149305, 1379719396, 29563737, 451981574, 1386946546, 516765174, 1397651102, 1407712490, 864041038, 1426218000, 1393018778, 1397132439, 451701103, 1448233597, 27501992, 1449762050, 1446791775, 451372123, 535548503]"
8836775119,超好听的背景音乐,,"['轻音乐', '地铁', '治愈', '地铁']","[38019092, 38018486, 1381814494, 5307982, 20110049, 1931264432, 29803287, 817768, 31370542, 1958557540, 1985018775, 28287132, 1878812258, 423406075, 2011996600, 2080177728, 1973129951, 28661549, 28713832, 19292984, 1944034109, 21725725, 1491585]"
12840389,张敬轩-动心翻唱,别样的味道，别样的翻唱,"['地铁', '旅行', '地铁']","[188351, 188835, 188318, 188649, 188491, 188613, 188607, 188604, 188610, 188594, 25727425, 29897937, 188414, 188838, 188829, 188825, 188832, 188815, 188800, 188788, 188791, 188595]"
