2090341334,城市孤独|每一个行路人，心里都藏着星空,“现代人的崩溃是一种默不作声的崩溃。不会摔门砸东西，不会流眼泪或歇斯底里。但可能某一秒突然就积累到极致了，也不说话，也不真的崩溃，也不太想活，也不敢去死”,"['电子', '后摇', '孤独', '孤独']","[1425091, 16468500, 425015308, 403012376, 29722221, 31649950, 446512856, 31452305, 412175223, 28054760, 29979592, 409302035, 32737355, 424264423, 407459240, 29737646, 454035505, 31452306, 462523146, 32924099, 29750499, 400690511, 399953035, 30432066, 29592233, 29023826, 35497624, 32717971, 407002778, 30375354, 426502142, 501467609]"
2753297364,学霸刷题必备 【史诗级歌单】,不改其心、不移其志；怀抱梦想、脚踏实地！,"['孤独', '治愈', '学习', '孤独']","[1304860054, 1946679741, 5315979, 1834324494, 474041848, 1440365638, 33638575, 2030354719, 1995166023, 1426503, 1864622072, 1826307499, 1433108347, 1377236119, 1953828422, 18622663, 553858177, 1399123309, 1817575841, 17657334, 1844457817, 817768, 1372979770, 22655512, 1971961706, 1851666258, 29734857, 499818, 26303800, 441479, 28465109, 417250621, 1962627919, 1420088475, 433018109, 1494781, 473022272, 1484843, 35447682, 1942374, 29087191, 525238163, 1872575632, 1818940986, 1857154777, 501133214, 27808699, 404784200, 508903955, 1461366390, 479580849, 448917713, 28474539, 1477593179, 25910912, 1393556136, 36664661, 36664658, 1855709392, 1832570216, 1429818668, 27550452, 28718818, 1399103028, 506092358, 457492084, 1378492144, 1405421750, 1338709625, 1444090673, 522511256, 1841995270, 536098061, 4010876, 1337111646, 1461587, 33668398, 41666273, 36664687, 471968260, 1342988474, 493950499, 1406813816, 406072035, 27570917, 406846187, 36587615, 26902590, 36587578, 32320961, 36841419, 28949412, 1454830979, 36668614, 1464074760, 30431023, 32364146, 524913527, 1454830983, 1339026474, 1455860840, 36664684, 41666277, 1405079896, 516823199, 1416904463, 471969282, 1364170987, 31356774, 444292, 28263325, 32364143, 28285759, 33668375, 28283145, 3978622, 29103341, 1363152489, 1338711251, 434550353, 471969183, 33522424, 1454830982, 1401925000, 1399524522, 36664664, 36664662, 474484116, 29164102, 26224540, 425710047, 1349017786, 29775219, 26590042, 28287132, 1337111645, 1372188635, 31680614, 573583288, 1349016980, 1440252364, 30039125, 406730235, 444524218, 36587572, 460873359, 483402579, 477342444, 36668599, 32737711, 2061739, 37211436, 3977942, 29142147, 440411927, 27733613, 29460374, 34749355, 26902555, 28458418, 28411784, 34916756, 34916751, 402073045, 402070051, 444324, 29164108, 1942399, 5039096, 36872293, 27575585, 419877223, 36841070, 36621119, 526116048, 38018486, 36587577, 34200248, 410055758, 30780440, 27641127, 402070052, 1346111053, 496619042, 28283167, 26624722, 471968016, 29715175, 409872136, 29844298, 407002778, 32737355, 400690511, 1992696, 20744788, 29823210, 36089836, 473964461, 36664655, 30284103, 414691244, 1399230386, 20110049, 29577767, 471968262, 441120092, 2061724, 29164101, 406037147, 546723298, 33682157, 1363443031, 528658316, 1339026478, 28635213, 471968283, 1338835054, 402073046, 29486431, 424264434, 27160516, 41667685, 33682158, 35437589, 41667067, 1429338, 28907016, 498320137, 1217280, 533774662, 1943189, 28768519, 33522303, 1342988477, 1321290496, 1783906, 37095739, 476081931, 28013089, 27640056, 28283155, 1339031055, 28285770, 4378200, 34690640, 35437580, 408055319, 399552536, 33255870, 34916759, 36586598, 28635212, 512298123, 459944758, 28002604, 35726456, 536243681, 16846088, 16846093, 32619160, 32619157, 32619151, 32102855, 28661549, 461827479, 28283137, 17239379, 32619150, 33510629, 1491212, 33682163, 16139406, 36953776, 410628806, 29753364, 786262, 533296050, 28493209, 1336510679, 16336966, 505307631, 29999334, 29999285, 27575590, 32619158, 512316074, 473742686, 18495513, 551806090, 29809102, 28912082, 865045212, 21725725, 18495509, 489499305, 1614692, 5264840, 26385475, 2061452, 534540260, 29751621, 32737085, 32640146, 35310154, 28221434, 34033766, 406072455]"
3132967220,孤独症候群：一个人享受夜的宁静,"城市偌大人海茫茫
同频的概率小之又小
多么希望恰逢其时
却怎知背道而驰
或许吧
每一个孤独的灵魂
心里都有想念的人","['华语', '孤独', '夜晚', '孤独']","[1981098762, 1460706496, 1463165983, 1936374825, 1465313631, 546722350, 1887965594, 1459744130, 1440876696, 1334667445, 1457750055, 529747143, 1374489910, 64093, 1403490989, 470759757, 1439111144, 1391871327, 405599470, 1407358755, 1334667455, 299650, 501220618, 30051774, 1365393542, 31445772, 35476049, 463157222, 431357712, 138793, 441491828, 479598964, 29567189, 1399533630, 29850531, 1306507727, 1349381229, 569200213, 386844, 1346093140, 1325702742, 1426649237, 29593805, 1454447163, 35476048, 408814900, 1407214788, 1350321905, 108393, 28481103, 26090100, 1354477202, 1346104327, 1293886117, 442869203, 276904, 1356350562, 569214126, 1390853266, 1294889112, 326779, 28285910, 1297750680, 450048216, 27747328, 108284, 1359356908, 254041]"
7351913374,2023推荐爆火流行音乐（持续更新）,"我以为也只是我以为
我以为能够放的下你

我错了

喜欢的点个收藏吧","['孤独', '怀旧', '夜晚', '孤独']","[2103112456, 1895330088, 2104351054, 2104289542, 2107008910, 2103697106, 2103726430, 2099204090, 2090363622, 2063180564, 2063681659, 2063247545, 1897678158, 2060793317, 2031414209, 1482160221, 2068709047, 2049512697, 1984758339, 1951069525, 449577636, 2049777195, 2026224214, 1974443814, 1833106566, 1979417838, 2022196813, 1901371647, 1984836305, 1898044638, 1964443044, 1968053454, 1978915916, 1898038197, 1978657610, 2012726202, 1965890511, 488249475, 1922888354, 208891, 1891469546, 1804248044, 1874158536, 1964850254, 1895426424, 1456890009, 1873049720, 1851652156, 1896011629, 1872024726, 1869728598, 1819703536, 1869943939, 1936526131, 1462400183, 1907766514, 1853809171, 1897439735, 1488077114, 1857630559, 1842025914, 1865573010, 1841002409, 1964510434, 1457707546, 1897685807, 1851258433, 1454242523, 1381755293, 1843319489, 1868918362, 1929311293, 1846489646, 1897456654, 1871993457, 1443937011, 1849998058, 1456659704, 1895997028, 1867217766, 1837047399, 346089, 400876320, 1499892134, 1417862046, 1824090589, 1406649619, 1858139145, 569200213, 28285910, 1897428578, 1868943615, 1464325108, 1374329431, 65766, 5253801, 1293886117, 1297802566, 25727803, 461347998, 1479526505, 1860864828, 512376326, 553755659, 1437031748, 1336856864, 536622304, 1413863166, 31789010, 1873375714, 1459232593, 1861640530, 1843704418, 1297498908, 1807901896, 558071673, 1873375675, 514761281, 1303027499, 1457248123, 411214279, 346576, 1384450197, 563129860, 1815085049, 298258, 454698657, 29814898, 254574, 29803676, 208902, 1835009703, 362998, 454828887, 31010566, 1449416890, 574566207, 554241732, 167876, 25706282, 1336856777, 1805077132, 1835514122, 17177324, 1848190450, 31445772, 30431367, 1495131163, 28059417, 1842728629, 191171, 1391891631, 1414783972, 456185577, 1495077790, 1873374934, 1847975477, 1489064589, 1462875618, 569214250, 329925, 1474861444, 1817431690, 515453363, 1840459406, 1438865533, 423228325, 1815389717, 1483221816, 534228257, 1868206865, 1478568147, 551816010, 571340283, 496370620, 30352891, 1872968272, 550138197, 1441860073, 1398508295, 28825847, 1371046568, 1861126812, 518686034, 316686, 1846419185, 1840192925, 1808492017, 1833634254, 1826189041, 1826179038, 1430583016, 1840808119, 1828026086, 1809100933, 1822538249, 33599439, 1822712479, 1827600686, 1811921555, 1497588709, 29848657, 1823305772, 1815105886, 1468192805, 1804320463, 1811408619, 108503, 1824020871, 1498523311, 1824025894, 1813864802, 1489065373, 1496602290, 209758, 1822297556, 1471285412, 1401671455, 1816018288, 1814080666, 1807381939, 523251474, 1822114811, 1441758494, 864498975, 5238992, 1486513704, 1473782328, 442869203, 1430850573, 1495058484, 1492584510, 1303289043, 1426649237, 1368754688, 1500569811, 1812225658, 1811459887, 1330348068, 1809976865, 573615289, 1443838552, 1436910205, 1463165983, 1491221473, 1459950258, 207497, 465921195, 1479706965, 1804879213, 1493083969, 1497799734, 1805088448, 1456393572, 1363948882, 1403318151, 493735012, 1413142894, 1387581250, 1489342321, 1436709403, 32835565, 523250334, 1487528112, 1413585838, 29004400, 1398663411, 1501715251, 1344897943, 1442508316, 1423241987, 1498342485, 441491828, 1447966613, 483937795, 1808326361, 1384026889, 1365898499, 1400256289, 1808078153, 1346104327, 1455717202, 1363205817, 1456443773, 1331819951, 1445556953, 1426112587, 1500788926, 1460682363, 1359356908, 569213220, 1365393542, 1492049185, 1429716422, 1397674264, 1445761206, 407450223, 1403215687, 1407551413, 1810021934, 1313354324, 1406642934, 1405283464, 1383927243, 1453972194, 1357999894, 1467880542, 1813536747, 1467981119, 1486264538, 1468908179, 1430723979, 1426361558, 1468234117, 1433421603, 1459436775, 1446522223, 1440597489, 1455242795, 1467444619, 1449595426, 1444947562, 1426733632, 1479878311, 1450630238, 1460029569, 1429781378, 1450753455, 1439884195, 1441938283, 1465975035, 1446321052, 1433795646, 1453082128, 1434442050, 1367076317, 1436423847, 1365503354, 1432968475, 1452097105, 1466319568, 1463774465, 1313951459, 1467878022, 1474430101, 1477320048, 1425896565, 1446673879, 1447099228, 1463497964, 1464182034, 1430620302, 1431915849, 1423527466, 1395766632, 1457801270, 1429954271, 1431866741, 1453934263, 1422727081, 1437055350, 1419457616, 1447635772, 1447185292, 1458931009, 1450265949, 1426715109, 1424649336, 1440066531, 1468269977, 1462322169, 1351743204, 1452418823, 1452470023, 1433615406, 1465037880, 1457113433, 1375468860, 1426557520, 487463583, 1433470767, 1439354783, 1455485876, 1377630066, 1459692648, 1455714903, 1449678888, 1425175977, 1457757532, 1424220262, 1358554236, 1459023707, 416892296, 1481164987, 1477539203, 1807537867]"
8885912893,破碎的世界你是我的全部,河流无处不在，莲花无处不在，河流与莲花，转瞬成空,"['孤独', '思念', '伤感', '孤独']","[517566417, 1890385695, 436667409, 1995052279, 2001640071, 28403111, 1928483728, 1945155098, 34586275, 501468000, 1459935719, 1426112587, 421423806, 1381615652, 1336864660, 494642794, 422104138, 1413585838, 2004668241, 1954998940, 1406083061, 3956956, 26082345, 1960767193, 1960672246, 2001314407, 2052649797, 1999900790, 2001370793, 2009552690, 27646197, 27646198, 2042397881, 27646205, 2003413749, 2014337815, 1970554427, 2033957082, 2019525144, 1988789818, 27671269, 27646199, 1427725543, 1959303514, 247936]"
3215820312,安静下来刷题看书学习休息,日子越来越枯燥，心情越来越浮躁，但就算如此，一个人也要走下去，一直向前，未来可期。,"['学习', '放松', '孤独', '孤独']","[494642794, 2029560994, 1973673109, 2101412070, 2098405743, 2029892284, 1987549949, 2062885470, 1321773305, 1956462195, 1364586007, 2056109164, 1987265001, 2037044346, 1436101985, 1930226368, 1898932154, 1830493066, 1841260391, 1941347922, 1963443095, 1954929879, 1882781654, 1930226361, 22738314, 29406314, 1457681678, 31273477, 518894020, 36953773, 32320824, 1928444184, 32320830, 29586022, 1290237, 1590977, 17466356, 1830665479, 863552267, 1835048360, 1405421750, 29535887, 448916343, 1447685085, 36103287, 1452648923, 1847116028, 1821851036, 1401353320, 1476292433, 1314223132, 1443980063, 414826614, 19579127, 1393394354, 1445009514, 26135461, 32320833, 557578992, 444312, 27514069, 1459143749, 1818353441, 1321401199, 477310237, 477913, 1459849658, 1407648820, 26116122, 1348456770, 1370771358, 525239427, 1339215944, 1300728225, 1833876911, 2283314, 1463671094, 421148106, 1395381349, 1438574395, 22538955, 1091083, 29498708, 1293032, 1420349595, 1358275949, 1421343396, 1345821920, 1366031349, 535056564, 1384311632, 1803321138, 18782895, 18782906, 1444803461, 5267808, 1491212, 1441615130, 1465424152, 1341328661, 4346235, 29020262, 16846088, 521416704, 1642632, 1351182680, 1351182980, 139774, 1297742167, 546724456, 1413374282, 29023826, 1313474211, 21725725, 553738818, 559227860, 434902428, 1384026889, 1334363758, 492390949, 29129889, 468176711, 586299, 541131, 509720124, 453843751, 454035505, 426881489, 426881504, 422790938, 1378492137, 503619284, 527957820, 1348896822, 448226072, 430685732, 1352045760, 426881502, 31168991]"
2912455387,白噪音，脑电波，午夜助眠纯音乐,太阳未出时，全世界都像一个梦，唯有月亮是真实的；太阳出来后，全世界都真实了，唯有月亮像一个梦。,"['安静', '孤独', '夜晚', '孤独']","[1983780110, 1458220631, 1806854425, 1456445892, 1952451539, 28979158, 1816837864, 5214977, 4010201, 1816275011, 1831476858, 1854373137, 1804354971, 547580245, 475521, 1393393547, 32083133, 1393393546, 40257849, 1341418603, 1437160854, 36388981, 36386804, 1428038847, 29137872, 522354237, 538802149, 29734859, 29734870, 29734857, 474484015, 1445299762, 1379215363, 1412209212, 1392600538, 549708309, 1387100701, 1395381349, 1397464399, 1378992061, 1422512958, 1416430733, 1369504130, 1417320598, 35032657, 1297742167, 1384447944, 1348688293, 476334080, 30870608, 515644857, 493950499, 29818028, 541147117, 27591660, 479713267, 535093555, 21725725, 32823793, 1063381, 430685732, 533368974, 473742686, 5268323, 572182643, 1341912654, 459733590, 139296, 451319227, 485533647, 1294888855, 32070215]"
2769242438,一个人慢跑歌单,适合孤独跑者,"['治愈', '孤独', '孤独']","[28753141, 2028616124, 436603401, 3023863, 523274, 1900724679, 2042878838, 17709090, 2308529, 1438590437, 1461058607, 1615004, 1352750502, 1357713479, 18578526, 1880058883, 5197154, 34834414, 29709520, 27376247, 3313336, 1211273, 18495590, 534631701, 1453255496, 473335417, 39122745, 1331204410, 1378421370, 863464857, 1857340424, 1453378210, 27571714, 1822892094, 1401710442, 26242930, 1826613971, 1899829757, 2069820, 1435664414, 1437160854, 1980437275, 1464204140, 27506731, 1477716638, 1939751157, 434902428, 509720124, 19572271, 4380582, 1343455636, 28493991, 26215210, 18944312, 534631704, 1830214800, 1447792160, 1458220631, 757567, 1825812867, 32337018, 1364400123, 1431679760, 1310361916, 149225, 1446278992, 1822602095, 2019620319, 103027, 29047169, 505594080, 32717164, 425100225, 139774, 461074907, 28160235, 32217265, 515407682, 32717172, 756112, 427606780, 1303026566, 1960403750, 28892611, 30355879, 152389, 522631453, 1316330439, 480713529, 31134622, 502958223, 20707471, 1417970889, 19125884, 546961330, 1301568521, 1762230, 1700113, 26883589, 2778240, 444003269, 528404572, 1412241652, 1417465877, 1423228011, 5266094, 1361948761, 4388051, 491365293, 415085696, 21301200, 139177, 28699446, 16846088, 1398720199, 413077349, 1354445427, 1411612502, 67160, 535612106, 1314777725, 39635710, 490687121, 523863496, 317641, 1308706084, 16434967, 21857108, 22513542, 18976264, 5039981, 28684811, 5111059, 1294339873, 458652529, 492108875, 28256115, 432509483, 21301195, 1345338338, 33991219, 405987471, 1383927243, 19830032, 4071236, 19081560, 1934449, 16835284, 1196505, 29771314, 5043107, 3203065, 2638895, 413077353, 28893017, 1374329431, 417908611, 1217729, 413077354, 5212442, 32192034, 506650377, 515269424, 2416600, 22407775, 1210461, 469410733, 22450237, 27583241, 2320714, 26620422, 2414898, 29539085, 17678532, 18785078, 18548897, 16661978, 1491585, 21674667, 16335019, 26620638, 4085555, 2414902, 31352461, 18529562, 5198093, 27907499, 22088971, 1696822, 5127563, 18248324, 4273642, 17121714, 22502857, 21171751, 28569056, 2638914, 18940718, 4049771, 2866566, 25880423, 27000323, 18582366, 28875540, 1494060, 17245428, 17982527, 21698740, 5201316, 2413461, 4132379, 1933598, 17245236, 1701102, 39122749, 27506733, 17810607, 431534620, 21687057, 18026619, 27984052, 26508116, 19081573, 3923013, 22566555, 445845802, 1811338, 1202989, 1077408]"
8865470241,做Mad漫剪自用 情绪风「Ae」「AMV」「MAD」,自己整理的一些做mad的比较好听的歌 ins油管漫剪的歌曲,"['孤独', '轻音乐', '治愈', '孤独']","[2102664448, 666395, 1890756154, 1982706680, 1311427648, 2102167186, 1397345903, 1929964478, 1909814194, 1974647510, 1925791508, 1308081455, 1308188057, 478049185, 478029284, 494645920, 1906515508, 1477386754, 1379931671, 1927050434, 1995562240, 1299557101, 1320884184, 1811445719, 2083332583, 515803398, 1299563516, 2052701669, 480426221, 407459561, 1301573957, 1407347189, 1445545567, 480286157, 1937372851, 1990977931, 1454436107, 1871883965, 479980004, 2091824360, 1833176477, 1990905750, 1486774524, 1891312681, 2000157853, 30854122, 1983230711, 2052879853, 1849161259, 1919295740, 1869249571, 1835080453, 1879615907, 1873400795, 1869252289, 1861978401, 1820980492, 1348721341, 1493333482, 1877685462, 2043652292, 517346741, 2025195057, 1864414688, 1457681678, 1972004497, 492390949, 1942079808, 1918443223, 487379321, 1939751157, 1991850121, 480426470, 1941013569, 425828457, 1808052994, 1902576307, 1836077905, 2031152579, 1818979572, 1872223336, 1964529701, 1961533788, 489178319, 1898113522, 2093679869, 1427724472, 539428072, 1831739822, 2020671125, 1932379731, 1351182980, 29137872, 29137871, 1424460203, 431610014, 482636090, 1980337835, 1935649968, 1971693561, 1943186, 473742686, 26212426, 509720124, 495562302, 453843751, 1648647, 38019092, 424057314, 475072640, 2013896177, 2063718207, 1956079310, 2075994209, 1855856092, 407002778, 477250101, 2061508316, 479219528, 1939768751, 1814430805, 500352029, 2024364264, 1847487003, 2067804933, 1824719267, 2036241755, 2033371972, 2009965691, 465677047, 489997708, 454125899, 429482215, 493042625, 2095013619, 2060631206, 2068633237, 431853993, 1476760109, 2008616382, 1895165581, 528423473, 1969841316, 556673324, 548823873, 1492584510, 404184492, 1911627306, 521784071, 1395424623, 434871406, 1835822972, 515803329, 1371427905, 21273749, 2006693987, 1808235517, 1407911715, 1294910889, 5322513, 1296558265, 1411594141, 1315960996, 1952546286, 482235648, 1965306521, 2003298390, 1363864061, 2008964452, 532884896, 2023313598, 1333359608, 2043218731, 1357788380, 2019336824, 543988152, 1811909303, 490602730, 558462973, 1861663703, 1452735018, 1813370722, 1450199079, 522352153, 484732956, 1317460408, 1304908145, 458238833, 1977063248, 1457040727, 1430376071, 561859410, 442589152, 528270244, 516654236, 437605844, 494862146, 1838388285, 1453607421, 504264241, 1364292313, 1373776041, 26093064, 35497894, 1484081302, 1815451639, 554308724, 478731317, 1448053329, 1645108, 1308782023, 1428495562, 501133798, 462516170, 439646198]"
2079799186,六十五首精选助眠轻音乐.,"话不要憋着，别人没有读心术。
你不说，就会错过很多，很多...","['安静', '孤独', '轻音乐', '孤独']","[539428072, 1475831906, 1410211913, 1453907054, 1433584979, 1845918289, 1320484967, 1416015377, 428390681, 1363608231, 1423800162, 454182276, 31048288, 127777, 1416209502, 542476198, 479713267, 103027, 1401353320, 149240, 26524336, 3950050, 1336575693, 4968365, 430685732, 28151052, 1336571919, 28160230, 1416015378, 417595476, 1409136605, 1384026889, 1406279643, 1344874330, 428390694, 435948987, 28907016, 165614, 1343789653, 1317933864, 1377883164, 1341439580, 149294, 139730, 1394096977, 1377278723, 406238, 785902, 1091088, 414706265, 250879, 760058, 36897723, 450698329, 31134607, 415085696, 149222, 26524326, 28160229, 468176711, 541131, 149306, 139774, 3951384, 29984860, 149297, 185859]"
4940373143,“欲落的樱花等不到富士山日落”｜静心,“那就不等了”,"['孤独', '学习', '夜晚', '孤独']","[1336576657, 1382441642, 1846218799, 1418922040, 1949158856, 1971927682, 1465084366, 428391474, 492086826, 1814378991, 1807581270, 1379215363, 1411402304, 431794936, 485327917, 455568962, 1474142439, 1370748808, 40021444, 1491714569, 1421343396, 435307995, 457212399, 1873575452, 541148319, 461515533, 454125899, 1424433879, 1460452159, 451319227, 1869297173, 536057, 408943384, 36198994, 16139395, 1943186, 28245304, 408140415, 3204373, 28692665, 1375455035, 475541, 1884255730, 28578763, 19934757, 1860665686, 484343995, 3204370, 463183734, 410654440, 17241428, 26212426, 532777410, 1484312167, 1864091407, 506650377, 1878989646, 556845293, 471942, 26243496, 1468132421, 479219481, 1351784375, 560184821, 1437233087, 504265238, 504264248, 1452504602, 127777, 1888667608, 1384026889, 1301457045, 509098557, 22663110, 1398352909, 483200154, 1325896191, 562594084, 515803186, 22822506, 1924518, 1293003, 4346280, 3204379, 1316330689, 515822254, 26212420, 149294, 476295986, 26212410, 18057481, 1942310751, 475563, 607420, 1428495562, 1442258591, 1297742167, 475072090, 16139396, 1645108, 28814867, 1392619246, 5064939, 28692530, 572182643, 16426484, 1363152886, 1924530, 1334624319, 20110049, 430685732, 2103868977, 2640819, 1474411964, 1293032, 481859485, 1441735882, 469772, 28692659, 520335624, 447279127, 1812282112, 4064255, 458995139, 41667714, 16139397, 442545, 766038, 455634241, 1992463, 578090, 421148106, 4006059, 1483741960, 1483503842, 4064247, 1377164042, 28411043, 30245042, 4899152, 1376035521, 1816837831, 26111688, 463775, 1862975542, 505820121, 1814430459, 479713267, 30245059, 418550, 541844, 32070215, 1294724, 19498811, 1432174098, 1398802958, 1811909303, 485964248, 1294674029, 1416430733, 521935820, 1323377000, 1334363758, 29137871, 29137872, 29137869, 139235, 29137868]"
2881062332,「Ophelia Records」最渺茫的音樂仙境,"Ophelia(奥菲莉娅)是由Seven lions等典型实力远大于名气的Producer在2018年创立的新型欧式厂牌。厂牌主要以Melodic dubstep 以及 Midtempo Psy trance 为主。作品质量高且厂牌专辑封面设计独具特色，不落俗套的编排，使EDM与Underground听众都能被其所吸引。

现主要厂牌成员有Seven Lions 、Kill The Noise、MITIs、Last Heroes、Au5，Jason Ross、Blastoyz、Dimibo、Blanke、Trivecta、Wooli、Abraxis（Seven lions＆Dimibo）、Far out、Said the sky 等

本歌单不收录remix 与不插电作品 以歌曲发布时间倒序排列","['电子', '孤独', '感动', '孤独']","[2101118648, 2097408372, 2097408373, 2097407604, 2097407606, 2092966881, 2067120679, 2091077232, 2089511137, 2089511138, 2089508559, 2089511139, 2089511140, 2089508560, 2089511141, 2089511142, 2089508561, 2089508562, 2087276773, 2085012944, 2085316266, 2085317149, 2083373003, 2081437720, 2081437721, 2075774050, 2075774051, 2075774052, 2075774053, 2075774054, 2075774055, 2075773452, 2075773454, 2075773455, 2075774058, 2071444166, 2071444167, 2071444168, 2071444656, 2071444169, 2071444657, 2071444170, 2071444171, 2071444172, 2071444173, 2071113488, 2066964696, 2066963930, 2066963931, 2064739597, 2064740446, 2064739598, 2064739599, 2064739600, 2064739601, 2064739602, 2064739603, 2064739604, 2062816135, 2060923157, 2057116555, 2055201406, 2053288525, 2051473278, 2049702354, 2049702355, 2049701396, 2047935354, 2044146061, 2043891164, 2043891635, 2037938580, 2038118805, 2038118480, 2038118806, 2036128763, 2030112458, 2022301091, 2022301935, 2020507306, 2016884444, 2016884445, 2016884631, 2016884446, 2016884447, 2016884632, 2016884448, 2016884633, 2004584969, 2002472758, 1998589612, 1994428013, 1994428667, 1992307695, 1990363353, 1990363354, 1990363355, 1990362379, 1990362380, 1990362381, 1990362382, 1990363356, 1990362383, 1990362384, 1990362385, 1990363357, 1986633448, 1986633449, 1984767612, 1982913848, 1982606586, 1980999689, 1976824986, 1972587684, 1972587685, 1972587427, 1972587429, 1972587428, 1972587430, 1972587686, 1971607587, 1968981865, 1968979578, 1968981866, 1968979579, 1968979580, 1968979581, 1968981868, 1967058393, 1965283306, 1965283307, 1965284302, 1963293738, 1961436805, 1959597550, 1957695594, 1957429436, 1955856871, 1954030245, 1954030246, 1954030247, 1954030248, 1954031745, 1954031746, 1954031747, 1954031748, 1954030249, 1954031749, 1954030250, 1954030251, 1950216275, 1949598131, 1947845417, 1947845996, 1947845418, 1946089736, 1946089737, 1946089738, 1946089739, 1946088792, 1946089740, 1946088793, 1946088794, 1946089741, 1946089742, 1946089743, 1941522379, 1941176205, 1941176206, 1941176207, 1939375122, 1939375123, 1939129928, 1937330707, 1937330708, 1935177997, 1932428685, 1932428686, 1932426907, 1932426909, 1932426910, 1932426911, 1932426912, 1932426914, 1930421066, 1928359037, 1926525172, 1926524320, 1926524321, 1926524322, 1924483658, 1924481202, 1924483659, 1924481205, 1923947530, 1922522235, 1920572254, 1918558195, 1916814365, 1916814366, 1916816656, 1916814367, 1916816657, 1916816658, 1916814368, 1914898390, 1912836151, 1912583705, 1912583706, 1912583707, 1910987426, 1908996458, 1908996459, 1908646156, 1905261906, 1905260991, 1905260992, 1905261907, 1905261908, 1905260993, 1905261909, 1905260994, 1903509374, 1903409380, 1903409383, 1899336175, 1899336951, 1895024162, 1891617568, 1888077400, 1888076560, 1888076561, 1888077401, 1884116655, 1881955702, 1881654297, 1879809494, 1877904601, 1876109079, 1872565223, 1872565224, 1872565226, 1871364700, 1870236735, 1866202304, 1862507836, 1860762164, 1859016214, 1857305577, 1857305578, 1857305579, 1857307752, 1857307753, 1857305580, 1855644989, 1853470352, 1851244303, 1851244304, 1851244305, 1851244306, 1851244307, 1851244873, 1851244308, 1849248576, 1847389474, 1845607869, 1845608781, 1843875721, 1842147184, 1840416761, 1837972529, 1835265178, 1835266139, 1835266140, 1835265185, 1835266142, 1835265186, 1835265189, 1835265191, 1835265192, 1831761213, 1829742202, 1825847396, 1824197139, 1824197140, 1824198705, 1824198706, 1824198707, 1824197141, 1824197142, 1824197143, 1824198708, 1824198709, 1822522070, 1818998483, 1813200105, 1817028946, 1817028947, 1817027898, 1811365532, 1809318323, 1501390337, 1499505486, 1497732822, 1496000629, 1496001363, 1496001364, 1496001365, 1496000630, 1496001366, 1496000631, 1496001367, 1494147820, 1492272145, 1492272146, 1492270191, 1490304171, 1490302806, 1490304172, 1490304173, 1488457944, 1486645589, 1486646452, 1486646453, 1486645592, 1486646454, 1486646455, 1483116144, 1481304439, 1481304440, 1481305102, 1481304442, 1479427017, 1479427018, 1479427220, 1479427221, 1479427222, 1479427223, 1476932834, 1475524916, 1471948142, 1470022205, 1470023075, 1468127181, 1466202254, 1464332067, 1463835821, 1460831171, 1458679659, 1455890078, 1455890079, 1455889219, 1455889220, 1455890080, 1455890081, 1452598407, 1450893384, 1450894524, 1449299421, 1449298340, 1449299422, 1449299423, 1449298341, 1449299424, 1449299425, 1449299426, 1444061787, 1442182161, 1442181237, 1442181238, 1438386239, 1433426225, 1433426226, 1433426227, 1433425152, 1431498410, 1429604070, 1427888550, 1424216182, 1422511214, 1420650860, 1418381605, 1418381608, 1418382211, 1418381610, 1418381612, 1415736300, 1407355265, 1405248539, 1403015352, 1401180143, 1401179675, 1401179676, 1401179677, 1400361707, 1399042644, 1397424961, 1396158062, 1396158063, 1396157324, 1394745735, 1388286228, 1388286227, 1388285645, 1386838818, 1385784519, 1372505547, 1374083992, 1365157916, 1360746868, 1354405981, 1342935707, 1342935708, 1333340621, 1329900090, 1316562834, 1304848494, 1304848493, 865021923, 1300576781, 573518552, 555398956, 548648028, 548649025, 536623529]"
8727371525,小众孤独感｜做独行的出众者,希望自己是一棵树，守静，向光，安然，敏感的神经末梢，触着流云和微风，窃窃的欢喜。脚下踩着最卑贱的泥，很踏实。还有，每一天都在隐秘成长,"['欧美', '流行', '孤独', '孤独']","[1435507674, 1366552350, 1336871957, 1342743435, 438803689, 28610552, 445845663, 28617626, 1847828936, 32405645, 1487445896, 28383715, 854053, 1410658488, 1403374745, 1345566846, 425828453, 1357399051, 466089220, 444480735, 428642119, 28302826, 410629437, 419597001, 524148663, 431080786, 524736110, 1446303228, 1300692397, 1455072659, 27483249, 1399103028, 1383073670, 27598069, 1451141838, 28972591, 415793040, 1322406547, 1827686454, 28497099, 1468802188, 4199756, 1312528250, 28242586, 1460098500, 1454367572, 1350638342, 3563940, 1461530165, 530057917, 484638586, 1458863599, 1364583240, 27529757, 5099385, 534631704, 17657672, 1402386281, 1436046680, 29563530, 4362893, 551338379, 558261050, 1323301701, 426881026, 467011249, 473870550, 1384264596, 28925525, 460514856, 2537903, 16649878, 1821726196, 491224871, 439037325, 27922128, 1351923109, 16493093, 567145054, 4092699, 1375614316, 1353027224, 1435914497, 1457683751, 28946894]"
2417180720,精选超级爱听热歌好歌单,"听着听着就睡着的歌单
喜欢的就赶紧把它收藏
本人超级爱听的！希望合你们的胃口哈哈哈

这里面有当下最流行的中文歌曲
曲风都偏伤感 ！令人怀旧。
孤独便是长夜漫漫。

歌单只有少量说唱（说唱有另外分开的歌单）

(会不定时更新)
","['流行', '华语', '孤独', '孤独']","[1472223960, 2066654616, 1988564487, 2049512697, 1979417838, 2016688503, 1961990685, 2021434589, 1974443814, 1844931390, 438204707, 1905004937, 2041974276, 1842025914, 2045946501, 2038508476, 2025533834, 2019573476, 2021373243, 2026224214, 502043537, 1482867143, 1984475097, 1950343972, 2022196813, 2031912194, 436346833, 1951069525, 1930608504, 1842728629, 1986771025, 1989423797, 1975753397, 1979313985, 1970396862, 1395222212, 1891431677, 30612793, 865632948, 1454732243, 1969923877, 475479888, 1973016324, 1486264538, 1845651956, 1486060211, 1874972712, 1877996649, 2023954033, 1843704418, 1848190450, 1927402478, 1972951037, 1453957944, 1973046704, 2034881346, 1459935719, 1947948874, 1824408437, 1498076242, 1400259397, 1950027446, 1939898238, 1842086638, 1934251776, 1868770611, 1988532821, 1912959921, 1463165960, 1862309034, 1837557715, 1836033745, 1807381939, 1922888354, 518682659, 1944798036, 1940334604, 1851344107, 1806634682, 306665, 108931, 1858139145, 29774171, 1363205817, 208891, 1440570723, 1892562874, 1903509018, 1908392914, 1887917182, 1403318151, 1886371886, 1907766514, 1895330088, 1844449888, 488249475, 1891469546, 1901371647, 1807799505, 1897928759, 1887139866, 1886366510, 1456890009, 551400874, 1859245776, 1483221816, 1467444619, 1826189041, 1849998058, 1851258433, 1869248652, 1838505400, 1868972053, 1867217766, 1841002409, 1397674264, 1840808119, 1841521017, 1832088781, 1827600686, 523250334, 1387581250, 1368754688, 1489342321, 1805088448, 1824025894, 1497588709, 1492584510, 1811921555, 1500569811, 1336856864, 1441758494, 1807537867, 1495058484, 208902, 1808492017, 1426112587, 1459232593, 1491221473, 476659144, 1492049185, 1804320463, 1443838552, 1459950258, 1481164987, 1423241987, 407450223, 1450574147, 1445761206, 558071673, 1460682363, 1405283464, 1463165983, 1426649237, 1449678888, 1374489910, 1336856449, 1413585838, 1389090775, 1358848433, 1435449062, 483937795, 1398663411, 1436910205, 1436709403, 1413142894, 1415829224, 1336990251, 465921195, 1412242872, 1405319676, 1346093140, 1356499052, 1397345903, 1383053049, 1364713000, 1370047789, 1442508316, 1363948882, 1391891631, 1392971370, 1385856956, 1377748865, 1359356908, 1383927243, 1371780785, 1369798757, 1344897943, 1372796676, 1381755293, 407435011, 1365393542, 1365221826, 1365898499, 1336856777, 1368371706, 554241732, 1302173544, 566436427, 1312993764, 516728102, 496869422, 1303289043, 478303470, 1294951288, 1404885266, 1357999894, 1313354324, 25640582, 421423806, 421423808, 513360721, 29357087, 28285910, 441491828, 1331819951, 1356350562, 1346104327, 409654891, 518686034, 133998, 1315718569, 471403427, 514765154, 27588486, 31546888, 1293886117, 412911436, 36270426, 449818741, 569213220, 29759733, 526464145, 504835560, 85571, 1330348068, 28563317, 569214126, 812400]"
8874722440,人生的第17个冬天很快就会逝去,"歌单老打驾车tag，其实我连驾校都上不起，更别谈有车开了（笑），也许是从小就被分配设定到了憧憬这种东西上吧
天冷了，但是身体还是热乎的
依旧听着歌驰骋在路上，我继续我的故事
过去一年里有些东西决心放下，有些东西决心捡起
我老觉得这座城市已经无药可救了，仿佛我早就一眼就看穿了每一寸土地的结局
也有时候我感觉我是潜伏在这座城里伺机而动的一匹狼，杀伐之时绝不犹豫
又好像我是喝下过智慧之泉的先知，陪着故土一起走向终末，是神明赐予这座城市的诅咒
不对，这其实是对我自己的诅咒，我不免因此时常陷入悲伤和忧郁中
不过不是所有时候都可以找到谷仓的空地一样的乐园
这时也许手机和耳机相伴左右，我才能获得片刻安宁
街景真的很美，我愿一生都歌颂平凡生活中一切美好的事物
生来没有强壮的体格，也没有过人的智慧，亦然没有大量的财富，或独具一格的天赋……但也许只有当被群体淘汰的时候，才可以更好去观察世界，这当然不是为了改变任何，最终无非是一个人的灵魂自我感觉愈发虚无，似流水流向永恒……","['孤独', '工作', '驾车', '孤独']","[1960624113, 29563496, 39324827, 29343276, 76875, 484462, 1312061180, 5100462, 26259733, 22821059, 5366190, 408250835, 1327627461, 1925206128, 22778420, 1332676777, 1925204257, 37202149, 32272732, 22717916, 22717912, 39324830, 22717924, 32272735, 405485942, 405485944, 32272736, 408250834]"
8603843591,网易云伤感歌单/半夜哭泣（持续EMO),"
制作不易，喜欢的点个收藏吧。
非常感谢！

【持 续 更 新】 欢 迎 投 稿","['华语', '流行', '孤独', '孤独']","[2094433240, 436346833, 1923184888, 2019573476, 2063180564, 2060793317, 2063681659, 1964510434, 25638767, 1897428578, 1954420092, 1868918362, 2063247545, 2046047884, 2031987807, 2052660773, 2066124309, 1443143188, 1809976865, 2031027530, 2031414209, 30612793, 1499892134, 1984836305, 1500569811, 2012726202, 486194136, 1895997028, 1885427474, 1824090589, 2010809709, 1819703536, 31654343, 1897456654, 174944, 1462400183, 566436427, 1804248044, 63574, 1924343459, 2038498704, 2045089380, 467952048, 2012726027, 1406130579, 293948, 1430583016, 1929311293, 865632948, 1897685807, 2010357876, 475479888, 1454242523, 1932593070, 1958031074, 1903876057, 1925452719, 1833106566, 1927402478, 1897439735, 1928857203, 1808326361, 1898044638, 1430319727, 1899079967, 1898038197, 1456890009, 1891469546, 1807799505, 1895426424, 362998, 1443937011, 1321392748, 1897678158, 420401511, 1865573010, 1828026086, 1429716422, 1809100933, 1837047399, 1806117006, 1811921555, 1808492017, 1807537867, 1896011629, 1368754688, 1497799734, 442869203, 1463168014, 1460656959, 453413861, 1459950258, 1443838552, 558071673, 1455965526, 1456443773, 1403318151, 407450223, 1460682363, 1448183660, 65800, 1356511808, 1403215687, 449577226, 1445670554, 1435449062, 406475394, 1411358329, 1392971370, 1447723495, 1449794966, 1454723856, 1445761206, 1344897943, 1449678888, 1426649237, 1425626819, 1425814935, 1442508316, 1437636100, 1413585838, 1436709403, 1426326198, 133998, 1426112587, 502043537, 1407551413, 32835565, 493735012, 1416772486, 1418316824, 1417136806, 1411784809, 1398663411, 1413142894, 558290126, 1385856956, 523251474, 1374056689, 1404885266, 1343756008, 1339648907, 550138197, 1383876635, 1400256289, 571472967, 1391891631, 1397345903, 1396073496, 1363948882, 1388010329, 517446139, 1377574592, 1381761209, 1376142151, 1303027499, 1379456709, 28892418, 1376166020, 1370007645, 1363205817, 1365393542, 1373236574, 548556869, 1374051000, 417859631, 1299889486, 1369601580, 1295025880, 487885426, 1357825630, 1359356908, 1363078221, 1357999894, 28563317, 1354629987, 82190, 1335350269, 31246559, 1346104327, 1356350562, 1316921651, 1345848098, 65847, 502103677, 569200213, 551816010, 430685239, 1317542136, 1349292048, 434070232, 28111646, 1315718569, 864495909, 1336990251, 552192975, 26217171, 1306400549, 480271578, 1334647784, 569213220, 555756430, 462769331, 496620009, 27937466, 557581967, 25718007, 29759733, 287063, 441491828, 297711, 29004400, 523250334, 28191532, 487861444, 1321518222, 517642609, 407039047, 504835560, 1325896149, 509932349, 470759757, 468513829, 1294899029, 554241732, 451016086, 466122271, 1318235595, 553310457, 1306853204, 557667045, 1294889112, 553755659, 35678873, 1294910785, 473440527, 30814948, 498758558, 463425497, 405599470, 150430, 557584888, 557583281, 501928179, 208938, 500613058, 526464145, 28793502, 65538, 254574, 545413103, 516571913, 488249475, 1370047789, 1392600538, 1805088448, 1467444619, 1813864802, 465921195, 1463165983, 1827600686, 504264247, 1493083969, 1491221473, 1436910205, 1481164987, 574921549, 548885986, 28059417, 1383691441, 1334363758, 329925, 1489346184, 518686034, 1811408619, 1855883745]"
2621401620,不知不觉我好像一个人走了很久,不刻意合群 风格相同的人自然会相互吸引,"['孤独', '流行', '华语', '孤独']",[]
2640929145,独处时光：有时候一个人，也挺好,"唉

或许，爱与不爱，冷暖自知

我不知道用什么样的词汇来形容所谓的“孤独”
写了很多，又删掉

可能只有身处其中的那一瞬间才能体会
可能有时候一个人，也挺好的吧

罢了，自己懂就好

封 | 新浪 | 插画师：LOST7_（已授权）","['华语', '孤独', '夜晚', '孤独']","[1860567964, 1470501460, 1347692190, 441491828, 28838238, 1374489910, 1346093140, 1498327554, 1350208336, 29004400, 498639446, 1346093159, 1371793760, 1334270062, 1306507727, 1378945187, 1385858544, 1365393542, 546722350, 521416788, 440241190, 1297750680, 1346105096, 1377574592, 1348456577, 28310905, 64093, 1293951023, 1334845429, 570334125]"
592579617,网易云音乐最火歌曲«更新最快»,"这里是网易云最好听的热门歌曲推荐，

持续更新，感谢喜欢。

生活总有惊喜会等着你，

听一首好歌，一起享受生活吧。","['华语', '流行', '孤独', '孤独']","[2106481673, 2104683024, 2104658445, 2101517522, 2101566680, 2097821356, 2096551491, 2097101790, 2097923397, 2097155812, 2040008221, 2072648006, 2080995093, 2047454135, 446875114, 2067231437, 2078669525, 2073773504, 1839035984, 2094625221, 2045846669, 425137084, 2090974658, 2030296585, 1996740889, 1962317672, 2085245785, 425136109, 2084053068, 2080625350, 1833624876, 2070423325, 466332567, 2067483064, 2028500065, 2061952638, 2022920019, 2008746306, 1986538904, 1902523224, 2077305406, 447076485, 2031330068, 2035560073, 1987834515, 2016444919, 2023976838, 1497607774, 2029188482, 1425319724, 2093115650, 1956919232, 1953334681, 2022014572, 1939534695, 2084376714, 1959166451, 2012502561, 1993858398, 1982685014, 1837093994, 2003645183, 1939699085, 1867428768, 1497607775, 1891311376, 1928174922, 562476021, 1893097135, 1495896649, 1986354026, 2077782656, 1410192318, 1825035505, 1313672973, 1909954648, 1859147416, 1411848138, 2017028625, 2019383101, 1410018953, 1411842430, 2073039541, 1362214740, 1939787443, 1425322219, 2060224285, 1443309396, 562457947, 558229954, 562463668, 2057837331, 1871232343, 1459534643, 1811679056, 1423974259, 1423316655, 2045830618, 1406277357, 2042848649, 2039629482, 2034472731, 1452798124, 1975972025, 1459317799, 1995468876, 2028119699, 1996136299, 2024008258, 2013058347, 1994919294, 1410021481, 1433228164, 1410833098, 1880909462, 1928305385, 1884020859, 1984807296, 2026224214, 1895243053, 2003461208, 1996686226, 2079689338, 2046159923, 2049512697, 1893138818, 2051751004, 2034657715, 1472794688, 1398084972, 1922661400, 1841884017, 2048584480, 2031835136, 1886192269, 1965718855, 1436099140, 1998168054, 1925413632, 1423232357, 1922657249, 1928456972, 2042630564, 1392161228, 1965537576, 1863485214, 1903546795, 1852326001, 1370047789, 2035374710, 17263308, 1878597955, 1856326960, 1917328742, 1942011218, 1907241392, 1891469546, 1901371647, 1944307179, 1998339144, 1446520313, 1470175556, 1411774791, 1944487856, 1902198994, 539114775, 2035212204, 1851949560, 454435058, 1996312116, 1403318151, 2054294510, 2008586924, 1814378900, 2023797552, 1985950816, 2050733897, 1891085840, 1852305198, 28727136, 475479888, 1841583084, 362996, 1430693066, 1448554643, 1450464206, 1444466779, 1806341232, 1864638464]"
2315039738,一些走心的情感语录,说不出来的心事就留在这里吧。,"['夜晚', '伤感', '孤独', '孤独']","[2063192468, 1927536739, 1993975683, 1944911429, 1919731313, 1941876069, 1950979513, 1893862588, 1486490661, 1919629728, 1346403919, 1900901912, 1888184248, 1329519709, 1873819384, 1333049778, 864993835, 548823375, 559110774, 1331143963, 1334414461, 1300076307, 552454462, 495558273, 548823373, 1334412409, 865048026, 1316062000, 1314029978, 1331448748, 1315122240, 1315122248, 550453774, 549941722, 1320115481, 1315122081, 1320742339, 865021107, 561511013, 539372197, 549941731, 549941729, 549941734, 553061015, 566953433, 558155565, 550461486, 552456418, 526379402]"
2002199718,是时候吸一口丧丧的仙气了,"敏感细心的你会发现
歌单的歌从无声到有声
字里行间从失望到希望

贪求思慕只因痴
一切眼泪和思忆都是徒然

所以
请不要难过
人呐
总是趋同
睡醒就会好起来的

#仲恺网易云俱乐部#","['安静', '孤独', '治愈', '孤独']","[405384916, 427416709, 494858498, 4283620, 350127, 407450660, 509030442, 479223232, 28496078, 40249171, 539171406, 22755035, 475070014, 30569879, 29729012, 450224218, 448316224, 432848329, 17124734, 415786182, 492092383, 491686047, 477821065, 468878432, 458725546, 478229206, 418603177, 445462318, 16469426, 1621764, 422977412, 496298886, 32192199, 989380, 506224180, 414586202, 480768665, 2106613, 27975130, 26511658, 4217349, 32640284, 28226892, 22212233, 1609689, 517902789, 431096357, 29371030]"
984574151,现在是午夜12点丨该卸下虚伪面具了,我已经迷失了路，我要去寻找真正的自己。,"['旅行', '治愈', '孤独', '孤独']","[2096950085, 2061978961, 1426959223, 1354291617, 2026224214, 2050202120, 432509483, 1840310903, 1983054417, 1860661903, 1980337835, 1395957507, 2077049746, 1883997763, 65761, 1945894789, 558071673, 526464145, 2094817741, 2060669693, 2075085618, 1397345903, 2049512697, 1974443814, 1456890009, 449577636, 1407789605, 40147552, 1403318151, 436346833, 207497, 1841002409, 28267530, 2034881346, 2048584480, 1877996649, 25642952, 1497588709, 2020625847, 2023358881, 1968781675, 1413374550, 1857630559, 1884291086, 1430319727, 108931, 1377372171, 1844506596, 1821828003, 1828026086, 1852086408, 1860567964, 1368754688, 1463165983, 1431448890, 25713024, 35528482, 1333192765, 108795, 108242, 1296893537, 108138, 536099160, 280156, 435288399, 28219176, 516657051]"
2714676574,承诺我兑现了 海边我替你去过了.,"进来了就留下一句想对ta说的话吧.
“_ 销声匿迹是我最勇敢的道别.”","['流行', '治愈', '孤独', '孤独']","[556673324, 1952823230, 1919524295, 1909955412, 2075896544, 1954727319, 451319227, 2064252594, 1930608504, 2072539997, 1917818990, 25657348, 2076986717, 1969254273, 1998015397, 2034881346, 2052441038, 1371780785, 1930032302, 2008940480, 1806634682, 2028320376, 1860904048, 2013160409, 1968781675, 416892296, 1928737018, 1975589384, 1927693793, 1919891734, 1458364102, 1423212003, 2002224828, 1940308932, 25906124, 1938283583, 1917230862, 1911706584, 1364400123, 442869203, 1363205817, 417859631, 22701801, 1403318151, 1919926088, 1915588908, 1947639770, 1890173805, 1985359251, 1985126304, 1934450947, 1971913336, 1985705551, 1336205537, 1971107237, 1903035009, 1985656866, 1481382079, 1947948874, 1902022099, 1948508760, 1495496315, 1472307915, 1956302525, 1429781378, 1818343748, 1895330088, 1932683020, 1911580558, 1931362549, 1391101614, 1406432116, 1880880668, 1478349833, 1487659896, 1491714569, 1430712577, 1813864802, 1928857203, 5238992, 1937739225, 1329722731, 1927402478, 1953696921, 1951960595, 399354373, 1807564809, 1302090321, 1297086004, 1422778987, 1947557001, 1860840870, 566436427, 412785876, 1870532070, 1925452719, 1822701451, 1432968475, 1469041281, 419375250, 1839508417, 1940956224, 1885516529, 1828389053, 1894933496, 513360721, 487885426, 1938270202, 1933184288, 1372060183, 1466319568, 1807799505, 1809100933, 1807381939, 1441758494, 1870225884, 1834268324, 1469815710, 1826254048, 1936526131, 1875935263, 1913299856, 1467444619, 1833634254, 1911907981, 1892562874, 1843704418, 1413622881, 1923184888, 1883967738, 1325203097, 1879065755, 1883500369, 441491828, 496370620, 29759733, 1500569811, 1908065917, 483937795, 31365604, 298258, 1390477348, 1879112133, 1805088422, 518682659, 488249475, 1424220262, 1872024726, 1458380550, 1846489646, 1827600686, 1806336043, 1808078153, 1810711312, 1808492017, 38018486, 1426112587, 1358202573, 536483221, 1370007645, 1435449062, 1406686876, 1445761206, 1439111226, 1386460251, 32835565, 1343136921, 1430517292, 1387581250, 1417166015, 1375468860, 1356350562, 1331819951, 1370047789, 1406642934, 1405283464, 1320336229, 1382985712, 1354504985, 1405341257, 5307932, 468015200, 1346104327, 27955654, 1359356908, 558290126, 28341146, 1343756008, 553755659, 1325896149, 1334270729, 435288399, 28285910]"
88808614,Lu1最全歌单（含早期隐藏合作曲目）,上新了！,"['说唱', '爵士', '孤独', '孤独']","[2079860848, 2079859336, 2080158136, 2079859356, 2079859372, 2079860914, 2079860917, 2080158230, 2079860938, 2079860943, 2079860948, 2079859420, 2079859431, 2079860976, 1992437231, 1925075218, 1903502325, 1863184787, 1817740400, 1815136568, 1815136569, 1815136570, 1815136571, 1815136572, 1815136573, 1464463382, 1457315137, 1432198946, 1395969939, 1392122515, 399552091, 1356293867, 1356293868, 1356295439, 1356293869, 1356293870, 1356293871, 1356295440, 1356293872, 1356293873, 1356293874, 1356295441, 1356293875, 1356295442, 1356295443, 1356293877, 1356293880, 5250373, 1371064210, 521780159, 523248057, 1356293876, 1353394893, 1351578661, 556061883, 430793744, 553534144, 553546148, 553543164, 553544158, 1301857138, 547973295, 547969276, 547973296, 547969277, 547969278, 547973297, 547971278, 547969279, 547973298, 547976280, 519943027, 525239737, 428390148, 419254246, 419250231, 418602227, 419254247, 419254248, 419250232, 419250237, 419254249, 419250236, 419250233, 419254251, 419250239, 419254253, 419250240, 28952176, 33891310, 28952145, 28952204, 32619801, 28850959, 31134984, 32944709, 32341912, 32944727, 32944732, 32944809, 32944726, 32944784, 32944711, 32944733, 32944786, 419250238, 32944731, 32944734, 32944769, 32944751, 32944808]"
7564084533,【粤】人生如梦 岁粤如歌,"我心里有事但是我谁都不想说
沉默不是没有情绪 而是我说了有没有意义
比起诉说 还是听听歌更好","['粤语', '孤独', '怀旧', '孤独']","[1965085154, 1914759349, 1974756345, 1947876758, 212162, 2080170384, 330107, 188747, 27591711, 1323304980, 1993733911, 2051864691, 1994863874, 1990509816, 1840217747, 65800, 118261, 509098893, 1366053794, 30245576, 1837657781, 298250, 1386859485, 421486605, 1955650983, 192893, 66285, 1480252420, 406475388, 26902923, 1991848573, 1992391248, 29723421, 28606102, 28493645, 1897928897, 1345827147, 1813041013, 27867519, 469508217, 95515, 1873049720, 484805951, 2007350820, 1982883551, 1905378586, 1407033566, 299601, 26524408, 298495, 28457932, 1388608729, 26902925, 390558, 477215944, 473194652, 570097955, 299519, 2026303431, 25657581, 28310322, 2043323000, 1415505717, 1977269491, 213292, 28718300, 26902931, 1934354303, 1842774997, 1906078826, 1962870503, 1430641986, 1399310860, 317868, 1987144983, 299460, 1925445655, 1859670174, 1897927044, 1907744839, 36392275, 2052709234, 191528, 2046298372, 1959226475, 28838552, 1436950172, 211015, 1395624556, 191552, 235690, 1974405013, 299604, 1382985712, 1299889486, 1897927507, 113936, 1320344416, 190533, 27511488, 28838040, 189140, 213791, 353653, 1865889887, 353638, 211238, 25657578, 212376, 5257954, 300136, 254945, 26304100, 28285736, 26353080, 1965400223, 475277350, 298089, 1929370102, 224086, 298258]"
8808858265,你借我的伞 开始生锈了,我会假装无所谓 直到真的无所谓,"['安静', '孤独', '伤感', '孤独']","[550520580, 1398283847, 1403215687, 344418, 1895330088, 2014340645, 2005658111, 2047310395, 2097819063, 2097818637, 2075062433, 2070304538, 1945704000, 1990204536, 2098168950, 2001583051, 2015147875, 2023954033, 2066251229, 2080861627, 2036300654, 2033957082, 1975203713, 1430303185, 2057625662, 1432968475, 65766, 2002993828, 85571, 1842728629, 1454670699, 507364094, 28613217, 421486605, 1947137792, 553755659, 65528, 1463165983, 28724351, 1406083061, 1926623288, 2078059297, 254132, 2024035483, 1482867143, 1299889486, 1454723856, 464674405, 543798652]"
7774256508,爱从来不是神殿,时间经不起细算 过往经不起细看 执着太久的东西 或许 本身就没有意义.,"['夜晚', '孤独', '孤独']","[481537713, 1299570939, 26569168, 2019035410, 1397345903, 1815725297, 507585218, 515454649, 30373640, 16959121, 31090820, 28468154, 18228464, 17793698, 406407033, 451703096, 2061508316, 1890128737, 2037903749, 2060689311, 29732659, 37653063, 410654865, 411315504, 2049529248, 2029256151, 1848550739, 550936829, 1854700148, 2009030928, 412902434, 480580003, 1919226883, 1388608731, 1400047314, 306654, 1336088717, 27515086, 2011870400, 25773443, 571938573, 441120217, 490602750, 288075, 306664, 32408464, 2035663264, 1806068409, 35847037, 1907818593, 1500151640, 191171, 1376075781, 435288399, 1951084010, 354593, 1955978156, 1841908846, 1308782023, 298258, 2026783884, 1948643297, 2042594225, 205342, 1942594143, 1931176549, 481535277, 25718007, 1388433823, 1960767193, 306665, 1992772931, 1993119056, 2052409208, 1338962014, 438204707, 329371, 1452052491, 1826188800, 29572513, 1850718535, 1858897067, 33190605, 27808044, 1356658022, 1878812258, 1926623288, 1821461652, 1354504985, 1958557540, 1852314719, 423228325, 526116053, 1952528063, 442867526, 564000295, 2026224214, 157288, 247936, 1499917735, 1982285682, 30431367, 531786028, 509512457, 25706282, 167975, 168091, 27646205, 477251491, 27646198, 27646202, 1303027499, 26545309, 186513, 1299889486, 25642952, 405599119, 472361236, 1930193513, 1359382613, 2022196813, 1941265858, 1963132367, 516571913, 1386505715, 1367900235, 4220825, 27918303, 480426313, 1974976237, 1817576399, 1846464169, 17706535, 545947135, 1812799126, 521416693, 1889294025, 1974459985, 2000381011, 1992083081, 467952048, 1974443814, 1406686876, 488647281, 2006448864, 1306923998, 569213220, 72394, 569200213, 1994863874, 35447132, 1307334195, 1951069525, 1406119516, 25640409, 1902224134, 1440570723, 308299, 1487259219, 454698657, 1971659843, 1966399373, 1979417838, 1313042846, 1350187620]"
8877655793,95后的输液管不需要人懂欧美系列,耳机是人类的避难所 音乐是心脏的救命丸,"['欧美', '夜晚', '孤独', '孤独']","[479219347, 1990192692, 1417261845, 1397451865, 36102879, 2096662907, 2069193574, 1432380932, 26197543, 426194894, 2082156813, 469073248, 1910973858, 1931434797, 1361783030, 1855590215, 464377384, 22818161, 1984537507, 536570393, 1921183354, 461544161, 2057438055, 480769623, 1840490719, 1960549461, 2013860514, 1952528063, 864041412, 2051576041, 2076720733, 33333989, 1421557972, 1958557540, 1846473650, 1983701565, 1965557242, 2063354951, 2060020696, 32000828, 2032992890, 454053318, 2092285302, 2088683865, 421203025, 2028637799, 2093523330, 1948606963, 1446962953, 1809108646, 1839418993, 1846472124, 1849813426, 440317244, 1338962014, 1913698321, 1887217073, 1921149299, 2068309400, 1910948538, 2060689311, 1422619975, 1425944859, 1999518797, 1984540917, 1967340514, 2098383825, 2063623629, 2094367466, 2016139277, 2085067876, 2077808431, 2090541591, 2089381947, 1980437275, 1984537509, 1826124141, 27725002, 2080331573, 1996812579, 2091360549, 2066953372, 1990655146, 1960670713, 2092285359, 2028551392]"
3000484645,闽南语-吉马大对唱,"《吉马大对唱》发行1980年，一首首经典老歌,一个个感动的故事,每个故事每个时代的心声：深厚的闽南语文化,海峡两岸血脉相连","['怀旧', '孤独', '思念', '孤独']","[866049660, 5285978, 5285977, 5286017, 5285998, 5286046, 5285974, 5286045, 1472156983, 866049441, 1471872976, 866049429, 73841, 1471876054, 1472158967, 1471903723, 1471894903, 1471872982, 1333378932, 1472158956, 1472156978, 1471872989, 1471894894, 1472794081, 1471903721, 1471906302, 1471906305, 1471906307, 1471906303, 864647716, 864489763, 864489808, 1449268285, 1471875244, 321338, 5273640, 5285987, 5286034, 5285984, 5286023, 5285981, 5286012, 5286001, 5286038, 5286015, 5286033, 5286032, 5286029, 5286020, 5285997, 5285989, 5286005, 5286024, 5285973, 5285979, 5286025, 5286047, 5285985, 5286028, 5286043, 5285988, 5286040, 5286008, 5285986, 5286021, 5285972, 5286030, 5285975, 5286014, 5286031, 5286048, 5286000, 5286035, 1477427975, 5285991, 5285976, 5286007, 5286002, 5286037, 5285999, 5286044, 5286051, 5286011, 5285995, 5286013, 5286006, 5286039, 5286009, 5286016, 5285996, 866049521, 1294165951, 865048502, 866049523, 866049529, 1449269094, 866049520, 866049527, 173585, 1449269098, 866049545, 866049548, 866049535, 866049662, 866049668, 866049666, 208368, 866049652, 866049650, 866049624, 866049622, 866049616, 866049617, 866049575, 866049574, 866049558, 866049555, 866049550, 866049431, 866049444, 866049436, 866049446, 866049440, 866049439, 866049447, 866049445, 866049443, 866049442, 866049438, 1293951115, 866049432, 866049430, 866049427, 866049435, 866049434, 866049426, 866049433, 866049425, 866049428, 1293953125, 1293951124, 1293951123, 1293951121, 1293951120, 1293905147, 1293904144, 571854286, 864489770, 864489773, 864489769, 864489785, 864489787, 864489777, 864489815, 864489814, 864489806, 864489764, 864489810, 864489807, 864489820, 864489822, 864489826, 864489800, 864489802, 864489801, 1449269103, 249760, 74219, 74223, 865040171, 513524099, 513524097, 296340, 296435, 296345, 296541, 296428, 296351, 325531, 142760, 1443240360, 1332686966, 864489812, 1471876061, 865040159, 1449268350, 97860, 302848, 5286674, 1449269090, 1452805381, 1332711844]"
6851616292,温柔药剂 • 不适合恋爱的社恐人员,"“故意避开的人,往往都是很在意的人。”
“面无表情的擦肩而过是假的回头看是真的”","['欧美', '伤感', '孤独', '孤独']","[2044808421, 1426572175, 1422556788, 1488365456, 494407897, 521776151, 1393345696, 1484081302, 1461792973, 431259949, 1444092998, 500410145, 574339360, 531051342, 38391890, 1490790331, 504264241, 1317457488, 1842443290, 1427160525, 1483389704, 1831321963, 1416470610, 1843982454, 1786869, 1460319077, 1479706943, 1386735929, 1342827169, 1387537788, 1455787103, 1451141838, 1492425223, 1347670226, 1442844066, 1458667025, 1496743563, 1487604076, 1458863599, 1470980501, 1364400123]"
7005603205,寂寥之音｜额尔古纳河右岸,"额尔古纳河右岸的孤单世界，有星的天下黯淡的篝火。
萨满。还有一个古老民族的韵脚。

Forgotten that's a way can ruin no blood
遗忘是不流血的清洗，随所述的一同消逝。

从印第安到图瓦，青藏到维京
致那些孤独而自由的灵魂","['世界音乐', '民族', '孤独', '孤独']","[1850556106, 468738313, 298205, 4466497, 32063396, 3934804, 18028517, 3934961, 4200797, 4466452, 5250338, 34324756, 1297595, 1387372, 4453623, 4466301, 1086804, 417595980, 1426511117, 1426510150, 5280680, 35437862, 5271332, 1485784740, 1455950535, 1375422375, 224116, 5213604, 5241373, 16313118, 4466479, 96108, 4466292, 3934807, 5250333, 5250337, 5250345, 5250340, 5250339, 5250344]"
2826203222,【高级感】的vlog背景音乐,(^_^)a,"['放松', '孤独', '驾车', '孤独']","[1498062133, 1459388779, 1921927100, 500352026, 1479638361, 473440567, 1382928835, 460298916, 1395822306, 1489612717, 1463615238, 1501170439, 1825808995, 1466691753, 862102221, 1337236414, 525225270, 1831956248, 1325896191, 1387659072, 1382990591, 1336864484, 1469043105, 1460508296, 1407347189, 487379682, 22751132, 1446277296, 1816057, 1374400173, 504264249, 1375935121, 1454436107, 1441718588, 526325019, 1451971579, 507116731, 480579348, 481535366, 1398274079, 480575359, 493663324, 521418835, 1379294598, 1445545567, 5099365, 1411861153, 1388696692, 863515908, 534067511, 472260022, 480395029, 526470165, 565970087, 1311276085, 32337423, 529834778, 523046026, 1416680027, 468517575, 1305367668, 521418828, 1323090317, 525225266, 450041225, 521418823, 865907086, 471565832, 521415760, 411214046, 494410453, 443277326, 468878698, 518894455, 2419169, 417250434, 449577529, 4164886, 448143143, 473964498, 453268575, 1306497946, 451126321, 431096357, 437859895, 487375740, 507114719, 504492021, 1368002440, 1398926, 520459645, 458496158, 509311067, 475072693, 865048095, 526413094, 436698448, 557584800, 475070014, 500353027, 425100824, 475072607, 1317420565, 518895591, 525240377, 525239284, 504487047, 445450342, 22575916, 420500734, 280551, 536154311, 521418822, 407450660, 485612098, 526116028, 475073576, 482636135, 557579751, 524913179, 411214133, 1336866526, 28814600, 493735175, 526464265, 28976438, 2792925, 493002163, 2299959, 4164882, 452526756, 547033569, 528273636, 1365861625, 494410758, 1345182627, 509311090, 412187910, 446732031, 557579748, 499675131, 430297248, 458496129, 518894020, 485612060, 1299563788, 471969193, 41662891, 485607084, 521749137, 448518296, 562594084, 459954634, 1336866856, 412175396, 4078631, 479219481, 493873399, 465471481, 450048188, 445450441, 1308232, 29049495, 862098120, 493735123, 1321133177, 481523667, 1303027583, 481859544, 1297750387, 5067286, 449577528, 477936796, 481853442, 28155407, 518904462, 522354339, 485612535, 531051916, 547033571, 442315055, 500324099, 488647354, 528270634, 479422047, 448741213, 442315650, 494858486, 504264248, 491686284, 521415750, 475072648, 1338543588, 475073717, 564374996, 480579355, 480395084, 461124107]"
6942231308,一个ISFP嘎嘎喜欢的歌单,愿我 自由 真实 洒脱 无所畏惧,"['流行', '孤独', '孤独']","[518895235, 446512853, 1868239192, 518895532, 1835420760, 1400461493, 2015896805, 1867921493, 2029470307, 2019279516, 1933464475, 460976, 1337268382, 1322132356, 1471761548, 547767762, 563582551, 1422607908, 1483980583, 2024342164, 1457156352, 491943377, 1418751222, 41644768, 1838044718, 1436511992, 1325449674, 1803514078, 26814942, 1313102152, 1964692848, 1320064535, 475277350, 485347176, 1876707847, 1388172418, 1960632172, 2008770202, 1805381913, 1828241226, 473817398, 28718313, 16435051, 1299818, 1488132619, 1334295081, 1495910047, 450224882, 541499408, 1991014123, 1825768874, 1988277511, 412175676, 1820851909, 1412481704, 1928199723, 549800177, 1842115208, 1958557540, 1869391140, 1382504038, 1311129241, 1325350636, 1974104377, 1449537106, 1990495777, 471020058, 1841242886, 1431767743, 1422264194, 1808831742, 1313102149, 1313558114, 1327441897, 1423297820, 1412482758, 1843636386, 1924568340, 1960721937, 1927693793, 1373776041, 1972816330, 1960749853, 533017528, 1968791360, 1293951114, 1390822666, 574919996, 1303019532, 1969905510, 1349292048, 1468123276, 854041, 428375376, 1962373924, 1443261457, 1952885918, 1410460107, 1413257063, 1883633181, 493283620, 1839209147, 442867526, 440411019, 1488312127, 1479312521, 1873327454, 1945262840, 1399054231, 521416704, 1301573957, 1385884086, 1327822114, 493283623, 1901735633, 1376548138, 1821815008, 1895145666, 1859414369, 1927879165, 1303027536, 1949025660, 1466019532, 1377642003, 1842561049, 1831812154, 1824718834, 1336864660, 1935948260, 1410794362, 530986903, 1329940346, 1426341311, 1483152148, 1307463441, 1835514122, 550169452, 1417481103, 1456603282, 22703777, 1459174181, 509573636, 1432756895, 1327057005, 1374869966, 1374869987, 1486106274, 1453326529, 482056804, 1379215363, 1447966613, 1471050658, 1317505406, 27853410, 1394133553, 1440570723, 1498015179, 1855285576, 1855286225, 1451632464, 1369602061, 1475835459, 528273704, 1422542448, 480395084, 1365233067, 1884197310, 1819036135, 520458166, 459925763, 431855442, 515816220, 502242134, 413077624, 416552449, 1478870336, 1299557936, 29785409, 1364758218, 1399010459, 565258282, 1497855310, 1403699842, 1306507078, 32046504, 549309101, 404184214, 539661, 32166164, 1396645100, 519935202, 1337981483, 573581511, 458231805, 460112768, 445844350, 1486106329, 1811515643, 1809696460, 1808326446, 1814850669, 17957476, 1431789153, 503248451, 478043256, 511783974, 28522035]"
