2486754715,民谣很穷，一把吉他。民谣很富，四海为家,"民谣是一种情愫，每个人的内心都有一个不同的方向。
“也许迟来的你，裙袂生熠，带笑着抱歉，摘朵小花映入我眼。”","['民谣', '安静', '安静']","[468877074, 1974443815, 477251491, 1974443814, 26494698, 1950343972, 448317748, 202369, 27646205, 30635613, 29715559, 458238990, 469073823, 447926063, 1423637997, 29567194, 1334296172, 461080452, 425053743, 404465600, 1333150792, 1372060183, 1405319676, 1410021043, 569214250, 39637593, 31445772, 1386711763, 29771418, 168053, 167802, 526763682, 1365393542, 439139384, 30431364, 32957955, 1374701777, 1347181386, 486999661, 1357999894, 447926067, 447926071, 447925059, 460542191, 29588431, 1316921651, 35476049, 1325905146, 414706021, 421563713, 574561833, 487885426, 865005474, 435948102, 29567192, 416388912, 408814900, 28381611, 424496753, 39637848, 1309330927, 512201058, 30500470, 501220618, 1313354324, 518451047, 521780143, 445546453, 467863812, 479624200, 35476048, 32628933, 174082, 29567193, 202373, 29567187, 463157222, 479598964, 351059, 416892296, 450853439, 417596830, 30431366, 421423806, 30431367, 493042772, 513360721, 458348749, 28310930, 30431376, 571338083, 29567189, 408943715, 406000625]"
8850503360,爱情与生活 | 那些梁静茹教会我的事,"久听不讨厌，你爱的歌 ，值得反复聆听，
热门情歌，收藏你的最爱歌，经典新老歌曲，
每一首歌有你的故事，希望你们，收藏起来!
歌单制作；新疆RaZeL哥
封面来源；网络
歌单更新；每日更新
请注意; 歌单不要模仿
​勿侵；欢迎收藏，关注 ！","['华语', '流行', '安静', '安静']","[254132, 254141, 34614557, 108143, 254059, 29460910, 308518, 254098, 108177, 254099, 254110, 29953501, 254064, 254117, 254143, 254128, 254138, 32924538, 254142, 254058, 254115, 254260, 254100, 29809932, 254116, 254103, 254118, 254137, 254107, 254139, 254134, 254104, 254131, 254145, 254136, 254152, 254147, 254087, 254140, 254485, 488641044, 433681716, 254062, 254265, 4876674, 254279, 254297, 25655030, 254164, 254304, 254268, 254486, 254343, 254186, 254452, 254271, 254316, 254323, 254519, 254184, 254498, 254341, 254275, 254345, 254522, 254182, 254356, 254470, 254277, 254284, 254272, 254502, 254487, 254274, 254453, 254358, 254347, 254464, 254332, 254426, 254195, 254362, 254198, 5272185, 254350, 254424, 254320, 254309]"
8778275515,催眠曲5分钟入睡｜失眠必听轻音乐,每当夜晚失眠的时候，聆听一首轻柔的旋律，以及大自然的轻音乐，带给你沉浸式的音乐疗愈。月河星光，顺着星河，缓缓流淌进你的梦里。,"['轻音乐', '夜晚', '安静', '安静']","[1983901532, 2054266843, 35032655, 2042871473, 2042014226, 1939698858, 22706975, 2041972960, 2042621203, 2063465043, 1816837831, 1965847764, 1950743045, 2067450001, 536735, 2027998799, 1934274538, 2046509406, 1334624319, 1948165426, 2041972961, 2063187184, 1942041884, 2068452144, 447072, 2069636179, 2050062892, 445525, 1977187111, 1940309338, 2042854881, 1816837864, 1942042803, 1965846783, 1961124028, 2054265937, 447063, 2042014225, 2061026215, 1810317092, 536758, 2083411526, 2051304225, 2042622192, 535493, 2055515662, 2001582833]"
3190457791,那些未曾谋面的终将会相遇.,玫瑰和克莱因蓝 未曾谋面的也终将会相遇.,"['安静', '清新', '安静']","[2000687851, 1329101457, 1903448714, 1306923998, 1335942780, 569213220, 1363553440, 298838, 2079633657, 1315217468, 2052783297, 2074749091, 28914470, 2055864684, 1297802566, 1907536839, 2044458035, 1974417097, 108418, 1840749862, 2048258324, 2056811636, 1392395893, 1449117168, 1961990714, 1437339583, 2050215361, 1366052804, 2081908270, 31877481, 108914, 399552623, 1333695592, 865632948, 30352973, 2020290667, 1397345903, 435552313, 1816838227, 28892408, 1942373010, 2083495566, 1971107237, 2060669693, 1972951037, 1827310234, 1472178723, 86357, 391566, 1993067584, 1946234096, 29567029, 189688, 2065926924, 2071935674, 31477213, 28387594, 97357, 514761281, 276220, 2075110852, 1814162747, 436346833, 1956171974, 2000115915, 1992338319, 145424, 1992337748, 1929093477, 2063469675, 1352279475, 1431373368, 1386079347, 1808466549, 1816889973, 1843149600, 1827117654, 1830754383, 1982523817, 1830734146, 31514406, 163123, 426502156, 25657348, 108138, 306665, 2043177974, 1975589384, 288075, 1299550532, 1986771025, 86369, 29850683, 1806324453, 1888924045, 2048921731, 30612793, 1976899454, 2057534370, 1386685831, 28059417, 1963213974, 67301, 1887328226, 85571, 449577636, 26545309, 229232, 29771481, 2019573476, 1950272623, 1834615631, 1974443814, 500665346, 1813926556, 1877060483, 2031712789, 190072, 1352548180, 2005728329, 35403523, 1896178370, 1486982948, 1923184888, 1417862046, 65800, 1968508691, 1494262429, 1934251776, 475479888, 1456620025, 1847521457, 1960565834, 1960567811, 1894385798, 1881497414, 1298836918, 1882041535, 1808857110, 1480350899, 1330348068, 308299, 1363205817, 1376873330, 434022356, 1450167669, 28668855, 1954974529, 322202, 1831433166, 1908204134, 1868380897, 1951144114, 1454016206, 113075, 1897304089, 443716726, 1865207487, 1400184355, 1400453707, 1807765223, 29922372, 1846139438, 1864700279, 34179904, 26026460, 488641898, 28892385, 85580, 1894878112, 5250063, 1831772620, 112908, 5243631, 5242750, 30245576, 30432204, 1401267466, 254740, 211238, 534542079, 1818566739, 1847250546, 1863716098, 1483793031, 1950942975, 1460303848, 1462286794, 1878620183, 155883, 1915878785, 1817762859, 1350981811, 1929370102, 1808475168, 1808475152, 1852509743, 1831425946, 1372114945, 865021614, 1864384305, 428203460, 1875523616, 1445990830, 484732162, 1396617588, 1855778394, 1858139145, 284189, 548885986, 1357399690, 25638340, 29436904, 4874711, 32701152, 1468270651, 1463102760, 76933, 571336778, 1425896565, 186385, 26562741, 483671599, 5238992, 522510615, 1407551413, 1820314965, 1404228691, 1813864802, 1843704418, 1881514066, 1818806355, 1449936802, 31877628, 34179901, 1419599081, 574288806, 1429026265, 38576323, 1321382250, 77098, 518096340, 28208244, 1861715406, 1830759072, 31365604, 1901371647, 36024806, 461080166, 1493994302, 1856019370, 67350, 1396140214, 1433108157, 1813226041, 1450336751, 1383759641, 206730, 1476830289, 4875127, 1354478596, 1479288722, 31473269, 1813094999, 1826198748, 1343027531, 1817466941, 298258, 512376326, 574919767, 1811459887, 1844706008, 1440100719, 1416893023, 1900190434, 1868943615, 1808078153, 1852418354, 1403215687, 413077448, 1434640167, 548808659, 1359382613, 1381084509, 1861652561, 1500569811, 1844442105, 1851258433, 1845651956, 1846489646, 1819024549, 1478419190, 424262530, 60394, 1849938845, 1366750462, 1854381561, 1849060101, 1822685843, 1807901896, 1815085049, 1808492017, 1833634254, 1453957944, 1836095396, 1826179038, 1819636482, 1826050584, 1479526505, 448144333, 1811921555, 255589, 1489064589, 1377574592, 1378945187, 416892296, 1473483750, 1448798283, 557407010, 1388551359, 1438434869, 1391891631, 34179910, 1454004683, 1320336229, 1336789644, 1435449062, 1442508316, 33911725, 1390256016, 1360967136, 1336990977, 65536, 1335350269, 518682659, 1317542136, 1325896149, 1411358329, 1414639843, 487885426, 26418130, 513360721, 175072, 1420082472, 1362053132, 190499, 1369564749, 557584888, 29850531, 34364846, 167975, 1383876635, 65538, 516323185, 465921195, 1406642934, 400074244, 1363948882, 1400256289, 1394963332, 77131, 1346104327, 25706279, 1371780785, 1356350562, 500913929, 29723022, 1368371706, 1342743664, 1321378753, 554241732, 515143434, 553755659, 1343756008, 1350202699, 1356464825, 1356499052, 862100828, 25706282, 1293886117, 523250334, 513791211, 168091, 1348548292, 29004400, 445665094, 27646786, 1325484613, 1334327077, 25657364, 1336856777, 567999629, 441491828, 1331819951, 35476049, 533774414, 86360]"
3226873671,【黑胶vip专属】华语会员歌单,"我们不会再相遇 这就是分开的意义
合作加v
Fun90999 私信已无","['华语', '怀旧', '安静', '安静']","[519250023, 26117675, 1813278477, 1386604465, 449577636, 479422063, 1835283157, 1459261754, 85621, 486194136, 1349093232, 174961, 2066654616, 1430303298, 108251, 405599470, 421423808, 1409151125, 25640799, 28832054, 2066713227, 33556489, 400581053, 1500569811, 547812462, 1952285469, 26387325, 1397345903, 1985421283, 1968053454, 2019573476, 28892418, 86360, 205421, 25640409, 1383381667, 85580, 1905004937, 453268268, 240147, 1301857457, 1815945073, 33497051, 1898194086, 32924537, 448144321, 109196, 41462017, 2028570351, 1363168477, 1439354783, 4876202, 2005492354, 1842728629, 31514406, 165361, 529668356, 1887139866, 2011881219, 1372762575, 409060875, 1403318151, 25702221, 1303464858, 26896044, 440411205, 566436427, 432792819, 1363920368, 174944, 2021373243, 26599833, 343557, 329371, 287575, 25906124, 2005492223, 502925924, 1359382613, 26145112, 329336, 64317, 63574, 441120217, 229217, 1434354649, 28232019, 385554, 229546, 208933, 109125, 4872687, 1368327462, 440207932, 208950, 555142, 254135, 33497044, 5239543, 167873, 26154890, 292815, 490595154, 1379662223, 27671253, 254132, 1468115085, 354588, 354500, 32408464, 27971622, 2008523990, 29910127, 255574, 30474561, 306138, 254141, 307825, 25699094, 26429060, 141212, 234014, 26508098, 2026587136, 1984475097, 2019574453, 150654, 82532, 523008521, 1366053794, 1943687607, 431259309, 1813226041, 223625, 515453836, 247936, 1363553440, 865632948, 28403111, 1392759566, 229271, 2010575477, 30432204, 2007332335, 1468115100, 28181103, 306664, 29850683, 29357087, 36024442, 1842025914, 26082345, 25642952, 223736, 274483, 254059, 1895514228, 1351112642, 188057, 1459935719, 1995488748, 1962305293, 1844385599, 223801, 454828887, 316108, 1996298007, 287063, 29004400, 32619064, 1862010211, 66842, 27591236, 26545309, 1947645901, 255677, 4874159, 1370748318, 31877242, 2012390001, 30053946, 1949073317, 385787, 385781, 422104138, 424264505, 35678875, 27671269, 1953696921, 1489304620, 1937449108, 2007338554, 1430303185, 399353382, 1297086004, 528588598, 1436081452, 1967498036, 467952048, 60271, 1922701695, 428391091, 29932463, 479422511, 435288399, 255294, 30987293, 28427775, 254191, 36587407, 21563205, 307198, 227012, 440767962, 307679, 276035, 280731, 1331885158, 26599239, 25657348, 276294, 29790225, 306920, 307474, 1878632186, 30612793, 1894007406, 362998, 254285, 1971107237, 175072, 1887328226, 1942041775, 1851344107, 4873340, 95396, 95475, 95379, 72394, 1294951288, 233866, 174966, 1972840233, 1342798229, 1426959223, 1392395893, 27731339, 25640792, 25640776, 1370047789, 1904006815, 543798652, 391564, 472060885, 1870466560, 28563317, 440403836, 25714102, 419827620, 28406532, 1930288629, 139764, 108673, 285321, 1925262041, 306662, 1941963749, 25638340, 1405283464, 254390, 32450986, 208958, 25699005, 1360512113, 167799, 28059417, 108914, 475479888, 33419432, 284189, 1897927515, 25699020, 1391101614, 86369, 1447070746, 5232648, 1430304352, 1931994283, 483690360, 25640778, 5252288, 449577226, 344418, 1947208581, 1383429744, 1360892929, 25699017, 1449648960, 1443101955, 31654343, 1394183562, 548885986, 1904248964, 109734, 368764, 4876355, 1822723238, 167655, 25714352, 1347312719, 1426112587, 5252280, 1331593956, 1301835417, 1442447955, 1316256535, 1924245718, 26418130, 205342, 145794, 30903117, 29534637, 1940334604, 157449, 37853789, 438204707, 306665, 26127565, 277382, 1495077790, 1365393542, 445154140, 30590559, 174956, 1895330088, 1894094482, 1345688480, 167876, 167827, 865361943, 167691, 408332846, 65099, 26127546, 316100, 5232550, 108408, 1493994302, 208891, 32685948, 332246, 254460, 280896, 501347079, 354565, 545350530, 34383394, 387717, 307780, 163123, 261557, 314773, 485992506, 4875084, 156820, 210674, 450222687, 34383396, 5150332, 421563784, 5145730, 65533, 65778, 34040696, 35403523, 1805172349, 1839001238, 1440876675, 1847521457, 1475124792, 1814896426, 1475319299, 26609877, 1366053678, 239188, 502043537, 65847, 34497630, 233931, 488249475, 390345, 27646409, 403710393, 526081111, 26305550, 417595727, 316486, 27731176, 26305545, 1493083969, 26305527, 1868184523, 459139780, 254945, 1811408619, 1426649237, 1336789644, 25639007, 25794009, 86943, 29713754, 212376, 88926, 298258, 1405219109, 1806071453, 30432207, 419375250, 176053, 280761, 1840192925, 31877515, 26305547, 1476236296, 496370620, 297605, 28427752, 400875269, 27946600, 1468957767, 402073899, 257098, 29848657, 523250334, 27511488, 464674405, 29850531, 299936, 1808492017, 85571, 1448798283, 26026460, 462769331, 492144017, 207497, 1441256078, 492151019, 1489065373, 108478, 25638767, 108931, 1453957944, 558071673, 65766, 31877074, 31877481, 1334270729, 1426326198, 108263, 108493, 346089, 1442508316, 25713024, 1407272627, 28219176, 28793502, 28949444, 409060879, 25714275, 1336166081, 402070928, 158655, 25699092, 1352548180, 31877581, 1416438318, 432509483, 25727803, 1407551413, 27678655, 157143, 518686034, 108138, 28406529, 1367609755, 464674406, 31877540, 441491828, 5239544, 4873594, 487885426, 26550057, 190072, 36270426, 28427764, 1336199828, 493316158, 470759757, 516571913, 534542079, 28341146, 1328146041, 1299550532, 1330348068, 557581284, 133998, 483937795, 1323303656, 1363205817, 28285910, 108242, 516728102, 1385805666, 1378926217, 522943592, 1386259535, 31877250, 1315718569, 28427771, 287035, 230729, 437311047, 28341142, 29814898, 513360721, 1367452194, 411907521, 481535277, 417859631, 1293886117, 32835565, 553755659, 445665094, 516076896, 30431654, 1406642934, 1413142894, 211015, 26524510, 513791211, 1411785784, 1406898419, 862114367]"
11941610,典藏：【茶缘 -- 心灵音乐】纯音乐,茶，是有生命信息的，每一叶片它都蕴含着生命的元素。细细的品来，如清泉般缓缓的渗透到了每一根神经，脉络清晰的溶入到了生命的血液里……浸染了无边的思恋之情…… 灵魂被唤醒。这样的美好让人如此的眷念，如此的难舍……这温婉醇香，韵味芬芳，甘甜回味的绵绵不绝，令你沉醉其中……,"['清新', '安静', '古风', '安静']","[28699996, 502238020, 1302091263, 1815151846, 502238023, 551842546, 551842549, 551842548, 551842545, 551842547, 551842542, 551842544, 551842543, 551842541, 551842550, 338866, 393481, 393487, 393490, 393494, 393497, 393500, 393503, 393507, 1393389041, 1393383905, 501220974, 5279875, 5234712, 5261589, 28699995, 5279879, 159700, 30413351, 28699993, 5234711, 5234717, 32807212, 32807217, 5234709, 28699994, 5267494, 158526, 34033646, 5234715, 5234714, 5234710, 5234713, 5234718, 5261591, 421423371, 421563278, 421423372, 421563279, 421423373, 421563280, 421563281, 421423374, 421423375, 421423376, 421563282, 421563283, 5234716, 5261590, 5261592, 5261593, 5261594]"
7558290826,能不能抛开一切 我们和好,拉勾有什么用 食言的小狗,"['华语', '安静', '流行', '安静']","[2053634610, 2082439012, 2094234990, 2087857247, 2061649222, 2054307199, 2074765200, 2062603980, 35283313, 2057360342, 2055864684, 446512856, 2032661389, 1970554427, 2004279936, 2000215290, 1994286709, 1918013068, 1454479718, 417833085, 2009202891, 494645920, 1918330110, 1957514977, 1932379731, 1935125858, 2010810146, 1377164042, 1862923108, 1989510805, 29129889, 2011353535, 1876522719, 496870892, 1977810295, 1973971694, 494862146, 1888678162, 1924818501, 1938733034, 1975695478, 1983550042, 1439739102, 1959666804, 1950625985, 1930605629, 1924883994, 1966382922, 1941085874, 1957866159, 1974269367, 1958745079, 1987257474, 1971083086, 1961601414, 1939642402, 1974030437, 1959151042, 1956096114, 1938695383, 1937372851, 1960846695, 1943675085, 1929754910, 1914278449, 1947186761, 1897710831, 1909540646, 1925257399, 1952838646, 1927766846, 1949949331, 1959862637, 1929532353, 1925246700, 1922598952, 1928069067, 1900165893, 1960006505]"
8645383798,高效睡眠｜阿尔法脑波音乐催眠曲,阿尔法脑波音乐是一种专门为工作繁重、容易失眠的白领一族设计的睡眠乐方。它以双脑同步共振的原理来创作音乐，可以使用清静高雅的钢琴、充满诗情画意的小提琴和清新可人的木吉他等乐器，模拟出8-9赫兹频率的慢速阿尔法脑波，让您在平和宁静的感觉中舒服睡眠。,"['轻音乐', '夜晚', '安静', '安静']","[2054265938, 1939690476, 1952792, 1983905665, 2063465043, 1941027812, 1218135, 2064842143, 1913210711, 1324451752, 1941310728, 1983921753, 2055258853, 139232, 1948165426, 1965846783, 2027999760, 5268349, 2027998800, 2050062892, 1996947969, 1324451745, 2055914153, 2068451175, 2046509407, 1939698859, 536681, 2046509264, 2009882959, 2054265936, 536771, 2068452144, 2051302309, 1913224058, 536749, 2054266843, 2047776871, 1220993, 1941308885, 1913926615, 1911623423, 445522, 2042871472, 1961124028, 5022837, 1941308886, 1942042801, 1867839756, 1941014515, 1939698858]"
2609850826,安静不躁适合工作放松的歌曲,没人真正掌握生活的艺术，每个人都只是在黑暗中踉跄。所以，请静下心来，好好欣赏下这美妙的轻音乐，放松自我，忘掉生活中的烦躁以及琐碎不安的心。愿在不远的将来，你我的生活都因此变得更加的美好~,"['安静', '放松', '清新', '安静']","[35331282, 1401863689, 1891835283, 28181103, 1954146690, 1918602772, 515389440, 25769492, 29408646, 1959667345, 1329719698, 1377574956, 2014218, 28836060, 1489040856, 1866919902, 31134252, 1516737, 1822474172, 1815901557, 1405096314, 434070571, 1345338338, 515739477, 1466931823, 26400098, 19181168, 27019012, 1479397751, 1437149744, 17086586, 1443007151, 1453911130, 865036406, 1478636, 511416950, 491233901, 469249441, 25698038, 280466, 1334034591, 431395922, 1365861625, 30251329, 21301196, 508088656, 511416952, 18733269, 21393807, 16623534, 5057820, 16951468, 1349465795, 18059829, 28258308, 2870859, 31445772, 28717818, 2054828, 2311519, 410629435, 1323303260, 485612149, 29488629, 28461702, 5191924, 22703044, 472137696, 2585750, 19637447, 4102682, 3985382, 25699082, 17863892, 26852886, 468688778, 2311524, 29753798, 1383639, 447506014, 22818161, 79923, 28256430, 493448422, 2533578, 518076177, 19537505]"
2129756734,助睡眠：纯雷雨声、水声（无杂音）,"前提：如果你喜欢下雨天、水声、雨声、打雷声！
那么：
可以来聆听一下，不管白天或是黑夜，相信会有你意想不到的睡眠效果。带耳机效果最好。雨的大小，和你的音量大小调节有关系哈。
这些曲子陪伴我每个夜晚至今，每晚都拿它来入睡，还不会做噩梦。不同人聆听有不同的感觉吧。个人觉得也可以算是催眠入睡曲了。
希望你能喜欢~无杂音的下雨天！！
记得小时候住一楼时：下着雨打着雷、雨拍打在地上时候的声音，其实内心是非常舒服的。不像现在、时代进步经济发展了，大家都住上了高楼大厦的商品房中，几乎雷雨声都与大家格格不入，雨下在地面上的声音和感觉都体会不到，甚至在家都感觉不到外面在下雨。
只有此歌单才能让我想起心中的那片宁静与美好……","['夜晚', '治愈', '安静', '安静']","[32070215, 28979158, 29818028, 4054513, 399343470, 485533647, 5023712, 853708, 853591, 17673495, 1294888855, 34125092, 5023506, 34125078, 486188297, 486194196, 486194195, 486188299, 1355487152, 1355487523, 1353809358, 36386803, 36386804, 36386805, 36386806, 36386807, 36388401, 36388402, 36388403, 36388404, 36388405, 36390192, 36390193, 36390194, 36390195, 36390196, 36388980, 36388981, 36388982, 36388983, 36388984, 36388687, 36388688, 36388689, 36388690, 36388691, 36386762, 36386763, 36386764, 36386765, 36386766, 36386576, 36386577, 36386578, 36386579, 36386580, 36388692, 36388693, 36388694, 36388695, 36388696, 36390402, 36390403, 36390404, 36390405, 36390406, 36386515, 36386516, 36386517, 36386518, 36386519, 36386581, 36386582, 36386583, 36386584, 36386585, 36386767, 36386768, 36386769, 36386770, 36386771, 36390321, 36390322, 36390323, 36390324, 36390325, 36386423, 36386424, 36386425, 36386426, 36386427, 717164, 717168, 717154, 399342441, 26099529, 853702, 5023706, 36386586, 36386587, 36386588, 36386589, 36386590, 36388358, 36388359, 36388360, 36388361, 36388362, 36390062, 36390063, 36390064, 36390065, 36390066, 36388750, 36388751, 36388752, 36388753, 36388754, 36390518, 36390519, 36390520, 36390521, 36390522, 36390202, 36390203, 36390204, 36390205, 36390206, 36390590, 36390591, 36390592, 36390593, 36390594, 36390523, 36390524, 36390525, 36390526, 36390527, 36388755, 36388756, 36388757, 36388758, 36388759, 36390326, 36390327, 36390328, 36390329, 36390330, 36386777, 36386778, 36386779, 36386780, 36386781, 36386630, 36386631, 36386632, 36386633, 36386634, 36386813, 36386814, 36386815, 36386816, 36386817, 36386591, 36386592, 36386593, 36386594, 36386595, 549702604, 549708300, 549702605, 549702606, 549702607, 549702608, 549708301, 549708302, 549708303, 549702609, 549702610, 549702611, 549702612, 549702613, 549708304, 549708305, 549708306, 549702614, 549702615, 549708307, 549702616, 549708308, 549702617, 549702618, 549702619, 549702620, 549702621, 549702622, 549702623, 549708309, 549708310, 549708311, 549702624, 549702625, 549702626, 549702627, 549702628, 549708312, 549702629, 549708313, 549702630, 549708314, 549702631, 549708315, 549708316, 549702632, 549708317, 549708318, 549708319, 549702633]"
2680632572,美术生安静画画时（好睡）,"请加油画画吧
祝各位能考上心选学校，变成更好的人吧！集训终将过去成为回忆
推荐睡觉前听，建歌单的初衷就是为了让自己安静下来画画仅此（自
偏安静向，写作业，画画
","['学习', '安静', '夜晚', '安静']","[2037036924, 1428363761, 1913064744, 1838763739, 1469721603, 1842417439, 1815918938, 1928445194, 1886365121, 1970434322, 524235734, 1436971747, 483566531, 1948145018, 1945895585, 1380001478, 1808094918, 1905979477, 1443669704, 1841369002, 427546406, 1320101404, 1330574154, 1326807711, 32619716, 1382357070, 1341995830, 1368805078, 38018358, 1819024574, 1317494331, 1444242241, 408055341, 1847742389, 1643096, 476987164, 1886345442, 1378039059, 1450937288, 1461103379, 443277599, 38679340, 1383972145, 1493139077, 1364338794, 1815901557, 1443007152, 1317494340, 38358165, 458777997, 471403980, 1433281674, 1469005999, 1398654758, 459733463, 509106740, 350127, 1392925633, 22683691, 1312889593, 1447744711, 864100348, 1496570456, 1323303260, 431357437, 1488483844, 516358164, 26343110, 17244529, 412175360, 572236245, 432430693, 1338810486, 459925111, 108182, 18036482, 1323755954, 18036498, 28354251, 1336631279, 35031295, 3600367, 447926571, 18036485, 28310544, 25698047, 1356972632, 1321446580, 1352818739, 1320886841, 1390469916, 523756204, 1317488714, 1405577512, 1346093159, 541333168, 1470466236, 1338071925, 1460261116, 1334270566, 1386891750, 1368754722, 507014930, 1360807178, 5208750, 1446828582, 1467073899, 1321803047, 1337761764, 28234342, 1374787337, 1377729945, 1360807332, 28973431, 1382289270, 1371382053, 427614080, 569214247, 36783831, 558560181, 472137696, 18002270, 519935113, 505446308, 1362813974, 518066666, 1341819157, 469249501, 1610485, 407927991, 1609689, 5057454, 473022349, 1336198737, 415786182, 37820801, 447279413, 21915699, 2775139, 740693, 1325896983, 3407088, 545799869, 1294817453, 1414048374, 1435793227, 1422004391, 27975130, 33916532, 27510024, 1351607468, 447506014, 1355149441, 33638527, 1371373420, 865333, 22744930, 494858498, 16872863, 16426514, 1331298984, 1374446646, 22521370, 475774775, 535056564, 504264372, 1366552531, 1325897120, 431259691, 1385835736, 440411413, 553817982, 551338379, 418279521, 453413861, 500686349, 2184653, 489215708, 1332158019, 477332822, 548950024, 405474680, 29137872, 1215486, 1374766486, 1319761657, 536483221, 1423123512, 863481066, 560110, 1389090775, 553310138, 560079, 31134829, 431259693, 1368775422, 421807905, 441612583, 519342278, 428203132, 28566360, 2001320, 1295945614, 435305771, 30284559, 1385856956, 1374489910, 487527291, 408307387, 1311346382, 461124095, 41666353, 421807898, 740530, 1306507053, 1418457693, 459733581, 556204186, 1318838405, 526733895, 499673123, 529814997, 1319676183, 1334295081, 2786284, 1360831521, 503741427, 1371046568, 1307996767, 740611, 1365490643, 864379991, 457567102, 554882309, 504264170, 32317089, 1294924494, 489678269, 1413142894, 1373641129, 1293900224, 526161446, 485612149, 1313102113, 1400047314, 1324078465, 863019081, 1312250080, 1358953021, 1348003059, 1387623887, 35437508, 1379545391, 1382428964, 1387608144, 564663565, 513946572, 528083, 34532509, 1336856864, 1303011654, 476081899, 1346119612, 557581095, 486837917, 1351743204, 1352045218, 108179, 28468263, 701026, 532940220, 1371382518, 549309101, 1382794139, 1299641939, 85571, 1338264578, 1356124253, 565794655, 1336864660, 1318235595, 486999077, 1336866526, 19032267, 522510615, 521691047, 531664659, 1378251167, 1294910785, 1314154490, 438306226, 557581967, 1379458324, 1377372468, 31445554, 1304922033, 562594084, 497463179, 3026583, 523248511, 1350852349, 553815085, 518895532, 1302090452, 862102221, 473740220, 1322132356, 864043623, 476659144, 2788529, 27836653, 29785409, 865021709, 1371517016, 1331848508, 1344433793, 493316158, 507228574, 39449871, 479598964, 1323414620, 1365181736, 407004034, 1365246741, 1321760184, 32544924, 740558, 1294910889, 34834413, 558290126, 1314353013, 2532696, 446627347, 406752375, 37955171, 22705492, 1293953338, 561438803, 407032014, 1338695683, 440767269, 526646591, 520274153, 460319, 570287579, 530986903, 441491828, 554559537, 863489767, 554241732, 440411022]"
2027558726,睡眠歌单 | 安静的纯音乐,"慢慢听，你会听见心跳声。

ps：歌单适用于睡眠、休息、读书、静坐、自我治愈等","['轻音乐', '放松', '安静', '安静']","[5244589, 478507889, 555422283, 480353, 785887, 803048, 1422235141, 1422226119, 1351182680, 22829933, 480450297, 1070924, 422455, 141233, 487864776, 22688505, 1304510722, 1293996544, 1406117204, 28242618, 757567, 478285, 454438494, 1408413756, 1302644363, 556207091, 22653254, 432464570, 1342404791, 1365730708, 863464857, 158104, 416384146, 586299, 517897043, 757546, 41664610, 62589, 866032176, 487463583, 1321947842, 408943743, 34341358, 20110049, 1091773, 33715175, 419375164, 28160235, 165614, 31134637, 480463724, 480530910, 478830981, 31134633, 5271071, 1091289, 520849195, 422429165, 475774775, 429459844, 2061452, 439142564, 18927614, 1220993, 139730, 18927580, 40021474, 785902, 1925200, 495951728, 757761, 20110046, 41641232, 480442286, 449941141, 1315931316, 470323140, 534397180, 447185276, 1351183637, 1387098933, 1404691013, 535056564, 122049, 440355309, 515384475, 1435225104, 1440350419, 574731407, 1439409941, 1310361916, 1447409388, 1300151290, 481261019, 1370771358, 1425586358, 1366755870, 440796901, 1440588150, 1428038847, 1447981499, 31066711, 1384145901, 1443321487, 1419283147, 524543708, 1476572526, 1457757707, 1420349595, 1377701234, 1425082837, 2022421113]"
2373461411,难得的独处时光（阅读歌单）,"孤独的人不一定不幸福啊～
整理一个能让自己安静阅读的歌单
不分语种，持续更新。。。","['安静', '放松', '治愈', '安静']","[4879342, 407927991, 431811455, 30841781, 480769653, 28828710, 19900524, 26679470, 19572271, 2001321, 701026, 28566360, 1513005, 459733581, 404744109, 869785, 530986903, 757761, 466122601, 485612149, 462058781, 758092, 29137872, 516358165, 516358164, 523587, 569200212, 441442, 740611, 31861287, 35032655, 22688487, 22715757, 30841785, 5113327, 26620638, 4346235, 27984052, 28411043, 404465600, 444058254, 411349945, 29169438, 39122745, 27731531, 19107212, 29427498, 17214006, 482823, 28953952, 757567, 517567264, 437755948, 407761576, 30070474, 1886620, 223779, 449577802, 1141568, 1933598, 526099072, 1704213, 32102058, 28643004, 30635613, 424477212, 740558, 27588470, 473602859, 2871745, 569214126, 27759600, 5046372, 441612583, 18449193, 38358219, 280548, 27975130, 27759597, 26335699, 1377247, 31452733, 18938922, 36307872, 149297, 414118862, 26343101, 2001284, 297788, 479408180, 26608617, 431610330, 406238, 2001276, 28381284, 18578531, 375180, 17517298, 26131191, 1475050, 26402531, 440208470, 65601, 3026583, 3413895, 22676185, 26284002, 511416950, 471403427, 19032216, 512099305, 421870099, 28310392, 28223110, 202369, 202341, 27588473, 17240029, 26145728, 28566359, 18733233, 816893, 408814900, 518066666, 35476188, 472219396, 297715, 297752, 27731391, 17950503, 785902, 18733268, 469742, 18733269, 38576323, 461080452, 27529757, 35270706, 33638527, 421203557, 35283187, 541928, 28569859, 18250864, 37091159, 28411784, 434974750, 469772, 530507, 462523414, 22683613]"
946163614,一个能让人清净的歌单,码字用，防止看着wps闷挺（来自某个萌新写手）,"['日语', '安静', 'ACG', '安静']","[2064724623, 2016988838, 1992342670, 524408543, 1859954221, 1980986120, 1849687368, 1471079461, 1818596984, 22660461, 22754961, 22754969, 1446131098, 467826361, 458449169, 1462068030, 27984994, 460319, 858084, 1346961369, 1339234095, 1449006094, 519523888, 1346169330, 1353896528, 1355167605, 1359353942, 1444409995, 437250686, 1344515301, 34509092, 484249937, 484249936, 1332954546, 1351255013, 1328896473, 442853352, 1370296051, 1384290312, 864107537, 479304460, 30398710, 428591415, 1355252398, 1305611314, 442853350, 1379215154, 1378491298, 28613599, 451006208, 30798757, 544008274, 1318309030, 437250682, 28695643, 525868247, 28959255, 462346705, 1339044717, 427015527, 432430639, 409020556, 523042046, 34341508, 545825923, 425570291, 1329670842, 1353060119, 536623722, 1299845105, 435996707, 1346909425, 1357647170, 428390382, 1354451040, 656405, 28757341, 1316582986, 522529624, 442503044, 502784633, 34200047, 29274639, 1355421725, 459169285, 484249940, 433223013, 803988, 468023055, 730677, 1302953072, 435872450, 560693602, 552841191, 547624355, 1321382550, 512797561, 445886110, 443194288, 553140030, 1346432423, 454356418, 1310129667, 477794976, 428391496, 1302423629, 537854742, 490575692, 546282212, 465262028, 1315559971, 457487948, 495672548, 862857566, 31234242, 490717590, 518004941, 449393480, 512376195, 436394088, 425828967, 474659392, 456313527, 1298985612, 443205016, 480277324, 477905651, 37202346, 456663674, 22652544, 557850421, 1317945746, 34341533, 30854582, 36871044, 557753401, 459925524, 30612263, 444003868, 1302953071, 517723917, 640280, 448155, 41662434, 537854740, 554575741, 427139224, 536623501, 1302621712, 466572339, 543438386, 1303296958, 509695240, 435872407, 540657111, 498134, 515488160, 493742193, 543612338, 440355687, 624751, 1295782825, 444706077, 455812792, 1309821542, 573309657, 455358996, 465213353, 435948379, 505494315, 470739241, 444803140, 419254309, 38679894, 4936678, 560684755, 27493107, 465807622, 409650501, 41462778, 489970554, 1297747153, 26608077, 469314032, 500246557, 28875230, 557224151, 564999, 535990, 1294924565, 1294928683, 676568, 448413030, 512440169, 457425028, 495652392, 26209670, 544233544, 419594624, 460362435, 454268373, 468517764, 537854741, 700032, 552935520, 550748462, 438904207, 459894477, 445505669, 442016694, 658318, 444706082, 459388090, 437752011, 444706081, 437752010, 456859926, 435996701, 41666359, 461072803, 437387593, 621102, 450993361, 453589566, 504228261, 501291909, 540367439, 22779591, 543681750, 36578532, 440355690, 511759501, 421934289, 39227514, 405612712, 583577, 499885906, 429461409, 32977725, 427609397, 476081894, 456312711, 498040743, 440355688, 446247397, 529316794, 449320011, 454359037, 476081899, 609890, 534064298, 489970553, 533450520, 502233258, 523218066, 525239512, 459115010, 534065323, 489970551, 492257218, 33916691, 496836172, 532418047, 464916877, 446935665, 676508, 29582966, 33737578, 444356975, 532950283, 445816309, 456057556, 30431340, 452986458, 25640582, 512733081, 34204196, 443875380, 443291190, 26101850, 746252, 500224267, 443291188, 435948351, 445198021, 447506014, 33233915, 457567102, 506066368, 472137187, 490186189, 423703993, 456388489, 26131698, 399552336, 640866, 512966267, 496869422, 465266014, 435948383, 461194036, 445546970, 480428670, 34609135, 32648717, 41666363, 445816335, 26118113, 429459502, 409654891, 4937357, 497506422, 477324513, 446627347, 450795499, 435948605, 504916651, 31861287, 26447701, 668118, 501900877, 38019596, 28563201, 425684779, 31421442, 28445949, 28699611, 442562811, 510371017, 27759600, 41666353, 506539946, 28875390, 476731605, 442016995, 437250607, 427015308, 4884864, 28288854, 30284319, 31421454, 579954, 409931708, 441617355, 450387538, 29095492, 407039301, 462686590, 464647447, 440241194, 22705492, 401249592, 429460399, 437250669, 672188, 472742361, 403136094, 28466066, 460310, 469719260]"
7837492915,安静治愈⚘|生活需要一点热爱和心动,"阳光下的女孩，发丝自信飘扬，嘴角快要长出鲜花绿叶；斑驳的阳光透过枝叶间打在她身上，香气随步伐轻盈，少女的心事全写在脸上。你是一朵很特别的花，想怎么长就怎么长，不一定非要长成玫瑰，就算全世界盼着你长成玫瑰，我还是希望你可以做你自己。

你真的不用成为很好的大人，你善良稚气的样子其实特别可爱。犯错误时会变成一个小迷糊，一本正经坚持自己的选择时也好酷，你真的特别好，真的！","['华语', '治愈', '安静', '安静']","[185779, 2006247343, 167946, 1920622021, 2007984952, 2008017081, 1408122638, 27747329, 1318537078, 1953856778, 1994555855, 1301572067, 1306507727, 1346104327, 475279382, 1482867143, 1861632812, 553310457, 1413585838, 1314154490, 145653, 233866, 256468, 233882, 1334327077, 1331593956, 30431368, 38576323, 26427662, 447925063, 1344897943, 2006490257, 1407214788, 1915875397, 293948, 1807799505, 165379, 1897964065, 5246622, 28068322, 4876359, 277111, 1997546209]"
2044593080,『图书馆』专心看书学习轻音乐,如果你瞄准月亮，即使迷失，也是落在璀璨星辰之间。,"['轻音乐', '学习', '安静', '安静']","[41462330, 1404149972, 1835109794, 1443878894, 32977308, 29722564, 818820, 1478263756, 423407398, 1398268325, 41462331, 819664, 1316330689, 27515194, 25879288, 22659698, 22659652, 499498, 29583257, 22659668, 1912693056, 1933655259, 1942310751, 29722557, 516117, 22659679, 862706484, 782617, 1353531321, 165602, 1327478579, 26524326, 1423888160, 482796995, 1899650089, 1366031349, 28828727, 1409301241, 22659684, 461520268, 514054442, 1404314180, 169055, 1406653038, 443070378, 1439219351, 449658678, 29357490, 5059150, 2083710, 41462333, 28587915, 456980344, 29370029, 816609, 29812078, 22695993, 477913, 477931, 477939, 1326596082, 29122810, 1313898010, 494865362, 1336510679, 28037170, 1390484463, 420500734, 422094672, 1362128006, 514051533, 22792375, 489302413, 483632324, 442488, 483002866, 477969525, 523045029, 25694412, 586299, 4879342, 1343379745, 1455273374, 1411864826, 29011392, 508065990, 488918767, 432464096, 578090, 528055, 499861, 22819147, 499833, 22825795, 499989, 482823, 29535881, 30245064, 28445782, 29786279, 816735, 4899152, 26385475, 28411430, 499818, 500696, 537539, 756133, 19934757, 22712635, 840586, 17730137, 540335, 1322392284, 36894948, 408943384, 25879283, 41651638, 521418822, 405987228, 440464651, 130094, 29786290, 30854798, 1300726769, 483803157, 473059, 870144, 4882079, 25879276, 25879281, 25879279, 369459, 4904996, 817454, 455938406, 4881802, 819627, 26137945, 4999219, 469806, 5059151, 29722543, 29722566, 5059144, 418438, 516773553, 581418, 443070379, 28496068, 29142147, 1332100014, 30053918, 1297299719, 28587913, 1642632, 424496693, 527126228, 350145, 28535311, 515510391, 29043511, 5313607, 426881491, 426881488, 426881485, 426881484, 426881483, 426881481, 519346634, 28941457, 26328682, 27836212, 492086826, 431795842, 443899, 445140, 444324, 443249, 442682, 442723, 443823, 444951, 443895, 444309, 443842, 443502, 443252, 458238835, 29535887, 1944473, 35416319, 41631191, 22777571, 20744076, 408943743, 18315092, 35470807, 419374614, 1345166, 4881692, 541962, 5313608, 462058781, 540340981, 515835727, 515834119, 515834084, 22712634, 610743, 28496071, 523980554, 500014, 4873547, 28496072, 26212426, 26099010, 4878282, 541968, 443070377, 498210, 790960, 475072607, 31452733, 442315048, 757761, 451991041, 4909215, 479980004, 412175396, 442899380, 34280025, 1859348, 812170, 27580971, 441760, 443246, 26902982, 441359, 444862, 441707, 443854, 443796, 443794, 25942063, 444312, 442454, 25963097, 1335425749]"
4893712461,助眠药丸2.0｜炉火/木柴/篝火/,"森林很深，但你还是找过来了~

在溪边钓完鱼，回到木屋，燃起壁炉里的柴火，盖着毯子躺在摇椅里，入睡，这便是幸福吧。","['夜晚', '安静', '学习', '安静']","[1315238331, 1372573449, 1426788164, 1386654696, 1366922904, 1346979588, 36386428, 36386429, 36386430, 36386431, 36386432, 36390464, 1350747970, 1348792831, 1426794297, 1426795047, 1426795048, 1426794299, 1426794300, 1426794302, 1426795052, 1426794303, 1426794305, 1426794307, 1426795054, 1426794309, 1426794310, 1426794298]"
7515222899,﹝轻音阅读室﹞在声音和文字中找到精神原乡,"读书到最后，是为了让我们更宽容的理解这个世界有多复杂。
——梁文道","['轻音乐', '学习', '安静', '安静']","[139774, 480353, 494858498, 434902428, 1433584979, 1351183637, 139730, 415085696, 414706265, 1447721226, 29406314, 28699005, 3204379, 535600766, 500684082, 536642, 1376873919, 1335150405, 1834268324, 33955052, 549221560, 571336293, 419923, 484716293, 536671, 536672, 5023046, 1002353, 34057043, 29774804, 1014555, 28240908, 1218517, 20714042, 28841792, 18049775, 1931799, 1221307, 437480722, 480613632, 442458853, 442458859, 1829395, 1924246, 1002247]"
2418448497,生活顺遂 少一点波澜就很好了,"我告诉自己在任何情况下
都不能变得闷闷不乐活着灰心丧气
前进的过程中肯定会遭受一些痛苦
但这其实是我生活中的一部分
那只是一年中的一段不可少的时间
生活不会一直美好
也不会一直糟糕
只不过这中间有很多的路都得咬牙前进.","['华语', '安静', '安静']","[2104333421, 1368371706, 2013805632, 1959667347, 2050436351, 1444647610, 2102606991, 2075593365, 2067164292, 2093845486, 2070439338, 108931, 2014422927, 1354472940, 2099293718, 422104138, 2019561428, 2019573476, 2019562367, 30431366, 2097752614, 2097444843, 2098793045, 2092616648, 108254, 34228130, 524003571, 31356788, 2015018957, 29850684, 165367, 865632948, 2094081707, 2097478106, 2029881347, 2094075270, 1398283847, 108914, 1366052802, 108428, 108138, 2041026502, 2068068886, 28854182, 1366053681, 108136, 108810, 4873549, 86360, 25727803, 1366053680, 438204707, 1984475097, 1417849873, 481535277, 1969822728, 1973672897, 529668356, 32897777, 1985358071, 1835283157, 2046984505, 1808053189, 1861640530, 2043125519, 108418, 2048309845, 2002683143, 2049720342, 2038869956, 2055878310, 2085809065, 2060065587, 1478395345, 2010214999, 1999615904, 2051337148, 1922922126, 1985470126, 2048456748, 1975753397, 2065951436, 2029256151, 2034177792, 1973740317, 1988949475, 2009787820, 1955659046, 2033406257, 533105985, 2082434029, 2032795866, 1469215061, 410508014, 1345827147, 1447253291, 1995166553, 2071935674, 2066713227, 428375575, 1950025352, 2005513586, 1969769374, 1985080502, 2064292992, 2064513474, 2062623445, 5243408, 26305543, 2056203126, 2062885837, 1434354649, 1379662223, 1922931099, 34002605, 29790225, 2015070937, 1944548896, 1881719700, 1903581320, 2025185434, 1428214622, 1978670873, 1996413028, 1454670699, 2053420961, 2007710645, 1359382613, 5249994, 2053099516, 1926623288, 1992049280, 2049512697, 1945588723, 1438447607, 1978260557, 1494588309, 1397680923, 2041788168, 544151105, 101818, 1468946345, 27496031, 2015046925, 1938100949, 1381604530, 101820, 1973665667, 1892552475, 2004647521, 541511427, 1995456224, 2014305609, 1889690854, 1936388656, 2006176512, 1864905612, 28864990, 1430334319, 2026224214, 1990819779, 1887298514, 1480380028, 2013972674, 2027251296, 2025186881, 1846014476, 2026812798, 2021361221, 2002990335, 1297742771, 1368327462, 1984317096, 1971651539, 2025852995, 1916435350, 2008463676, 530451320, 1313107303, 1990086349, 2015224950, 1476239407, 1440104938, 1407789605, 1906952442, 1859402255, 1936073319, 1952478565, 1477144603, 5254815, 1836069907, 1467444619, 1887328226, 1954420631, 1993462169, 25949862, 1993025072, 1974443814, 2004638823, 421486605, 1398476480, 2009018931, 2009018928, 1975741303, 2009018927, 1809135435, 1441507660, 523248491, 1407424616, 1399643933, 26305536, 1804879213, 1896177348, 1951992945, 1897927044, 421870420, 1426304544, 1929995196, 1994253743, 1998368416, 2005574298, 1481961402, 1376001732, 2002712975, 1463412080, 1852314719, 1999010719, 1959528822, 1808326361, 1981263774, 1977879460, 1957492947, 1992130982, 1954117442, 1937144138, 1971708616, 255589, 1985091904, 1979318019, 1299550093, 1930307905, 1966161925, 1981785190, 1925262041, 27731339, 1875246245, 1969030965, 1391053342, 1979313985, 1908049566, 1968040792, 1872464634, 1983518470, 1919760427, 1981873549, 1985705551, 1905012469, 1988467326, 1968053454, 1379619299, 1982681570, 1486456687, 1891397211, 1953696921, 1864903283, 1852051073, 1979743387, 557095893, 1982987386, 1443143188, 1848233480, 1461445063, 1426112587, 1937449108, 1415621951, 1959206801, 1370073379, 1844448536, 1817431690, 864647494, 1971912772, 1864041413, 1890219033, 1901319106, 1391477429, 1965742366, 1963469727, 1958031074, 1934233831, 1944798036, 1337205804, 1420706073, 1906282910, 1459261755, 1925452719, 1451744549, 1951974231, 1944644041, 1472178723, 1480378514, 1421015549, 1480380030, 1297766961, 1861632868, 1804662216, 1412946197, 1855804838, 1858798864, 1815105886, 1849059979, 1804880018, 1806110282, 1406648887, 1496828617, 1852002765, 1406648891, 1890467933, 1844449890, 1411464897, 1363883359, 1847219546, 1859598658, 1931647234, 1847746003, 1484942675, 475479888, 1844448537, 1927438231, 1923203217, 479422063, 1438092617, 1895330088, 1878285988, 488249475, 1856978623, 1872074958, 1478375353, 1867217766, 1862592546, 1851048378, 1826514387, 1342751887, 1432716793, 1409003642, 1462400072, 1482867143, 1475739400, 1844449888, 1859925932, 1387581250, 1479204597, 1478431399, 1439363146, 1850504171, 1497163358, 1487017519, 1479706965, 1480927381, 1837549000, 520277152, 1396568325, 1500455486, 1832622345, 1411358329, 1475596788, 1457772409, 1829877397, 1498609446, 1432512858, 25638340, 1421572753, 1489065373, 1325813648, 1474157790, 1807592796, 1483710323, 1440176324, 1488329606, 1809760190, 1406649619, 1469005999, 1463397570, 1811459887, 1490866692, 1807381939, 1425898259, 1493083969, 1475739401, 1500569811, 1496093993, 1462614586, 1490124824, 1490863293, 1448246710, 1458986027, 28285912, 1479204522, 1482647103, 1471285412, 1450726114, 1459027007, 1444186157, 1413146224, 298079, 1438513357, 1410416506, 1442339250, 1401482684, 1468468325, 1397679288, 1365393542, 1354629987, 1294899029, 522510615, 1459950258, 426291129, 1362624611, 32334628, 1303027499, 1449678888, 1342798229, 1436709403, 1416028934, 411988534, 1336856449, 1306248414, 1413143982, 536890393, 1338146062, 1387600878, 1386859485, 1358035694, 1382985712, 1397345903, 1390480881, 28009003, 536483221, 307935, 1390276715, 1384527426, 1391891631, 1350079138, 1497805108, 1370748318, 1374766486, 1358848433, 1363959080, 1352818359, 1365898499, 1351520305, 1369601580, 5240138, 254672, 551400874, 443967407, 511920486, 308353, 1334859296, 1331819951, 1317410245, 1321392802, 555834267, 557667045, 28968070, 1299889486, 465183718, 479598964, 41641585, 519136840, 571074019, 465921638, 1294889112, 1330348068, 36150863, 554191707, 527054882]"
488416705,写日记专用歌单,"陪伴我度过漫长黑夜的歌 更像朋友

曾经是我写日记听的歌单 现在是我看书 睡前枕边的歌单

感谢收藏","['夜晚', '安静', '轻音乐', '安静']","[493283616, 1997407077, 1997406328, 1979192239, 1312596790, 439911467, 1961246843, 1830493066, 1447721233, 1427725543, 1474956928, 1474959445, 498210, 1818966589, 662082, 22645582, 1890803323, 790960, 1481127200, 22825795, 5313608, 540335, 586321, 1771729, 1963280729, 30053918, 29423283, 1862339783, 1370344196, 5412125, 5412121, 5412126, 1438785023, 27707270, 1353531321, 1407911715, 1867982788, 493283623, 32166168, 500014, 4899152, 1893921934, 1955637326, 1862332624, 1910890210, 1436761077, 1449390078, 1336856782, 1824177916, 33343705, 1811909303, 1384611920, 1419346103, 466122488, 1304838695, 1395736418, 1419371850, 1432581594, 1432705632, 1473597305, 493663324, 1398274079, 480395029, 442315650, 1398352912, 4283486, 1336864848, 1426211938, 1398352909, 441441, 20110046, 442545, 496902058, 633113, 3204376, 1403706788, 480613454, 421423014, 462516170, 408140417, 26189480, 521418822, 29535887, 1378992061, 1645108, 37132778, 1336866856, 515796242, 480426470, 522320784, 521415750, 556204307, 468882407, 37820398, 549309096, 531051916, 29137868, 526464103, 1293951833, 494642794, 863489883, 481853543, 557579751, 483200154, 26635189, 523045029, 458231932, 1943186, 459733590, 1386002056, 533368974, 529814942, 509106079, 460409675, 28240909, 485960496, 521416704, 1343706638, 520458756, 468882321, 520459812, 528270634, 504264248, 479219481, 505688656, 862102221, 1320884184, 1063381, 28977765, 526413094, 463183734, 866059719, 547033571, 29540378, 20113380, 1294703, 28358233, 446509000, 1317410095, 518894119, 1369959, 461080633, 504264247, 1320860898, 469744724, 525238889, 461521046, 524148423, 414586061, 481859484, 473742686, 559227860, 433107530, 862389187, 509098557, 557579748, 572810839, 482636134, 499675131, 461516359, 494862393, 494407056, 461124260, 557584800, 425100824, 461516319, 535056564, 440411401, 4064255, 473805760, 494858498, 492833245, 5299097, 518894020, 4346235, 461515533, 29137873, 436305474, 29137871, 475563, 29137869, 29137872, 465471481, 481535390, 481853630, 414979886, 481854957, 574931825, 442869022, 475072648, 506130482, 578090, 41662891, 460112768, 493752060, 493752059, 420500734, 4064247, 31546259, 28253022, 477913, 5312551, 3038433, 458238812, 454224758, 328877, 480286151, 29771887, 442314594, 444548794, 487463583, 425100816, 3940615, 476295986, 463391444, 448916723, 448772051, 19498811, 17241428, 445462265, 4079122, 3204385, 465673469, 35416318, 436668736, 26243938, 3204379, 3204370, 3204382, 446732031, 412902212, 486814336, 1938292, 27667188, 27804230, 33984675, 437608445, 28977547, 26113603, 35288251, 28814336, 5415502, 28814333, 426881503, 426881502, 426881500, 426881496, 426881488, 409031876, 25694409, 25694411, 25694406, 25694412, 22822610, 442319, 22843697, 18671418, 5371318, 5412127, 5412124, 5371315, 5371325, 426026856, 32719053]"
7752705905,民谣小酒馆：故事和你，如酒浓烈,喜欢歌单的可以点个关注哟 民谣，一听就是一个故事。 民谣，唱的人普通，听的人平凡。 民谣，喜欢那种感同身受，热爱那些温柔辞藻。 用歌曲说话，用歌曲讲故事，因为被赋予旋律，所以才更易打动人心。 有时民谣像是唱着长达一生的曾经，却又像只是讲了某天放学后暗恋少年阳光下灿烂的笑脸。,"['华语', '民谣', '安静', '安静']","[412175360, 408814900, 350760, 417250673, 405253305, 415086030, 105886, 409650012, 25706279, 1356499052, 29567189, 186842, 29414460, 30635613, 28191641, 1501460037, 297715, 565966093, 326719, 442869203, 1350147426, 38576323, 1904183420, 25986025, 532013490, 1922394692, 1472803639, 40249612, 419373997, 32217150, 32272267, 29378547, 326705, 247172, 28285910, 28656170, 28587882, 292264, 27510434, 27501815, 400689219, 253967, 350773, 31445441, 27501818, 40249713, 412319476, 29535531, 402070789, 208920, 26513449, 426343036, 5248763, 425065879, 293652, 362396]"
2794816969,『纯音乐』晚上学习的治愈时光,"致看到这个歌单的你：
愿你有好运气，如果没有，愿你在不幸中学会慈悲。
愿你被很多人爱，如果没有，愿你在寂寞中学会宽容。
愿你一生一世每天都可以睡到自然醒。
————————————————————————
于市井，于广袤，
愿你拥有真情实感和澎湃的创造力。
愿你拥有让自己得意的幸福和凹凸有致的灵魂。
愿你对这个世界有深刻的认识，在认识世界的过程中找到自己，也许顺便达成了世俗的成功，而非以世俗成功为目的。
愿在这广袤的生态间，你平和且笃定。
————————————————————————
白天自律的完成每一件任务的话，就能在傍晚来临的时候和朋友去约一顿热腾腾的火锅，或者早早爬进被窝没有负担的看剧听歌享受夜晚。能治愈自己和拥抱温柔的前提都是足够努力。","['学习', '安静', '轻音乐', '安静']","[1331298984, 1992712131, 1988026640, 27770122, 409031987, 410518152, 1862548522, 1413374282, 1453907054, 26328682, 36797371, 689636, 426881500, 557581318, 1427776793, 512376221, 40915401, 22688472, 866059719, 1335529750, 26128719, 29796306, 36308043, 1409250084, 31081015, 487379166, 515816327, 28465109, 27514089, 1378492146, 37095739, 812150, 812170, 28411059, 28411043, 28587913, 1358003096, 557155854, 1306448973, 553147735, 548707, 758317, 496681611, 29378656, 1315824155, 34367510, 22717915, 536475, 28381868, 33875750, 26450093, 32807813, 26135461, 448126, 30245352, 22688487, 541853]"
7780905264,助眠轻音乐/纯音乐】减压/治愈/冥想,现在的生活与工作节奏如此之快，在经历了一天紧张、焦虑的工作与学习之后，也许你需要一首能使人安静、沉思、放松、冥想的音乐。这就是我的音乐，我创造他们的目的只有一个——不管男女老少都能得到放松，寻得心灵上的安静,"['轻音乐', '治愈', '安静', '安静']","[2065992195, 2059551006, 1973192568, 1997055472, 2001985804, 2007591386, 2006491747, 2018518483, 1984510746, 1984510748, 1984505518, 1984511049, 1984511055, 1978306009, 1964938783, 1976616823, 1997056688, 1893121770, 1979375299, 1939548064, 1918110362, 1918694170, 1987731371]"
2620659795,后来 “看山即是山 看海即是海”,别让生活荒废了你本该有的温柔。,"['安静', '怀旧', '放松', '安静']","[26092806, 1905004937, 26093064, 1356953795, 2063864551, 1377164042, 1441758494, 1960740829, 2041974276, 35847037, 208958, 471385043, 2082700997, 1959667345, 32835565, 548885986, 1397345903, 1895330088, 1952358155, 27511488, 208940, 30612793, 28949444, 2044458041, 1376035521, 1999626402, 521935820, 1938580175, 2044458035, 2006356162, 2022196813, 1993119056, 2040824927, 1994477687, 1982285682, 327157, 1949491431, 30706066, 1831761295, 1372188635, 1896178567, 543798303, 2008616382, 25638306, 36024442, 174956, 1878753941, 314773, 1457271167, 1925574040, 1403318151, 1980295875, 1936244533, 1922135476, 1986771025, 1930608504, 1963654951, 1931176549, 5238992, 1949949331, 1959190717, 1897356046, 1969787759, 233931, 1876226709, 1958121913, 1299550532, 431259949, 1813041013, 518904426, 1431047906, 108914, 28219175, 1294951288, 475479888, 545947135, 5179543, 1215482, 17271094, 454035505, 406238, 1806953690, 1872930613, 406475394, 1405903472, 489178319, 4968374, 167873, 35528482, 27731339, 554242032, 108242, 1857146056, 29758362, 1481705135, 33495597, 95475, 1497779613, 26145112, 5232648, 1433795646, 1822777507, 1864429429, 1892757724, 1308782023, 29814898, 344442, 1342500368, 450222687, 421423808, 488249475, 421423806, 1419876257, 29848657, 1467880542, 1478199718, 1467878022, 1447137529, 1834297339, 1458350016, 1450630238, 569213220, 472045959, 521416693, 36270426, 26089233, 426291544, 536937393, 531786028, 1943043408, 27955653, 32507038, 25638767, 26305541, 440207933, 1877996649, 346089, 494865824, 1395222212, 406737348, 86943, 1849257540, 4331105, 21038748, 24912405, 1383381667, 1394183562, 28403111, 1376075781, 1357839856, 26127565, 449818741, 28864996, 419375250, 26429060, 29393644, 207497, 3305969, 208902, 306877, 1440570723, 208891, 108493, 1886673679, 27646205, 1302090321, 1810859892, 1335330283, 5308003, 36190361, 552560922, 32717172, 559924939, 1841908846, 1830225972, 30373203, 1807799505, 1313591404, 1410647903, 496370620, 1468114203, 1468115100, 1456890009, 2526625, 1814081146, 1827600686, 1841002409, 1398663411, 1393834238, 1425209771, 18861490, 1360454878, 1491066971, 26305534, 17867241, 554308724, 1309896289, 29561077, 1392600538, 401249195, 38018486, 1384482575, 35331935, 29803676, 417915743, 1388407065, 1384450197, 28718313, 29910080, 1374329431, 31311695, 1464325108, 1436575829, 1401671455, 39443927, 34613621, 29418037, 486194136, 1334246005, 863046037, 485612576, 504265014, 1495845516, 1368754688, 1306507078, 1811921555, 465921195, 543798652, 1441777586, 1445247246, 1484967131, 29357467, 1467090928, 36827676, 1808492017, 436487118, 411214279, 167827, 167876, 28427707, 26609877, 1466931525, 442314990, 1473930349, 1422727081, 1472269713, 1442121484, 26305540, 1449601413, 574921549, 539014550, 1432968475, 444269135, 547812462, 36024806, 507585220, 1439303315, 1439306362, 1454415688, 1447386074, 467164552, 501220770, 4968365, 30431366, 407450223, 522943592, 247491, 33510814, 1467448244, 1460656959, 1463503505, 1463165983, 362998, 1359663981, 473817665, 1438643335, 1325896149, 1441097233, 1438825241, 3019812, 1364800914, 546261156, 1429908226, 174963, 1365221826, 174944, 528658316, 1386887580, 1439111141, 139764, 1436910205, 108418, 40147554, 553755659, 1422004391, 1331819951, 1421492339, 1434057772, 557581284, 516076896, 1373168742, 452601948, 1428605192, 31421442, 518682659, 509720124, 30854088, 478303470, 1297498908, 5301152, 29709502, 1346104327, 1299293129, 32507039, 528285558, 346075, 36841951, 550936829, 1367452194, 1383927243, 1313354324, 1405283464, 1374056689, 33579324, 550138197, 1363205817, 415792881, 26113988, 32192436, 29004400, 507364050, 1334647784, 27890306, 417859631, 28560087, 32139848, 1370047789, 573359962, 418602088, 1330348068, 426291338, 5308028, 5307932, 506196018, 1296410418]"
3139136592,2024高考晚自习日落／青春分享欲／纯音爱好,"(不定期持更)
陪我度过23届高考 上岸顺利
任何人和事
会一直直线上升 只是时间问题
任何问题都会在悄无声息里迎刃而解

知道你很累，但是请你坚持
这个歌单希望能治愈每一个正在努力的你
很多人中途会离开
希望你可以坚持下去
我的青春已落幕 永远有人正值青春

","['学习', '治愈', '安静', '安静']","[19934757, 1352041357, 1877526024, 1862657290, 470293313, 501749278, 1474400749, 1912078320, 1892782546, 1962630172, 1836794535, 535056564, 1911427000, 1461711022, 1413571582, 1892583314, 1987549949, 1404314180, 1902412244, 1964345091, 404744109, 517346741, 479713267, 525796229, 1418158209, 552066091, 1495586629, 1427416990, 1453114049, 1376557407, 1844457817, 863552267, 1890756154, 1443840214, 1895333638, 1320484967, 1423179573, 1808327709, 1932537451, 1925804184, 1427725543, 1828257556, 1860122134, 1964594529, 1331865717, 1806835572, 29406314, 1830722771, 29771231, 1383011259, 1351183637, 428391474, 1895142710, 1459533925, 1300151290, 1433584979, 1430652175, 1448055897, 1803629076, 1336575696, 32069952, 5331416, 1453907054, 537223435, 475774775, 1462009065, 1384026889, 1316330689, 492390949, 1408944670, 560305138, 1314223132, 1321401199, 450667010, 1352032861, 434871406, 1484312167, 1462956212, 1458236782, 458321961, 1421601722, 27575585, 519870772, 1417520524, 1429250789, 1413377072, 1874982784, 1322041120, 1478116824, 529908929, 453843751, 1396084079, 1367698874, 1458114010, 1476187545, 38018486, 1432435619, 1456297312, 528177111, 1438607152, 1370771358, 1348896822, 1400844438, 1426087185, 1299637328, 1319520140, 1420770733, 1387648032, 20110049, 1309890689, 866059719, 1384145901, 554822169, 513049107, 350129, 427015172, 723174, 1645108, 531339045, 417595476, 40257964, 545154971, 578064, 413829958, 555422283, 4346235, 554311296, 453130276, 760058, 183249, 27501944, 1443191742, 1304717622, 1342505857, 1349393910, 1393616061, 1352045760, 1385897410, 29137869, 139232, 29137871, 29137870, 139229, 456272749, 1331691854, 448226072, 540287674, 1331870411, 487093203, 1331865832, 454757785, 1352946978, 511176125, 552194857, 454435578, 22688491, 1315931316, 1301457045, 1064572, 25918432, 26243492, 1409136605, 1358275949, 139241, 26116122, 1319436871, 758079, 1309458452, 1346528158, 556673324, 1342404791, 1361867070, 26189480, 520849195, 1345821920, 1346576247, 1348892301, 1409246131, 428390659, 427015171, 1390414631, 1385796887, 1386673027, 1386760527, 1395381349, 1407959962, 527957820, 1384958642, 139227, 1314010312, 1362137333, 430685732, 425100824, 468998937, 480353, 415085696, 430053309, 139755, 89000, 535093555, 4874896, 31260221, 1377145337, 287077, 558262176, 1295981667, 1341912654, 499675131, 139774, 454035505]"
8738379402,深度睡眠：助眠轻音乐陪你安然入睡,让窗外的晚风带走疲惫，闭上双眼感受寂静的浩瀚，恢复内心的平和，梦里也总会有诗和远方。,"['轻音乐', '夜晚', '安静', '安静']","[28491294, 2082433805, 404690894, 26137945, 1215163, 1614320, 1423831140, 5172690, 465503004, 1002661, 2638701, 1370001, 486958213, 1817353, 18057481, 27599285, 1614327, 27876662, 27808144, 1849342, 1576012, 26224535, 1491225414, 1339003, 528568221, 1369986, 20952203, 2419350, 22829931, 531192162, 1472232640, 1091796, 1462815532, 531009809, 1924666221]"
2543355332,助眠白噪音 | 送你一颗失眠特效药,"白噪音是指一段声音中的频率分量的功率在整个可听范围（0～20KHZ）内都是均匀的。

这种大自然的声音暗示可以起到辅助治疗一些神经系统疾病的作用，也是助眠和放松的好伴侣。

Tips：使用时建议将音量调小，恰好隐约听得见为佳，享受大自然的哄睡。","['轻音乐', '放松', '安静', '安静']","[1406219714, 1357240105, 1417244826, 1348688293, 1387213142, 500684082, 18057484, 28072725, 1386123048, 139232, 29137869, 498371654, 29137871, 412175153, 29137872, 4346235, 498372619, 498371701, 498373298, 1301364981, 36199955, 22776557, 29713218, 139229, 139206, 410654440, 4010201, 492833245, 28164935, 36388824, 1357240410, 26243492, 430685732, 1417244828, 1306762445, 36953764, 1312044349, 853702, 473742686, 1315238331, 5064939, 5268325, 1309200242, 1321788876, 28273863, 1294724, 1318495987, 28786024, 32070215, 1309888494, 1430762386, 2640836, 5180142, 25842619, 25842621]"
7248208618,《听一万遍就释怀》,“浪漫的不是人 是属于我们的青春.”,"['流行', '治愈', '安静', '安静']","[2093526245, 421423808, 2073180552, 2104333421, 1994057212, 2039295463, 2031796212, 1454479718, 1496849842, 2095862824, 108245, 2089114348, 482636090, 65528, 1400259397, 1412514821, 553310138, 108138, 2007323282, 33556500, 150633, 2100329027, 2089113495, 1417849873, 2054365065, 1315169726, 108493, 255574, 169185, 26082345, 1975100391, 430793721, 2019562367, 449577226, 1492023926, 2014019634, 1486763122, 209397, 1897016511, 2086119394, 2060731968, 2074765200, 2080485246, 27890306, 2089114388, 2098508931, 2093235523, 2096457647, 2097226534, 2097531989, 2046186937, 1410647903, 1403215687, 2092609468, 2093980140, 2075523612, 2070055202, 2072264482, 2055893060, 1299889486, 2089118641, 2089118635, 2089113622, 1370007645, 33497044, 1846292840, 1950528144, 2055808604, 1326773330, 2031085185, 2046829307, 1819970423, 287063, 1895385833, 452986458, 2060966085, 1335942780, 28949444, 2091094442, 1851715422, 5243408, 2089113490, 2091883532, 1860614598, 2050399995, 2074101647, 2088728805, 1369601580, 2064496480, 2081323083, 2085753272, 2083417395, 25657348, 65536, 2060669693, 2060079395, 1385856956, 2081283289, 2041531532, 2060731920, 2076562063, 2048123869, 2025186889, 1959303514, 2078107713, 2078383612, 2082700997, 2069006728, 108145, 2071596484, 2071587003, 2080177728, 517446139, 2004349292, 2071935674, 208933, 2072268920, 1397345903, 2070030604, 2069716092, 1434309927, 1471761548, 2066654616, 1822734959, 1933959424, 2061887794, 2062885837, 2063131354, 1921920003, 2064292992, 2063864551, 2007336134, 2006747976, 2060066399, 27676680, 2059814165, 86943, 1421191920, 26428032, 1413585838, 1975589384, 421486605, 1903035009, 27591236, 2018733994, 2002113086, 1839225636, 1867183963, 1925404868, 1463165960, 1899685226, 2042918630, 2021483054, 2001583051, 28606605, 2056901270, 1949975568, 1987539639, 1958401024, 1450574147, 1425896565, 2049712865, 2027982543, 2053537960, 2052879798, 1877685462, 1981613252, 1475737616, 2053377594, 2029366323, 1961093042, 2033865503, 2046328281, 1874954348, 1984317096, 1987210747, 1926005004, 1953654112, 306662, 1391891631, 479979440, 2055215378, 41656275, 2055246533, 1984267907, 2053420961, 233866, 1426112587, 1818731055, 2032201541, 2052782758, 1926623288, 2049541052, 2048584480, 1827038717, 2038508476, 440207932, 2038535985, 2040836984, 2042560404, 2043126974, 2045089372, 2041799838, 2046990697, 2043125519, 2029190676, 1805115011, 2005078579, 1929995196, 1990086349, 2019351846, 2002356268, 1948007389, 2037202513, 445154140, 28059417, 1845651956, 1844448536, 1336856449, 2021434589, 2043125486, 1459232593, 1905004937, 1447253291, 2018145430, 2039992778, 2006196078, 2042335185, 2019086972, 2005701611, 2025185099, 2024035483, 1953696921, 2015047009, 1981557398, 2035798582, 1941990933, 1948277210, 2037142711, 108418, 108485, 29848657, 1468115100, 29850683, 1363078221, 1931994283, 1986709123, 2005574298, 1954223039, 2006492214, 473404348, 2026224214, 1935484288, 529668356, 2029895485, 1936199804, 1490124824, 1475739400, 1459261754, 2019573476, 385554, 2019574451, 2025186881, 1913874332, 1371780785, 1968781675, 28181103, 306665, 29814898, 2029889380, 1975753397, 26387325, 287083, 1360465540, 2026812798, 436346833, 2013290415, 562598081, 2024654768, 1429414586, 566436427, 1495058484, 1965912077, 1999019262, 1997438791, 1368327462, 2021379728, 1951069525, 385781, 2021434933, 1899705498, 2022010209, 2022116424, 553310243, 422104138, 1882639178, 507364094, 1427444926, 1919322135, 1944123716, 1945423568, 1979276359, 1968599553, 1984475097, 1991801101, 1914898258, 1958755090, 1893736474, 30373203, 1844449886, 1903349476, 1959206801, 1951314927, 1979073915, 1891312681, 1948478077, 1994863874, 36024806, 2006448864, 1983464993, 1970396862, 1891431677, 1923184888, 2009519825, 2013101914, 1361832292, 1930608504, 1979417838, 2004938253, 1429716422, 1398283847, 1426233208, 523008521, 1979313985, 1968025104, 1908049566, 573690973, 1919891734, 1430303185, 1823256348, 1294951288, 1916463494, 420513158, 1969338207, 1866165360, 2004693576, 316100, 530057158, 1988456854, 1406083061, 865632948, 1895330088, 1979731860, 1410874260, 1948803141, 1909021556, 1432141836, 35403523, 1996909642, 28497218, 1842728629, 1862710424, 1890530891, 1968053454, 1992698886, 1958429058, 1958430933, 1958429133, 1941742260, 1958430831, 1956525809, 1990708264, 1835517091, 28724351, 1988532821, 36024442, 31545822, 29774171, 440207933, 1391477429, 1443838552, 1828026086, 1963213974, 1927777260, 1921150691, 1907439686, 1927693793, 1953873776, 1315718569, 1383279929, 1500157594, 1426285166, 1939457329, 1496828617, 1982763983, 28427775, 1325711261, 1969039800, 30612793, 1983456716, 1972018590, 27955654, 1482867143, 1977886211, 1933915376, 1973166377, 28723886, 1971912772, 1965890511, 1336856864, 1438865460, 1922374770, 208902, 1950839974, 449254451, 1824045033, 1940334604, 85571, 417908611, 402070928, 1859038452, 1820129657, 17112299, 554241732, 1861175954, 1933849205, 1912959921, 1953828422, 1952560118, 1936399142, 1939898238, 1817576399, 1437636100, 1942604500, 1930790961, 1473806154, 1805088448, 1808831742, 1445556953, 1913883304, 518682659, 1492584510, 1949052976, 26305549, 518686034, 1947775642, 1903876057, 1906301231, 491294233, 1944798036, 1466045891, 1811941177, 63574, 1456286877, 1846489646, 1382985712, 1945338105, 1878870853, 1925452719, 1440570723, 1939949595, 527487535, 1813786796, 26111937, 1470086356, 562594322, 489770143, 1899079967, 28427771, 483671599, 1942366869, 1298130745, 1441353003, 1935916567, 526081111, 1389090775, 1407424616, 1862309034, 1803629897, 1422505577, 1465310744, 1499045875, 1919112094, 1844690525, 1844312635, 1840198276, 1911907981, 1404906595, 1449678888, 1844448537, 1407423908, 1837557715, 1841002409, 1836086852, 1832381575, 1890733342, 1832951138, 1888622459, 1828496839, 1307463441, 1935996862, 31877074, 1365898499, 1922888354, 31654343, 1459935719, 1868943615, 1867217766, 394987, 1928419759, 1824025894, 462769331, 1463165983, 405599470, 368173, 1436709403, 1299550532, 1927402478, 463840738, 479979029, 1429392677, 1500569811, 1836033745, 1920025919, 1924578028, 1441758494, 1815105886, 1807537867, 28411642, 1843720688, 1498076242, 1467444619, 1486264538, 1460706496, 31477110, 1869248652, 1852665376, 1851652156, 1453108203, 25731431, 465920905, 108134, 1451762098, 1454723856, 1849998058, 1807799505, 1497588709, 1855739286, 1456890009, 1330348068, 1907766514, 441491828, 25727803, 208891, 4875084, 488249475, 465921195, 1811408619, 1383972145, 1887917182, 1394177010, 1844449888, 548885986, 1454670699, 493735012, 1397674264, 1827600686, 1403318151, 1887139866]"
