8871342768,会计狗结账专用,做工资社保个税在听，出库在听，结转成本在听，整理凭证附件在听，开车去公司报账的路上还在听,"['说唱', '粤语', '工作', '工作']","[309276, 1317457805, 1368753797, 1368754688, 1807799505, 1959667345, 1896117715, 2103022928, 555984413, 280761, 514055051, 2088492993, 1891432078, 354593, 191528, 2102012051, 1929370102, 1303289043, 1934200996, 1391252896, 1301575841, 26353080, 451703096, 2100329027, 464015510, 1983456716, 1807891673, 1950528144, 217501, 1897927038, 2043112316]"
8821573171,刷题|敲代码|非纯音乐|非中文,轻音乐太容易瞌睡，中文歌太容易带入。选了一些带点节奏又不是太嗨的曲子。^ ^,"['欧美', '学习', '工作', '工作']","[473817398, 1840198275, 1986510161, 1306648317, 1374155242, 1958557540, 35739155, 2002980399, 1891585288, 2061890822, 2054353432, 1979382551, 1815725297, 1956990495, 1818983562, 1483294025, 2007217608, 2057318547, 1313584359, 1894263987, 1957982732, 4067093, 27572314, 38014944]"
8742903875,【用于上班补充能量】,"耳机是我通往小世界的通道
是我的情绪稳定器","['工作', '学习', '工作']","[1968032170, 1433338551, 26154890, 420513158, 79938, 26524701, 419596017, 16489796, 16232634, 19184795, 1325898350, 463840738, 1344353923, 2072461068, 1920863738, 1470156423, 1379045246, 1809108646, 426850419, 17706535, 1967353692, 1436129097, 28256115, 25657526, 1807794, 1817576399, 1904974412, 862439633, 1343458292, 28242502, 536622304, 1407919322, 19192352, 1421597900, 30953009, 2045124188, 1848186859, 33071205, 2047424713, 2040871555, 1455851458, 1965832002, 4894781, 1406665350, 2065572874, 2772113, 26222416, 863046037, 1413539755, 1867471190, 28208212, 1894628512, 36199826, 1482967900, 29133007, 29133024, 29133006, 29133008, 543520416]"
8726817703,何以解忧？唯有音乐 不可辜负,最难熬的就是一张白纸，变成一本书的过程,"['工作', '放松', '浪漫', '工作']","[507585218, 409931573, 1909563226, 29966565, 1871035439, 472045959, 1300528275, 1843319489, 409374302, 19885534, 423228325, 1384450197, 1297498908, 466817872, 28476557, 30051135, 2772113, 519367019, 29561077, 17112299, 27836503, 437909145, 3795680, 439037024, 512640293, 1957926942, 418602088, 2870985, 1826923389, 25704014, 467952465, 1903867223, 1313014216, 1915796767, 406407033, 28329963, 1942576027, 1859907075, 1391234038, 1907712555, 1461579206, 29803676, 1340890767, 27218979, 1364333108, 24197361, 502602283, 1369828361, 1902687013, 29803675, 1824513851, 25657526]"
2037756698,一个双鱼座的听歌列表,不会说很好听的话，我说喜欢你就是真的很喜欢你，非常喜欢你；说爱你就是喜欢到没有办法，所以上升层面；说永远陪着你，说永远偏爱你，就是无论怎么样，你随时可以找到我，随时可以联系我，我永远对你敞开怀抱。你要相信我，我从来不骗你。,"['工作', '怀旧', '翻唱', '工作']","[2003324060, 518725853, 1456890009, 5308028, 569212211, 436487388, 1844385599, 1439363146, 1374527538, 1436910205, 1426731592, 1426451828, 1400259397, 1354629987, 1429363572, 1418457693, 1411358329, 1410416506, 1407551413, 1402868762, 1405319676, 420125810, 1403250178, 502043537, 1398295408, 1398654758, 1400050991, 1392971370, 1378491298, 1363948882, 1348568908, 1385336748, 1365898499, 1293886117, 1369998604, 1374061036, 497463179, 1383927243, 1370047789, 1359672637, 1375962663, 1374483648, 1377007223, 435289325, 1369903412, 1353194608, 561307164, 4940920, 1308818967, 386175, 424060342, 26830207, 760533, 33911781, 536622304, 1366957080, 1367867672, 1336856777, 1365221826, 473740093, 36271318, 28461702, 587778, 740558, 29785409, 30496836, 1361195373, 1357999894, 1356499052, 571338083, 1346093140, 470057375, 1315718569, 1329909683, 1307987861, 1346104327, 297748, 434070103, 569214247, 30431364, 478006478, 551816010, 25642125, 1318235595, 210042, 569213220, 556158335, 32835565, 360311, 29375071, 28864697, 1294910785, 1294889112, 28661853, 509574399, 29848154, 478303470, 570334069, 25729074, 27582622, 494862146, 28481103, 490602750, 276904, 492330408, 454698657, 29562333, 496869422, 476659144, 543987400, 555894912, 555895808, 186513, 420400344, 553812204, 550138197, 518167926, 553543014, 436668107, 41634014, 254548, 541687281, 507014930, 450748738, 480635631, 29578009, 404465600, 544247523, 191248, 385965, 191252, 97357, 31134193, 487206688, 532940296, 492151019, 29723041, 189987, 518894283, 27713963, 39956006, 174082, 28403111, 441618579, 31721606, 31445772, 429450375, 340396, 421148956, 421148955, 33071053, 308006, 412902689, 27955658, 411921840, 40249713, 399354289, 405485737, 33241356, 36024442, 27846862, 402070928, 25718007, 400875269, 28892385, 363166, 28285910, 525241230, 133998, 27759600, 486111543, 29966565, 1614692, 468517654, 65538, 29095462, 436698064, 209326, 445665094, 29759733, 30635706, 466794339, 247172, 452986458, 191232, 27955653, 480580003, 509098837, 450853439, 30814948, 5307435, 442314594, 432509483, 433018990, 448749148, 28613576, 2001320, 147030, 470547659, 509612976, 35678875, 405599470, 94639, 411988502, 453672552, 461899833, 461347998, 489302317, 477308443, 35528482, 423228325, 504646547, 507532084, 38576323, 247177, 401723037, 415792881, 64634, 35476049, 467138867, 460043710, 460043704, 2866921, 27890306, 444323540, 27955654, 451703096, 460578140, 306927, 503020019, 227724, 471385043, 472219602, 40147555, 465920905, 451169473, 35625824, 421423806, 417859631, 306920, 16494066, 33735727, 255858, 108406, 30841076, 40147562, 25713024, 40147557, 344418, 287719, 33166666, 28830412, 169185, 29431066, 28784280, 16426514, 28784206, 287565, 29764563, 355992, 29710981, 287035, 33418570, 167975, 31654343, 28639182, 32192436, 27808044, 27694145, 27694142, 27906549, 70447, 167921, 108251, 108242, 37196629, 29814898, 108493, 108138, 25727803, 108914, 108245, 108931, 108485, 108418, 108134, 108468, 108269, 29850685, 40147554, 108886, 108795, 40147556, 108248, 247579, 108543, 108254, 108910, 108463, 108263, 29848657, 25794009, 108265, 108503, 108950, 40147559, 108958, 108965, 108827, 108983, 108401, 40147568]"
6811161707,提高工作、学习效率纯音乐,书海那么大，带你去看看。,"['学习', '工作', '安静', '工作']",[]
8145989877,专心|享受躺不平卷不动的45度人生,"“人若无名，专心练剑。”
不要被外界的环境所困扰，卷又卷不动，躺又躺不平。
让我们享受自己的步调，喜欢就躺下，蓄力再出发。","['学习', '工作', '安静', '工作']","[22717915, 715960, 1299550798, 541928, 29401276, 2061452, 1351182678, 537948037, 554974969, 29713218, 723174, 492228208, 27471615, 5276811, 515278, 28912653, 692903, 4990618, 434871406, 462375065, 777948, 29241084, 27514069, 427606780, 535056564, 1873575452, 149309, 480353, 20110049, 857896, 1484312167, 1811909303, 1894202708, 1816837864, 1816837831, 545893960, 1979375299, 29137868, 29137871, 1994491211]"
2643297954,彭酱酱的学习歌单,"We'll never know our full potential unless we push ourselves to find it.
(不完全是酱酱视频里的，还有一部分自己喜欢哒）","['学习', '工作', '工作']","[1387581250, 1411973459, 1395308293, 1316563427, 28068737, 1395406677, 1383131802, 864489688, 1402448749, 1407913189, 1414280210, 4341314, 1356131126, 1416661692, 632681, 424496519, 1388791055, 1315367060, 1403435714, 33004502, 515579267, 1406754600, 441116522, 1375262656, 460298209, 548890341, 479422044, 1300693436, 31546415, 36390008, 444312, 5307982, 28391219, 28557036, 1371702151, 1315698167, 431610014, 447280882, 542679120, 5053139, 28709312, 523041055, 1361348080, 479223621, 1313102152, 479223413, 37856703, 1307218766, 38358269, 38358261, 38358270, 38358271, 38358277, 33887620, 756701, 441116287, 1311347592, 26830207, 625096, 28190035, 28190044, 26120145, 27770122, 36871044, 1306246770, 445153959, 31352391, 37092042, 26133844, 22641296, 401250434, 5399729, 22642023, 431080569, 519597959, 437856103, 34383213, 16501053, 21253966, 1300019038, 549800783, 5053121, 17177370, 37240629, 461347998, 410629435, 574963920, 519250358, 537407214, 511975029, 511975028, 461124894, 526464802, 484730696, 534263706, 1300144116, 36095160, 544247584]"
7113077018,治愈之旅｜感受温柔の轻音减压剂,过分的善良有时候也是一种傻，记住要把你的善良，留给那些懂得感恩的人,"['轻音乐', '学习', '工作', '工作']","[1463366813, 1811895987, 1319520140, 1814473634, 1368805078, 410181618, 1481975233, 1426087185, 1816258891, 1878868565, 429459844, 1345821920, 559227860, 32743519, 32743520, 520126220, 1452859427, 1489612821, 1497045325, 535612106, 527354000, 537223435, 456310390, 1816625764, 1315931316, 1336045475, 1333365172, 1338923417, 485327917, 1447721226, 1472580326, 1305363586, 477310237, 563534789, 1463080011, 1380369199, 1447113980, 412319416, 523902194, 1427725543, 1362391375, 1381472073, 1359613968, 40257799, 563762640, 476625725, 1403918626, 561876887, 1439323610, 557850882, 492228208, 492390949, 443242, 443794, 539428072, 487089933, 487093203, 434871406, 485663643, 475584898, 410042763, 413829862, 862912342, 535056564, 1352004027, 428391474, 1294799290, 26450084, 26450093, 427606780, 490687121, 22822471, 485700923, 421934070, 486862719, 444323317, 492926375, 1387099648, 1869509240, 1482169063, 753613, 33343694, 26116130, 22822558, 560147, 863547374, 541432715, 467744316, 1430448564, 1411402304, 28457502, 1377531003, 1466715077, 1818352568, 1397717447, 1824990660, 535586854, 1812281737, 1472314140, 1449808251, 414826603, 1413374282, 1445342841, 1380556360, 498083657, 22712191, 1482971119, 1348896822, 699917, 28273863, 477982, 1430641133, 1499250652, 1399869906, 1377053293, 1426851706, 1447865675, 1464287189, 1841442308, 28445796, 4010201, 4010229, 473742686, 1420218751, 1483741960, 1840665156, 1880562045, 1852652566, 1842969800, 4064273, 1879640641, 1821918089, 1865473555, 1874162147, 1818742049, 28606297, 26116122, 578090, 541853, 26402040, 1462458705, 1846272603, 5039983, 1812055066, 1317736524, 1317734545, 1838802216, 1818353446, 1378992061, 1450756163, 1454456596, 1466857881, 1473666998, 536229, 1430751658, 1472276783, 29137869, 29137871, 785902, 1415933854, 1387399326, 1429145740, 28411782, 1448989137, 1331298987, 1823692313, 1390414631, 468800, 1444337119, 1431020057, 410042366, 1445245872, 1402860124, 546167846, 1383450024, 1351183637, 1364400123, 1439960468, 1420770733, 1341188304, 155850, 1323150930, 1295989412, 1394816623, 523660700, 1428351192, 461074907, 34892908, 488869780, 479494742, 864634875, 1355079681, 1403180384, 1350852898, 1428343758, 1384806487]"
123127094,高效率学习，专注做事 白噪音,自然之声，韵律之美，与之配合便是享受,"['工作', '学习', '安静', '工作']","[1220787, 1220792, 5023415, 1220809, 1218123, 1220813, 1220817, 1220822, 1220827, 5023706, 1220832, 1220993, 1218139, 5023712, 5023037, 5022838, 1221117, 5023652, 5023039, 1220798, 5023041, 1217372, 19696770, 5022837, 5023043, 5023045, 1220480, 5023046, 5023551, 5022589, 5023047, 5023049, 5023655, 5022839, 1217802, 1217797, 1217242, 1217809, 5022573, 5022674, 1217186, 1218092, 1218774, 1218127, 1217375, 1217679, 1220467, 1221249, 1218717, 1218119]"
2790627607,抖腿式工作歌单,【持更】埋头工作的时候总是需要点什么的对吧？有点音乐才能更好的工作呀~,"['工作', '工作']","[2047107119, 1953880612, 2045394051, 1311946524, 2046817470, 1962060311, 1989385007, 2046817456, 2046817458, 2042332674, 1982958766, 665679, 1927417365, 1817847129, 556013747, 1983534049, 1927417396, 523003357, 1379486285, 1957280576, 1482942052, 27511866, 1482942050, 1302132048, 1302132049, 30870522, 1939564369, 30612793, 1375735575, 1473832380, 1396151812, 1376142151, 1937129862, 1434660648, 1370255366, 1903317419, 1927421969, 1840238019, 1818031620, 1914658979, 1864041413, 1843491754, 1407561335, 1824599691, 1332271930, 1371378988, 34690265, 16629199, 1420093101, 415090065, 1907191841, 1903348570, 1905089008, 1831860992, 1903359171, 1384569705, 1386380978, 1394101408, 1329970151, 1848078536, 68369, 1404798055, 1438519295, 1407590324, 1813842811, 1474732701, 434022469, 416384874, 1466857770, 550138159, 1329903950, 33668455, 506196018, 435004020, 480908857, 458697636, 549635991, 434871459, 30967261, 1380312317, 1318297261, 1319690050, 1367396802, 1465162316, 1475022177, 1387826010, 1478241504, 30512373, 408055868, 1364430653, 1439184760, 1818266618, 438981337, 1858811233, 1858811971, 1858811970, 1858811230, 1858811967, 459555084, 20515939, 417250587, 26145725, 1854100758, 34144942, 34144940, 537470060, 563733742, 1410719741, 462027509, 462026801, 1844442265, 1295681643, 1335221340, 1467826226, 428203132, 416700932, 1467971543, 1478568147, 1386103564, 1442878107, 1470129067, 1498547336, 1345144527, 1805345687, 1805345685, 1409344113, 1805346675, 1811118559, 1347073304, 512699492, 433018960, 1336855544, 551564027, 1361002902, 1361005101, 1385635534, 447925381, 1343238736, 1462392169, 26404065, 2919998, 1365929645, 864937653, 1437228010, 1433786440, 1419873257, 505474379, 1392729442, 1401497267, 1334295095, 469735763, 1403215687, 725692, 441491828, 30569115, 2529472, 22835427, 447303772, 404184551, 27556211, 1448284210, 29753435, 1366216050, 1418501017, 1435996669, 1435998275, 405597568, 544394013, 1294481650, 512499330, 1425818683, 1417553495, 1371939273, 1401790402, 1411991905, 407759301, 34179222, 34179221, 556207084, 409374302, 457761477, 19945735, 1373168742, 1348587670, 29129923, 5348853, 500410198, 1355147933, 1374217593, 1300885831, 1348588599, 28923579, 37653063, 39224884, 1321385655, 31384913, 548890997, 31384908, 36841019, 1365384206, 414979799, 1326027044, 516358747, 29011143, 556203085, 5104418, 4278394, 4132379, 28652948, 28465000, 139774, 16483438, 544606870, 35416354, 41670433, 1309127267, 408845104, 409649071, 545453168, 155847, 28832379, 16644119, 22457502, 477839325, 458496158, 2419169, 1338543588, 492833245, 505688656, 471754946, 4072328, 31654455, 416552509, 441491080, 407459600, 476598254, 29401226, 28949390, 481873445, 29789838, 466257461, 1345018, 524272601, 1343146025, 467953667, 472137188, 471411253, 4172700, 36668810, 3950792, 20515834, 28308080, 494865824, 418602088, 1297498908, 27969800, 33255974, 30621332, 19542337, 29009655, 422132112, 30967975, 41636233, 28464997, 438981332, 574929790, 431695342, 1989355, 540287674, 538319929, 433107392, 1335812802, 529814536, 515472555, 529834484, 34723926, 1300926459, 481866618, 21965206, 422132115, 31010566, 1340444711, 571701843, 516519922]"
8495700955,轻音乐 | 世间的美好，都在无声的音乐里,喜欢音乐的美妙声音，喜欢纯音乐，歌声跳动的音符从音响里飞升起来流泄在屋内各角落，发出低微清幽的节奏声响，像在诉说深藏已久的秘密心事。,"['轻音乐', '工作', '治愈', '工作']","[39227633, 28828078, 1969841316, 476625725, 421934070, 503426999, 1413460561, 482823, 519870772, 1297742167, 523863496, 434902428, 1413374282, 760058, 520849195, 1433584979, 1364400123, 2061452, 5307932, 32717172, 480353, 453843751, 28912659, 3932159, 28957127, 31861269, 1392600538, 494858498, 509720124, 1942310751, 493911]"
462389445,工作学习』悦耳不夺目| 纯音 | 后摇 | 数摇,"请随机播放，请随机播放，请随机播放！收集工作学习用的好听但不会太吸引注意力的音乐，令我听走神的歌可能会被删掉。(. ❛ ᴗ ❛.)

有助于长时间工作，排除外界干扰集中注意力思考进入心流。基本上都是纯音乐，多是后摇和数学摇滚，部分古典，其他风格是为了保持不听腻或偶尔出来一首亮耳的音乐帮助提神。

更新记录：
2021/04/25 给歌单增加了数摇这个类目，优化了歌单名称和介绍
2019/01/26 以后有意思的更新我就丢评论里了，单子风格就这样基本不会变了。
2018/12/05 我竟然收了一首齐柏林的摇滚进来，抖腿应该不耽误工作吧？
2018/06 这段时间新增的曲子应该挺平均的，轻音乐，古典，后摇都有，与之前不一样的是混进了一两首jazz-hihop吧。
2018/2/24 明确了专辑调性，要积极向上，使人保持工作状态，可以压抑凄美但不能消极黑暗，会逐步剔除歌单中不符合性质的后摇曲子。
2017/12 这几天好像忽然多了几个收藏，更新一些切题的后摇。今天收藏的这首near the shore，歌词翻译很有意思，我还关注了翻译者，忙里偷闲可以看看。
2017/08 陆续添加一批适合作为工作BGM的Jazz-Hiphop风格音乐，大部分也还是纯音乐，会有一些有环境音效和伴奏人声。
2017/08 加了一首好玩的秦腔布鲁斯哈哈哈哈
2017/06 删除了一批质量不高的歌曲
2017/02 为防止风格过于雷同而听腻，持续添加了多首其他风格的歌曲","['学习', '工作', '放松', '工作']","[1942729022, 1817702891, 20559723, 491342532, 501006537, 1480070237, 541359157, 1942729017, 41500956, 1871983172, 1812453877, 26303743, 28624258, 1295968202, 23938314, 1833853447, 22770460, 1996291631, 1843763497, 347990, 27557106, 1371406817, 21255954, 412175132, 28064267, 484249024, 4299072, 29378193, 28037851, 1439309454, 480768669, 1388485327, 555710950, 1473886611, 790969, 533016727, 26503591, 4193137, 17994702, 522320803, 455886784, 434732883, 718168, 1471504634, 508541958, 1453804830, 1323304403, 1451700517, 455345542, 37820398, 409941608, 1494613, 29719611, 16967712, 473403540, 4385946, 28232250, 4278960, 483200150, 2014321, 26625539, 17673455, 475277385, 1305696930, 35678542, 449649034, 26464075, 16435678, 1324884192, 558759275, 1280305, 866245793, 553915063, 26312641, 479223576, 33279664, 29401583, 2006228, 447073992, 28860050, 20744123, 536154884, 386828, 423997115, 27740974, 482796425, 33410514, 1337297862, 28987060, 33410518, 29150369, 29017229, 17837152, 1211396, 1435338248, 27484589, 476646283, 28524257, 350125, 22366620, 1298660402, 22745879, 26608613, 28587913, 22459460, 561170933, 1984853, 1704824, 28004197, 4903706, 3432151, 405937316, 20064737, 5047807, 35678544, 33517110, 26093064, 4240988, 31861280, 30064172, 4882391, 569361134, 27882856, 410519573, 18291333, 26214697, 32977308, 39224491, 28912656, 29049251, 3204387, 390261, 22807201, 1642632, 492390949, 3546612, 1375805, 533080888, 1206879, 16146887, 29406314, 19278708, 4131221, 29543229, 1696112, 998986, 26243492, 4092426, 2087636, 28344479, 36668625, 465502289, 1309454, 29932732, 1605671, 28425245, 3940959, 718169, 29130979, 1766269, 26189480, 1369986, 22776557, 22664745, 4050309, 718181, 17120802, 27823397, 1367707, 4272046, 21257421, 26085521, 29106885, 16321518, 3917339, 26358122, 29045628, 446509000, 28757168, 27583008, 26224538, 28578155, 1823180, 4125196, 29713215, 26429365, 475547, 1984845, 1624800, 1809108, 31680247, 27137284, 758079, 25954832, 757546, 4111185, 25802605, 3987674, 4398196, 30352472, 4385921, 4128497, 1715939, 377501, 33850436, 20110046, 26915226, 394873, 2703940, 4073955, 19278706, 16465646, 527500486, 31234642, 31861269, 28707142, 27838419, 16321496, 28353029, 3420720, 4217452, 1823232, 29540090, 19257787, 17574567, 4050398, 17265634, 1231742, 4381721, 32069952, 520242144, 22727214, 410925043, 790960, 36621183, 4267430, 385322, 520242139, 350129, 22664764, 22670812, 385386, 350111, 29816799, 26116122, 18291351, 428387376, 591055, 460616, 460613, 460609, 460605, 26214738, 471761894, 454438463, 479422556, 5055335, 528735, 29364487, 28587882, 3577257, 4084037, 5166910, 18251420, 4271397, 16139404, 28466088, 2007110, 29750825, 863897, 4010229, 28977409, 820356, 29449493, 25916546, 857983, 22650708, 500014, 28287113, 28287124, 25860658, 1062627, 603858, 22538947, 22654712, 31514407, 350123, 3204382, 1807751, 860186, 4064279, 5105613, 31673854, 1807649, 849603, 350127, 29392953, 350149, 27708297, 2424840, 29600656, 5046025, 1294322, 1948653, 2591090, 28547731, 17241518, 2112749, 22721289, 5160803, 27646769, 27955721, 29415923, 4346210, 32857600, 2113106, 4299063, 28718818, 3938907, 29814853, 28748599, 1597441, 1019829, 1354190, 28748597, 26363615, 4035377, 3940656, 18313354, 19892244, 4232589, 4232590, 16468498, 16355666, 16666729, 27955712, 16468500, 3231369, 19292102, 28686091, 4049331, 4342015, 27881697, 1017973, 20720357, 22664763, 18408037, 22736340, 17708847, 17708846, 4080169, 28365223, 28768340, 28283506, 29599607, 1309897, 22721300, 16631739, 16631737, 22605980, 4129979, 5085857, 29428266, 28564245, 17117239, 3914386, 4230552, 4297657, 28872207, 4154122, 28226058, 33279660, 1876958, 1702762, 28987630, 28987631, 370225, 22844535, 17120800, 2113152, 3947466, 3435943, 2011067, 1201563, 17670029, 377484, 1955925, 19565548, 394870, 19026750, 27733697, 2527571, 3970562, 4154896, 16355659, 28432551, 17745744, 20753114, 19892237, 776673, 4028333, 16962248, 1621764, 4381710, 3890401, 1242493, 2011549, 17566139, 873013, 28692687, 16962252, 2008490, 4283625, 18053337, 1462975, 1462987, 4371679, 4186943, 16957476, 1309868, 4250281, 1206826, 2006284, 4143134, 18167489, 19574407, 4125183, 28606328, 16846091, 3943674, 1019773, 1806297, 3915678, 17280309, 4378509, 1809117, 17893755, 1170271, 18093333, 2011050, 4314988, 4101724, 4425799, 385343, 4035391, 4314982, 19892251, 27036807, 17122148, 4468066, 17714196, 1337843, 4472948, 26464074, 28072942, 4193245, 26570323, 19892261, 16468505, 3992105, 1992965, 28283508, 28283499, 1354215, 18291340, 3967497, 4304375, 17733566, 18345822, 1452510, 3777748, 3944160, 3947467, 5255576, 4171152, 1463796, 4049375, 385320, 27955717, 27955718, 382169, 18345809, 19565551, 4394416, 16967716, 19760497, 18072373, 4278433, 19278705, 17690713, 19892230, 19278707, 16468497, 4049372, 27882850, 389279, 16139406, 26494404, 26494412, 1715935, 26494399, 26494394, 26494398, 26494397, 26494396, 396824, 26494395, 27682855, 26494393, 26494392, 26494391, 26494390, 26494402, 26494405, 26494406, 26494407, 26494408, 26494409, 26494410, 26494411, 26494413, 26494414, 26494415, 26494416, 26494417, 396807, 396813, 396815, 396820, 396827, 396839, 396809, 27242059, 396833, 27182193, 1051018, 396836, 26494403, 26535236, 396830, 396841, 26535241, 27567111, 21183819, 396811, 27182195, 27567102, 27955714, 4429501, 16957474, 26429184, 4386768, 26152612, 1206834, 718167, 21218354, 16465726, 2011090, 18291335, 4049252, 4283620, 17673458, 16154500, 19574402, 27955711, 1710833, 1809100, 1710831, 21257419, 19281521, 19574403, 1710842, 25731475, 17673447, 17690715, 2056266, 25731474]"
3088207182,适合写作业听的钢琴曲,累不累？有没有觉得有时候太安静会很不舒服，坐不住，没精力工作学习？但有点杂音又很烦？试试我的歌单吧,"['学习', '工作', '放松', '工作']","[16846088, 28941364, 28941365, 139774, 28957127, 36190361, 26303656, 357126, 22712173, 25731432, 534397180, 29774740, 5364950, 404182726, 5382893, 5331044, 586308, 25942063, 18495512, 20744790, 444296, 16462064, 2640613, 20110049, 404460650, 26592946, 1704824, 1221180, 1943186, 4904689, 541131, 442723, 786262, 29816800, 528221, 27514120, 761319, 536057, 5276791, 393685, 26018017, 28221499, 1992360, 28692687, 1645108, 1313980, 17787253, 534781413, 374590, 562460745, 415085696, 342047, 538133423]"
2547965074,写作业必备(学霸刷题)中文安静,努力学习,"['华语', '学习', '工作', '工作']","[483937795, 1413374550, 465921195, 375168, 1363948882, 476659144, 1365898499, 1385238463, 554241732, 494064179, 1349292048, 29979822, 422428548, 572166420, 1319488302, 421563713, 1331977945, 864647456, 1313354324, 557667045, 504835560, 421934255, 566521546, 30814948, 509512457, 32450986, 1318458131, 571338083, 27908229, 202371, 407435011, 30431367, 28111471, 29567191, 516657051, 32192436, 32507038, 29567187, 29567189, 29567193, 202373, 64093, 519250023, 134000, 407450218, 27731174, 27731176, 29710981, 500410106, 526763682, 549309116, 546279760, 490163629, 421563082, 447926067, 208958, 28481103, 513360721, 155984, 202369, 421423808, 557584888, 562594267, 31134197, 547976490, 551816010, 133998, 167975, 29759733, 514761281, 28196001, 524063832, 493784861, 524164335, 64048, 328076, 40257206, 418990139, 64126, 518894283, 426833066, 479598964, 29850531, 441491828, 1316460171, 1293886117, 553755659, 1295945614, 564247897, 573848842, 569214126, 571338279, 518686034, 506092654, 1330348068, 526464293, 483671599, 471385043, 428375722, 208902, 436514312, 28285910, 28949843, 31445554, 38576323, 32957955, 29567192]"
8816823846,码力无穷| 程序员专属歌单| 高效编程背景音,,"['电子', '轻音乐', '工作', '工作']","[19449249, 19760497, 534544510, 489037294, 533119060, 432821875, 17352610, 1309888999, 21971505, 1459360226, 1407534807, 1462267887, 410846035, 29473799, 18057484, 27244644, 16332542, 1854274106, 1737718, 1313258609, 29487279, 21567544, 560343453, 1459996373, 1902083400, 1484539314, 554191511, 17139352, 1435996313, 1311012943, 1892775996, 41644815, 1942366379, 1206262, 1310424089, 498645728, 1967772510, 28721302, 18520327, 1974128248]"
4764827,WESTLIFE : 永远的情歌霸主,没有添加那些曾经冠军的单曲～ 只有每一只懒虫深爱的那些西城式经典情歌！对于深爱西城的懒虫这些歌早已如雷贯耳了！ 天知道我有多爱西城！mp3歌手数量第一就是他们！然后Jesse 和 Taylor，第四是Shayne ward！引以为傲的事情是两次梦到过西城！这个歌单其实早就想弄了！,"['怀旧', '工作', '英伦', '工作']","[20707567, 20707557, 20707441, 20707568, 2081305, 2081004, 2080475, 2081332, 2081145, 2080653, 20707578, 20707439, 20707426, 20707424, 20707414, 20707410, 20707727, 2081017]"
984642137,〖阅读学习记忆〗深度学习α音乐,α音乐是一种灵感音乐，这种音乐的节拍在60～70之间，频率在8～14 赫兹之间、当人一听到这种音乐时，脑内就会产生α脑波，因此α音乐可以将人的脑波调动到α波状态，当脑波处于α波状态，潜意识就会发挥作用。,"['古典', '学习', '工作', '工作']","[760058, 5268335, 5268336, 5268337, 5268338, 5268339, 5268340, 5268341, 5268342, 5268343, 5268344, 5268346, 5268347, 5268348, 5268349, 5268350, 5268351, 5268328, 5268329, 5268330, 5268331, 5268332, 5268333, 5268334, 5265956, 5265957, 5265958, 5265959, 5265960, 5265961, 5265962, 5265963, 5265964, 5265965, 536637, 536639, 536640, 536641, 536642, 536643, 536644, 536714, 536716, 536718, 536720, 536723, 536725, 536734, 536735, 536736, 536738, 536740, 536743, 536746, 536749, 536752, 536755, 536758, 536767, 536769, 536771, 536773, 536776, 536779, 536782, 536785, 536788, 536790, 536793, 536796, 536675, 536676, 536677, 536678, 536679, 536680, 536681, 536682, 536683, 536684, 536685, 536686, 536687, 536688, 536689, 536690, 536691, 536692, 536694, 536696, 536698, 536700, 536702, 536704, 536656, 536657, 536658, 536659, 536660, 536661, 536662, 536663, 536664, 536665, 536666, 536667, 536583, 536584, 536585, 536586, 536588, 536590, 536592, 536594, 536596, 536598, 536600, 536602, 536516, 536519, 536522, 536525, 536528, 536531, 536534, 536537, 536539, 536541, 536543, 536547, 536549, 536551, 536553, 536555, 536557, 536560, 536563, 536566, 536569, 536572, 536575, 535493, 535497, 535503, 535507, 535511, 535515, 535518, 535521, 535525, 535529, 535533, 535537, 535541, 535545, 536669, 536668, 536670, 536671, 536672, 536673, 536674, 29535895, 475521, 1064409, 25942063, 1220509, 1220513, 1220517, 1220521, 1220525, 1220530, 1220535, 1220540, 1220544, 1220550, 1220553, 1220558, 1220277, 1220281, 1220285, 1220290, 1220295, 1220300, 1220303, 1220306, 1220309, 1220312, 1220317, 1217936, 1217941, 1217946, 1217951, 1217954, 1217956, 1217966, 1217974, 1217979, 1217983, 1217741, 1217747, 1217753, 1217759, 1217765, 1217770, 1217773, 1217776, 1217777, 1217672, 1217675, 1217679, 1217684, 1217689, 1217694, 1217699, 1217704, 1217709, 1217713, 1217717, 1217721, 29338602, 29338603, 29338604, 29338605, 29338606, 29338607, 29338608, 29338609, 29338610, 29338611, 29338612, 29338613, 1217186, 1217189, 1217192, 1217205, 1217209, 1217214, 1217221, 1217233, 1217237, 1217242, 1217268, 1217272, 1217276, 1217280, 1217285, 1217290, 1217295, 1217298, 1217301, 1217304, 1217309, 1217314, 1217319, 1217331, 1217334, 1217337, 1217340, 1217344, 1217348, 1217352, 1217356, 1217359, 29192242, 29192243, 29192244, 29192245, 29192246, 29192247, 29192248, 29192249, 29192250, 29192251, 29192252, 412785530, 412785531, 412785533, 412785534, 412785537, 412785538, 412785536, 412785535, 412785532, 412785529, 27682855, 1220787, 1220792, 1220798, 1220803, 1220809, 1220813, 1220817, 1220822, 1220827, 1220832, 2594842, 414706265, 28287132, 20768920, 1698603, 28357886, 26883017, 5058570, 18001009, 1415254, 32696188, 21095279, 17116437, 21684769, 27471609, 29539584, 25842623, 1270455, 25234214, 22006160, 22324239, 2083343, 1779292, 22437684, 22203062, 2776537, 1060333, 1585924, 22341169, 1643537, 1375102, 16882679, 27071079, 26875197, 4450879, 2107134, 2782250, 1075016, 27123841, 29522660, 5206512, 3965304, 22324435, 22559238, 29427715, 3986560, 28224516, 28224470, 22467305, 1296886, 20673718, 16636154, 5171081, 4094085, 1926586, 2005468, 18019540, 1074850, 1429540, 3201739, 5173117, 22555214, 5200745, 31260305, 5058156, 1779136, 25295007, 5165002, 5171030, 1429490, 28936127, 1281879, 27568009, 27866754, 1375795, 1604280, 667142, 27866756, 27834659, 20675189, 1060848, 17622422, 22525291, 5114081, 1648305, 22608850, 1387437, 1282146, 34280347, 29427719, 38771862, 5181005, 29751316, 5276799, 122554, 26026078, 5180736, 26336486, 4199413, 4199419, 17249907, 17249908, 5023037, 5023039, 5023041, 5023043, 5023045, 5023046, 5023047, 5023049, 1690947, 1690949, 1690951, 1690954, 1690957, 1690960, 27599301]"
2504436825,鱼我所欲也|学习必备➊,一个人失败的最大原因，就是对于自己的能力永远不够充分信任，甚至自己认为必将失败无疑。（私信告诉我你们喜欢的歌 可以给你们加进去哦）,"['欧美', '学习', '工作', '工作']","[1942310751, 1912238640, 1911745182, 501061949, 1822281724, 1899459886, 1217186, 5022522, 475521, 2085730, 17737041, 5022518, 1217221, 1395381349, 412785522, 557155854, 28679463, 1385796887, 1217205, 1348688293, 475556, 1218127, 1218119, 5022531, 475508, 5022536, 4064255, 5023444, 5022530, 5023223, 17737043, 4064275, 5022524, 5023440, 5023655, 475552, 4894838, 475541, 27623281, 29535895, 27599285, 28679439, 28679443, 1218058, 473742686, 29137869, 5022526, 412785525, 29137868, 139232, 29137875, 29137874, 29137872, 29137871, 139227, 29137870, 139238, 139221, 139235, 139229, 139224, 29137873, 139241, 28679464, 29535887, 568292843, 5022593, 4064247, 28679440, 1384806487, 139206, 448316625, 17673447, 3204370, 1217192, 1293036, 758079, 4010213, 863802, 1218815, 26212426, 28466088, 1430898876, 5180142, 26518033, 37132779, 26212423, 28561009, 19475694, 22816425, 1196505, 419923, 27534035, 22616280, 2703940, 5022612, 757546, 28253022, 27961162, 16468500, 1219810, 19934757, 407450660, 689636, 26126565, 34324493, 27682855, 1771679, 536639, 17604489, 1064409, 5299102, 32680241, 5164969, 5299097, 20110046, 33207576, 32680243, 26012224, 1294691, 729183, 1294706, 1234572, 760058, 5023442, 707886, 29713218, 463183732, 22776557, 485964248, 28699006, 777948, 1221268, 1369999, 26243492, 1369836, 5023229, 1369848, 1369842, 28692853, 28692711, 28692708, 28692659, 27552967, 1294724, 27740975, 1948653, 28692687, 16139396, 541844, 448065, 25842621, 25842619, 18057484, 874229, 730631, 4010201, 27961151, 27961175, 27961159, 27961158, 27961176, 4010187, 461301537, 26116122, 440556277, 32070221, 17673483, 1064572, 2426304, 622720, 1041855, 17961727, 30051082, 1499531, 28850316, 29020293, 21515271, 19077239, 27598102, 16920886, 1221182, 18614927, 1992463, 1083043, 33162184, 29979529, 1927756, 1645108, 29979592, 3950116, 480353, 18671418, 760037, 410161058, 29724403, 30039520, 32358440, 3951306, 28253999, 28302653, 442300, 785902, 28606052, 578090, 3951150, 1374348, 29774729, 29747816, 444312, 443242, 1091088, 586299, 357126, 20744788, 29047169, 36190361, 28191836, 20110049, 2061452, 1638654, 5101648, 554618922, 1091873, 1236863, 20744782, 729267, 834579, 33584967, 786262, 462177081, 28000677, 406339, 1070924, 4341314, 533455199, 439122515, 451703096, 509728806, 473817398, 401249910, 26199445, 19945726, 16483438, 483156032, 4153366, 515453363, 3986017, 31654455, 29775709, 39224884, 3935139, 29717271, 1620506, 29553031, 2529472, 409931224, 26060065, 472361096, 28188171, 544199008, 557583011, 460043704, 441491080, 494865824, 30953009, 522511677, 480426313, 27646851, 36990266, 1313107065, 1321385655, 461347998, 504017347, 19542337, 1696373, 31010566, 26199446, 27542857, 28263911, 28923579, 436487129, 17996972, 17753288, 21253958, 36668810, 33291435, 1328047738, 17910220, 418602088, 2870985, 21151698, 5051245, 433018842, 451126088, 496869523, 455653437, 21311956, 1311782175, 29732659, 4153632, 27706564, 457761477, 405485737, 504265014, 471411253, 29019232, 402070862, 1345018, 506092035, 28859948, 466122659, 27566922, 28850212, 465920383, 3949444, 27583305, 28830411, 407839677, 440208476, 517411583, 432698441, 38592976, 29747527, 460043372, 415904452, 515269424, 30212890, 21563184, 455500439, 4172700, 4386589, 409647889, 29480187, 2526625, 29307037, 33035611, 2871185, 2918956]"
2390505915,Dior秀场音乐,致敬——迪奥,"['舞曲', '工作', '性感', '工作']","[516819082, 22560811, 25218264, 25218263, 25218262, 1489277219, 1875091911, 1620797, 21041965, 21041956, 21041968, 1950891, 4898719, 4898717, 4898710, 4898709, 4898711, 4898708, 28302670, 1838622925, 1892579977, 1854005734, 3587296, 29423007, 26621260, 553243952, 2536540, 28402345, 1295532937, 4274795, 2124216, 28547954, 1317457488, 1951615, 1951609, 1951630, 20288024, 20287989, 20288300, 20287992, 1950974, 20288308, 27937037, 25218265, 29386257, 20288096, 25218261, 25878399, 25218272, 22560809, 26744947, 1414097, 5101980, 17570481, 1714913, 17298158, 19692774, 4425102, 501558, 17980457, 505828797, 513359369, 513359367, 1716007, 16429072, 2950098, 18811204, 16434089, 28096759, 1294765821, 17829545, 530986833, 1096043, 27555285, 466343434, 27903659, 4898712, 28862746, 27520173, 30212535, 22463100, 17298151, 17298165, 26322485, 26469009, 26469013, 25773443, 26322486, 26469008, 26202231, 24342402, 28738070, 28592966, 405372792, 16332544, 1298546, 32038810, 437802067, 28275592, 28827373, 28279070, 27842252, 21510478, 21510438, 17570531]"
6990062847,不能因为没有掌声就丢掉自信,天气在回暖，往后的日子都充满希望,"['流行', '古风', '工作', '工作']","[1894816087, 1849462549, 1440176366, 1847822672, 1849694789, 1843572449, 1447723495, 1887710271, 1849674035, 1413146224, 1822203899, 1850795807, 1867964889, 1856307135, 1835581019, 1869260489, 1851048378, 1817431690, 25642484, 1847243973, 1843019396, 1446288591, 1447330704, 1840024022, 1498376994, 1858858509, 1831419205, 1806071453, 1454730043, 1846280444, 1430287528, 1849998058, 1416628288, 1843981658, 1452869668, 1434429128, 1844681373, 1850892482, 1835581396, 1451468652, 1444086303, 1844210074, 1844449888, 1475737616, 1440671310, 1822454214, 1417166015, 1824250287, 1843704418, 1808492017, 1441758494, 1381755293, 1330348068, 1827600686, 488249475, 1488077114]"
2102130141,高效学习 专注读书 适合记忆 良好睡眠,"copy了另一个歌单，然后修改了一下。
适合睡眠，休息，专注学习，工作。
如果想学习，工作，从第一首听起；想睡觉，从最后一首听起。","['学习', '夜晚', '工作', '工作']","[1220787, 1220792, 1220809, 1220813, 1220817, 1220822, 1220827, 1220832, 5023037, 5023039, 5023041, 5023043, 5023045, 5023046, 5023047, 5023049, 1217936, 1217954, 5023415, 1221156, 5022593, 1217802, 536668, 536669, 536670, 536671, 536672, 536673, 536674, 536637, 536639, 536640, 536641, 536642, 536643, 536644, 853696, 853708, 853702, 853692, 5270312, 4988618, 415807032, 33955052, 1014555, 28692853, 1014478, 1014498, 1014503, 857896, 17673523]"
4872989520,纯音乐（背单词、刷题、复习专用）,"恭喜你们发现这个宝藏歌单，发现好听的继续收藏♥
加油！致那些奋斗的人
祝你们 成功上岸！！！","['学习', '工作', '治愈', '工作']","[434902428, 1405724382, 1939751157, 1393932768, 1386760527, 468176711, 520849195, 1306448973, 1428542159, 1852796830, 442300, 1873518697, 464863017, 1396138270, 1407113422, 1883072859, 1351183584, 1463366813, 1404314180, 1395381349, 1385784243, 1418698236, 1409301241, 1392600538, 760037, 1393674271, 492390949, 1418938349, 1419005113, 1406160105, 1343149619, 1420491988, 451319227, 471986831, 1366031349, 496774187, 1355079681, 572182643, 537223435, 485856132, 1402860124, 1387421284, 1399286389, 1348896822, 559227860, 501749278, 1370678982, 554308724, 5362099, 499675131, 494858498, 1383949370, 1362391375, 1384246694, 419877515, 538154718, 462177081, 1380556360, 1364001635, 454035505, 509720124, 436668736, 473940855, 28907016, 1320860898, 1351936553, 1378992061, 410715433, 1340801354, 1308678577, 432430709, 1316184355, 477310237, 1302675215, 535056564, 34183386, 4916064, 483053304, 483454599, 453843751, 483204401, 557850882, 1365947786, 447279098, 506650377, 467163300, 1353472861, 498001853, 508722653, 534857070, 557969575, 1341452231, 489079672, 1359613968, 1360162933, 519286594, 864814010, 502802205, 477913, 573795673, 538394140, 563534789, 456310390, 553210322, 528724047, 548206285, 555110156, 521597063, 443291232, 527286376, 535150155, 1348892301, 560184821, 522202385, 477417503, 1362428235, 1362445992, 448596416, 430685732, 434871406, 515384791, 468681567, 410181618, 461074907, 757567, 409649183, 490687121, 410042763, 443242, 4900861, 4899152, 411988490, 441532, 493911, 413829958, 29803287, 413829862, 32717172, 22712173, 786262, 760058, 22636878, 3932159, 35031784, 22688487, 214588, 756162, 2061452, 30245064, 528283, 139774, 509313150, 29544794, 20110049, 31789196, 3935139, 857891, 22822547, 820135, 26635189, 28461163, 3301896, 28912659, 1495050, 5308028, 29047200, 28282572, 27417455, 26125533, 483913436, 439142571, 801840, 26137945, 1638698, 4010720, 22807216, 22814996, 705292, 1614370, 541917180, 5276803, 26196648, 536483, 441705, 41652392, 486735362, 416388365, 422429425, 28075338, 33850506, 28941461, 34532597, 730859, 357230, 4897175, 5330830, 1993714, 4010892, 5307932, 41659469, 27709044, 442760, 478127, 541853, 586299]"
2394097315,赶稿或脑OC时听的音乐,呦，这不是小画家吗，几天不见，稿子还是那么多啊，oc设还没补全啊。,"['工作', '网络歌曲', 'ACG', '工作']","[2101701627, 1971144922, 1961943409, 2070351310, 1343240342, 19945726, 1411899517, 2042559609, 27562522, 2009965933, 1919486276, 2067222265, 2067222280, 1859652717, 2051793162, 1840401436, 2029212574, 1815684465, 1353354266, 2043177987, 2031144242, 1433075058, 1445139782, 2014336709, 1890402858, 1817575839, 2010505451, 1412332844, 439076801, 1873855825, 1803908863, 32358441, 1951993684, 1993081156, 1357197847, 1945307649, 1927809814, 1472480890, 1865098460, 1903373190, 1824020871, 1983534049, 1951912073, 1929823588, 1910911958, 1419346842, 1419247111, 1361005666, 493283625, 1817484985, 1822734863, 1433764764, 1870875796, 1392970320, 1443143736, 1419316016, 1393572124, 1839422622, 1433770370, 1803847364, 1854389872, 1492276419, 1423990087, 1851982133, 1859657405, 1400030209, 1400031186, 1434397305, 1846296250, 425136341, 1445713338, 460793376, 1337794487, 1492276610, 1492275674, 38019092, 1811961337, 498177048, 1378017634, 1842561049, 1825050896, 1818031620, 34690734, 1817410059, 1342362105, 1482166473, 1489254523, 1396181979, 1315619202, 1842951635, 1842817284, 1832392174, 29017078, 441835087, 1444719011, 1408763802, 445703357, 536624390, 531786611, 1806728549, 1404469236, 1489045121, 1488270927, 1421990254, 29298283, 511181532, 433018439, 476638467, 1442466883, 1464074707, 1464074709, 1403858544, 28031119, 29137871, 409004768, 1403774122, 1325898762, 411214221, 526470250, 1357399415, 1355147874, 1430652542, 412178663, 1318284251, 431259256, 31245384, 1385738126, 493646263, 26116341, 464563182, 1356248072, 28432684, 526464318, 1429908253, 1424666775, 407685130, 1414759694, 316686, 1430702721, 462523376, 26608110, 518093113, 324756, 1338149101, 534218278, 1303026318, 1397581185, 1407358755, 1334363758, 478731355, 558945269, 500453180, 1380655803, 495220804, 4878152, 642618, 1341578211, 531603622, 1378491296, 28096461, 1349323525, 180278, 33891982, 28941709, 454224827, 454224836, 454231736, 1330881045, 574924780, 526989692, 408140868, 1355197518, 519265314, 1369798757, 1378624805, 1375985109, 416554193, 28707142, 28875230, 26608077, 413812448, 411322652, 539420, 413961815, 471403212, 431958950, 22699098, 426881812, 435278011, 474739195, 34280077, 22699105, 474409377, 487527164, 565133304, 1359559416, 29463054, 590252, 30251264, 1358035466, 573548637, 28096457, 32944111, 29418294, 865998111, 776923, 28152192, 746252, 549484811, 34200647, 471403216, 471403213, 1335709814, 1341578203, 1294924565, 1294924564, 554245891, 562722740, 501547466, 574920000, 28096448, 1344152614, 863046037, 1317420870, 547971131, 537516884, 539603870, 443860, 22640571, 421885538, 404783051, 665679, 31654690, 480097783, 34228330, 413961906, 480097784, 36783491, 34169865, 454730238, 36103410, 36921382, 403012043, 408140866, 554245892, 26118369, 524152942, 436016476, 424060340, 436016470, 419594624, 36492373, 31654478, 27580740, 421885306, 413834590, 436016471, 435278013, 35447996, 26377619, 505336, 28830007, 29717271, 451701492, 28928723, 480097788, 28283665, 29728121, 446512251, 30064175, 29009655, 33668823, 478507889, 27511129, 1317281642, 418602088, 28587974, 461301515, 31421454, 35307106, 26092806, 28941713, 421160724, 27514091, 26377651, 30251317, 28524464, 35447151, 35447965, 831869, 38592976, 17706562, 22741396, 32451809, 665246, 427419509, 29418291, 409916250, 498349720, 28484894, 809268, 26381906, 461124817, 36492703, 692193, 32317208, 469272730, 1217823, 26383055, 16607987, 449578178, 435005005, 406730499, 33516502, 21233922, 409149543, 27646274, 36019606, 22703777, 730563, 26212264, 3026583, 426291544, 443875380, 28921696, 29771060, 441491080, 34204196, 2310348, 658318, 31421442, 27538415, 440208476, 34179221, 509106775, 28613320, 33233919, 570176754, 435166260, 405253631, 22660279, 440411022, 33937175, 28639182, 488388942, 506092035, 41666353, 35678741, 37653063, 4433364, 471942, 20515867, 28921695, 29418286, 28921684, 435005006, 33599494, 33211676, 506094567, 766287, 28661654, 22654572, 512376195, 512359195, 536622304, 512359198, 26867112, 509313159, 34916607, 544247584, 28629058, 29760006, 30394273, 39224533, 29091334, 27542857, 36496354, 444323376, 532950283, 526291210, 29418292, 435166264, 435278010, 28921691, 551338395, 29436956, 471754250, 445844962, 725692, 579954, 29753702, 32431066, 484058598, 33682747, 28996499, 417833443, 36471473, 513254778, 1423305, 4195300, 33510577, 534190, 27548259, 425828743, 28987626, 36990266, 33987228, 34003686, 404543406, 34923851, 22645196, 17112299, 229070, 19290835, 29307041, 27548257, 25830132, 31185019, 405079779, 32977771, 439915614, 459159104, 25706282, 28828365, 22677433, 501755851, 26243686, 794291, 494642787, 441102544, 483671599, 510213198, 431794621, 28138493, 401250026, 479029205, 420513820, 29043459, 512358200, 28181959, 41654827]"
935392920,房地产开盘常用音乐,音乐是门消费心理学，直接助攻你买买买,"['兴奋', '世界音乐', '工作', '工作']","[32451978, 34749433, 5137277, 29045492, 443875732, 29844298, 17625647, 3796050, 4441146, 27406241, 1620471, 1430197, 31654479, 33471594, 17538867, 27129154, 29460377, 26625301, 29717271, 3935139, 27406244, 31654455]"
2417032438,【献给最专情的你】Sati空间·专注模式,在悠扬的乐声中工作学习，会有意想不到的效率哦！,"['学习', '工作', '安静', '工作']","[1478533525, 1454107485, 1392083819, 19498811, 1359979023, 1333225216, 536239, 5057458, 1366026370, 16625084, 2061448, 5022372, 864341750, 408140417, 1314467532, 39324867, 553360643, 1478535290, 481858438, 26928685, 29192249, 18931080, 1310230888, 4064267, 5083659, 569240071, 22776557, 569240070, 1316386100, 500527199, 28679445, 1389968976, 4453004, 1314467529, 1314467525, 1341401269, 1367325486, 18829966, 1454109181, 995927, 1925224, 1478610902, 1310232855, 29192244, 4079181, 1359071168, 1342680228, 563304321, 5371821, 1366371399, 1716630, 1316382545, 16426484, 1389969394, 1480548296, 27181338, 1478612035, 1319676178, 1302186848, 1478611255, 1321803069, 1392084470, 18671432, 27556131, 4064247, 1343455086, 1346105026, 1345133099, 1221531, 36226134, 1142414, 412902212, 36226356, 20768281, 3890826, 1309176776, 3420913, 1316382544, 28679455, 29544059, 16964821, 37132779, 569240069, 5043480, 470601519, 28661570, 1316386099, 2000442, 1319613890, 18057492, 1591417, 1480544726, 2754418, 567413901, 1320542092, 1475283883, 567613242, 3918273, 1332751179, 5047636, 1314468488, 28373024, 22501081, 1480544727, 17889050, 993193, 28757168, 22452886, 5193846, 22222419]"
4929848514,Lofi / Chill Beats | 漫步轻松的美妙旋律,"幻音乐 惬意时光电台 Chillhop / Jazzhop风格，学习, 工作和放松，背景音乐，浪漫音乐","['学习', '工作', '散步', '工作']","[1419720705, 1300712094, 1300347339, 1438151755, 1393415789, 1414892356, 1299940620, 1375380067, 1353272549, 1439274080, 1434518153, 1419179132, 1397507301, 1432317173, 1407514602, 1392753754, 1428286183, 1424317438, 1398068978, 1382918198, 1387659072, 1434225653, 27699888, 28676723, 1385511578, 1428147152, 523045113, 1431999473, 28128755, 1379444544, 1395735463, 1386268972, 1372913182, 1386278453, 1423536725, 1434517965, 1379444541, 1369768743, 1421433533, 1406599834, 1309395519, 1302315938, 1410494554, 1300208956, 1396005469, 1377558349, 1319709808, 1302330997, 1365833642, 1401176407, 1422634139, 1338346327, 1333344985, 1362667463, 1336864484, 1421158678, 1415233543, 1425981161, 1390578518, 1323988420, 1295620470, 1362107619, 1362101936, 1383131853, 1381564500, 1346055862, 1334574571, 1344290083, 1365354777, 1344431988, 1400180950, 863086710, 529391555, 1305097941, 1301918591, 1419321325, 1298186600, 1300144949, 1428423021, 1432010714, 863181190, 1325324591, 1316292999, 1300192124, 1421423278, 1321897260, 1305823343, 1305833534, 27680854, 1363862315, 528273042, 865206415, 1388695785, 1300153083, 37169117, 1300451672, 555991162, 1305955571, 1420095584, 516205569]"
2723420627,【学习/工作】适合凝神专注的古典音乐,"写东西、学习、工作的时候，我真的真的真的很容易走神。

这些曲子能让我平静凝神，但节奏又不会过于舒缓安静。

由于个人过于挑剔，目前还没有加入太多曲子，会慢慢更新的，今年的学习之路还很长。

我不懂音乐分类，是凭感觉瞎来的，应该还都算古典乐的广义范畴叭。","['古典', '学习', '工作', '工作']","[22591058, 5168414, 542722245, 22578125, 26633834, 25042956, 26633836, 5168415, 27708290, 27471628, 31260307, 5200745, 554926447, 1501606, 997889, 27471609, 28357886]"
2564226280,DDR东德-民主德国歌曲精选,"圆规锤头与黑红金的交织，
是马克思的子孙多少年来的梦想。

金色天空下飘扬的蓝旗，
回荡着象征友谊与和平的歌曲，

斯巴达克斯同盟的火炬，
将由“五四”的火苗们传递下去

为了和平与社会主义
自由德国青年，建设！","['欧美', '民谣', '工作', '工作']","[1434824940, 1923220203, 1923220204, 1804292094, 515455606, 565053360, 1316552214, 528038757, 528038756, 1316550523, 528038760, 505678463, 570281860, 553541061, 1897614061, 1299504444, 570281854, 528038765, 560083303, 560082922, 1804289352, 1490189788, 554117735, 528038766, 1490189787, 1804289353, 1897062200, 1804292090, 1434824937, 553875152, 528038768, 1387355883, 554174671, 569450539, 1897062114, 572328437, 1316552215, 528038761, 1299501939, 1299501945, 1299501937, 1299504438, 1299504439, 528038763, 1299504443, 1299501956, 1894133785, 1309862620, 554174670, 1804292100, 562229047, 1804292083, 1804289345, 1804292096, 1434825030, 1804292087, 1316550525, 1804289350, 1302168154, 570279976, 1434824934, 573031338, 559978690, 511900946, 1387355884, 1804292095, 1804292101, 1804292082, 1804289348, 1804292085, 1804292098, 1804289351, 1429975787, 1299443913, 1299443912, 1299445528, 1442433131, 1354986157, 864241153, 1299466981, 1299465928, 553908100, 1434876444, 1312522080, 1495167413, 565900442, 570121276, 554174672, 483177127, 529414569, 1352520156, 1310624043, 1354162643, 1309862618, 1403703040, 511921418, 553541057, 553875142, 572328434, 1354070844, 1302024041, 572332042, 571890103, 545221341, 560082815, 479600641, 554117877, 554117880, 554174681, 502844323, 410875280, 479315167, 569450536, 554174680, 572328440, 572332044, 479600637, 560082917, 572332038, 572328435, 572328445, 572332039, 528038767, 553875151, 553875158, 553541065, 553541070, 558743677, 554174668, 554174679, 554117725, 554117728, 554117732, 554117733, 554117734, 554117737, 554117738, 554117723, 554117731, 512099133, 495961091, 554174685, 554117730, 560082918, 560082914, 1384539, 554117727, 554117729, 554117740, 554117736, 554117726, 1804292088, 554117724, 528038769, 560083305]"
874905455,手帐 考试 学习 工作 轻音乐 摆脱内卷,不管是写作业 是工作 想一个人静一静 在悠闲的下午喝杯咖啡 都能找到令自己放松 宁静下来的那么一首曲子 有很多冷门却好听的歌 希望大家喜欢 不定时更新,"['轻音乐', '学习', '工作', '工作']",[]
8762292457,23.09.03 郑州 世纪派对演唱会我们大猪蹄子,简单描述就是 2023.09.03我和我的童年和我的青春在郑州体育馆见面了 我开始发现这个原本只觉得是陪伴我青春的人 才华快要满出来了 一眼惊艳垂直入坑 这里 是记录汪苏泷的故事 （封面是汪汪微博发出来的大合照 有我！）,"['夜晚', '驾车', '工作', '工作']","[26601044, 26600697, 26600707, 26600728, 26600738, 26600879, 26600906, 26601013, 26601022, 26601028, 26600695, 26601243, 26601259, 26601267, 26601281, 26601287, 26601294, 26601302, 26600501, 26599148, 26599388, 26599615, 26599729, 26600618, 26600627, 26600637, 26600646, 26600658, 26600668, 26600678, 26600687, 165343, 165346, 165341, 35345034, 35345035, 35345036, 35345037, 35345038, 34852173, 34532019, 34532020, 475207449, 475207450, 475207451, 475207452, 475207453, 475207454, 475207455, 475207456, 475207457, 475207458, 864639748, 1487059196, 1474157807, 1472340705, 1479243310, 1496585298, 1494507326, 1476476346, 1496587129, 2006629536, 2006629537, 2006629538, 2006629539, 2006630438, 2006629540, 2006630439, 1984475097, 1984474579, 2063469782, 1984475102, 1984475098, 1984474576, 1984474578, 26601251, 1984475100, 26601310, 1954956710, 26601275, 2008763542, 26599249, 165374, 165358, 165382, 400875065, 26600470, 26599577, 26600801, 165378, 35807138, 165385, 27969781, 26600717, 165399, 406346702, 26599398, 26599120, 26600512, 26600491, 26600522, 26600481, 1443666376, 2082079879, 165345, 2024035483, 32619064, 557583281, 425298905, 424474214, 1984475099, 1984474577, 165348, 165376, 1887279084, 28724346, 165383, 165344, 1370886408, 165342, 2006630436, 1984475101, 2048584480, 2043125519, 165340, 553310138, 28606605, 165347, 2056206939, 2061887794, 2045089380, 165367, 1313052971, 1320100071, 165375, 1490306026, 1306507727, 165377, 1297742771, 165373, 1954946867, 165372, 411314185, 2056169786, 165370, 1308818695, 165381, 34852171, 2006630437, 2050390513, 1427664613, 2006630435, 2046990696, 2054190757, 1363550970, 34125026, 2052399114, 1466643383, 165380, 482386133, 1953837282, 32897777, 1954956658, 165339, 165364, 165405, 1368327462, 174944, 28724351, 165379, 2071935674, 426852063, 165361]"
3189730821,热血的歌 | 让生活充满动力吧,这是一个稍微整理了一下的歌单，很适合学习up剪视频当bgm，会很燃很有动力。 也适合在写一些文科时听，励志的节奏让人热血满满。我们都要成为不负众望的人啊。,"['学习', '兴奋', '工作', '工作']","[1339725674, 1936601, 442495638, 29307038, 29009655, 465920383, 31010566, 4386589, 19945726, 456185577, 1309896289, 26199445, 31446780, 19274539, 28188171, 29307037, 506196018, 28923579, 28481189, 19945735, 29803675, 16483438, 26569168, 38592976, 19542337, 4153366, 28892408]"
92853794,【干活专用BGM :3】,Dream on,"['工作', '电子', '学习', '工作']","[1935263712, 1814311787, 4017234, 17449175, 1333144056, 27236946, 1896108091, 1321297488, 16957723, 27770747, 1961415225, 30394495, 464891899, 16483438, 1495845516, 447925185, 1386475157, 400876320, 37653580, 31654479, 1888954804, 1298810, 1496078703, 1859515946, 19153322, 439121233, 19542337, 1297901, 521416693, 534300416, 1372726248, 1377642003, 1318764909, 23027567, 1293913379, 22357755, 1940074694, 1364973839, 28823239, 27804336, 1862605249, 5196506, 29374284, 21965137, 433107530, 28729412, 1359818052, 1939998, 1842927461, 17867241, 31010566, 28224395, 28299536, 541202139, 32337953, 1837448906, 29758296, 2188235, 461347998, 28936363, 27845051, 1312714167, 569725354, 31356499, 430114655, 1297498908, 30854139, 31654464, 28738227, 1304860054, 503350676, 1316562828, 18585467, 1410370185, 316686, 30064175, 1346473067, 1365844416, 1334259177, 29537957, 471565537, 480517594, 29819476, 527842607, 2417029, 543987451, 418602088, 442495638, 506092035, 436487129, 1101994, 1331318875, 28708949, 5172910, 1361336473, 29844491, 26625301, 30064263, 1336969692, 28283137, 32139848, 536623797, 29753575, 1868520, 27625424, 4341314, 28280036, 21312263, 28639182, 31654453, 1235689, 512298117, 41644553, 1155155, 5192767, 18127334, 423118329, 423118313, 29789260, 38358820, 28914923, 26732962, 507796960, 1103726, 29023858, 30512136, 28987657, 22642372, 32046426, 33035611, 4201965, 1926683, 1222515, 410010988, 31191173, 427142146, 29534449, 36308916, 480409496, 2065688, 415593530, 22642247, 410801656, 33471595, 17115765, 20506035, 18095027, 426850216, 30612290, 5052412, 1461521, 4990422, 2061739, 28949412, 3443196, 4152989, 26299630, 1461839, 33729035, 408532376, 28391612, 3932159, 27580071, 18524181, 34341419, 17625646, 1345186, 26624725, 26266376, 26266357, 1102070, 33361772, 1430193, 31460407, 34923639, 29307041, 21253966, 29414118, 17657334, 1101973, 28830411, 29379952, 5048996, 2539194, 34880347, 32341324, 27946894, 1428101, 16775914, 26199445, 26624714, 5086081, 29717271, 25727230, 26423116, 1425928, 33051312, 5097737, 1430204, 2070202, 1224671, 2540621, 17684567, 27406243, 17625647, 1868480, 19558030, 27902187, 1461836, 19067286, 33051313, 28461167, 999433, 1345018, 28377273, 1461587, 2070502, 31654455, 989296, 27903692, 4377677, 26590044, 19554987, 27969824, 4377969, 26590009, 26844402, 30854352, 5050626, 16621540, 21702048, 386844, 31341931, 1103739, 2771984, 26468286, 29947420, 381825, 29734857, 27406245, 2313935, 27570005, 21312234, 28949242, 4132379, 1620478, 1620506, 5039986, 25881515, 17562882, 16642238, 4423001, 4209157, 386830, 1430197, 4151769, 3950546, 3928108, 21311956, 24779285, 27570010, 26605072, 24051356, 18524172, 1427930, 19554998, 5051245, 5051246, 1297941, 1943189, 28138617, 5101919, 1620463, 32526653, 381962, 1696336, 21312101, 19564883, 19192338, 3985869, 16472489, 3935139, 27129154, 4054121, 20050700, 29460377, 19558020, 1303708, 1620471, 27406241, 27406244]"
8739638629,金主撒嘛，再宽限一天吧！！！,只求金主大人有大量,"['工作', '学习', '快乐', '工作']","[38689090, 525239512, 1919134611, 2027199739, 1497588709, 825343, 28018264, 1960852861, 2029479894, 449578101, 32431728, 1984543951, 1830448879, 525238579, 449577113, 1386460251, 1953144722, 722932, 1399335349, 512358200, 512359195, 1992342670, 1980986120, 1402846442, 1956534872, 1334780738, 31421442, 2000552981, 1842766748, 2003496380, 1831899575, 26201899, 30251317, 1972395036, 1398279841, 31649328, 1351236613, 28891491, 545655045]"
6636367598,学习 纯音乐 助早起 保持一天元气,学习累了的话，就来这里休息一下吧,"['轻音乐', '学习', '工作', '工作']","[526413096, 1396170892, 480426470, 509098557, 515796242, 1404691013, 1380556360, 1428348753, 1501797, 2283006, 557584804, 1331298992, 1825216246, 1413571582, 554308724, 785902, 1811007409, 16139397, 422790938, 1480584786, 1882778506, 1864159421, 1419096578, 1407648820, 1812281737, 1861116620, 1441875530, 1428852120, 1476292433, 1438574395, 1483741960, 36897723, 506650377, 1351183481, 1474956928, 1818613179, 1386268055, 1060910, 1481390662, 761323, 578090, 1820510009, 1428038847, 1424992942, 1465424152, 1362391375, 1351182680, 461517747, 461515533, 545965231, 554853197, 1430527005, 1319520140, 1427725543, 545185687, 1424537126, 1489385932, 1813047792, 29137871, 1413374282, 35505031, 1309443665, 1437233087, 5105959, 1341912654, 20110049, 1335796886, 35504049, 477310237, 529688446, 1361694864, 535056564, 1314010312, 1351183584, 494858498, 492390949, 1351183637, 1453907054]"
