8864882984,夢を見ない女の人生は不完全だ。,【主旨是虐恋】梦孔乙己的女人是多么有品机灵，梦孔乙己的女人未来的人生都是康庄大道​。,"['散步', '思念', '散步']","[2058139099, 1899399617, 1902204614, 1855285578, 1294889050, 1447956408, 1887013363, 18228464, 525721542, 3956956, 18449193, 1830665170, 2038191895, 1308081417, 496902058, 401723020, 1336864660, 28391038, 491950112, 1985421283, 1429237296, 2096457647, 1878581455, 1890385695, 1869297173, 1825802960, 240147, 1314353013, 2079467703, 1437274865, 1958557540, 517890065, 1907766514, 1887139866, 1459935719, 1923184888, 27591236, 2014019634, 22663877, 1873049720, 2060020696, 2048783798, 436698448, 1842902461, 1965001241, 1909814194, 1918232382]"
3051760386,【傍晚♡散步】放松舒缓轻音乐精选集,忙乱的生活中，我们总要抽个时间，带上爱的人，吃完晚饭，换上轻便的衣服走出房门，朝着郊区野外前进，在群山的守护下，在月亮的指引下，形体开始消失，自己变成一阵傍晚的风。,"['散步', '安静', '放松', '散步']","[816482, 2048764629, 28287132, 1956462195, 1877526024, 1892795600, 525796229, 28713832, 505997881, 1359731473, 414706265, 480446346, 419877515, 1384026889, 1437160854, 426881504, 418257945, 480443745, 1384778262, 68331, 480449202, 1416729740, 34125820, 1461274867, 408814794, 466880781, 399343759, 1946803091, 520849195, 862202537, 421137559, 1460003986, 864388818, 542476198, 502979466, 444444075, 1933503036, 408280048, 1895314394, 1832389331, 1401353332, 1321401199, 1445152821, 1821787672, 1351182680, 488388700, 1868398801, 1379958635, 1351784375, 1351182980, 28465109, 40257849, 26901123, 1474956928, 1419899776, 578090, 1455294116, 1491639589, 1453907054, 1614692, 573946640, 445867401, 452526756, 17539278, 4096176, 17730137, 16464195, 3030992, 494410758, 1144367, 526413094, 448741213, 34828458, 524148143, 492833245, 1312465, 468403470, 477066774, 1351271340, 28718818, 1313738786, 27484589, 1351183637, 502958223, 424262438, 1385897410, 1614642, 1348896822, 1376557407, 1381627463, 1379215363, 533368975, 22653262, 424264434, 509098557, 520570538, 1793074, 1339470397, 1091289, 1355394867, 22688472, 22688491, 20110049, 541853, 475556, 411921492, 22627404, 18940444, 475072640, 21230185, 41637033, 3597141, 5174680, 477913, 2408312, 18671418, 535056564, 1457681678, 1838084350, 523289109, 1481705135, 574704385, 509720124, 430787621]"
807149044,Flo Rida &(佛罗里达),口哨带来的歌曲,"['欧美', '说唱', '散步', '散步']","[17793698, 3570196, 29535349, 5044239, 27514846, 26658058, 17793612, 31053306, 31234342, 26354183, 447296411, 31010792, 24197782, 1220562, 460043720, 35283447, 22956429, 38014595, 422073926, 423343022, 26589502, 31311940, 5041598, 404724137, 31526513, 28082571, 27901916, 17793686, 407840326, 30854349, 481764160, 33346403, 26365359, 17793578, 17793619, 28778783, 21038479, 31234377, 26836466, 22833479, 34364453, 17793591, 27667074, 476565441, 17793687, 1206724, 26354189, 26835883, 17285327, 26354194]"
8835726626,超好听的英文歌，戴上耳机走在路上你是主角,戴上耳机，你是最靓的。,"['欧美', '散步', '运动', '散步']","[29009655, 32451978, 2084473227, 1862246532, 1943523171, 31081299, 17996972, 442605343, 504265014, 557583842, 1819549824, 5253801, 1434984281, 441491080, 456370693, 27630306, 1460104607, 1892343290, 434974661, 1422256869, 19567986, 1959359877, 1936551517, 1483979868, 1340890767, 406407033, 1814815481, 26342437, 1380022214, 28825847, 27902187, 28977745, 409931224, 30841076, 501133611, 19542337, 26060065, 3406918, 2871217, 2918883, 509726712, 4386589, 29544960, 16963129, 21562960, 21253845, 28476557, 1842927461, 1333160781, 439076364, 39224884, 33291435, 26624703, 1299557938, 40915127, 466817872, 407839677, 2870985, 30830919, 17793698, 473817398, 29561077, 31090820, 506092035, 436487056, 29910080, 2918956, 1383205688, 500410102, 465920383, 1300528275, 1480204501, 515453363, 28649860, 27995584, 21974824, 33111326, 22730416, 4154790, 29803676, 1761818, 1890256410, 19292984, 30070918, 444269135, 460043704, 1491147616, 21253806, 1853809171, 31477895, 32019002, 18638057, 21038748, 401249910, 411314681, 1386002493, 28095742, 485612576, 28923579, 5138277, 4014116, 1405259103, 402070862, 16858400, 17753288, 418602088, 1518938, 1360740756, 32431987, 536513830, 1989845851, 28878559, 1959324681, 1884368783, 1930803949, 31010566, 543987451, 34228719, 1858897067, 1456677611, 1942594143, 4172700, 29019227, 1963132367, 1958557540, 18228464, 25657526, 1329938686, 1859245776, 1376075781, 33051312, 38592976, 1384450197, 1401671455, 27583305, 521416693, 461347998, 1500439504, 1440570723, 1435828582, 1356658022, 30953009, 515454649, 36308236, 1873321491, 1850718535, 1859515946, 1968791360, 1932769322, 1297498908, 451703096, 37653063]"
863946400,【轻柔纯音乐】用于/写作业/助眠/思考/孤独,"给灵魂一个安栖的地方，容我们眺望一下未来
给孤单一个蔓延的地方，容我们享受一下孤身
孤单是能观望到美景的，那是大自然的极端炫目，那是人与人之间绽放的美
我希望对你来说这个歌单就是这样一个地方
忆往昔，峥嵘岁月稠
封面:Recollection—Lightscape

3.13发现歌单中有些节奏感较强的歌曲，因无人指出暂时不做处理，高考后进行的处理将对那些影响人注意力的歌曲放入其它歌单（没错正在攒歌），如果在此之前有人指出将直接移除，所以为了歌单更加满足你的听歌体验如有歌曲不满足助眠、写作业用还请直接私信点明，谢谢配合ヽ(=ˆ･ω･ˆ=)丿","['轻音乐', '散步', '安静', '散步']","[1392600538, 40257852, 29449558, 526464757, 1370771358, 27890741, 16139381, 28391988, 583253, 1610898, 4346235, 29192250, 1398067160, 408280048, 1384026889, 519143962, 535056564, 1348896822, 760058, 29137871, 28699446, 5308028, 28699443, 442319, 28445796, 477982, 1310373595, 1301457045, 1355079681, 572182643, 1406696739, 1381627463, 442300, 493950499, 1366031349, 461074907, 1427725543, 1430232990, 1645108, 31134613, 5267456, 34509509, 405377983, 4916064, 853708, 432792129, 509313150, 28253999, 1423888160, 32717971, 528992287, 34916301, 174517, 1428343758, 558261233, 422790945, 477931, 1406036259, 468176711, 1393932768, 31452414, 1379150012, 30798041, 1395381349, 34834953, 517346741, 4968365, 1418603358, 407450660, 1422215908, 36190361, 492390949, 139774, 32857651, 29544794, 458349449, 490994680, 31789196, 526294901, 501749278, 527354000, 523863496, 467163300, 519286594, 785902, 503426999, 477417503, 422427677, 477948, 436668736, 578064, 857896, 26127161, 1357887419, 5307932, 20110049, 4873814, 30352983]"
8825448663,给全世界最好的你！！！,全世界所有的爱都涌向你。,"['散步', '治愈', '放松', '散步']","[2013823506, 1992441573, 2064407747, 511332133, 1388999487, 1492319441, 1842775732, 2082354126, 1948915741, 1982631819, 1895116778, 1981254538, 480580003, 2055830793, 2082329068, 306855, 1386434061, 1882662117, 1844886646, 286970, 1915874700, 1822995790, 414670068, 2064507907, 1441816042, 1809750830, 1895890277, 1868810493, 1455892225, 2082326624, 2082404349, 1424400870, 1988457333, 2068707604, 2093236174, 2022223732, 2024104852, 2053148049, 1427364711, 2047623646, 27598482, 1372295996, 208940, 1895882266, 2091676435, 401723020, 1456446169, 156736, 193485, 25642111, 25642952, 2005487776, 2089730107, 168452, 2065023484, 1904171332, 1400461497, 1915545616, 1410601030, 543656128, 1469768565, 300058, 1872983470, 1297920398, 21971060, 1362089883, 1401472196, 2031127974, 2062750745, 1894374662, 1903192226, 2040569868, 2009517998, 316226, 523756204, 1429237296, 30431369, 326699, 326705, 326702, 865460131, 33525647, 421563711, 466142956, 1972610117, 1472606824, 1804329295, 1499310652, 1809746616, 1869291547, 1402887724, 297748, 2053973161, 2010505478, 2094057556, 297480, 1810264557, 1437222759, 1329745322, 1372554118, 1497362136, 1883519663, 1345437204, 1367408300, 2009519848, 1872078782, 1914569296, 1817431832, 1417197917, 1857303417, 306615, 1978689912, 454730045, 1479797867, 29283291, 1960762952, 862098481, 495556671, 1403536502, 1978689914, 1857534437, 1295009639, 1978689913, 442867304, 1365914222, 28138079, 1388374111]"
88304859,『适合婚礼的英文歌』Wedding,"Let me know that you need me

我的一生最美好的场景就是遇见你","['欧美', '流行', '散步', '散步']","[1396162013, 401249912, 1345892719, 32465166, 460043703, 419594258, 28727903, 2414984, 5043107, 37653106, 1128286, 27879263, 28884352, 428203132, 1066274, 35845177, 36024907, 26233523, 419485202, 32341393, 4193079, 2786189, 1478661, 2926348, 29723011, 28468152, 28347352, 2530135, 2411634, 16607021, 19724606, 27583305, 16768019, 28493991, 19135189, 2080326, 18941112, 1217530, 26065158, 229090, 22463223, 22064632, 27268032, 29019227, 406072193, 26372969, 28138229, 27984050, 16344220, 16667371, 19081582, 19081573, 19572271, 25657282, 3801865, 27000323, 4152989, 18641444, 2080139, 21116721, 20707440, 28256115, 27810022, 27630396, 26508116, 17753288, 17194024, 16439857, 2781188, 5134067, 18502320, 30413630]"
8817341419,总有一瞬间，发现人间值得,人生总会有起起伏伏，也时而会有奔溃瞬间，但好在我们还有治愈的音乐～,"['散步', '治愈', '放松', '散步']","[1928175113, 1966162185, 28566204, 460112012, 1874972712, 2066758380, 1371939273, 357284, 1415829224, 1844660535, 410801653, 1393616255, 2042915276, 1968791360, 4108623, 27927640, 1491585, 1332424898, 1830473012, 1939949595, 1892562874, 109125, 1500079289, 1304875456, 1474821, 29019227, 28828074, 1867107328, 569200211, 25657376, 1997223350]"
8814862053,笙笙入耳&把好歌分享给自己,好听的歌要留给自己，希望每天都可以爱自己一点,"['流行', '散步', '治愈', '散步']","[2089085648, 2087852441, 1985669837, 2093562354, 2016385110, 518904648, 1397345903, 1851840696, 1397078871, 5235487, 1931994283, 2039322500, 1401060638, 1806939492, 1946892963, 1817576399, 2001865647, 2063718207, 1873855825, 1942576027, 1980856355, 1970633784, 1982909126, 1856722728, 1905586708, 1895314394, 1340890767, 1878812258, 2019972021, 1486106274, 2026565329, 1916370539, 1936154986, 1813960297, 1399335349, 1383205688, 1833391733, 1456890009, 1349292048, 1403318151, 1338490248, 1842817284, 1387581250, 1922888354, 1459232593, 3956956, 1454317928, 1478568147, 1458667025, 1323304363, 1383729792, 488249475, 1397293557, 1313560945, 1441758494, 1934251776, 1374505714, 1827600686, 1385738126, 440208643, 1850706877, 29009655, 1423241987, 1934781268, 865632948, 862741536, 1817629883, 1830718509, 1867107328, 427416520, 1954349372, 38018486, 1484312167, 1435828582, 494858498, 1392600538, 1909414208, 1488990357, 1475637391, 1811408619, 426291544, 1384482575, 1826189041, 1815105886, 1464325108, 480353, 434871406, 535056564, 492390949, 1433584979, 427606780, 468176711, 1384026889, 579954, 496869422, 1818581422, 1854933697, 1898534929, 1915345676, 1823802080, 1942366869, 1955733953, 1406923901, 1954061479, 1953828422, 1335372139, 415786850, 27575590, 1456297312, 4899152, 1498723813, 29803287]"
8783433749,【粵語】一见，鍾情的心動…,"这年纪，风雨都好看，爱恨都浪漫
……
谁终将声震人间，必长久深自缄默。
谁终将点燃闪电，必长久如云漂泊。

♢♢♢♢别再去抱怨身边人善变
多懂一些道理 明一些事理
毕竟人越活越现实

♡♡♡耳机里单曲循环是她的歌
心里所想的也是她","['粤语', '散步', '怀旧', '散步']","[192384, 1323304980, 438411273, 458711299, 243927, 2015055006, 456175654, 1907744839, 27646405, 188225, 28493645, 29723022, 1869515536, 299513, 1406686876, 65199, 298495, 32737465, 27583594, 1376165932, 26902923, 317251, 1906917051, 88490, 64833, 27945092, 68350, 65301, 186453, 33111725, 1919555631, 1849074502, 384129, 67498, 25920721, 28457932, 29017433, 214137, 2067778816, 1893256785, 1970708652, 1922007886, 28111630, 1408867593, 316405, 66285, 299664, 64293, 1455767815, 553795744, 1810013330, 191508, 29129735, 38853722, 453185985, 186904, 29544620, 64625, 66899, 2007350820, 280389, 36569471, 1858399796, 64412, 213357, 65800, 65778, 188550, 306848, 95578, 32683058, 475277350, 190502, 64041, 65952, 1914664865, 406475388, 1956767144, 31284119, 455502262, 66315, 365922, 308035, 1902526243, 189140, 113036, 299981, 300136, 353653, 2015352862, 28453004, 1965085154, 286820, 1916700406, 366024, 235096]"
3786248,经典英文治愈歌,适合闭眼放松,"['治愈', '放松', '散步', '散步']","[1937340367, 2414984, 1942898002, 1491585, 5179543, 3161527, 28381440, 28468152, 1339805651, 1693663, 1336598975, 1311535958, 2700056, 2534006, 28133173, 1872296, 22450237, 425684928, 4388051, 497463179, 28828712, 38358214, 425684933, 3819561, 1968791360, 4102682, 30841780, 460043710, 19168459, 5201807, 19159395, 2533578, 3985412, 986408, 39122745, 18449193, 3023862, 2872271, 437802479, 413077040, 3409042, 19094999, 2175282, 1323832567, 5133987, 3413895, 16607021, 18374823, 25964510, 2001320, 17950509, 32069280, 22841315, 27630183, 1215496, 28692290, 3163120, 28285989, 5253801, 28337723, 28280046, 17091594, 27759600, 410801521, 3986241, 4173190, 2919622, 4336259, 1697653, 28680438, 229070, 2309992, 229090, 16607972, 20707713, 24582324, 21116721, 986444, 16780426, 2308499, 18161816, 498134, 25714147, 1615656, 19724606, 17240029, 5162538, 17950503, 2788529, 2118992, 2130273, 5233642, 17346968, 21971060, 18611656, 5133993, 17079835, 16434206, 27598800, 17110575, 2001325, 22463088, 3405868, 2001331, 16574661, 4969056, 2866559, 18999320, 2309100, 3027388, 2538520, 19395222, 3026556, 515803398, 5133273, 1720010, 744672, 17247237, 27955167, 16443842, 5267820, 1987888, 1325350638, 4330223, 2080139, 2001321, 17579397, 21803482, 2866465, 2054828, 21808841, 4445343, 3988595, 18733268, 18449185, 209421, 18267207, 4025421, 28692519, 30569536, 3026583, 3971680, 2006865, 469249441, 1352962983, 27630180, 428203132, 27914279, 461545003, 17081095, 1791490, 2080326]"
8792901153,世界很大，我想自己看完,世界很大我一个人看不完,"['散步', '散步']","[1396141677, 2104008755, 2100324936, 1304668364, 2065167468, 2053122068, 2032777023, 1873534026, 2061994387, 1880563370, 1338744809, 1960886073, 1968272089, 1409426209, 2002753297, 1371760618, 1977106849, 2024913097, 2025185099, 1933594438, 1941062013, 2041764149, 2049502613, 532601703, 431795577, 2059207928, 2065168318, 2065930376, 1392191075, 1414782721, 1328146041, 1414783972, 2007984952, 1433537265, 61255, 1987851631, 1488990356, 1805919906, 1907506345, 2034881346, 444323757, 456354932, 1367495780]"
8822110748,甜到变成恋爱脑啦！,be是人生常态 happy才是top one,"['散步', '浪漫', '散步']","[2100738020, 1463165960, 2091386305, 2097878596, 2096461808, 1804614734, 1497588709, 2093260138, 1445556953, 2045124188, 1928419759, 1998568947, 1999019262, 1878904634, 2098533780, 2049188134, 1939215517, 2051890435, 1973046704, 2019537535, 1903509018, 2093980140, 2093298773, 2092609468, 2070754846, 2004793500, 2089331629, 2063567749, 2009519825, 2042021764, 1314549485, 2073418737, 1962666623, 1849998058, 2042403498, 2069713612, 503819010, 2080861627, 1942576027, 1877685462, 1981613252, 2023954033, 2004254371, 470293313, 1972428765, 2042918630, 1818031620, 2081323083, 2088616396, 2021434589, 2055267484]"
8899360642,糖水歌 心碎 吃个荷包蛋让心合起来(ᐥᐜᐥ)♡,就像糖水甜道我心巴ෆ╹ .̮ ╹ෆ ჱ̒ ｰ̀֊ｰ́ ),"['浪漫', '治愈', '散步', '散步']","[1957945202, 2022396169, 1844116777, 1305531071, 1486763122, 2098154269, 477251481, 2051460329, 1334818489, 378373, 2074042113, 2096461808, 2093312916, 1344353923, 2098533780, 1480504807, 2035999159, 2038191895, 1833176477]"
5280403606,《时空中的绘旅人原声音乐集》更新神陨纪元,"本张专辑为《时空中的绘旅人》游戏原声音乐集—遗落的血脉。主要收了周年庆版本新世界主线“遗落的血脉""的萌戏原声及活动音乐, 鲁特琴、竖笛、排箫等乐器的独特乐音、富有情感的悠扬旋律、熟愚的主题曲变奏,构成了灵界独特的音乐风格。

《时空中的绘旅人》是一款世界观基于""平行宇宙""概念的剧情恋爱手游,在平行的时空中,玩家会发现原本现实世界中的相似的面孔,在异世界将拥有迥异的性格。在游戏中,玩家可以在平行时空之中穿梭目如,有现实世界温馨的校园日常,领教平行世界里的末日危机,每个多元世界都有不同。
本张专辑为《时空中的绘旅人》音乐精集
，为了最大程度地提升代入感,创作出独具特色的音乐风格,本作汇聚了世界各地音乐家的精彩演绎。","['下午茶', '散步', '影视原声', '散步']","[1963981406, 1963981418, 1963981413, 1963981409, 1963981402, 1963981410, 1963988808, 1963981415, 1963981414, 1963988805, 1963988807, 1963981411, 1963981404, 1963981405, 1963988809, 1963981416, 1963981420, 1963981407, 1963981419, 1963988806, 1963981401, 1890668203, 1890668210, 1890668753, 1890668195, 1890668784, 1890668206, 1890668777, 1890668780, 1890668775, 1890668193, 1890668767, 1890668754, 1890668770, 1890668755, 1890668771, 1890668772, 1890668781, 1890668778, 1890668212, 1890668782, 1890668207, 1890668202, 1890668776, 1890668208, 1890668211]"
8771752738,曾经喜欢的音乐,一堆以前稀里哗啦收藏的歌，有些根本没听几首,"['小语种', '另类/独立', '散步', '散步']","[1803410723, 26624725, 520458166, 1982285682, 1933807067, 1313584359, 1990905750, 1498317232, 1838782104, 2013879373, 1913745954, 2091641304, 1444664931, 29137871, 2020576962, 1985228240, 1935157875, 2031152579, 545152017, 526116048, 449818326, 2041799838, 522511545, 1899367900, 1849196940, 447925725, 1442184284, 408522075, 408522072, 2023931078, 1908999288, 410802679, 1368868337, 2005708456, 1898113522, 1851571210, 29774396, 1936117399, 2030176601, 1407524660, 1881729540, 1468319288, 1837975538, 2000845246, 1995166023, 1984303443, 1851477323, 1963213974, 515454649, 18495436, 29023826, 1993119056, 1951069525, 1963654951, 1974443814, 426852405, 1377642003, 1878812258, 517566417, 1929285360, 1917818990, 16468497, 1890684339, 514216257, 461811935, 1432072084, 1901403539, 1311133038, 1835685452, 430297530, 1313014216, 1457424564, 1380257292, 4128805, 1347617340, 1212320, 517902795, 1452382445, 1357788380, 1317410095, 1299557101, 485354138, 1394317545, 462523146, 477250101, 1451335148, 1812799126, 1392083312, 515816220, 1942594143, 1897685644, 5179543, 16957723, 28387229, 504264241, 1890256410, 501133798, 1331880361, 28381440, 1488847372, 435307088, 462516170, 1387581250, 518894020, 5041604, 521935820, 1911627306, 1940279234, 501133800, 862741536, 484056997, 408332757, 1453907054, 409654241, 31311695, 29103341, 1392600538, 546723298, 1440570723, 552433256, 36921285, 1890756154, 1393834238, 36586598, 1372188635, 29803287, 1384026889, 503426999, 38018486, 3932159, 1804911969, 509313150, 1384482575, 34033766, 39227624, 506973521, 547105576, 406238, 35407145, 1353010122, 410338496, 3935139, 499966974, 550829288, 5308028, 1297742167, 493458103, 1484081302, 520242026, 29717271, 480353, 17867241, 1309896289, 5307982, 2061452, 139774, 418602088, 1808085102]"
8907099022,一个人出门就是跟地球约会,我们一生都在致力于追寻幸福 我们都是在幸福中的人 人都有各自的月亮 自由顺意就好,"['散步', '浪漫', '放松', '散步']","[442605343, 31789010, 22673504, 17227545, 404276447, 458238099, 409916250, 432780721, 437909145, 427542186, 31356499, 460476510, 543987451, 424155394, 566950648, 456370693, 31311695, 1333199956, 431855270, 1333199955, 521416693, 401249910, 494865824, 29966565, 1350656778, 485612576, 1357848241, 496869523, 1325698675, 1325698679, 537407684, 480426313, 410654865, 445666806, 571339219, 563733742, 440310367, 442315372, 439037024, 32639368, 487454738, 1339216146, 1297498908, 488654736, 1373168742, 1324159296, 1381472587, 447925342, 439076364, 34383004, 533455199, 1367900235, 467952465, 1317410283, 1352932037, 445144934, 545947179, 862239356, 1323272440, 1360884080, 1363677553, 427542418, 512377276, 1315367060, 540333737, 1364471785, 1321709734, 2005473960, 1408570102, 1853776842, 1981032174, 1354240664, 426852405, 419250985, 515627032]"
8796594566,记住 摆烂太久是会被收走天赋的,傲娇又自卑，上头且理性；想葬于此，又怕玷污了这般仙境。,"['散步', '孤独', '校园', '散步']","[2015617036, 247936, 2100202477, 1843365497, 2064848159, 2095298571, 2071577195, 1378945187, 1939401795, 1805652383, 2089729261, 2093852374, 1382794139, 1302098632, 1858183351, 2075919867, 1388383500, 2045417633, 32408774, 1383023012, 1341617630, 2090038632, 1314567484, 1974443814, 1805377890, 569213220, 1383927243, 1479706965, 1365393542, 1336856449, 2012691543, 1303027499, 1990743306, 2086091247, 2000827938, 1363948882, 1451154292, 1970633784, 1370047789, 2026565329, 1482925175, 1937110718, 2019406519, 1911690548]"
7470831163,超好听免费粤语歌单,好听就是永远的道理！,"['粤语', '散步', '散步']","[346573, 536243030, 35778039, 1851228561, 1922449783, 487154152, 1386726633, 484805951, 113610, 32689000, 115162, 1404996697, 347241, 309276, 1423993181, 1350079138, 348418, 25710007, 1395845231, 188459, 34766561, 487192025, 66282, 65847, 1429954886, 1351743678, 88480, 1389781553, 1378097666, 1417591859, 1395625583, 1441963771, 1845394049, 215973, 26390020, 36569474, 1816259402, 1440802870, 279103, 1305806505, 1468004110, 94841, 1836117930, 1467897311, 1841521017, 1455767815, 213292, 1468592728, 94663, 477215944, 5247392, 402073899, 178978, 234385, 26902936, 5268108, 286737, 316510, 308043, 94545, 26222115, 26062810, 26598212, 308027, 135327, 26039322, 27591204, 26031148, 27591218, 5261521, 307115, 64274, 94755, 63661, 217501, 279104, 28406634, 28391671, 25657576, 26902925, 26902929, 26902930, 298262, 25702170, 25639354, 316678, 27598826, 316488, 27598818, 316637, 407002484, 64293, 65758, 65904, 64829, 186331, 65769, 27867449, 64625, 65761, 66285, 27483204, 308166, 299352, 299116, 5256469, 27867503, 244103, 234252, 28403108, 178993, 5262094, 334992, 147030, 26902931, 316498, 316691, 316486, 135334, 135184, 25657578, 94656, 316654, 299090, 299981, 317885, 29769143, 118261, 63892, 27867428, 94714, 34834450, 33471531, 135355, 316756, 298250, 298258, 26353080, 64634, 308299, 1847701048, 308169, 1823815041, 308353, 1842774997, 1424102711, 115569, 65800, 1357785909, 32701152, 110146, 1496910113]"
8853601743, 伞和心都向你倾斜-a,待到真正的生活开始，就邀你一起去赏花吧！在哪里都好。,"['散步', '思念', '散步']","[475479888, 1843603966, 169185, 25640776, 25648006, 1823270594, 1486631924, 1430303185, 520458166, 2021450910, 1969846925, 1357425794, 208891, 442869469, 208902, 2019573476, 1363553440, 1397345903, 1888354235, 467952048, 2075085618, 1855856092, 2041799838, 1994863874, 1297743363, 1456890009, 479979029, 1993940522, 1817777557, 27955654, 1835283157, 1366052801, 108485, 441491828, 25638306, 535056564, 1940074698, 1955978156, 1406649619, 1895330088, 1830730291, 1463741292, 496869422, 28384788, 1923927650, 459925763, 1859245776, 1857119000, 1936199804, 2021849994, 2027982543, 1371372174, 1954459534, 1336856498, 2041974276, 2049512697, 1842488843, 1974443814, 1371780785, 2078080232, 2083184593, 2077557386, 1318721004, 2092600180, 482796512, 1823305772, 1842728629, 548823873, 1824408437, 1406083061, 150633, 1440148562, 191060, 2079450644, 26428032]"
8766993758,所见即我，好与坏我都不反驳,喜欢小狗 为什么呢 因为小狗呆呆的 好像你⌯'▾'⌯,"['散步', '伤感', '网络歌曲', '散步']","[534066129, 1926623288, 1968584689, 2053420961, 2080177728, 1996909642, 2063864551, 191060, 2060669693, 2066654616, 1397345903, 2042403498, 2050942771, 2050391293, 2053634610, 2049813161, 2057360342, 2043125519, 553755659, 1851652156, 1957492947, 2045089372, 554241732, 1975696013, 26387325, 1969787759, 566436427, 2013779789]"
3237545794,Vietnam‖超好听的越南歌曲,"一直关注越南的流行歌曲
歌单大多以抒情曲调为主
一般不会因为dy上火了加歌单

【越南宝藏歌手】
Mr.Siro✨山松✨阮陈忠君✨chipu✨orange✨Erik✨
","['流行', '治愈', '散步', '散步']","[2049530997, 2043453108, 1956422714, 1956725222, 1959369466, 1957476436, 1956746641, 1966756105, 2024095896, 1453029276, 1446124095, 1968598334, 1865517253, 447079222, 1371032466, 454224142, 1840832803, 1474570270, 1869897125, 1941485536, 1441720103, 1993547075, 1993043489, 1956471031, 1957475466, 1958013352, 1983383178, 1956724454, 1956471030, 1466358942, 1980062733, 2001617948, 1884245036, 1973664521, 1919263602, 1406599690, 1868947156, 1926916387, 1407423529, 1407958409, 1450956370, 1448258032, 1921150691, 1477769124, 1473704094, 1944518589, 1461523397, 1407424252, 1920611232, 1457496581, 447279098, 1915327614, 1428391351, 1915314531, 1448959496, 431363024, 1492358768, 1811282914, 1893423098, 862658809, 1887932544, 1492127693, 1846494944, 1415064446, 479422141, 1324624541, 1397712862, 1360238383, 1837442382, 1461184052, 545350458, 1458142018, 1843047103, 1861233897, 514680134, 514465942, 1452083461, 1494921293, 1449162757, 1412481704, 573581506, 1416512101, 1462840439, 1385511293, 1403138525, 1448872704, 862657904, 1466667974, 1449648160, 562598208, 514552193, 417953741, 1452449765, 1448258031, 1442906710, 503206480, 503206489, 492144657, 1803569, 38019361, 38673467, 557579714, 431363022, 38019351, 514679319, 1350675546, 1327919500, 530995652, 1327919497, 1414825510]"
8885457918,让我带你杀出重围,如果再也见不到你，那祝你早安、午安、晚安!,"['安静', '放松', '散步', '散步']","[1441250313, 3956911, 1334295035, 2001314407, 1907750966, 1890385695, 478029284, 1428495562, 2087823924, 1953654134, 1947187467, 2004668241, 442899380, 1958557540, 1991112453, 2009974513, 1949606307, 1992712131, 1427725543, 1445545567, 1890770509, 1811909303, 1877526024, 1364586007, 494642794]"
2618310647,『愉快』专治不开心,一款带有甜味的歌单，可以让你心情轻松起来，赶走一天的丧气,"['轻音乐', '散步', '清新', '散步']","[20849874, 453927826, 1302173544, 1311346560, 1315453387, 554244157, 1311347412, 504624714, 18662467, 1311319058, 36199725, 4164317, 425684758, 25714146, 1305991845, 510837526, 3306970, 466369306, 4991738, 524913480, 796918, 864100348, 448749148, 569214252, 1316563427, 2061444, 371362, 406475394, 514765154, 5342340, 394653, 863046037, 21572511, 557407051, 457487948, 34040694, 366752, 4433364, 545771335, 405998841, 297756, 19711382, 29737762, 5255987, 526464145, 2587236, 523035967, 574566207, 28757290, 4875079, 3852042, 25843040, 498880099, 579954, 551339740, 22843785, 1296558091, 31370203, 537470060, 31814005, 509728841, 1294924781, 2175282, 1296583188, 472194327, 255574, 2919622, 4873540, 16607998, 554191055, 16806152, 526307800, 5405350, 28018072, 27571335, 407677607, 4155337, 1321173464, 21224497, 132975, 28613576, 1320975450, 404184562, 566442496, 4875075, 32341395, 28875230, 4873340, 516650993, 461899833, 515143305, 34723470, 514761281, 28815383, 489506275, 399353833, 247947, 862914254, 1304931036, 165340, 394748, 407679465, 456344970, 326738, 476987525, 109628, 562594322, 208902, 287248, 1294556994, 4875084, 18374823, 376971, 255907, 108103, 287251, 426852063, 293948, 483671599, 427595458, 496869422, 354620, 108251, 375917, 545470056, 30089063, 30987293, 33916528, 354601, 165375, 287061, 17405594, 546723152, 482172, 537854958, 18836961, 484082303, 240125, 25643236, 16607987, 541511123, 541687281, 536622304, 471403427, 2587251]"
2977599480,[小众日语]评论不过999+的日语良曲,有一天这些曲子的评论会到999＋ ，我的评论也会沉没到底。那也没什么大不了，这个世界，越来越多的人发现了我曾发现的美，越来越多的人懂得了这些曲子，就是懂得了我,"['日语', '夜晚', '散步', '散步']","[22651168, 1815918938, 1937442721, 1976792568, 1895145666, 646527, 1332952877, 445844896, 34509086, 1392567168, 1815648806, 1501447572, 26212985, 1332952876, 864107534, 1464471346, 1821815008, 1452449054, 1485676740, 1452449052, 1459125127, 1447595487, 1428275778, 1360967181, 1466815383, 559735430, 1447572611, 1350638614, 1410460107, 1322313245, 1313745147, 1428275781, 1501450516, 1363303393, 1369437704, 1443016431, 856864, 424262575, 1472906291, 1450922612, 32408467, 1427090532, 1442003098, 1363303397, 1472907049, 1466519476, 1435666985, 484249939, 1357960254, 1393571963, 1387098939, 1399849878, 1372723424, 1428156050, 1399788804, 1407958266, 1439042896, 1332954546, 1316562180, 1453307214, 28461715, 1387099645, 1410001240, 1396923073, 1396918477, 460330, 28295646, 1416675491, 22716691, 673424, 29273895, 529668396, 1427091092, 529668397, 865048, 446512159, 1332954865, 1339905561, 536624573, 31645122, 455345635, 41636944, 41636941, 1323302359, 422790932, 422790930, 26349206, 34690741, 1371308105, 27639721, 26541150, 25729102, 536622564, 864647484, 22701757, 546724231, 41636940, 518261071, 429261543, 529834069, 1304301874, 1349888389, 1305925907, 469508335, 4936677, 502228490, 1293951769, 410925722, 1305925712, 1397641036, 534067401, 484249935, 536624575, 1387099649, 536570588, 557583475, 31643531, 536570587, 28152321, 1326827722, 664571, 865296, 1350129460, 36102472, 413961284, 27867867, 29244126, 28949293, 675548, 22779936, 624136, 27733720, 458231456, 440101618, 500665316, 22709622, 591455, 600601, 29803443, 27974809, 1332957194, 557579434, 504017197, 36103474, 1320572968, 557584442, 1392567167, 557583473, 558560436, 1308819650, 550619, 1385379202, 500665842, 444463, 1335797418, 26484363, 28920023, 26349210, 1396870832, 866049106, 607862, 22716679, 491484302, 26402307, 38689092, 529668395, 40915407, 458231457, 22716686, 28200262, 38689096, 1317410816, 458238400, 522820025, 1327337966, 477839732, 1327337972, 40915408, 557583472, 29480236, 31452529, 1332954548, 1334085382, 864107535, 475207815, 34916119, 1356248074, 1365238190, 1340981416, 454966088]"
5310932474,《与君初相识 恰似故人归》电视剧音乐集,"迪丽热巴、任嘉伦领衔主演电视剧《与君初相识》原声音乐专辑
＜鲛人之歌＞周深 片尾曲
＜鱼跃而上＞萨顶顶 自由主题曲
＜留白是表白＞金志文 片头曲
＜如你所想＞毛不易 爱情主题曲
＜如你所想＞萨顶顶 爱情主题曲
3/28 00:00
电视剧＜与君初相识＞影视原声带

萨顶顶音乐制作作品 华策音乐出品

【后记】
此歌单为迪丽热巴电视剧OST合集
一直更新…
《与君初相识》
《你是我的荣耀》
《三生三世枕上书》
《长歌行》
《烈火如歌》
《秦时丽人明月心》
","['影视原声', '散步', '夜晚', '散步']","[1931164308, 1930863329, 1932654993, 1937550783, 1935051047, 1935224248, 1941227707, 1941227737, 1937977833, 1938221154, 1939007932, 1939012318, 1933305300, 1935705235, 1933585299, 1930478263, 1928634936, 1929553991, 1929125843, 1889136966, 1933305961, 1901524874, 1933963796, 1933958935, 1933217321, 1933207832, 1865264876, 1864888251, 1867849110, 1868201048, 1871102176, 1820581161, 1825294326, 534602340, 1815853619, 1409512596, 1820679007, 1864305681, 1873248453, 503315150, 1900070395, 1805989790, 1390382346, 1893149995, 1855956726, 1835047878, 1433603686, 1433607342, 1456540459, 1455019606, 1455022102, 1455019604, 1455019590, 1455022047, 1455019603, 1429729489, 1417483710, 1417483713, 468866691, 468867626, 468866797, 1874649335, 1854302638, 1842547071, 1815421692, 1835538833, 1834582880, 1821166787, 1834947925, 1340001157, 1897335838, 1405377879, 1456923223, 547694591, 1831237174, 523639224, 1390349235, 1498120027, 507262578]"
4904357770,时间总是教人成长 却从不指引方向,心中无琐事 便是自由人。,"['安静', '轻音乐', '散步', '散步']","[569213220, 436346833, 1303027499, 1981557398, 1975589384, 4083399, 2033382954, 33497051, 1484392797, 1482867143, 1371780785, 480579393, 2006448864, 1887328226, 1975242573, 1480851288, 1982295393, 1975753397, 2013101914, 26545309, 2007012320, 1974391626, 1929363849, 28427775, 1966162185, 1956573905, 33599003, 1934274127, 1948988751, 1890219033, 1353194608, 1915875397, 1410647903, 1923184888, 475479888, 1958150862, 1955144511, 1934251776, 1824045033, 1336856864, 1313052971, 1822712479, 1846489646, 1900078076, 133998, 1370007645, 1808078153, 1868943615, 26305550, 28403111, 1842025914, 1393659632, 1352002513, 1814080666, 1321392748, 1813278477, 1357399743, 1809100933, 1403318151, 1361789569, 247936, 1474676362, 1426844352, 424264505, 30612793, 1386522410, 1406649619, 1409785132, 1301909440, 441491828, 1424525816, 1338242386, 406475388, 547812462, 394748, 35040810, 518682659, 1334246005, 1331364073, 1405283464, 1416628288, 30953009, 306877, 406475394, 1399112638, 1386259535, 2870985, 490595154, 1423168975, 1422476209, 484755757, 1392395893, 1407392529, 458725081, 1415078941, 385965, 1436709403, 108463, 108418, 29771231, 165379, 1299550532, 1396073496, 437290277, 493735012, 1424102208, 1413046027, 1368327462, 1392729979, 513360721, 1325896149, 362937, 31365604, 1365393542, 1315718569, 446557635, 1394183562, 25713024, 1401482684, 1377574592, 31654343, 550138197, 1363205817, 1398663411, 1390256016, 233931, 465921195, 285321, 1307598522, 523250334, 1386887580, 1370047789, 28643203, 442314990, 28111646, 1299550093, 1330348068]"
8842396004,七分温柔，三分热烈,又温柔又热烈的歌单啦～我觉得这样听起来更有趣些^_^,"['流行', '夜晚', '散步', '散步']","[2024225492, 2010319244, 1373776041, 2035828577, 25706376, 2030176601, 2007741724, 1954909440, 441491066, 1336856614, 1986893311, 426291544, 1821466257, 1915801753, 1868603806, 532067244, 1356658022, 1325728576, 571758505, 564480, 1359508230, 2045433905, 1468696071, 1420972635, 1955978156, 1967057345, 1294889050, 29544534, 2018733994, 1979192239, 462688623, 1867483016, 21407145, 1835688919, 2042403498, 1988789904, 1859852941, 1369908740, 518894020, 1967082575, 1395222212, 2002725740, 1930608504, 2031559579, 1430303185, 2025227743, 1400259397, 2041974276, 1979276359, 1806634682, 1383700667, 2008231742, 1434397305, 1969841316, 2003196666, 2023954033, 1954332229, 1461687161, 2026869273, 2011104698, 2030154459, 1501639416, 2006693987, 1838388285, 2021642772, 1952538570, 1943043831, 1958405457, 1928630640, 1954323210, 1996687234, 1972605205, 1929601418, 1956747464, 1951302620, 2041447431, 1972078520, 1960670713, 2021173064, 863489597, 548823873, 2013822776, 2009202891, 1968869187, 1933574557, 571534645, 19934757, 2019035410, 1924082466, 507110032, 1379958635, 1909984159, 1811909303, 1979327724, 1379456709, 425280637, 2010232946, 1869137418, 1993119056, 1946585503, 494858498, 1868487189, 1992712131, 492833245, 1911807658, 1960123422, 1493333482, 1926959284, 1961221252, 1942940265, 1921927288, 2021434589]"
508966781,高辨识度嗓音| 巧克力般回味无穷的味道,有些人像太阳，兀自散发阳光，就会让身边人觉得温暖，而有些人是由于自己经历过黑夜和寒冷，所以明白该在什么样的时候给予什么样的关爱，让对方觉得安心舒服。,"['欧美', '流行', '散步', '散步']","[1320530720, 443292316, 480648449, 490602367, 1372711528, 1342641500, 438803689, 1597845, 1380326811, 422132109, 405089094, 426026490, 467665418, 26555023, 417833986, 400876480, 1330020822, 29460402, 35345538, 405681276, 34880285, 1387200214, 412902434, 1374306127, 1338268110, 1443095951, 427542140, 441489416, 1384482575, 479028021, 1410292230, 32166838, 31545309, 1308782023, 425828457, 1466516156, 28256365, 1320531044, 421423756, 1356146612, 569105338, 1378715638, 28828039, 1346184546, 33367534, 470211608, 1341926611, 33538373, 476646252, 36871368, 1360627370, 425828896, 1356599587, 18615491, 1294684644, 1318284116, 458013651, 1486654990, 29715008, 479223413, 1433799572, 1918792458, 26555025, 1341937292, 514689047, 27563579, 406730332, 32174128, 1380248002, 32835377, 480768665, 538836528, 28008636, 1360884080, 20162513, 1485037261, 5057820, 436046406, 521418812, 439037408, 484249662, 428642602, 551970660, 414064568, 28267027, 545947167, 2638914, 1419369467, 507134193, 35090300, 518066543, 1491007155, 515947579, 514053480, 1318120183, 1383621, 1390374734, 553947957, 500398025, 497463383, 499630770, 496368100, 37993599, 425295731, 1372924956, 421269901, 1039333, 485960059, 485347131, 482988064, 481535738, 481535430, 466343927, 467390601, 479223498, 467164485, 444289785, 462523376, 28727826, 477933913, 474305517, 19125242, 467952308, 475279438, 464188905, 470736693, 2689386, 467665321, 466332564, 467595918, 37653106, 460323394, 426881026, 498331794, 422960822, 399410592, 406037321, 18056663, 31081299, 467746095, 466089297, 427542186, 4231787, 462895899, 436245406, 457304346, 462516047, 441835844, 462377410, 435409096, 2192010, 460413057, 30569580, 27946702, 412187573, 29378196, 33211808, 457761891, 32003479, 421423245, 456185107, 414670221, 29460466, 453185943, 31134215, 451680069, 30089217, 417833903, 445703271, 451520881, 451520789, 451701104, 27923688, 443875554, 449406957, 33735021, 32174124, 27019354, 448144484, 447280413, 35778085, 28916454, 37653063, 1299983819, 32019002, 35807063, 445666255, 28582816, 35345484, 444324153, 28306668, 442991819, 28608620, 427542311, 33765034, 36586538, 17542276, 432821770, 33035611, 28748218, 27515032, 28727827, 21029471, 400876408, 409916250, 441491167, 427142439, 411236374, 26559392, 27938268, 21563107, 403711269, 441120635, 27929467, 28253319, 31273213, 27969800, 25799678, 31997921, 39224519, 427546541, 29922189, 414006861, 31081283, 455653437, 36019606, 429482385, 27238762, 22487996, 28569859]"
8856650552,想私藏所有和你的日出日落一点一滴～,快跟我走吧一起往前飞，去看海边浪花～,"['快乐', '放松', '散步', '散步']","[864100958, 1859899032, 2036247981, 1857228823, 1965663436, 1997509369, 1978657069, 2010030355, 2029479894, 1973046704, 1990476086, 1433413470, 1988467326, 1933615747, 1960307795, 1913847141, 1365898499, 2021434933, 2049512697, 2056221631, 1981557398, 2063567749, 2063864551, 2063131354, 1972473118, 1471761548, 1476123363, 1972677670, 1833391733, 1940785796, 1388674995, 1948478077, 1878361357, 1838505400, 1900224553, 1887565268, 2009562516, 1834078281, 1869431498, 2061034381, 1930205037, 2056970420, 1807799505, 2075362355, 2051580537, 1950897455, 2049529248, 2026224214, 2075085618, 2037225358, 1951980693, 2023221228, 1878225963, 1935607384, 1980023227, 326984, 1918393295, 2069716092, 2028127813, 1994225632, 1972043389, 1947107407, 1388846714, 1882716480]"
8516981372,七月 | 借风的步子，路过你身旁,"七月长，信纸短，
我在七月伊始的夜色里给你写信，
你在七月尾声的傍晚后收到信件，
连同着一整个七月的霞光、雾霭、滂沱大雨，连同着落款时的不安心事一并寄与你。
-- 《德卡先生的信箱》","['流行', '散步', '快乐', '散步']","[2095856203, 2104054106, 2090387348, 1903795818, 2084397731, 2093578404, 2039156235, 2082445010, 2089114348, 1427676242, 2032501582, 2064479866, 2052539892, 2063752746, 2086208287, 2084061815, 2074801975, 1929370102, 2031919300, 1864329167, 1827600686, 2085444710, 1946892963, 2085364798, 165361, 1969565566, 2072639869, 2076461004, 2064857455, 1357614645, 2074765200, 209494, 1887013363, 2078080232, 2079633967, 2074291948, 2073471303, 2063514727, 2024809489, 2067819408, 2073149993, 2069006728, 327096, 2042659673, 2065926924, 2065586991, 2066138214, 2035951789, 2065587053, 2048672855, 86369, 1865197808, 65766, 189688, 25657410, 523250334, 2032201541, 1930557421, 1463165983, 2055023790, 2019301925, 1806516957, 340394, 1843319714, 1989130621, 1928175113, 1939402148, 1977410911, 30612793, 208891, 1890203921, 28949444, 1984475097, 1368754688, 573968836, 1410647903, 208902, 529668356, 1859245776, 438204707, 1807799505, 1417862046, 19292984, 1299550532, 1887139866, 1997438791, 108242, 26428032, 25727803, 255574, 287063, 29814898, 1964443044, 167827, 431610014, 208933, 2055311997, 29774171, 25642952, 1811921555, 108914, 29850683, 28181103, 518686034, 521416693, 417859631, 1382576173, 36024806, 27955654, 571340283, 1943043408, 1824020871, 422104138, 27671269, 36024442]"
457796939,恋爱向丨适合情侣一起听的歌曲,“我遇到过很多人。有人让我发烧，我以为那是爱情，结果烧坏了所有。有人让我发冷，从此消失在生命里。有人让我觉得温暖，但仅仅是温暖而已。只有你，让我的体温上升0.2℃。”,"['治愈', '思念', '散步', '散步']","[1944802034, 2003368185, 1321648605, 1971726606, 1893736474, 407435011, 1860578400, 1351277052, 1467517026, 1818082272, 28680028, 1818832561, 1350584035, 255737, 1449664940, 1428211928, 1450282110, 1450083773, 1311346560, 59867, 5252767, 369079, 1306507144, 1360807180, 283646, 1381049131, 1301042215, 440342015, 1342480368, 1309833126, 1353194608, 516323185, 430053854, 82203, 538063470, 1299260883, 411988534, 424264555, 1369601580, 1320322527, 514053886, 63597, 1335580481, 556030516, 863709049, 569214141, 191726, 120279, 399340494, 25643327, 253265, 145282, 150430, 188657, 176049, 25698047, 165375, 425298905]"
8775948033,每一个和你定格的瞬间 都是想和你永远.,好杂哦 和我的心一样（´へ｀）,"['散步', '伤感', '兴奋', '散步']","[1851652156, 483378334, 27955653, 36496004, 36024706, 36668004, 1388412183, 2083786393, 2085440786, 2084698991, 5238992, 25638340, 208902, 28387594, 436346833, 32619064, 327089, 31473269, 385781, 65536, 97357, 480579393, 165377, 254191, 1897828834, 25906124, 233866, 2053420961, 437290277, 2045101792, 1908049566, 150623, 1985091904, 420513275, 1922931099, 471403427, 423997333, 2078182235, 2025185434, 2025187018, 1959354904, 2025185505, 2025185324, 1345571065, 1953869753, 2024035483, 1824025894, 557583281, 421148953, 1982706731, 417859631, 1958457143, 2053634610, 2008518320, 1465114391, 26305524, 1451401042, 2050941849, 2043565444, 29713754, 287035, 27731176, 422104138, 25639009, 543798363, 2000827591, 27955654, 316100, 2021173064, 1368754688, 150633, 554241732, 443194517, 1848232739, 2080177728, 26562741, 487206688, 417595727, 4874397, 5235487, 1341540633, 1823402129, 514761281, 35345243, 1981557398, 1976746279, 421423808, 2019574453, 399353368, 5232648, 65528, 1941265858, 1994057212, 34723470, 2019573476, 4874469, 1406083061, 2045117743, 2042594225, 1303464858, 2018733994, 1926623288, 2063864551, 1842728629, 34274470, 1360465540, 471385043, 174956, 208958, 26082345, 85571, 254059, 28832054, 108914, 386175, 2006721186, 316108, 30612793, 63574, 254265, 29850683, 88926, 287231, 1398663411, 1374061036, 1996909642, 28232019, 2080513378, 27955655, 1389911764, 2083417395]"
6624360629,Doki doki *春天正在偷偷靠近我,"我会在花的簇拥下醒来
就在海的边缘
我的眼前
是日出海面波光粼粼

那船只撑起风帆
我随着海浪摇晃

春天正在偷偷靠近我
渴望柔暖地抚上我的眼

——————

/春天好呀！
好天气和好心情一起开花开花
✧*。٩(ˊωˋ*)و✧*。

*家乡公交车的终点站好像永远靠海

# doki:日语中心动的声音

图片来源网络","['散步', '浪漫', '欧美', '散步']","[410629435, 18680851, 1445402585, 1476571406, 1376696818, 1459906486, 1410840179, 866148819, 26509205, 1359508230, 18680857, 1874585362, 447279413, 496902058, 27598803, 1309995372, 1383691441, 556207157, 862102221, 1297493221, 415786184, 536154311, 528273535, 480768667, 475073591, 530801401, 1822474172, 415786181, 280581, 499673123, 1443007152, 509106740, 1297486222, 1810072698, 1329105590, 1358396805, 1893961100]"
