2622053089,绘画写作业必备ACG日文歌曲,都是一些平时爱听的日文歌曲，建议随机播放，_(:з」∠)_毕竟是整理了两年的歌曲，每个阶段会有不同风格的曲子。个人非常喜欢wowaka，ヨルシカ，YOASOBI。歌单里有很多他们的歌曲。还有一些番剧的OP和ED，大家可以试着听一听，也希望大家能去看看这些番剧。另外，众所周知，日本英文歌不能叫英文歌，所以这里出现纯英文的曲子，请大家不要在意，确实是日本歌手唱的。,"['日语', 'ACG', '日语']",[]
2222306417,神 様 不 在 今 日 救 わ れ な い,"鳴 く 鳴 く は 九 官 鳥
沙 羅 双 樹 は 枯 れ た
煩 悩 だ ら け 百 八 じ ゃ 足 り な い
人 間 様 欲 張 る 舌 出 し て ア カ ペ ー
嗚 呼 神 様 歓 迎 浮 世 を ガ チ ャ 起 死 回 生
聖 人 君 子 に 色 女 は 平 等 に 殺 生
慈 悲 深 さ は 神 に 求 め な よ
あ た し は 思 う ほ ど 優 し く な い","['日语', '说唱', '学习', '日语']","[1983445150, 1410819687, 521415893, 1923124447, 1826286039, 1902215495, 1438864361, 1492825244, 1902215488, 1859129388, 1325681393, 1374174508, 1375949985, 1836580582, 1804971143, 1294924494, 1334630511, 1410653114, 1407505557, 566254129, 521415912, 1325695753, 1433523845, 546730346, 1386852181, 1399139817, 1407950973, 1384484408, 1472885328, 1378968106, 1309901445, 1438864367, 1438864366, 1355216933, 26389300, 1299327480, 440208971, 558337759, 574921984, 461811138, 534065084, 534066075, 1381110390, 820768, 1321392395, 31648169, 1294924497, 515454111, 1398649579, 570085233, 26129370, 1378372490, 556207203, 28022664, 26093207, 1297742150, 547685642, 521416839, 1309896360, 762082, 1305365651, 1318430023, 1317411022, 521417942, 463159876, 448741189, 499222080, 1309915317, 1410652642, 39449871, 467952147, 1423751109, 509135742, 412187627, 1401481529, 547685641, 547973119, 22668927, 1309896358, 1338124297, 464563182, 509135734, 1332489513, 1368002378, 1350263798, 499793306, 472362005, 463159878, 526099066, 433018604, 499793274, 437605067, 1309915323, 22664209, 1294910520, 1294910521, 32619116, 782837, 1388377933, 22742856, 440208977, 504685825, 29966753, 451701899, 504685823, 459733369, 544000838, 412187628, 1309915316, 1401482688, 1416661763, 414691993, 452986329, 1309901455, 22723968, 26093076, 27668237, 740268, 487028455, 524152911, 462523104, 1448511372, 533017101, 778972, 459159382, 498880674, 811721]"
8834279789,日语 | 谨以此星夜 献给孤寂中相拥的你我,"久听不讨厌，你爱的歌 ，值得反复聆听，热门情歌，收藏你的最爱歌，经典新老歌曲，
每一首歌有你的故事，希望你们，收藏起来","['日语', '流行', '孤独', '日语']","[2074163984, 2083182016, 2079797137, 2084034562, 2084103006, 2061225325, 2056914217, 2048604694, 2057696725, 2074759832, 2065281614, 2093903080, 2073738346, 2084732462, 2057915903, 2090470651, 2060973088, 2075990878, 2055004158, 2079467701, 2083809425, 2086529025, 2090567800, 2067900627, 2058345064, 2082330819, 2072279422, 2062746061, 2085560360, 2093235155, 2044200355, 2090088834, 2088063371, 2085679258, 2060045141, 2059807644, 2083870325, 2090189914, 2068004768, 2083809426, 2053002545, 2043976339, 2051328176, 2090374084, 2059134040, 2093054281, 2058124989, 2094351580, 2085716709, 2089080114, 2042620643, 2057804438, 2073465640, 2068063722, 2090030413, 2083193896, 2089616226, 2045828022, 2079698806, 2047735926, 2045878963, 2092248909, 2076685384, 2066671178, 2068041065, 2076583601, 2087759170, 2083488023, 2061888111, 2069361759, 2075689392, 2043178301, 2090374085, 2089085745, 2048604695, 2077756659, 2083872221, 2067336538, 2080124800, 2056911536, 2047652597, 2044333039, 2048982668, 2069689169, 2045920784, 2057652746, 2045878962, 2090838387, 2062903608, 2048949821, 2054974200, 2087055027, 2086528068, 2087010071, 2054973744, 2082329207, 2052933626, 2050640265, 2071177218, 2093192414, 1466520418, 1818789045, 1929062241, 484249937, 1877583723, 2036444271, 1972389815, 1410165494, 2010946978, 1465317985, 2013642053, 1838013872, 1929271699, 560139, 1409311773, 1917031911, 1917543580, 1488866474, 419254046, 2018432067, 1363304050, 1820439423, 1319690190, 1345163233, 1876028527, 547976026, 2002397763, 1835698351, 425015268, 2019583879, 2031166197, 1378372388, 2023294251, 1996810956, 1325356411, 440411022, 464563180, 701028, 31152830, 25931854, 658318, 31152831, 1479312521, 1809741562, 2020788863, 1820961790, 1933503583, 2002970862, 417613477, 476081899, 2003496380, 492999366, 476638476, 28977796, 1323302278, 579648, 1991308968, 1354813194, 1996821601, 36871135, 1860630628, 632681, 1815109509, 1950383376, 1878896691, 512376192, 34179228, 1884380173, 541480240, 1937175258, 1357953772, 1820950545, 1814284112, 1399789326, 1819308143, 496869422, 825646, 494645750, 2028760097, 2016988838, 1488847601, 1311427647, 1829811265, 28480834]"
2765798464,动漫神曲 | 此生无悔补番剧,"面前的屏幕倒映着眼中的渴望
我爱的不仅是动漫赐予的理想乡
迷雾之中，是它将我拯救，于苦海中将我捞出
心情低落，是它赠我欢乐，于忧愁中将我解放

拔剑神曲、核爆神曲、各种神曲
总之就是那些补不完，但是错过又后悔的番剧神曲
歌曲数量较多，找不到番可以利用下搜索功能","['日语', 'ACG', '日语']",[]
88221039,『日系女声』想要送给自己的歌,"手动置顶:无法播放歌曲已上传到我的同名播客里
本人喜欢动漫游戏，日常追番追游戏，风格较多为柔系，推荐随机播放，时常更新——
┌──────────┐
│筛选标准：
│① 前奏
│② 声线
│③ 风格
└──────────┘
ﾍ⌒ヽﾌ
（　・ω・）　谢谢收藏~~
/ ~つと）
","['日语', 'ACG', '治愈', '日语']","[2003286031, 644183, 431357412, 35447088, 32303057, 1311346664, 34274832, 2003286024, 1456671955, 1459278790, 1463373411, 2020865247, 518261075, 2056957012, 2032749424, 1880275338, 1884111858, 2056955316, 1954381698, 605171, 2028375883, 1988829088, 1907751321, 744883, 1946480538, 459159606, 1916510404, 1947095105, 1476476957, 1409151739, 1970853873, 465783062, 1465548364, 2038364949, 1853327677, 1493625683, 1916451526, 1830187577, 2018431894, 1887284874, 1968341672, 1939199325, 1965740189, 1996879852, 41666870, 1862822901, 1924858507, 1919134278, 1876460058, 1401060599, 440403793, 1924862850, 473403622, 1902224491, 1485184858, 502925114, 1942407010, 28018264, 1920313810, 1920306545, 1928245540, 1922944569, 1922949767, 1922949770, 1928472069, 656896, 22782025, 1823210550, 415593284, 1853354153, 1844512823, 1835620351, 1849953578, 1853300927, 1844194163, 1835619819, 848319, 1811441588, 1824473220, 1428440626, 692641, 1817109173, 1355897923, 1806095503, 415593280, 1342511614, 41630289, 623310, 484365136, 1498379220, 1498379136, 1484336476, 1416875904, 1329358995, 1404871830, 499793147, 502455139, 582221, 582223, 28633198, 22693014, 656486, 1384569505, 575723, 1395944390, 1302084329, 453185185, 618864, 1447594603, 1407222212, 1376264334, 482636090, 687747, 1399256902, 28695643, 1389088985, 1385849991, 27644670, 1354616291, 38689097, 473602149, 428350430, 1421267401, 36103264, 1405903996, 1414075101, 1406051405, 555722835, 28258450, 546489405, 523251395, 30967154, 1335650210, 32639106, 1331091339, 26608077, 1356580766, 27580748, 426194381, 4947103, 35331926, 1396374139, 1365933510, 1297747757, 1367153990, 471969366, 1360965479, 1310277929, 632801, 579648, 1311701620, 1359559416, 1304665120, 610114, 610209, 480097172, 1323760916, 27534290, 543986574, 461518232, 1335529596, 1332970979, 29583959, 1353387082, 31053308, 498286570, 1321385090, 571338066, 1294924560, 1363687284, 1361354641, 1360831524, 1329734055, 1320097223, 1348770264, 1353381404, 28892268, 1343918975, 647129, 28563274, 1317457689, 41666291, 1337185377, 1337182791, 1313107648, 28288234, 411214255, 1301574348, 1321382676, 644638, 411213290, 526904552, 450048346, 498286571, 1308782735, 471403213, 26218833, 454730429, 521493569, 464797836, 810559, 4927467, 27625366, 520461943, 36102453, 463268158, 1294924565, 536623509, 31426893, 488388731, 543612338, 729163, 700091, 41654978, 774219, 26121613, 22727344, 443291190, 443292322, 565975016, 31830860, 22705496, 413077159, 442589230, 417859715, 413077813, 459717294, 469272730, 31426901, 31560997, 608667, 608468, 33709197, 630896, 29244119, 583231, 29129677, 507228574, 419827875, 536623722, 26440506, 28803767, 541492129, 22743336, 29011126, 490182455, 853091, 853087, 32069960, 498286544, 31680144, 869526, 32924959, 509106775, 498286547, 869521, 22779517, 450553477, 28918334, 28381007, 760533, 504916651, 509512924, 40915927, 34324839, 28281487, 609890, 35470878, 478393, 760370, 28391862, 456389084, 415593281, 463840733, 446875907, 505267086, 488388727, 488388730, 508297341, 508319253, 452608521, 451520657, 504425435, 22660952, 32803294, 497218900, 445845708, 461124817, 774192, 405372337, 437250699, 490575602, 482988414, 687173, 419254202, 559904, 662717, 430026994, 430053872, 469719260, 412178207, 412178204, 33709206, 426881504, 28391855, 446627347, 29717270, 450795499, 41659344, 28838338, 459139377, 456185555, 672188, 31649021, 692193, 426194506, 438466415, 438456502, 451520632, 408532682, 28786558, 27511708, 408440326, 409931750, 435004313, 35331924, 408277750, 26447596, 22707009, 28341925, 869116, 460638, 444524615, 30798036, 34367883, 572048, 4977944, 441835290, 31967337, 413834666, 29460761, 29331390, 399410872, 31889418, 399411850, 431853289, 431855302, 28481751, 32364064, 26111145, 419594624, 28768096, 34077239, 426501183, 426502173, 29747411, 33367332, 34528605, 34528606, 28921695, 428203113, 22760365, 418708385, 37091248, 28578239, 27955405, 27955404, 22745591, 32405988, 22706963, 28493861, 410446426, 32405990, 29932153, 26455786, 28240362, 654787, 29583265, 28391860, 22811460, 688846, 30352395, 38019747, 30352397, 28048709, 29785595, 26125629, 28387565, 29027461, 608473, 34229500, 35288951, 30841657, 34613441, 29827567, 4929493, 28406348, 29401185, 29418292, 28287824, 417833566, 413077056, 413077044, 409872504, 29401202, 31654694, 30352645, 34696499, 41416580, 22770507, 27605584, 33861455, 41672384, 40915847, 38592632, 644854, 35447227, 776039, 29777953, 410446417, 850502, 35270431, 406037036, 35956921, 29004431, 35847133, 28377108, 28377111, 26902236, 471992, 31877882, 738604, 28949716, 34367846, 725259, 31234231, 41416655, 412951940, 27506191, 4925706, 408522394, 28391856, 28391859, 22640571, 29004441, 28928723, 30987019, 29122097, 36578762, 36578760, 806218, 29027527, 28496046, 31721034, 31835898, 685875, 569095, 28452020, 29027286, 41632088, 26089125, 27955630, 785902, 28547665, 28661030, 629712, 28661010, 29829320, 29829319, 30987038, 691506, 404543135, 751584, 411236740, 29027129, 28592560, 406716111, 27536016, 39443697, 34852234, 27536018, 29307041, 28547646, 28547644, 31452839, 28695863, 28695862, 29715161, 833708, 30987047, 644812, 28461791, 26126847, 739358, 28830950, 28723831, 488864, 26117016, 28387824, 28723833, 4931254, 28191523, 27901850, 559908, 27969933, 28870336, 635070, 27705015, 28461799, 676542, 676568, 41645473, 41666866, 41666672, 41666671, 32408512, 29718638, 26439381, 461089, 35755524, 29307351, 725134, 653660, 28802097, 28406065, 29771058, 751607, 623135, 631247, 28949670, 640295, 33728002, 28921568, 399367387, 399366419, 35288734, 35288732, 36783722, 36783721, 36783719, 36783717, 36783716, 26085473, 26477409, 29046161, 279662, 29848615, 29848622, 28181959, 859470, 40188753, 40188752, 35040542, 36841167, 36872357, 36198569, 34002344, 34045112, 34077763, 600347, 28167127, 26115904, 28959097, 28802009, 22715402, 31680185, 32288482, 28875381, 32046335, 22715403, 28699610, 27901851, 26449171, 26449167, 33728008, 559760, 28497798, 26089096, 28126399, 28409047, 28283399, 858520, 28606039, 825298, 22677560, 29482688, 26141648, 28949449, 32358691, 27488656, 31649308, 29244126, 30621945, 28240590, 29244121, 641324, 28838482, 22727312, 654784, 31562021, 571120, 29449480, 31649312, 30496878, 654795, 28838509, 29460709, 28854949, 26491724, 31514539, 22715410, 31562024, 29713079, 4919451, 30284535, 750385, 30245059, 26491719, 27588120, 28193077, 26830752, 28481337, 29027215, 28445778, 28563201, 29769513, 26134235, 29027218, 28377049, 33004479, 27552690, 30496836, 25841797, 477931, 28971314, 28234485, 29027453, 29005974, 26093675, 29307262, 28864190, 31234232, 28546427, 28863052, 26529930, 29027056, 28018285, 32098021, 30496872, 28578948, 30987044, 401558, 28864189, 27588123, 30431342, 30352391, 28563207, 25845617, 654832, 29244120, 28987773, 583102, 27488654, 29307348]"
4988454368,世界计划 多彩舞台 feat. 初音未来,"缺失/更新23.11.24

メモリア
ダイジョブですか？
おぎゃりないざー
心泥夢(syndrome)
オーバーコード
トワイライトライト
はぐ
purpose
CR詠ZY
リアライズ
ずんだパーリナイ
我らステインバスターズ！
チームメイト
箱庭のコラル
キティ
ひつじがいっぴき
星界ちゃんと可不ちゃんのおつかい合騒曲
フレー
the WALL
どんな結末がお望みだい？
DREAM PLACE
Voices
君の夜をくれ
徳川カップヌードル禁止令
イフ
青色絵具
うっせぇわ
ガランド
去り人達のワルツ
Hello,world!
再生
magic number
Beat Eater
フロムトーキョー
アイノマテリアル
「1」
いふうどうどう
Color of Drops
potatoになっていく
ステラ
携帯恋話
悔やむと書いてミライ","['日语', '游戏', '日语']","[2097486546, 2097485494, 1335362789, 1374273533, 2071226835, 2071225290, 2071225289, 2071225288, 2071225287, 2071226832, 2071226830, 2066455750, 2068041065, 2040297454, 2103650398, 1867928485, 2076079711, 2093461373, 2071226834, 1456486939, 2102054488, 2102606956, 2097828677, 1976820778, 1847243853, 1339719272, 2076079802, 28987909, 1878313261, 4888616, 489970714, 2008003632, 22677561, 1822267799, 4887942, 1939575649, 22716864, 2086798921, 2085067746, 1363687284, 2081763030, 2071226831, 858549, 2058897568, 2065967510, 2074725758, 29747157, 2071226833, 2071531182, 26440343, 2058897569, 2048347743, 1976472310, 27958133, 2065210763, 2071860008, 2065210997, 459717345, 26388128, 1875436617, 2033097520, 498880441, 31140711, 2045892505, 26108630, 2056111917, 2091876015, 1479269379, 1981773212, 2025912863, 1877943224, 1382507778, 30870541, 30870540, 30870539, 476426, 502455387, 2094458243, 2071922745, 507794324, 1938210666, 29827559, 2025912130, 2074099735, 1366516670, 469073360, 33937486, 1891236796, 22716837, 1294899575, 2038907377, 1370840453, 484730497, 2037085150, 2094460632, 1363304051, 2013385982, 1457285659, 2033097526, 858524, 1390016329, 1976814366, 27853206, 27853205, 432387, 406716111, 4888333, 2013385984, 22716985, 2091876014, 2026535564, 29786415, 22717345, 28411815, 1920592588, 2006511504, 2022368495, 1449599572, 2034439614, 2016190643, 33367345, 1928974168, 22716865, 1376640010, 566436266, 29091332, 4890952, 426881161, 22677430, 34766717, 495641, 1980721102, 2008457365, 2071225244, 1456654556, 1993409896, 1994784185, 1859602507, 2026003800, 2075568468, 422132431, 22781686, 22637316, 2002980370, 2083741894, 2075573999, 1999309754, 509135372, 484058976, 1981770612, 1921242011, 2075574000, 1989326301, 458231454, 26219539, 22821020, 28977422, 1871038762, 26212288, 1821574359, 1900172235, 22699089, 1818761620, 1974961011, 1990754842, 2008993862, 2071226790, 416531748, 1452688410, 2075573998, 1966112472, 2083741892, 1987834243, 1967075210, 1475596604, 1973577169, 515349, 1973387214, 2057797341, 440209008, 509135361, 1966226847, 2057797339, 1969488000, 2051253533, 459717339, 33367341, 1960670834, 515603, 29124079, 2042039215, 2051253534, 1956774251, 1840474281, 500684396, 1826139261, 1962744445, 2051254513, 523658454, 1835378673, 1954943022, 2003647671, 32431066, 1334078127, 1955665030, 2051253532, 514765053, 432486474, 22709627, 1952198676, 2057797340, 1912642513, 1914587484, 1913278640, 2061913787, 2057797338, 1864338278, 425298910, 1939677348, 1940912991, 2051254511, 4892365, 29023576, 28844024, 494858478, 37095790, 22691083, 1931579035, 2051254512, 484056984, 1417673643, 2010289108, 2043151927, 406716121, 1914870469, 1914870470, 483690461, 1924806675, 1932821275, 2030454453, 2057797337, 29185030, 1928366453, 2064849811, 1489254523, 4884774, 1919117188, 2034869322, 1918884502, 2038895929, 1949991424, 1916095309, 1824863814, 1333335843, 1358188100, 1824979546, 432486470, 1901878858, 2030454452, 484058972, 1919134616, 1913836762, 30870538, 22717346, 1913813562, 2043151926, 30903247, 28521805, 1927173763, 2057797336, 2013729644, 1920592565, 1913840996, 2034870175, 1335681507, 2020857396, 2038892592, 1913851638, 31311449, 566442392, 4888609, 1920257953, 1924741104, 1335373478, 573582096, 1952528399, 852346, 1819447720, 1919134613, 484058936, 1915002558, 1935704601, 1883985010, 26124988, 4888328, 1914870471, 1914690498, 1988508926, 1400982738, 1935704610, 1885090318, 1996821601, 26135404, 1952528398, 1950917376, 2019337031, 1928768515, 2013761063, 22716873, 1862522505, 1369404131, 1935704600, 26212270, 1924741071, 26212281, 2003647670, 1906142516, 1996825230, 1388172420, 1952525621, 2057562406, 1988508925, 1855089388, 2019337030, 1915012834, 22635211, 1924741070, 29491558, 2013761725, 1804888684, 1919135177, 1894065144, 1453108359, 1952528397, 1466019525, 1935705494, 1840052610, 1920970870, 1842166288, 1913268601, 41654311, 1924741069, 1914871810, 1919135146, 1974436921, 1904256437, 1313102248, 22677583, 1952525618, 22677562, 1477342160, 1935705488, 1914665586, 1929061701, 2071864847, 1913268598, 1401467921, 1459428220, 1919135135, 28996501, 1952528396, 22821011, 407685201, 1924741068, 1977103330, 1894065143, 1904256435, 28996499, 22699095, 1856798612, 1920971819, 28468434, 1935705487, 1430996625, 422094957, 1919134564, 29812004, 1952528375, 26096272, 22813149, 28953243, 1924741893, 1294910587, 1914870467, 29023571, 1929061699, 27515069, 1935705482, 1810294226, 1856968528, 423997819, 1818537088, 502455381, 22677436, 2069614110, 1854231422, 469065440, 1861350795, 1385116338, 1935704603, 1335794789, 1924741052, 1495031098, 1864932184, 1832398668, 1848243531, 1968735701, 423997817, 1864931358, 1294889606, 22677582, 1919134558, 1844149254, 1294899573, 1924741051, 1402830753, 26440333, 1952528374, 33937479, 1347496651, 22677570, 1361159328, 507795306, 1935704604, 494858481, 1919134553, 22716835, 1952528401, 489999001, 1924741882, 31830623, 1479972357, 1866873377, 1864932183, 1818504147, 1861350794, 1486054020, 1856968527, 1485057724, 1854236014, 1866869700, 1848243530, 478686030, 1935704598, 29171149, 1935705493, 500913304, 1935705479, 29167902, 1919134549, 423997820, 1919134537, 33166366, 1919134543, 433223733, 1952525622, 509531775, 1952525605, 1358188101, 1952528400, 30148963, 1924741049, 33937483, 1924741881, 28606033, 1924741048, 1385116337, 502455382, 1358188091, 1333336761, 1488792290, 28768887, 1313052390, 502455396, 22677573, 29023575, 502455394]"
2739507911,「日语」适合边画画边听的超棒歌曲!,人生天地之间，若白驹之过隙，忽然而已,"['日语', 'ACG', '日语']","[1332903219, 2081994464, 1985653427, 1977102222, 1967786901, 2048604694, 2052933626, 2034742057, 1500151579, 1992342670, 1973593792, 2029895034, 2020213642, 1932780202, 1990571322, 1937442721, 1989566385, 1472480890, 1843648162, 1841909290, 1449537106, 1979732581, 1347062561, 1900024787, 1895145666, 1813850521, 1387105693, 1838013872, 1824026254, 1924917425, 1903040399, 543798303, 1916370539, 1943723720, 1936011826, 476081894, 560144, 1920756484, 1920757369, 1854474192, 1462389992, 1915079946, 1884490658, 1836984241, 1908814743, 1853173505, 1896176755, 1869926451, 1885176163, 1487533794, 484249934, 28713453, 514765413, 1919256085, 518692190, 22654569, 529659114, 1896917200, 1348704277, 1864349082, 1875283324, 1864348465, 1480112025, 516851857, 463877298, 1875283339, 1807285676, 471284744, 1428834261, 1842805756, 1855121311, 537854738, 1399335349, 22741396, 1472906291, 1824444224, 33516495, 1466303986, 1804797607, 1851022762, 1803908863, 490186189, 1420072252, 1437285525, 1316563356, 1389428653, 22654573, 29732992, 495218067, 1381054296, 477993693, 1406500058, 489037669, 1466598054, 1369723738, 1397619674, 546730065, 1421818860, 1450726935, 1492367830, 1498613705, 27646274, 1808474818, 1806720848, 1348431322, 1409311773, 1318430023, 1453345429, 1489254523, 1484409732, 34324017, 1483561142, 1380720351, 1359523231, 1428275778, 1486106274, 1399849878, 1418131597, 1485269089, 1484336476, 1479526924, 1459343252, 1466597805, 1466597807, 1464074175, 1466598053, 1466597802, 33856836, 489997669, 1460859515, 431259256, 1413676924, 413961906, 1341323866, 1442804786, 1438432372, 27853410, 1419568345, 1448424898, 26239032, 536288664, 499929984, 526472259, 1325898762, 1344528107, 1363093791, 1379819365, 1325896800, 1304922033, 1325898758, 1342347691, 1414759694, 1297492107, 484249508, 445664177, 35847580, 1423157509, 1422994049, 1430274303, 1342950406, 33911781, 1325898763, 509135740, 1311132153, 29185036, 436698418, 1373292540, 524152927, 437039, 33856838, 1386393799, 1385206103, 39449871, 452997960, 557579433, 1384286544, 537854741, 27602841, 1339234095, 556042458, 1351255013, 1339048598, 1394600526, 474739593, 1390397311, 30431392, 509726840, 31311449, 34609001, 521715733, 1390397310, 1396927889, 1397293557, 1395210021, 1375038841, 1365181736, 1338355334, 427416324, 538290027, 541432242, 512359198, 512359194, 26209409, 536622304, 512358197, 445781493, 1336075843, 30373773, 512359195, 1324466790, 28923967, 524152941, 1345798227, 512358200, 567544544, 1346403861, 1369903412, 1299557936, 1318880077, 26116350, 29049085, 41666353, 26116341, 557579321, 476638467, 35090756, 437290606, 536623714, 1332674849, 1376546715, 33166514, 26124988, 529834569, 443875380, 856948, 444269063, 492879371, 1357953768, 484249940, 33781713, 1339375638, 540367439, 30569513, 1365914380, 1344433793, 32192451, 26830207, 536570443, 1342536506, 450795499]"
8862728438,[Japan]软糯可口！熟悉感瞬间涌上心头·,每个人都在期待一段甜甜的恋爱，一个很长很长时间不间断的恋爱，很浪漫吧，下雪天牵着你另一半的手，听一首软软糯糯的日语歌肯定添加不少姿色，相信你也在期待你的另一半出现，一起过冬日。,"['日语', '流行', '治愈', '日语']","[2060045141, 1877070976, 1959528949, 461301621, 2065281614, 1486106274, 1474042368, 1322228464, 1916370539, 2040067962, 1309915266, 27901389, 448916060, 476638467, 523250354, 809268, 537854738, 692193, 427419509, 30148963, 28891491, 22646894, 1389088985, 484249940, 1853327677, 431259256, 531786301, 1378491298, 1342950406, 760533, 584155, 426501183, 426881480, 618325, 719102, 31421442, 1854231422, 509106775, 33911781, 512359195, 1856722728, 1397293557, 536622304, 478303470, 555142, 1472480890, 1824020871, 718765, 1996929972, 579954, 446875490, 496869422, 1973593792, 2019972021, 2049291275]"
816700288,日语男生！耳朵怀孕的那种！,自用，喜欢就收藏，所有放到歌单里的无论男女我都自用当男生，锤人小鬼速速退散啊啊啊啊啊,"['日语', '日语']","[1956036094, 1916829715, 1916828102, 1968762019, 1974104377, 2010582500, 1961886887, 1984465157, 2005258767, 1937095169, 1979016234, 1887864246, 1853173505, 1449537106, 1874878825, 1972421398, 1977823030, 1324271679, 1872353950, 442009772, 1454203832, 1939401645, 1804971143, 1442003098, 1460572578, 1382838382, 1835698351, 1866571918, 1874740761, 1450922612, 1881405459, 432821964, 1838448806, 1441993917, 35090756, 440411367, 1342743477, 1342361095, 26494602, 1386851667, 1355216933, 487527170, 505474605, 1325898759, 1417895281, 1421818860, 1347062561, 36871044, 1380113693, 1474419087, 1423818103, 1339905525, 1416542304, 1347630432, 509135741, 1379821181, 1299557936, 1325897799, 35847580, 526472259, 554245435, 526464315, 495848536, 1340126180, 509135740, 413831435, 1389012552, 1390397311, 537012213, 1471080483, 1297492107, 490795071, 1333322456, 1420536131, 1468230652, 1469039925, 1468721428, 547969147, 1308819542, 1313728630, 1413331341, 29758079, 426881506, 1436264336, 413077434, 1345508968, 1397293557, 1396927889, 34916640, 1379223604, 1369626612, 22703777, 1378406180, 1414759694, 1379819365, 495848533, 1382640222, 529824517, 518692190, 1318880077, 1308782569, 538290027, 1378491298, 1311132153, 1331964784, 492879371, 521780024, 1358102848, 1348798342, 526464314, 408140866, 571059539, 574920000, 574919996, 490006876, 496569112, 499929984, 1325898762, 1356246643, 37955171, 526464318, 509781767, 574921786, 512376191, 512376195, 1369903412, 1382640216, 438462344, 28566451, 32823340, 29379812, 567544544, 445781493, 1325896800, 1373246611, 1346403861, 1341323866, 26116350, 864379991, 1344433793, 451703869, 529391590, 1325898763, 526470250, 29017078, 29498316, 31648216, 444269089, 502227430, 28018269, 526464312, 28152636, 422977059, 408140868, 37091433, 404783368, 36783498, 26447698, 407699403, 28189597, 29984252, 497727711, 525122016, 29019098, 505474609, 29491498, 425280140, 29379816, 33361695, 31517559, 35845175, 863974, 430053400, 464563182, 39449876, 28458074, 33527025, 38679918, 512359195, 404783051, 33705693, 32977117, 29012014, 32408681, 28457390, 425988079, 41666353, 28739573, 531040612, 524150986, 479223412, 423703439, 421870322, 29829129, 35270795, 28587974, 33166514, 33913866, 509313159, 28638714, 859204, 479404420, 28566473, 28480834, 404783708, 28747019, 28739732, 36783495, 28739588, 28739556, 36783497, 30841501, 436668049, 39449879, 424498858, 28211095, 26447699, 26447696, 34341536, 26447701]"
2330250283,无限循环！百首日系优质悦耳R&B,"第14期：
这一期给大家分享一些日语R&B
也是我无限循环的 最后的一期
里面有男声 女声 男女对唱 都有
希望大家喜欢~

封面原图p站：69755289
画师：ウムウム

by：友Xyi

动听的歌，要么是旋律让你迷恋，要么，是歌词戳中了你的泪点；
我想，大多数人会是后者，无由的困在歌词的边缘，
让歌曲里的故事在自己身上一遍一遍的上演。
然后遍体鳞伤地在回忆里徘徊搁浅，
却又不愿走出痛苦的思念，
任随泪水模糊了视线，
独自难眠。","['日语', 'R&B/Soul', '日语']","[571553518, 1296302431, 491484238, 863515099, 535950655, 543987575, 594187, 22643750, 572099717, 488388943, 576177, 22793455, 567145568, 535950654, 22705428, 864099149, 26160588, 753469, 22810505, 28378273, 863515339, 611215, 22672173, 4898532, 571553519, 22672217, 22638657, 573581243, 582018, 571553517, 812874, 32807350, 28228004, 22810472, 666443, 460476813, 666395, 28660405, 22711998, 820340, 829773, 32807349, 26123720, 609584, 563512, 26122670, 22791287, 784719, 28685647, 22778302, 423118282, 22736558, 22845941, 32046736, 629880, 26425126, 779585, 772173, 593862, 22675157, 22685162, 771917, 22797048, 26115249, 31191294, 22736562, 587602, 405227, 36025140, 22790387, 22780265, 22705460, 22727896, 22675115, 22675697, 22787857, 405326, 643473, 28031921, 537269, 22739399, 30070754, 22845972, 28765234, 563454, 36271461, 26222362, 22647915, 22780268, 22654024, 22761350, 28100492, 27804778, 22811373, 30496429, 22703764, 431774, 537242, 22787481, 571339010]"
483665320,『日系女声』能与你相遇，真是此生无憾,"精选100首温柔的女声，愿你在这严冬也能有一颗温暖的心~在寒风中听着一定会感觉不那么寒冷吧。选曲风格偏慢，主抒情，愿你能被感动到。

封面作者Hiten ID=490219","['日语', '流行', '午休', '日语']","[26112204, 22652432, 460328, 432698977, 628657, 431259870, 28921566, 28578947, 441120243, 560110, 28784063, 31010052, 26323013, 28737027, 38689091, 580866, 826296, 600569, 432486152, 434902473, 542174, 31140270, 29244121, 410925384, 609807, 33233411, 439911744, 748646, 26118497, 618351, 36871135, 566319, 26541150, 29095078, 646929, 27751775, 747628, 845832, 562274, 28718940, 838112, 405242083, 27955397, 573050, 626140, 26116299, 28772480, 29803433, 650052, 35956276, 32977724, 22844217, 4936677, 29803432, 36089462, 438466445, 22770506, 32897097, 28815202, 746295, 4968758, 441138037, 26450008, 4942630, 781253, 33255010, 659666, 29179068, 22845931, 32639025, 36668978, 32977722, 32977729, 29378986, 419250292, 550621, 28920023, 26114382, 756785, 27580476, 27580477, 571432, 600834, 25931834, 26141049, 22715749, 22701791, 571735, 644635, 649379, 22705321, 31838312, 804262, 644510, 582207, 26217035, 644674]"
2442716649,日系男声‖薄荷少年音、温柔治愈向,"各种不同的日系男声,谁开口才能酥到你。","['日语', '流行', '日语']","[1311347602, 538290027, 2024518733, 22781103, 41666353, 1928149524, 1304922033, 33166514, 1500883819, 28409103, 509135740, 29582961, 41672434, 484249508, 733203, 22814470, 1452484607, 1356248072, 1430652542, 543976, 33913866, 1485033549, 33781004, 26447701, 22826145, 1466598056, 829048, 408328050, 485775966, 405612716, 28283665, 26447698, 426881506, 30431408, 22767715, 34916640, 33395054, 27678289, 33184083, 776782, 776923, 541499254, 812400, 33527034, 477738611, 477738609]"
8261727163,新海诚 | 动画音乐合集，与你共赴铃芽之旅,时隔三年，在中国名气颇高的导演新海诚，带着其新作《铃芽之旅》出现在内地银幕上，影片正在热映，并且以势如破竹的态势。好看的不止电影，好听的不止音乐，戴上耳机，跟随新海诚的脚步，开启一场治愈之旅~,"['日语', '清新', '治愈', '日语']","[1992342670, 1992691782, 1992688142, 1992687952, 1992687869, 1992343682, 1992691709, 1992688009, 1992688018, 1378491284, 1378491296, 1378491293, 1378492142, 1378491292, 426881487, 426881480, 426881482, 426881506, 426881503, 540968, 528285, 528283, 528284, 26418808, 26418810, 26418806, 26418807, 26418809, 414118730, 414118722]"
8793237667,旅行音符 | 沉浸在旅行的旋律中，感受着异国风情和内心的冒险精神,沉浸在旅行的旋律中，感受着异国风情和内心的冒险精神,"['日语', '浪漫', '旅行', '日语']","[28341337, 1407136272, 1385109615, 1370886751, 34003633, 2008986438, 22672745, 1385150027, 26281696, 1343045105, 1381473908, 1916679995, 667192, 1354813259, 1457839374, 22803788, 1849568085, 2014227031, 1837487408, 1448194442, 1342760274, 1427711017, 1376767382, 1888155605, 28256571, 22807023, 32358695, 1863343404, 525242007, 1395939649, 1897342672, 1852298105, 26122670, 1385577389, 1817960344, 1941268758, 2008994660, 1928722002, 1862296586, 1838030532]"
8876997516,随律动Jpop ｜ 漫步霓虹街道之中！,Jpop的意思是日本流行音乐。jpop是JapanesePop的缩写，指受到西方影响的日本流行音乐。日本J-Wave（一个FM广播电台）创造了J-Pop这一名词，曾用它来代表“新音乐”。随着时代的发展，现被广泛地用来代表不同类型的音乐，包括流行音乐、摇滚、舞曲、嘻哈、灵魂音乐等。,"['日语', '流行', '放松', '日语']","[1841909290, 538290027, 1976353289, 1803908863, 1855121311, 1870469768, 1486106274, 1842805756, 1803516392, 1399849876, 1449537106, 32046764, 487527980, 1365924378, 2036445126, 1988926059, 1974104377, 1488866474, 1951665069, 32358160, 1867150097, 1840218133, 2022636930, 1976411695, 1811129844, 1877885503, 1856722728, 1831826557, 1443634040, 512377169, 488388731, 625096, 1418457693, 29366679, 484249935, 1321382214, 1328909579, 803950, 537854742, 465266014, 1294184578, 1325357381, 632681, 526472259, 28891491, 1338149091, 1311319502, 1336366144, 26447695, 1359559416, 28018264, 1344433793, 1302953071, 493454214, 1305366565, 471205576, 503029144, 28885472, 463877298, 514774419]"
8724188890,一个很可爱的歌单 | 你的专属日系甜心歌曲,"当你听到asmi的earth meal时，你可爱的命运转轮已经开始转动了！ 
本次歌单收录众多索尼音乐重点歌手的可爱歌曲，例如asmi – earth meal、花泽香菜- 恋爱循环、HoneyWorks – 这么可爱真是抱歉等可爱歌曲！在这夏末初秋的时刻，让这些可爱歌曲陪着每个可爱的你更加可爱！","['日语', '日语']","[1958493948, 399367217, 1996929972, 2067103339, 2052063675, 461301621, 2036200288, 1972701771, 1835701803, 2010089469, 2010092186, 28018074, 1941266022, 2025974732, 2025974740, 2025974729, 2036581713]"
2012930778,「日系」森林低语 少女独舞,"少女闯进了一片森林
这是光之精灵的住所
它们圣洁，高贵而美丽

少女独自踱步在林间小径
轻捻着野花 随着蝴蝶起舞
但这是光之精灵的住所
它们不允许族人与外人接触

少女开始有些惊慌失措
此时夜色将至 万籁俱寂
她已经迷失在森林中
但这是精灵的住所
它们善良，开朗且热情

少女发现森林深处有亮光闪烁
她随着亮光 寻到一片城墙
藤蔓在期中随意缠绕
砖缝间长着青苔和野花
这是光之精灵的住所
它们无忧无虑 与世无争


少女听到一首歌谣
她被深深地吸引着
走向声音的起源
这是光之精灵的住所
诉说着它们诞生的美丽传说

这是精灵们的起源诗
它们如同吟游诗人说的一样美丽
犹如波浪般的金发
陶器般雪白的肌肤
如同湖畔边盛开的花朵
它们是众神的朋友
圣洁 高贵而美丽

科普：精灵【EIF】

=========================================
在各种传说之中，精灵族的特质可以归纳为以下几点：
长寿（有时被认为是长生不老）高贵 优雅 聪明 美丽 
和大自然几乎融为一体，擅长使用魔法和弓箭。
居住在森林中，组成比较松散的王国，彼此之间平等友好。
精灵通常是无序善良的，他们敌视邪恶种族，而和善良种族都能友好相处。
对粗鲁邋遢的矮人也许稍有不满。

精灵族的起源
在北欧神话是这么描述的：
大神奥丁杀死巨人伊米尔之后，精灵从巨人尸体上诞生。
吸收巨人的精华，成为有灵性的生物。
其中尸体向光一面诞生的是精灵或称光明精灵；
背光一面诞生的则是黑暗精灵。
光明精灵们通体发亮，光明耀眼，长得非常美丽。
他们通常性情温良，开朗热情，能和树木花草、游鱼飞鸟彼此沟通，因此众神就把他们作为神的朋友。


在冰岛的传说还有另外一种说法：
有一天，夏娃在河边给孩子冲洗，神向她走来，她把未洗过的孩子隐藏起来。
神问到是否所有孩子都在眼前，夏娃默许。
神听了很气愤：“隐藏的孩子也必在人前被隐藏起来，不能再活在人类当中。”
于是那些孩子便被变成了精灵。
在很多地方，人们认为精灵是堕落了的天使；
或是一些异教徒死后，其善行不足以让他升上天堂，但其罪孽却也未满盈而无法在地狱安身。
于是便定居在两者之间的中央王国，成为精灵。
=========================================","['日语', '安静', 'ACG', '日语']","[22750771, 32098415, 31680146, 746185, 34169927, 34179310, 31168820, 440403793, 4922555, 803489, 35505061, 442562486, 677091, 411500873, 801248, 746252, 408440327, 440101662, 35447967, 29710284, 26377619, 814896, 830877, 29414635, 29242687, 29418292]"
2401133635,【歌姬】あよ！Ayo！元气可爱治愈消疲劳！,あよ！Ayo！一听就会让人觉得快乐的少女声！个人收集向 ，呜呜呜我恋爱了（阿伟出来死一下）,"['日语', '治愈', '兴奋', '日语']","[2079877306, 2007591076, 2007590126, 2007591074, 2007591073, 2007590125, 2007590124, 2003294260, 1980973710, 1980971876, 1962034096, 1952852312, 1952852314, 1957822359, 1957822357, 1918891809, 2011887272, 1992432660, 1972363196, 1844193671, 1874367876, 1919134278, 1918891796, 1918891803, 1870515864, 1870515866, 1870510466, 1870515872, 1870510467, 1832651940, 1832655661, 1814086077, 1814086084, 1814086076, 1809755100, 1501722588, 1494268334, 1494267735, 1479766916, 1449599104, 1449599103, 1449595919, 1449599102, 1449599105, 1416875898, 1413789368, 1449182013, 1417496489, 1384370756, 1384318990, 1384318984, 1384327048, 1384327049, 1453415397, 1384353544, 1388811741, 1384351522, 1384526362, 1384351523, 1342496790, 1342500401, 1384351516, 1384351521, 1384353548, 498286570, 498286565, 1373807117, 1365873163, 1365873161, 1365873164, 1365872552, 1365872553, 1365033014, 1365036198, 1365036193, 1356455278, 1341359790, 1332440188, 478203598, 478203597, 1320636229, 1306498255, 1306507269, 529391813, 1338140759, 1342496819, 1342500437, 1342500440, 1342496820, 1318879235, 1308819428, 498286566, 1306507268, 1311346463, 1306497242, 481523425, 1413795800, 1306498257, 558754073, 558754072, 558754068, 536570745, 529391814, 558754070, 529391815, 1302066436, 1384353549, 1388811548, 1302091073, 505399634, 481523419, 571854056, 571854058, 498286571]"
50974734,【日系】那些美到让人窒息的歌声,每一首歌都有着不同的感动。,"['日语', 'ACG', '感动', '日语']","[28018264, 27571001, 26116370, 825518, 27548281, 560139, 610735, 29785472, 722928, 760173, 29732992, 30496836, 591943, 22709621, 22770035, 30621947, 611065, 28884238, 30706129, 30706130, 722932, 403065, 28660145, 757219, 676508, 22737855, 28563164, 756701, 26259014, 30496807, 28018285, 22709625, 4930094, 591542, 621752, 540418, 27538416, 22689960, 655024, 25638306, 550661, 26144177, 624508, 584155, 26231187, 22782025, 756825, 670351, 590414, 22768901, 779569, 499188, 26418808, 22817145, 757004, 668248, 22819974, 640745, 26130496, 619763, 644315, 658418, 593955, 30251429, 28819129, 28854949, 30431340, 27971002, 752420, 29777945, 560079, 565767, 22653156, 422130, 28283406, 583225, 26313854, 29732995, 25726275, 812557, 550277, 22644447, 22797048, 28884420, 26123527, 610060, 610138, 22725491, 22696822, 610128, 26101849, 752247, 752186, 22774585, 26096327, 28029525, 27534290, 28563201, 28240366, 544171, 26597009, 29764559, 719102, 718563, 26506505]"
2078744930,「日系」开口脆！会中毒！,不定时置顶各个时间段喜欢的曲子[>\/<] 封面歌曲在350位左右 可以主页关注下其他韩系和欧美开口脆歌单哦！不甘囚禁 勇于探索！“希望我们都能成为自由...自由的...进击巨人”,"['日语', '怀旧', '治愈', '日语']","[34200360, 487280, 486712, 486806, 486800, 22654955, 557124390, 481890, 22818265, 35407878, 28918211, 481160, 26132907, 26389381, 26144177, 1952483350, 37820373, 865265, 866183, 463081399, 865251, 463081402, 865863, 865833, 2064758794, 448143251, 22637854, 817491, 818283, 22637711, 29307103, 22781103, 523596, 469508285, 523274, 469508287, 523681, 33340129, 457565, 457478, 457407, 457415, 426315858, 407902, 426315854, 407703, 410187, 574931947, 574931946, 407405, 22679062, 408607, 408756, 409040, 26902548, 408263, 407440, 30284559, 40157091, 31356223, 419485, 419759, 1819827973, 680818, 679536, 680374, 681138, 680646, 482633818, 680533, 22720705, 22720707, 5264856, 523981, 26097009, 29122850, 758262, 1407577701, 34766849, 38391352, 757753, 482636088, 523379, 26562731, 1381723556, 1388595437, 2032152688, 1980337835, 482636090, 2071177218, 1900054586, 1965068333, 1388137929, 1345488418, 1447595487, 1417453306, 1420533652, 818213, 26092384, 488388667, 818073, 817661, 816862, 817888, 818453, 22800768, 818186, 816750, 35755702, 437608169, 30612859, 770600, 22740768, 863515311, 571340974, 531051597, 26830207, 624825, 625096, 33252817, 4968352, 4968395, 28606232, 4968371, 4968373, 4968365, 4968394, 4968392, 494645682, 28606403, 483378207, 33252821, 4969169, 28762502, 28606365, 483242225, 490885245, 4968396, 4968374, 4968377, 4968363, 4968362, 4968386, 28606402, 4968387, 4968408, 4968376, 4968360, 4968409, 4968391, 4968419, 4968354, 4968415, 549076, 549153, 549146, 549102, 1845504308, 26092656, 22786083, 1824020871, 2034742057, 1500152567, 1500151579, 1840862630, 1893590234, 1893592986, 1949547498, 1803908863, 1917210512, 1893590231, 1409311773, 1500151580, 1893590230, 1417236632, 1885359359, 1929242801, 1459343252, 1472480890, 575083, 1459703378, 1825914151, 1361205029, 22737663, 22737357, 22737701, 22737671, 22737855, 22737627, 41654302, 30854088, 2031364960, 29732995, 28258452, 26380612, 27538415, 28258450, 29732992, 30621947, 1332439411, 25638914, 1346101839, 1460941355, 540042, 2029643565, 541492291, 28200261, 31721077, 26484363, 30496836, 28923944, 873709, 28200262, 426502173, 29017078, 537012213, 677264, 492738, 677874, 677873, 493735159, 460514535, 777178, 776782, 27853612, 1420082586, 1349283609, 1990154664, 776926, 776923, 406096121, 28191828, 498607, 498210, 5059144, 443070377, 4899152, 28191836, 5059147, 500014, 443070379, 22745550, 22745579, 1376264334, 796989, 1406598531, 456185555, 406846048, 543986574, 1415557638, 433223017, 30245517, 22643849, 26108208, 1845646562, 37720189, 22643858, 1837072264, 441102541, 1345652051, 453176143, 30064088, 30590161, 1342902193, 1847642478, 1345651135, 794154, 26095964, 794080, 453176145, 441102546, 1327191622, 794134, 452986329, 1302090432, 1332489513, 509135737, 509135741, 509135742, 509135734, 509135740, 28854995, 4898499, 658211, 22746142, 22746049, 22653156, 22741396, 22741412, 467773, 643034, 633849, 22782025, 28885472, 658318, 636946, 492053, 555142, 1399664974, 1325711674, 1987814537, 1416542304, 1365924378, 1395807189, 1293952001, 1294889076, 415126784, 1942237874, 1447572611, 1992017518, 698945, 449769042, 445450034, 698999, 699050, 525063503, 441116300, 36871044, 1869068541, 1354608511, 1346929068, 511920762, 1898208099, 1898208097, 1898210903, 1942707730, 1382730835, 1905680651, 1905677180, 1905677175, 1905680642, 1905680655, 452607437, 1905680652, 1905680654, 458231418, 32288346, 4938622, 1336999217, 1302066606, 29270422, 1411718830, 29392024, 26155882, 29392025, 27678289, 28633433, 34338927, 1912847691, 1456661718, 1903635253, 1395766828, 1486810810, 1347630432, 1299557936, 1382838382, 1960117451, 1954437911, 1489254523, 1840383399, 1970954341, 1970954338, 1961617004, 1970957039, 710863, 1905011583, 1905011579, 420134129, 1934028291, 693744, 31477709, 488267633, 448316055, 1480366978, 1477525474, 1965069143, 1482186673, 1899066528, 1961886887, 1938220659, 1860518726, 1863294322, 1451131783, 1471838249, 1370933181, 1447257865, 1803516392, 1844157299, 1930772315, 1930773669, 1449536597, 1449537106, 1449537101, 1449537108, 1841909290, 1942372651, 1842206976, 1953591437, 1444777986, 27495025, 37955171, 432821964, 1935948260, 1410768741, 1329135338, 28483032, 426881487, 1418457693, 1294889666, 1357774614, 640295, 1863992289, 28480822, 36103064, 1379895606, 1886706918, 1396023735, 27752686, 531040865, 491294358, 733203, 1914692654, 1914692652, 482386622, 443876269, 29953186, 1467909540, 408522406, 1348847724, 1884490658, 1337020303, 1875277877, 1875274252, 421807923, 407485316, 1370967419, 1370967421, 441116593, 35807024, 1363655701, 26243125, 25845601, 1882319597, 1852014875, 679190, 1852015995, 407450584, 1454107043, 1454573252, 28126234, 29953180, 1433315272, 28018103, 26598008, 533943754, 793414, 1298775007, 35807023, 35807021, 29463327, 28274352, 28126240, 407485314, 28274361, 407485308, 520274133, 552084592, 494330908, 25845599, 441120554, 1852015837, 680615, 494407379, 546723072, 1456659563, 1405908457, 466795751, 522511104, 466794736, 503127105, 546730079, 444548574, 489768270, 1486763292, 1361013767, 1375909717, 1313107338, 549664122, 1390026740, 549664110, 1440648326, 1412434391, 571340127, 1412434510, 1412434511, 571336161, 1412435064, 571338150, 1390270257, 1412435114, 571339142, 571338148, 1412430004, 571340126, 571336162, 557583051, 1390269462, 1412434385, 571340128, 1324271679, 1811719696, 461005, 460638, 1838908893, 29583959, 27969933, 28480834, 28480829, 1819191389, 1817104024, 1810913539, 740530, 712116, 22814470, 479938484, 1444648358, 22709841, 22785954, 812400, 463673252, 733079, 1806912997, 733149, 632282, 632681, 632817, 26432340, 36621810, 29719957, 27678369, 625750, 553543187, 1331310670, 1481710228, 459925524, 1311347592, 445664116, 445664114, 405998839, 30967154, 426850114, 405998841, 33085234, 1293905031, 27506155, 538290027, 1351921664, 1335639787, 1323301919, 515143177, 1481370191, 1459504983, 501640, 1429414553, 1415966135, 22682066, 1415756588, 547202, 547199, 573168941, 551338735, 536570516, 426501183, 34229500, 1308193770, 1308187350, 1363677518, 1332970979, 1307223125, 509728520, 461301624, 475279331, 26114939, 662717, 865021930, 446935665, 35090756, 22808226, 399249, 399254, 520062832, 500686349, 34852499, 1320097223, 460528, 27548281, 29713638, 27548258, 437802818, 461332285, 461332278, 522528589, 1416875904, 28872633, 488864, 27588106, 1359559416, 29966706, 599809, 399367218, 857606, 473403600, 468490592, 424262056, 448916487, 28283406, 1421603625, 1407187463, 29005027, 27514920, 628591, 28738761, 29027056, 29828278, 30780517, 488388731, 1342949573, 1342950406, 1293904824, 769672, 28018264, 498880661, 36841050, 558492524, 28709056, 481523504, 31648216, 776039, 29744742, 27984091, 28378006, 816448, 1354016079, 22845947, 1401024206, 1372726248, 473403775, 41416580, 476638469, 32102048, 27969002, 26209407, 512376195, 29379816, 454966066, 22767715, 408328050, 509106775, 488388942, 28240055, 26215392, 26194339, 22730174, 474567613, 479938319, 487003529, 28288854, 28285738, 26386033, 792267, 792310, 559659, 27971007, 28240362, 27901487, 28390041, 28390042, 27955405, 402073227, 28018269, 410446429, 32405870, 26209769, 32857659, 32432250, 32432248, 501133514, 28191523, 27901389, 32432249, 1378492147, 1378491298, 1378492142, 1378491296, 487527291, 450795499, 26349198, 446627347, 26125629, 22803891, 22803908, 26201979, 41666353, 1306000879, 4987489, 31010814, 27937297, 1329359518, 1329360251, 1329360252, 1329359777, 461728744, 856722, 721137, 482636058, 496569112, 496869422, 26590305, 514774419, 560079, 476081899, 426027261, 536623501, 32358691, 476081893, 441116287, 26116370, 559760, 27552690, 28987657, 28234361, 534065323, 1305366565, 34609129, 40915694, 31421442, 1297742399, 1311131081, 863974, 32317208, 443875380, 566212, 618325, 644550, 436346195, 22709835, 22707009, 760533, 33911781, 28151022, 742265]"
2231195732,日本昭和系，平成系经典，日语歌。,"沧桑声线讲的故事。
有悲伤，有遗憾，有快慰，有果敢。
哭啊！笑啊！
“如果人生再来一次，下一次我还会呼唤你的名字”","['日语', '怀旧', '经典', '日语']","[663631, 574931946, 1459603014, 543798303, 1406312967, 32317208, 22817139, 488388942, 4903241, 656537, 523596, 1472480890, 1422992406, 492720, 27615057, 35447758, 4899624, 28063309, 651324, 583889, 477738632, 1432427981, 22704982, 26470970, 22660259, 411613, 1375305989, 1849068817, 433785, 433675, 672188, 22733413, 28074427, 33497228, 559760, 657087, 28018264, 28661197, 30569513, 22707009, 584155, 408328050, 484249940, 22792955, 471987, 31311742, 31649308, 587815, 33861559, 26116370, 22690848, 719102, 26239032, 417243706, 626094, 442589034, 33223345, 640545, 640216, 22701029, 756701, 31649312, 26127075, 22737627, 820665, 1386011473, 443875380, 591379, 1338264578, 515143064, 1884490658, 28056707, 22749612, 1881720472, 412034, 1478626970, 33075139, 710863, 29785409, 459925524, 662650, 28018269, 28319977, 1397097038, 426502173, 534064298, 22753511, 711361, 22826680, 431395349, 27896753, 713421, 1401082412, 27969769, 27121761, 28272051, 420500576, 22650964, 552372, 1383742274, 1334859639, 26135813, 26135815, 1397515644, 25780448, 28409128, 422260, 756728, 470736372, 668248, 5004257, 611065, 22654115, 422453, 25986004, 413961275, 413961276, 656450, 1321382214, 663773, 1817458262, 410925730, 28566356, 526656, 446935665, 455502615, 455502617, 591585, 632692, 22777398, 22777442, 423365, 460628092, 812120, 863489235, 32924172, 863703, 30854469, 30413171, 28068446, 27548281, 409926, 409912, 812400, 413961292, 22742166, 642918, 642915, 702147, 633063, 27853565, 740699, 866183, 35345760, 610661, 509273, 580129, 866434, 1470913119, 1380355904, 1376076806, 27630046, 31645307, 22803756, 487618, 22781103, 407440, 627563, 22803071, 416883, 22720600, 4913025, 28461702, 486712, 523223, 22710968, 5000646, 28461715, 567101, 22760128, 22807971, 29436608, 480803, 817661, 403350, 652264, 585097, 426315845, 22663614, 679563, 523684, 818186, 29587167, 523677, 29017261, 407923, 523381, 624577, 469508283, 658318, 454675, 524762, 408811, 523375, 426315848, 523760, 454813, 680380, 27591484, 27591488, 27591479, 26097006, 22679062, 671033, 29122850, 524070, 680374, 454180, 408576, 26097009, 679536, 847659, 26530118, 865251, 659350, 523877, 30413161, 34964457, 22638220, 601809, 666830, 26144177, 740558, 628395, 524080, 29769623, 754053, 819097, 795595, 486800, 759737, 480766, 4905731, 521064, 4880431, 606144, 457415, 709658, 28305923, 27483154, 613188, 22685914, 567889, 567832, 569749, 523532, 28714646, 22649440, 30089135, 281096, 228472, 447009, 446297, 22683759, 630252, 630003, 22801957, 612705, 5338135, 414613, 412504, 22774365, 487603, 610799, 28566363, 867669, 658916, 658572, 659423, 586141, 22768578, 22768587, 22763368, 22662523, 864432, 22662521, 491857, 414721, 454810, 454909, 409235, 782125, 22825499, 720327, 618285, 818283, 624825, 653340, 22822432, 480846, 480852, 28762799, 481276, 480882, 669303, 607892, 734497, 654873, 642283, 643955, 642247, 486806, 712268, 712301, 22695517, 695020, 22646022, 740765, 25638306, 419862, 409040, 648640, 648570, 423841, 523379, 615940, 525444, 524477, 681138, 22720664, 680646, 22720709, 680099, 523773, 795321, 795808, 795767, 795664, 410334, 410548, 426315858, 694660, 694286, 22754665, 467843, 718563, 503916, 28432731, 28547424, 817062, 712682, 712228, 667192, 624384, 550667, 22821334, 624895, 620487, 741963, 598740, 418438, 22754579, 666746, 798193, 27090440, 524331, 28108512, 26303262, 28918211, 481160, 741967, 408776, 670000, 757782, 758262, 22658523, 22658608, 29769654, 26121602, 4910546, 22655514, 22824940, 27632799, 753801, 753640, 753620, 22773568, 22773552, 26110444, 663762, 4910557, 599055, 523934, 595682, 4913023, 413214, 412431, 28885472, 28056705, 618414, 435973, 22646018, 566520, 567919, 22721382, 22746144, 34880659, 22773682, 4910553, 26085194, 22653156, 408263, 27627890, 805470, 624662, 403136094, 601381, 28828346, 604877, 22696713, 508733, 22805440, 676224, 29582939, 639338, 601370, 22722696, 35804089, 22727231, 819537, 817491, 701644, 701639, 22774379, 486934, 454834, 27946899, 27676599, 764828, 764810, 764826, 638353, 638385, 638400, 22641785, 22663357, 22783456, 25877373, 481890, 482172, 22709504, 624802, 853526, 26387278, 538183, 625091, 26389381, 423123, 22746142, 595199, 523567, 22724150, 603237, 22676620, 32358161, 32358160, 681249, 753611, 492053, 523556, 450694, 450704, 681412, 22773649, 483880, 703000, 22690542, 22741412, 558373, 636851, 636946, 636165, 22740392, 725873, 624751, 28192191, 601630, 722148, 28977286, 22766090, 601548, 661717, 624160, 22762478, 26112865, 512776, 22651569, 32288964, 593007, 35407846, 524640, 22815818, 523681, 848332, 753487, 523981, 467773, 474556, 28947128, 22720705, 722055, 636176]"
2222077236,「日常可爱」二次元萌软妹&电音♥,"我希望你能时不时在我面前表现得有点像小孩
·
能和我经常讲一些小事
·
和我讲一些废话
·
聊个没完没了
·
有时还能陪我一起幼稚
·
喜欢和讨厌都能很自然的说出来
·
真的好希望~
·
作者：有好听的歌曲可以私聊发我哟~","['日语', 'ACG', '电子', '日语']","[1399796485, 1813987184, 1438500079, 451113657, 423228564, 1350705537, 27488656, 1374489488, 29753404, 1351240456, 1345076086, 509728521, 1302084483, 22660296, 1316589134, 1939845159, 1302274015, 534064135, 461518665, 459115010, 1299295064, 41416576, 557584116, 461124817, 447280094, 1384318790, 417250297, 1349500180, 404783172, 26115404, 440767322, 480097172, 448316040, 507116307, 448316045, 411214035, 1342950406, 1346946492, 425684360, 404783323, 531786301, 28821666, 34229500, 493454214, 4919431, 1326088650, 471968484, 420134624, 1309853414, 446512251, 416552622, 483242395, 485347361, 477839691, 27506128, 41636063, 415792667, 33469659, 470407893, 497745457, 443277368, 523251393, 528270625, 534541500, 435004233, 498286648, 692193, 514055326, 448317244, 520461955, 536570531, 408332583, 427419509, 418708385, 460528, 509106775, 809268, 28018303, 424262056, 415792047, 415787008, 29777035, 27719864, 527840582, 28387586, 517548482, 36357826, 515351, 29848622, 419254115, 495800328, 411500427, 496869422, 540027, 461011, 558057798, 543430702, 520461943, 478303470, 506520164, 414980995, 405599092]"
5294543449,只有二次元受伤的世界达成了です！,哼，哼，啊啊啊啊啊啊啊啊啊啊啊啊啊啊啊啊啊啊啊啊啊啊啊啊啊啊啊啊啊啊啊啊啊啊啊啊啊啊啊啊啊啊啊啊啊啊啊啊啊啊啊啊啊啊啊啊啊啊啊啊啊啊啊啊啊啊啊啊啊啊啊啊啊啊啊啊啊啊啊啊啊啊啊啊啊啊啊啊,"['日语', 'ACG', '日语']","[432486474, 22677436, 1868486, 26289183, 2083487769, 1321543977, 1965566679, 2100202477, 1972389813, 1849309117, 2032748562, 2046795079, 2065281614, 1956653431, 2062132852, 2037085150, 1978611826, 2052933626, 2042620636, 2039118938, 2058345064, 1888864514, 2085560360, 1424028303, 1351240237, 2085067746, 487527980, 2061225325, 2085679258, 2068041065, 2058263032, 2075856479, 1986436509, 30830853, 35253562, 1939401645, 1971681189, 1933503583, 2086529025, 2084103006, 2083182016, 2084034562, 2043976339, 2003496765, 2060045141, 1913457202, 1372315637, 2071860008, 2063857766, 2071866065, 26085473, 1830411327, 554244296, 1830411330, 1456086907, 2051328176, 1905885307, 2063755887, 1415072449, 2000069802, 1453114195, 2026660742, 1991012773, 1939575649, 2055244250, 32235890, 461519298, 1486506463, 1909388206, 1934998301, 1899337495, 554242869, 1887467088, 865021071, 2034742057, 1893850481, 1944633253, 2025994924, 2065559317, 1971639504, 2033878965, 2060973088, 1818064296, 2051317320, 22765948, 22766039, 22765951, 2052434382, 1968702735, 2031870107, 1817448011, 1983277499, 1905070117, 2034571586, 2034742283, 2000552981, 35023412, 2044796386, 1985653427, 1850977722, 2019176310, 2035119667, 1995633603, 2021840298, 1388995746, 1384484611, 28445998, 28167582, 454231736, 2001618064, 2013726927, 2029875907, 2019338675, 1896176735, 1847670091, 1983292460, 2034851939, 2030808647, 1485319473, 1946253487, 1960102245, 1958727940, 2029212574, 22636603, 1938896121, 1911300549, 1838030532, 1988588541, 2029895034, 2026565329, 471795, 1365872552, 534064298, 534065323, 497463996, 4950235, 17939827, 22636615, 1501447576, 1403215787, 1865222528, 1825071525, 26438334, 1890378872, 1879331644, 1846296250, 1979045976, 1859414369, 1483521390, 1889184941, 1939974959, 1901657639, 1900008755, 1454942705, 1983780234, 1929061706, 1959617542, 1849700898, 1903028897, 22810670, 2014226860, 1959348841, 1999309754, 558754072, 1825056882, 1940941122, 1921984874, 1905487451, 1492489325, 1921983207, 1935845538, 2008523829, 1937951344, 1979375472, 27434215, 1496089152, 1449599572, 1456486939, 1895145666, 1999301446, 496902790, 1986732081, 1876028528, 34152575, 1945856448, 1983779690, 1994723365, 1366716165, 1941347910, 1950028990, 1944863562, 1453323427, 1990571322, 1983789576, 1992029350, 1824921181, 1976813348, 1862822901, 31152830, 1866889361, 1937442721, 1976353289, 1970535364, 1983292457, 1977959306, 1984836191, 1986803568, 1905586708, 1969424567, 1974910967, 1915652229, 1977497577, 1824020871, 1966766526, 1399849876, 1969357750, 1907015019, 1971885393, 1986002384, 1970303952, 1968735700, 1968598144, 1941325363, 1839474019, 1951285318, 1924806751, 1911300552, 1918884502, 1907751320, 1913836762, 1960632172, 1971144923, 1971144922, 1439814454, 1935792685, 1959853521, 1901735633, 1417673643, 1900171627, 1904211789, 1958642112, 1934040477, 1913832582, 1969488000, 1884284841, 1968735701, 1969551854, 1963526955, 1950924973, 460528, 1966226847, 1934049178, 1954119959, 1961831205, 1964248279, 1968613039, 1924765006, 1883383605, 1935648709, 1959715041, 1888066083, 1912598037, 1963685523, 1879331969, 1875436617, 1961784984, 1973016324, 1878313261, 1971117689, 1501722588, 546724682, 1893827753, 1904998305, 1962744445, 1900172235, 22821014, 26310273, 28303298, 1964271161, 1332628714, 1831544363, 1946812567, 26440351, 1896917200, 1490098734, 4884203, 1824822104, 1899424744, 28029514, 514765051, 1907752043, 1338264578, 1862516716, 1826138323, 1904248671, 1885359359, 1934785997, 1930772529, 1852575693, 1867091170, 494330027, 1468507855, 866049107, 1831013049, 1386011468, 1858696234, 1936310623, 1942756066, 1477335725, 1817740183, 440411019, 1923751777, 1924741104, 1478636, 1942372651, 1904890902, 399367218, 1830037405, 1840862630, 22699130, 1892822432, 1902224491, 1865928065, 1860608179, 1874071402, 1913268085, 487527981, 1862298533, 1881405459, 1903716814, 1841353356, 1879917749, 28387072, 1915013179, 1912642513, 1826138310, 1841909290, 1453381155, 1867921493, 1416398986, 1482193341, 1859603835, 1868483, 1855953084, 1865098460, 1919117188, 1915838141, 1869929814, 1460626792, 1897084229, 1844149254, 1462389992, 445845838, 420134129, 1473870211, 1895261682, 1838448806, 1882069249, 1465292956, 1874298270, 1817734454, 1864918995, 1912294370, 1912986259, 1834324013, 1860652524, 1915002109, 1895704758, 1836984241, 1804885911, 1893592988, 1895077481, 1835698351, 500913304, 459717347, 1455699833, 1299557936, 1381496467, 1902725966, 1864338286, 1913278640, 1892621400, 1838013872, 1467909577, 1489254523, 1859439505, 1869929853, 1913466746, 1915079946, 1917552564, 1890001608, 1884444821, 1294924564, 1294924565, 651241, 1345485069, 1891941284, 27198673, 1868553, 18317148, 1907698880, 608404, 460476149, 32639106, 1890402858, 1896204871, 1893260974, 1893549660, 1842102768, 1846677716, 1851498801, 1894639036, 1883633155, 1840647840, 1486767553, 1814040682, 1407263772, 1859459105, 1347526531, 1864338278, 1453114196, 1824770619, 1842561049, 1887287780, 1856722728, 1864226365, 1860521634, 1867557828, 1891236796, 1468721426, 1804888685, 1842537670, 1872353950, 1853173505, 1405854855, 1489519134, 1347526544, 1835573250, 1874743795, 715785, 1874595288, 414826862, 1400229148, 1867498207, 1865822253, 1494001389, 1848778332, 1842537672, 1851983148, 1859603833, 1867863168, 1859602507, 1492827692, 1832675225, 1854506180, 1824981911, 1842115208, 1500151581, 1832866475, 409872504, 533522192, 1356295672, 1834324214, 1834325747, 1851994664, 1484409732, 1323304363, 1428834261, 547099986, 1860567964, 1851497550, 1422763856, 1847255990, 1851022762, 1804888684, 1438227450, 1824982177, 1468687074, 1487533794, 33367339, 26124987, 1845762728, 1830409083, 1805823160, 41672434, 1824990703, 1824707086, 1391282847, 1406509710, 1832381235, 740765, 1490097840, 1813850521, 1826139261, 1849667842, 1825037926, 1403774122, 1365609604, 41650120, 1806738065, 1437285525, 1313897517, 1386011473, 1803908863, 1420533652, 1417621861, 22814474, 1393333467, 1804971143, 1834823818, 22660461, 1396522693, 1305993204, 1477239267, 1828858733, 1477342160, 29758079, 1501450522, 1465548364, 444058092, 1496338103, 1345921177, 1490097841, 1469844797, 1357953768, 1335373478, 32046764, 1375725396, 1452449052, 1396343703, 1440693335, 1361997666, 1389088985, 1317505406, 1818580985, 1449595919, 1500151582, 1363303393, 1423299026, 1421345210, 4919447, 1316866848, 1812282949, 1335362744, 28445999, 480409568, 1461666438, 38689229, 480409569, 1817410055, 1484336476, 1501212275, 26608720, 1306507269, 1342361098, 1343016814, 1417885192, 1397619674, 27548257, 1815684465, 1498773818, 557584656, 30148963, 432486470, 1385116338, 27853410, 28267742, 1325898759, 546730065, 1363303397, 459717346, 1363677518, 1339027585, 537637239, 29713217, 1294889666, 766287, 37091433, 1342362105, 1460240705, 1342500435, 1804798487, 1501491779, 1486106274, 526472259, 1325898763, 543413689, 491703215, 1500381809, 1409311773, 1498656272, 477850356, 1475921632, 1475921633, 816040, 1492455410, 1403150208, 1321385655, 477844082, 1401241970, 1398575490, 1356124893, 1365031486, 517713198, 447280094, 715778, 30148635, 436016478, 487527164, 1466597807, 1466597804, 865998111, 1459343252, 1444071945, 1466598057, 1487550556, 1466598053, 1466597805, 1365181736, 1466597802, 1381723926, 1448284210, 1466597806, 1434062381, 1379821181, 525565562, 1313107930, 548890933, 1445139782, 1351559870, 27108022, 825343, 1308819542, 29713168, 1381562764, 407485456, 1338837804, 651756, 851062, 1302953071, 407485172, 22705495, 1365933510, 481523419, 459925524, 1443613262, 449118497, 1305366565, 452814866, 529391584, 1380435885, 547973138, 1338355334, 534539245, 507116307, 22765923, 38689090, 1365873163, 526470250, 1294910856, 411236730, 528294597, 537854739, 28258085, 554146664, 732372, 1390397310, 1294899572, 1316563356, 407485463, 1361411176, 1349323525, 1301861993, 459717342, 865048551, 1327337964, 1321424112, 37955171, 558754068, 690043, 445844898, 22765913, 863423, 28590199, 521776052, 445450093, 1441660954, 537854742, 1313897524, 431096550, 28181959, 28098584, 40915694, 1323303521, 32098085, 22705492, 1342005177, 549403197, 569200213, 532874, 455500439, 1339029454, 461301515, 513336178, 1357399415, 26082820, 515452664, 484249940, 1302953068, 27590550, 27602841, 459717341, 28186750, 569212211, 1308818546, 1306072795, 34003791, 512376195, 1382734251, 1309821542, 1367384020, 1419023911, 1345508968, 1417849873, 537854738, 1418457693, 31648216, 413077824, 28445990, 41672435, 526464315, 449578849, 1361997680, 730744, 496869422, 443292321, 1305366759, 528478707, 1318880077, 435278010, 1365864268, 431259256, 1325357378, 1326918144, 445886110, 1311345944, 19945726, 448916060, 465920383, 4968857, 1342950406, 532936, 1302066436, 29758076, 1335797413, 508379149, 1351994425, 488642006, 1364261872, 1307030379, 438981332, 30053245, 503127102, 428375160, 866049114, 492834361, 32098083, 857619, 687420, 1345368792, 34169530, 547971129, 503853911, 1358226158, 1369903412, 1407214788, 27090345, 458507422, 1373266565, 1349462782, 26830207, 30621332, 28547102, 572354726, 863528, 1338490248, 1354451040, 461518665, 29732992, 643982, 1356248072, 1297747157, 29713169, 1347159306, 530986958, 595024, 1341637577, 1338140759, 28891492, 512376191, 1351255013, 29582961, 547971131, 536595807, 441116605, 1311345114, 1440648326, 1372726248, 27602839, 29436825, 31719501, 1347846723, 1387775103, 574919992, 1388148523, 1325879036]"
147189762,最好听的动漫音乐,"全歌单无凑数，后面也有很好听的歌
有推荐的可以评论一下喔~","['日语', '学习', 'ACG', '日语']","[2084034562, 2057696725, 1980337835, 1970957039, 29307041, 2081206110, 1984758339, 1990743306, 2027067479, 1992691782, 1824020871, 2034742057, 1992343682, 41650192, 496869422, 29027453, 811995, 1803908863, 718765, 28949182, 28828712, 22642372, 668479, 41650131, 508053232, 492712, 426881505, 27566614, 636882, 41650175, 28828716, 36271326, 35023412, 29095230, 1420533652, 426881503, 32752002, 22731495, 657666, 22642386, 552389, 29775400, 2010946806, 4990424, 29550217, 22731482, 426881502, 4940920, 725680, 725273, 29535455, 28445545, 41650255, 488388727, 32046464, 498139, 22731471, 29379375, 1905011583, 541131, 662717, 28445796, 566888, 454427, 29758107, 548145339, 548145347, 26562722, 26562723, 478736276, 34179228, 600347, 531174839, 1824473220, 26209766, 28411789, 548145344, 22790777, 33861445, 26324043, 27580185, 1844512823, 28241236, 548145352, 536817, 27599915, 559904, 28287612, 1948890125, 28381516, 1449790486, 28445787, 441736, 590475, 26214699, 27713143, 31649311, 1367333216, 413961906, 534065323, 1322356618, 426881506, 28563214, 426881500, 32358691, 29732992, 640565, 650509, 1897084229, 1397097038, 28823239, 26118081, 1962373924, 29794281, 414826603, 536623722, 455502615, 22742166, 636760, 28411784, 29129722, 1835620479, 409872504, 498163, 1388185341, 28713537, 825646, 1891432298, 30251429, 417613399, 411349068, 29307043, 29027056, 560108, 722928, 27901389, 27901850, 639976, 28152391, 29718090, 22817506, 29027456, 4934926, 1336871182, 559760, 1375305989, 28445779, 26219464, 1343276979, 28631393, 470547035, 476646820, 473964449, 28018269, 616006, 505336, 26085650, 487003518, 460638, 643982, 536057, 409647587, 498929, 33911781, 672188, 725692, 22759870, 27548439, 28481337, 28819129, 31967335, 30053349, 22745971, 26323039, 4937707, 26381196, 26584165, 26201877, 608667, 4973193, 662687, 31421226, 22646644, 22797664, 22694499, 26167432, 498096, 677287, 589338, 644447, 732904, 31514946, 22771653, 498181, 644183, 461005, 724956, 566276, 26380298, 619711, 26118370, 28234419, 28661196, 4989159, 27615300, 26124555, 28563165, 471795, 623293, 29599111, 4936484, 28381224, 847659]"
946163614,一个能让人清净的歌单,码字用，防止看着wps闷挺（来自某个萌新写手）,"['日语', '安静', 'ACG', '日语']","[2064724623, 2016988838, 1992342670, 524408543, 1859954221, 1980986120, 1849687368, 1471079461, 1818596984, 22660461, 22754961, 22754969, 1446131098, 467826361, 458449169, 1462068030, 27984994, 460319, 858084, 1346961369, 1339234095, 1449006094, 519523888, 1346169330, 1353896528, 1355167605, 1359353942, 1444409995, 437250686, 1344515301, 34509092, 484249937, 484249936, 1332954546, 1351255013, 1328896473, 442853352, 1370296051, 1384290312, 864107537, 479304460, 30398710, 428591415, 1355252398, 1305611314, 442853350, 1379215154, 1378491298, 28613599, 451006208, 30798757, 544008274, 1318309030, 437250682, 28695643, 525868247, 28959255, 462346705, 1339044717, 427015527, 432430639, 409020556, 523042046, 34341508, 545825923, 425570291, 1329670842, 1353060119, 536623722, 1299845105, 435996707, 1346909425, 1357647170, 428390382, 1354451040, 656405, 28757341, 1316582986, 522529624, 442503044, 502784633, 34200047, 29274639, 1355421725, 459169285, 484249940, 433223013, 803988, 468023055, 730677, 1302953072, 435872450, 560693602, 552841191, 547624355, 1321382550, 512797561, 445886110, 443194288, 553140030, 1346432423, 454356418, 1310129667, 477794976, 428391496, 1302423629, 537854742, 490575692, 546282212, 465262028, 1315559971, 457487948, 495672548, 862857566, 31234242, 490717590, 518004941, 449393480, 512376195, 436394088, 425828967, 474659392, 456313527, 1298985612, 443205016, 480277324, 477905651, 37202346, 456663674, 22652544, 557850421, 1317945746, 34341533, 30854582, 36871044, 557753401, 459925524, 30612263, 444003868, 1302953071, 517723917, 640280, 448155, 41662434, 537854740, 554575741, 427139224, 536623501, 1302621712, 466572339, 543438386, 1303296958, 509695240, 435872407, 540657111, 498134, 515488160, 493742193, 543612338, 440355687, 624751, 1295782825, 444706077, 455812792, 1309821542, 573309657, 455358996, 465213353, 435948379, 505494315, 470739241, 444803140, 419254309, 38679894, 4936678, 560684755, 27493107, 465807622, 409650501, 41462778, 489970554, 1297747153, 26608077, 469314032, 500246557, 28875230, 557224151, 564999, 535990, 1294924565, 1294928683, 676568, 448413030, 512440169, 457425028, 495652392, 26209670, 544233544, 419594624, 460362435, 454268373, 468517764, 537854741, 700032, 552935520, 550748462, 438904207, 459894477, 445505669, 442016694, 658318, 444706082, 459388090, 437752011, 444706081, 437752010, 456859926, 435996701, 41666359, 461072803, 437387593, 621102, 450993361, 453589566, 504228261, 501291909, 540367439, 22779591, 543681750, 36578532, 440355690, 511759501, 421934289, 39227514, 405612712, 583577, 499885906, 429461409, 32977725, 427609397, 476081894, 456312711, 498040743, 440355688, 446247397, 529316794, 449320011, 454359037, 476081899, 609890, 534064298, 489970553, 533450520, 502233258, 523218066, 525239512, 459115010, 534065323, 489970551, 492257218, 33916691, 496836172, 532418047, 464916877, 446935665, 676508, 29582966, 33737578, 444356975, 532950283, 445816309, 456057556, 30431340, 452986458, 25640582, 512733081, 34204196, 443875380, 443291190, 26101850, 746252, 500224267, 443291188, 435948351, 445198021, 447506014, 33233915, 457567102, 506066368, 472137187, 490186189, 423703993, 456388489, 26131698, 399552336, 640866, 512966267, 496869422, 465266014, 435948383, 461194036, 445546970, 480428670, 34609135, 32648717, 41666363, 445816335, 26118113, 429459502, 409654891, 4937357, 497506422, 477324513, 446627347, 450795499, 435948605, 504916651, 31861287, 26447701, 668118, 501900877, 38019596, 28563201, 425684779, 31421442, 28445949, 28699611, 442562811, 510371017, 27759600, 41666353, 506539946, 28875390, 476731605, 442016995, 437250607, 427015308, 4884864, 28288854, 30284319, 31421454, 579954, 409931708, 441617355, 450387538, 29095492, 407039301, 462686590, 464647447, 440241194, 22705492, 401249592, 429460399, 437250669, 672188, 472742361, 403136094, 28466066, 460310, 469719260]"
2767701463,一首玉置浩二一首德永英明,用好玩儿的方法听好听的歌。玉置浩二，德永英明歌曲，同曲，同名，同字，同主题，或者同目的(如为父母所作)，或对仗(朝阳/黄昏，for you/to me)等，还包括少有的收录CD的二人合唱.鉴于一般喜欢他们的都同时喜欢他们两人，这歌单的歌请一对一对的听吧。,"['日语', '流行', '治愈', '日语']",[]
4874287894,【日系】带上好心情出发吧,双脚变得轻快，触手可及的蓝天，忍不住的把阳光收进口袋里。,"['放松', '日语', '流行', '日语']","[1917242647, 1989047984, 2003496380, 1358912769, 1824781005, 441489617, 1446970659, 2022402988, 2023084071, 4950246, 2046420155, 1904211789, 523567, 22713387, 22710054, 1962754715, 1837210628, 862100805, 1930010660, 804196, 29718053, 818073, 610565, 1888864514, 1333341557, 445089, 22720705, 2066692116, 486806, 1862533181, 1928366088, 34274948, 488388946, 1474042368, 33789470, 446297, 1842206108, 1320081203, 1923188317, 587211, 28798666, 862102817, 26418808]"
2474705258,『日系』学习绘画放松必备,"日系 学习放松
佛系更新
感谢收听
有喜欢的歌曲可以私信我添加哟！
或者不喜欢的歌曲也可以建议我移除！","['日语', '学习', '工作', '日语']",[]
162492929,世界水准的J_ROCK，日本摇滚的经典侧影,"日本是个极为开放和发达的国家，现当代文化艺术界取得的成就令人侧目，设计摄影美术电影（也许如今有所衰落）……都踊跃过许多的世界级艺术家。同样繁荣的当然少不了音乐，日本有着世界上最好的音乐版权保护环境，以及世界前列的音乐通识教育。

说到摇滚，日本国内有数量庞大的超级乐队和歌手， 了解日本的应该都听过涩谷时尚系新宿视觉系，没错,多数人一说JROCK,就会说视觉系摇滚,这种风格的鼻祖是日本摇滚之神X-JAPAN吉他手Hide（松本秀人），源自于华丽摇滚，继承其表演时需要华丽而夸张的装束的特性。视觉系是表演风格而不是音乐风格， 视觉系王子，日本著名音乐人GACKT曾说：视觉系只是赋予音乐一个外貌。也就是做哥特音乐时有哥特的视觉效果，重金属有重金属的视觉，万物皆视觉，也非视觉系！当大众以为视觉系逐渐淡出时,其实是视觉系转变了,更贴合音乐了,我们不会想看到妖魔的造型,而唱着轻柔的歌。希望大家可以通过此单来感受日本摇滚界最强以及真正的世界顶尖实力！让我们来感受激昂的爆发力,轰炸我们的感官，找回我们的青春和激情！！","['日语', '摇滚', '金属', '日语']","[33469856, 34723377, 829361, 22736899, 4947710, 22668844, 1430652542, 1400449914, 22652649, 37653591, 22748003, 770273, 22774183, 22819310, 473964521, 22651264, 463268148, 28636039, 721137, 682134, 32019707, 22711282, 26112304, 28854720, 1338146008, 29775865, 487598158, 1306507575, 31684202, 466794934, 466795955, 402298257, 1440569734, 841417, 502455448, 28577558, 27599776, 22733726, 829958, 734353, 734541, 1345508968, 41672434, 22768778, 413077430, 714434, 417613399, 838500, 22736694, 830660, 29492329, 444267785, 681053, 461519452, 776782, 482633247, 845325, 33419747, 22787674, 3998837, 441116300, 36871044, 22768523, 29460082, 421486520, 22820753, 416011188, 32648551, 1348431322, 22814470, 22682061, 22676131, 1372726248, 820267, 719102, 4969760, 736064, 31311449, 4950244, 776622, 776668, 22684158, 27969776, 845316, 22651697, 809083, 843506, 424264520, 22795302, 22696698, 22636279, 3410793, 27969909, 22781037, 22781103, 26193709, 420922554, 797893, 696429, 753882, 4899166, 1399486867, 26129952, 22668285, 741286, 22695948, 27663665, 22763344, 815824, 778625, 812400, 794080, 22692137, 22821216, 865251, 22723096, 421997, 22723677, 26149714, 26149717, 22651759, 22763202, 413077249, 32648315, 415786427, 28241265, 779765, 22692155, 742712, 818073, 818186, 26425426, 22795233, 28228003, 22803074, 29401732, 838112, 26082820, 27771266, 22736708, 406096733, 753002, 817062, 22668229, 798135, 26133588, 26115847, 26127508, 26209407, 26123040, 30590182, 811995, 794745, 831421, 702988, 799225, 32544950, 812276, 805122, 29436956, 22637814, 22790363, 22687362, 22802359, 22674876, 790550, 687815, 29709679, 782398, 22794164, 29366679, 701401, 404768, 842945, 736072, 816765, 778499, 22760766, 29785615, 772566, 861455, 28819411, 27866687, 22682074, 35847074, 20797627, 539872, 678172, 28577954, 22635559, 29462888, 464997, 31446152, 22692145, 22692139, 22648714, 32465797, 421908, 421852, 39227389, 28100454, 28726960, 28727008, 36668938, 29785610, 710927, 779740, 26219759, 865245, 36509050]"
8793237958,悠闲时光 |  樱花雨下的清新歌声,樱花雨下的清新歌声,"['日语', '流行', '下午茶', '日语']","[1378491292, 1383736734, 1387098938, 1457526281, 1416355939, 1407263772, 1447594669, 1815901850, 567832, 476081906, 1355979244, 1366904119, 2034894619, 28283602, 523981, 37955171, 1387098936, 1401024455, 1410460107, 1458889253, 1428275780, 1980986120, 1387099649, 33516497, 1489519134, 488256310, 1842102768, 1821815008, 1844956745, 1835698351, 1842115208, 1889339132, 1397619674, 1855293534, 1854474192, 1876028528, 1937930080, 1485319473, 1830636201, 1360592706]"
4874760334,‖椎名林檎‖从入门到痴醉,"记录一下自己入坑苹果的心路历程。排序大概是我了解她的歌的顺序，没有好坏之分。

从她有名的歌开始，到一些不那么出名，但是非常绝的歌。对椎名林檎的喜欢愈发浓烈。

椎名林檎是那么才华横溢，气质完美到逼人的程度。她的造型和歌一样百变，她是上天降下的音乐精灵，她的歌曲给了我无数的好好生活的动力。

希望读到这里的你，也能像椎名林檎一样活得那么肆意。","['日语', '摇滚', '流行', '日语']","[642776, 33085030, 642739, 642871, 26434039, 22645576, 642681, 26434040, 522617164, 642404, 430297308, 500392671, 1403218259, 838542, 642261, 838152, 22719245, 28341253, 838535, 26260395, 838473, 26260379, 838459, 642117, 642766, 642298, 26260334, 427295078, 500392657, 27969163, 22719252, 565890092, 838468, 642005, 22645583, 641982, 27969174, 26260384, 22719315, 1851577314, 1851578148, 22719311, 27969172, 642786, 838289, 838452, 1905487456, 28593279, 1851578149, 1851578144, 642277, 26111565, 26260350, 838112, 838096, 26260372, 500392653, 642893, 838303, 1394088873, 26260394, 1470317220, 22645582, 26260404, 838284, 22675915, 22675918, 642713, 26260370, 22719241, 28718967, 642718, 500392663, 26526238, 642810, 26260336, 500392650, 31421517, 1403218258, 525358643, 642471, 29785401, 1438759647, 500392670, 1403215791, 642319, 522617166, 522617162, 838270, 426850170, 1367943094, 522617161, 838375, 426850173, 642281, 22645580, 27969170, 26082101, 838589, 22719313, 22719312, 838198, 642794, 22719310, 26260389, 838141, 1367943098, 29713890]"
101347472,遥远的青空——寄托思念的地方,学习、工作、旅途、玩游戏必备，上课上飞机请务必关闭手机！^_^,"['日语', '影视原声', 'ACG', '日语']","[2085716709, 2075565121, 2075565122, 2100334024, 411921071, 1342950406, 1348140594, 2084320583, 2051336911, 1423299026, 1350447904, 1490109043, 1891387400, 2001630255, 1354221298, 1884778382, 1983786530, 1842962105, 1492085065, 475279831, 523035658, 29129677, 28466084, 451521472, 41645473, 29771058, 1962373924, 1877885503, 32803753, 424995301, 2032749424, 399367387, 29724134, 399367389, 410446173, 410446184, 26450008, 427419615, 412178169, 1956534872, 34179228, 2018431894, 2020865246, 4939853, 1907751320, 1907751324, 2015001195, 2024255923, 28838648, 1313897843, 1313897830, 1409155000, 1948736272, 1406475188, 534065427, 533455147, 28387878, 4970794, 4958615, 623450, 29132645, 29132646, 31514558, 32192013, 502691015, 404783209, 469410686, 1345904108, 530057368, 35470878, 451520657, 28949669, 28949670, 1908267821, 1908267820, 1908267818, 1908268742, 1909667910, 1909667830, 1935989456, 29713079, 424849233, 29769513, 29242417, 2024291675, 1396497627, 1352576655, 1352576651, 1352576653, 1376831522, 1376831521, 1376832348, 1311319915, 434981395, 473403182, 26083399, 1903397110, 1910495434, 1892822432, 1888389901, 1376832345, 1414538146, 1414538175, 25845617, 25845620, 562341, 1882319597, 1892595837, 1909314339, 1910911958, 514774397, 519943325, 1410448015, 1834823818, 1476480200, 1476476957, 1476476956, 1476480198, 1476470841, 1476476541, 1476470842, 1476476540, 1476476533, 1476476534, 1476470840, 1476476542, 1476470839, 1940024246, 1830409083, 1835390252, 28074427, 26135815, 471763630, 419594766, 1357960253, 1387099644, 557579321, 1466520418, 1442466883, 1357953768, 1409311773, 1484844664, 1490682681, 1462890715, 1462890714, 1473644123, 1473644124, 1488326750, 1811374816, 1811371203, 4962621, 4962624, 4931801, 4962625, 4962622, 4931905, 4931881, 4931886, 4931909, 28815202, 32192908, 1403280199, 1403272763, 1403280203, 1406051970, 1405903996, 1397725153, 460476148, 459062491, 409430967, 27623632, 608419, 29027453, 469744944, 496869422, 536622304, 530995899, 530986962, 566435038, 566443041, 566443038, 1313107902, 1313052943, 1350516869, 1350265597, 1325711395, 1327903844, 460528, 809268, 579954, 520459951, 644177, 622956, 458507422, 1296558059, 1308782735, 491484401, 35040360, 459925524, 29550260, 31191345, 30621776, 1293951615, 1297747109, 1317457738, 1318284112, 1317420703, 509098749, 411309010, 411310010, 411309011, 658713, 599773, 599767, 658684, 28009609, 28240369, 863515989, 1301574348, 1301574075, 1301575353, 1301574076, 493285244, 671383, 32192899, 32192900, 32192901, 32192917, 32192918, 32192919, 32192920, 22694312, 32192950, 32192952, 32192951, 31478472, 614751, 608468, 28636489, 30798036, 30798037, 600559, 534065323, 534064298, 547976251, 548145378, 548145379, 26220167, 641647, 718551, 871730, 871721, 871724, 677804, 489970551, 32358557, 36307478, 32451809, 473964449, 31421226, 31421232, 31421234, 31421235, 570736, 31917234, 4921543, 31917229, 31917230, 31917231, 31917232, 4941469, 565721, 28341882, 34341493, 28661540, 474574923, 27785663, 33252747, 559760, 27552690, 559904, 559831, 781130, 26117346, 26117340, 4941439, 506094701, 28481683, 28381221, 423227554, 31917385, 30780086, 30780087, 33728941, 37095543, 26101828, 31560286, 22764758, 31560280, 676951, 28427359, 28234365, 26214699, 29414086, 28838487, 28838493, 454435036, 459954530, 29567551, 29567532, 29567533, 29567553, 4943846, 28786000, 441120229, 466122596, 462686590, 465675804, 465675805, 465677826, 465677825, 465677827, 465675806, 28642370, 670475, 28781111, 28781117, 28642378, 485410808, 28781112, 25845613, 562010, 485410806, 485410807, 485410809, 485410810, 485410811, 485410812, 485410813, 485410814, 485410816, 485410817, 485410818, 504425752, 504425753, 504425754, 504425755, 504425756, 504425757, 504425758, 504425759, 504425760, 504425761, 504425762, 504425763, 504425764, 504425765, 504425766, 33004479, 29242418, 30987044, 4932239, 27775782, 36578726, 1454936366, 1398670837, 29482692, 29482685, 29482682, 28457869, 25845623, 25845619, 562135, 25845612, 25845621, 25845618, 25845610, 25845614, 25845615, 439911744, 28850846, 487527933, 440207814, 435289863, 1306507050, 34922228, 504425767, 450224230, 1345879247, 1358848465, 26209670, 485410815, 723420, 26141649, 22640647, 25845611, 630887, 692566, 25845616, 692641, 26141652, 26141650, 26141653, 26141648, 26141646, 26141651, 26124564, 413077841, 413077842, 29482688, 29482680, 34922229, 29482690, 25845622, 27719844, 27719845, 30706244, 28461813, 598048, 614839, 430297959, 26124567, 810124, 4940491, 644650, 644638, 432549, 459078377, 649678, 478346, 26584177, 30031177, 30284535, 4927467, 630679, 675922, 630573, 675860, 26220103, 613269, 578314, 28568035, 663293, 1387836186, 30284485, 30284550, 474932942, 583225, 560108, 752247, 28561109, 28631382, 28240362, 28240366, 27971002, 28254774, 26209766, 32405870, 26131698, 41666671, 22727344, 592541, 488864, 590251, 589338, 589984, 22646584, 610571, 29562697, 28390041, 4914269, 32303029, 28390042, 775895, 28390033, 509106602, 27927500, 722928, 722932, 471825, 28151024, 786262, 478127, 28151022, 28151051, 760528, 608667, 760173, 22809901, 761626, 761632, 760366, 28547660, 26093675, 26213583, 33911781, 29572668, 29460709, 29819769, 28403157, 34077762, 34077763, 471795, 471992, 28819129, 25871087, 623289, 623291, 623293, 624670, 532936, 533212, 29769514, 22645196, 28387824, 28387825, 630995, 630997, 644507, 596867, 644447, 30431869, 672188, 30621941, 30621945, 558515, 558420, 26160476, 29567444, 28461681, 28593019, 36307963, 26111145, 28592857, 29809911, 32235941, 32235935, 32235952, 32235932, 32235940, 28638779, 26593066, 599790, 599737, 573644, 27901389, 32737141, 28152807, 31835044, 573770, 573748, 32364449, 4949087, 34045116, 34045112, 26447596, 632817, 41645488, 456175210, 413961243, 28528420, 28613686, 725692, 26341140, 654984, 28481337, 29829324, 27637410, 35779432, 36587201, 29307041, 30431362, 498163, 36872364, 412327036, 411907897, 35040542, 643003, 34142635, 33085030, 1374301672]"
2330991804,［日语］哭腔嘶哑——活下去 活下去,"只要脚下还踩着一点土，岩缝里还有水，自个拼命长吧，又不会死。
","['日语', '日语']","[1987994846, 1349892110, 32317208, 471284744, 437752010, 29379816, 568574, 468490592, 1891475107, 537012213, 33916847, 529659114, 32835150, 399342402, 405612712, 26830207, 29098965, 737462, 28695643, 830941, 1342950406, 28524471, 26529971, 461347610, 1304882189, 22729983, 780006, 33854265, 29775144, 36492304, 1316562362, 28629058, 22809652, 830995, 830993, 658318, 39224533, 1813850521, 857606, 31648216, 779987, 830977, 830953, 445845166, 22724054, 458231010, 437605502, 33233919, 31421443, 38019965, 41666363]"
2127435358,音乐童话｜精灵吟唱 如梦似幻,"这里有巫师、恶魔、变身、各种会说话或有灵性的小动物、小精灵、花仙子、会动的各种物品比如家具、王后、国王、仙女、女巫、可爱善良的女孩。。。。

安静下来
慢慢聆听来自这歌曲里的童话！

更新中","['日语', 'ACG', '治愈', '日语']","[4936678, 35447996, 665246, 32803298, 32803293, 665309, 34696331, 665311, 803709, 803489, 32803290, 410925603, 32803292, 665279, 22782097, 768143, 591599, 36102521, 411500873, 28461979, 746252, 489970551, 29463054, 814836, 35447967, 721243, 26506591, 22782085, 22817506, 435166264, 642998, 22675528, 814896, 28524297, 26377619, 4940485, 435166260, 28481816, 535792, 642618, 29418292, 850775, 406347064, 471403216]"
