8899452972,少数能懂的语言和呢喃 ｜李一白,"用少数的语言，去歌唱和呢喃只有少数人能够与之共鸣情愫的高山、森林和草原。

By ： 陈子涵/李一白","['华语', '民族', '夜晚', '民族']","[1374984887, 2023566738, 16466011, 2104657914, 2092801099, 1915072012, 1381383178, 1874954206, 537672675, 1479340322, 482595364, 1905247748, 27698237, 27698235, 27698243, 27698241, 2007019606, 1872975590, 1808705404, 2028959807, 1482626146, 41462789, 41462788, 1967736133, 41642802, 1922399075, 41642786, 26830371, 1880887463, 1372868265, 1366375572, 18204343, 541972477, 1825929454, 510319095, 1353196392, 1371190863, 1331459656, 1471375503, 549999563, 1933230511, 1933232026, 1904137815, 1821183875, 1821183882, 1821183436, 1821183880, 1821183876, 1965579452, 446581497, 522858727, 1462124359, 446627337, 1807549131, 1347784616, 484355184, 1407722417, 404459282, 1989112260, 2013500860, 1429642210, 1892104591, 1310974289, 1835839073, 1855917894, 1899704802, 1368618759, 444356864, 1901296027, 541971591, 1418547524, 1826222778, 1844694698, 1411401909, 1489251892, 1921414502, 533453152, 1353206446, 1988554751, 1452394217, 1918969070, 1910619464, 2081548785, 1478722565, 1819694806, 1448336338, 1469389127, 2042054644, 479198285, 1407958409, 28996013, 1397712862, 2036869567, 1459137324, 1458124073, 1492573815, 1490942439, 1462894901, 2057939397, 1850556106, 34364843, 1430521737, 1352818752, 2082546171, 4453615, 1855135011, 2007882363, 1940049801, 2007882362, 1452620323, 1943935881, 2093592477, 2088789264, 1411938436, 4471929, 1944936772, 2048629781, 2054360689, 570631408, 1320139252, 28838168, 1393382438]"
2413764867,管平湖古琴曲集,管平湖,"['古典', '民族', '安静', '民族']","[1895376712, 1895373250, 1895373251, 1895376731, 1895376711, 1895373215, 88177, 88180, 88253, 88256, 88260, 88264, 88268, 88272, 88275, 88279, 88281, 88285, 88292, 88295]"
2746912556,五行养生音乐之：金（商）,"我们中华民族的传统文化博大精深，包罗万象，在远古时期便知道用音乐治病。而现在的国际医学界也十分重视音乐在治疗疾病时对生物生命体所起的平衡作用。
金属古制品的古乐器如：编钟磬锣鼓铃声、长号三角铁等，发出的混厚清脆之声为金音。肺属金，在音为商，在志为忧。
金音的旋律和曲调，是根据易经五行八音的方位性和乐器对应人体五脏所演示而成。
肺属金，在音为商，在志为忧。
金音通肺经，大肠经。如金太过者，则听水音泄之。","['轻音乐', '民族', '另类/独立', '民族']","[167247, 1395530970, 5247481, 167249, 167251, 167253, 562843042, 5282580, 26423054, 314189, 314185, 540076110, 476987102, 476987103, 476990038, 476987104, 476990039, 5239973, 5239970, 5239968, 5239966, 5239974, 5239971, 5239969, 5239967, 5239972]"
492702039,古筝新奏♬ 筝筝细语，尽诉衷肠～,"油纸伞，惹情浓，青石板，烟雨零，是谁在帘弹古筝？
宣墨砚，润笔尖，诉哀怨，孤影怜，是谁在拨心中弦？
残叶萧，吹西风，晓梦寒，映青灯，是谁在梦昔红颜？
飞絮飘，冷琴弦，竹露滴，沐雾蒙，是谁窗下挑夜灯？
忆往昔，知几许，情缘深，年岁同，是谁月下许誓盟？

筝起，与世无争；筝落，情深意真。筝筝细语，尽诉衷肠～

古筝的形状为长方形，一弦一音，唐宋时有弦十三根，最早以二十五弦筝为多，后逐渐增至为十六根弦、十八弦、二十一弦等，目前最常用的是二十一弦。
古筝和古琴最大的区别就在于它有琴码而古琴没有琴码，古筝演奏时透过左手之按、压、放等指法可奏出滑音、变化音，古琴是用左手按指成音。一弦多音，且可用空弦、按弦等成音。

本歌单收录由古筝演绎的流行曲。
ps:部分收录了些日本筝演绎的曲子，由宫希茜的曲子是由日本筝，都是我喜欢的音乐","['轻音乐', '民族', '器乐', '民族']","[1451170009, 1295186237, 1341330872, 1340625238, 460809588, 476418003, 500876756, 462375493, 33911615, 29097540, 479970258, 5260839, 491708576, 497770026, 481100001, 476413005, 96533, 464036535, 468954583, 32531085, 476418470, 460938796, 429459734, 460728763, 454472972, 465351454, 613688, 214591, 35729203, 33894678, 41500874, 461855254, 292478, 445546252, 5253669, 613769, 447379240, 5280031, 447834391, 5265709, 5258792, 476414592, 446581585, 457022313, 467884938, 5258790, 25901429, 613677, 230306, 274937, 443205975, 29005787, 5258795, 251157, 302332, 33911611, 446581594, 124969, 274932, 456244901, 342161, 33856777, 251121, 30031502, 302358, 302345, 342158, 275883, 275879, 251204, 251194, 33856782, 5260845, 251215, 5258789, 230688, 251205, 251189, 31168191, 134861, 437753181, 124983, 230700, 426341501, 124987, 5258804, 33682835, 230686, 41633142, 134872, 411347395, 429459732, 226145, 5258813, 5258805, 342162, 5258788, 274934, 183001, 5258808, 134868, 342160, 5258803, 342163, 34187011, 407761182, 183038, 5260847, 5260846, 5260836, 5260842, 275890, 275887, 5258802, 5258794, 251171, 251180, 251217, 251177, 5260843, 340862, 5259709, 340870, 230322, 230380, 251168, 33911619, 408845861, 408814572]"
2034501945,历史名册：忆千古风流人物,"华夏五千年，朝代更迭，英雄各报兴亡，曾经的千古风流往事终归化作云烟，这一切终是遗留在历史长河里。

☆西周
姜子牙

☆春秋
孔子、越王勾践、吴王夫差、钟仪、息妫、钟子期、伯牙、西施、范蠡、介子推

☆战国
屈原、廉颇、庄周、韩非、张仪、秦昭襄王嬴稷、白起

☆秦
西楚霸王项羽、虞姬、荆轲、高渐离、张良、秦始皇嬴政、蒙恬、蒙毅

☆西汉
卫青、霍去病、汉武帝刘彻、韩信、汉高祖刘邦、张骞、王昭君、毛延寿、苏武、阿娇、陈平

☆东汉至三国
关羽、诸葛亮、司马懿、赵云、吴大帝孙权、孙策、陆逊、周瑜、魏武帝曹操、汉昭烈帝刘备、郭嘉、荀彧、贾诩、曹植、魏文帝曹丕、典韦、大乔、小乔、孙尚香、马超、张辽、张郃、黄月英、陆机、吕蒙、黄忠、张飞、鲁肃、华佗、姜维、陆抗、吕布、庞统、司马徽、汉怀帝刘禅、徐庶、蔡文姬、甘宁、凌统、诸葛果、向秀、嵇康、阮籍

☆晋
陶渊明、王羲之、谢道韫、鸠摩罗什、谢安、潘安、王献之

☆五胡十六国
秦宣昭帝苻坚、清河公主

☆南北
花木兰、兰陵王高肃、冯太后、江淹

☆隋
萧皇后、隋炀帝杨广

☆唐
白居易、元稹、李白、杜甫、张若虚、王维、李商隐、张巡、唐太宗李世民、女帝武则天、唐玄宗李隆基、杨玉环、上官婉儿、太平公主、李贺、薛涛、鱼玄机、韩愈、刘禹锡、温庭钧、王勃、杜牧、张旭、狄仁杰、陆羽、皎然、唐玄奘、袁天罡、李淳风、张九龄、皮日休、平阳昭公主、红拂

☆五代十国
南唐后主李煜、冯延巳、大周后、花蕊夫人、窅娘、韩熙载

☆北宋
苏轼、苏辙、黄庭坚、苏洵、王安石、范仲淹、欧阳修、曾巩、佛印、柳永、晏殊、晏几道、宋太祖赵匡胤、张载、秦观、周邦彦、王希孟、周敦颐、林逋、梅尧臣、赵光义、刘仲甫

☆南宋
岳飞、辛弃疾、李清照、宋慈、陆游、唐婉、姜夔、吴文英、范成大、高似孙、杨万里、洪适、蒋捷

☆元
马致远

☆明
明武宗朱厚照、明太祖朱元璋、李贽、杨慎、戚继光、明思宗朱由检、李如松、唐寅、王阳明、秦良玉、徐阶、张居正、袁崇焕、郑成功、徐霞客、杨涟、于谦、明成祖朱棣、明惠宗朱允炆、汤显祖

☆清
康熙皇帝、纳兰容若、仓央嘉措、施襄夏、范西屏、沈复、芸娘、陈维松、徐紫云

☆清末至今
沈从文、孙中山、蔡锷、小凤仙、李叔同、林觉民、于凤至、钱学森、叶问、王国维、梁启超、袁隆平、周恩来、金庸、鲁迅、邓稼先、张爱玲","['古风', '学习', '民族', '民族']","[2093114088, 1982632526, 1950439650, 2061354608, 1388766738, 1807844914, 2016412177, 2020441220, 481819789, 479701078, 2038523674, 2037937018, 2037061197, 2029245318, 2031144242, 1885516142, 1823556086, 1993081156, 2015302445, 2019526861, 1453670528, 1332088023, 1456728283, 1500242085, 1362449565, 1346168331, 1880502660, 472716484, 863373993, 30053534, 1363490517, 413830485, 472432825, 413829629, 487207747, 1860614928, 1370402796, 1857252044, 1857253034, 1440532560, 1944467252, 1387375386, 1469035714, 413829627, 1346168179, 408943872, 33314024, 1885891544, 1376322093, 1392295204, 1803351835, 1304924311, 101118, 413829631, 1410373277, 28908092, 407761062, 413829633, 1357197847, 1346170056, 445816758, 1809807508, 184407, 426833056, 1357395756, 518597072, 463077413, 1448042181, 1428866395, 488244186, 510900630, 27731392, 1465411377, 1295649736, 513356351, 1321481090, 426833055, 1417509038, 1457071078, 1425270680, 28908098, 1824249672, 1328477550, 499610111, 1494486253, 439625234, 206821, 28341103, 451703432, 28341098, 408943871, 413829454, 1421723111, 28341097, 1818582184, 34899252, 429461254, 486904959, 435996821, 1413041358, 506582851, 508032388, 1385874937, 1341429974, 469052710, 1331521349, 1349023827, 1387991641, 1493781018, 239554, 1320913175, 462190299, 1367609578, 30070829, 1873218010, 1313125148, 1296900407, 1437881558, 508890931, 556212753, 481895137, 538620166, 1804604341, 513356348, 1428322259, 1404947303, 1911218540, 469699895, 407761300, 462814237, 513356354, 1416272308, 1449862820, 1368969546, 431791547, 864995124, 1443414716, 563848161, 1870580212, 1321813652, 508610293, 1454959620, 526860765, 1444390092, 513356350, 430053182, 572107914, 1811886474, 1489330796, 1448851874, 520308526, 525417052, 1330289361, 1304953534, 1346365692, 33760108, 431554111, 1331547556, 1479526505, 1345860206, 1298042469, 28996021, 513363315, 1310456470, 1452402531, 471787332, 1472362142, 574347288, 1458021678, 1823488920, 1337788549, 1458005926, 38582697, 430685852, 28188386, 1394167216, 1416887666, 1471357491, 1469058069, 415853233, 1823797942, 1808078153, 1416612787, 1464601467, 1411975526, 1406628737, 463895473, 1346164330, 1346170312, 1835290997, 1346167478, 413829637, 1332346928, 1349332659, 1880663148, 1458373835, 1400375948, 572070145, 1352782580, 1824959449, 1351742622, 1860552411, 1363738633, 497321808, 1449107271, 1391441236, 1393189946, 1346160737, 1418602623, 1355199606, 538834965, 1397695464, 1442577013, 1484951227, 556203038, 413829639, 1880771413, 1473899117, 1405122774, 1854412880, 1366168748, 1295147094, 451289270, 469744799, 413829643, 28452037, 1385295100, 1356738971, 1473689808, 1877652093, 864795742, 1360649595, 1821850979, 423849307, 1806128607, 1810344636, 1368002975, 1828779206, 1489244354, 1862261720, 519434402, 1419213457, 1333391406, 1409838411, 457061334, 1451056950, 862423512, 1297114891, 478008764, 1426410270, 1808902833, 1465393029, 1442537843, 556203037, 1404840518, 1375935067, 1397506839, 1347027232, 1297620247, 1323604277, 550194477, 1304375930, 1376125326, 479482615, 862102724, 496452402, 1357661455, 1373670848, 556204026, 1455462931, 426341317, 365639, 1432420826, 1358647505, 442009192, 445546824, 556201023, 546511724, 468007598, 1314183387, 1478108040, 541287337, 413829635, 1385322542, 33760107, 1855473623, 1399492518, 27928581, 461851456, 461844105, 27808548, 1909731449, 1454222179, 1932785519, 1975576555, 1924295179, 454966060, 1949796737, 1839984891, 1922867184, 1937583756, 492412922, 1922862333, 1918220652, 1914467361, 1914891531, 1913615311, 28188384, 1300973683, 1322877419, 500850420, 1840749937, 505828531]"
2630070540,神奇小子～～次仁桑珠,人生的路就像音乐的旋律一样此起彼伏，因为音乐所以快乐！,"['民族', '放松', '民谣', '民族']","[2100001221, 2095300195, 2095283671, 2093089177, 2080230215, 2066831683, 2064582151, 2058796198, 2050378119, 2044995727, 2040976834, 2034886302, 2032283911, 2025582108, 2023335853, 2017778389, 2012438137, 2011924065, 2010835130, 2010353192, 1995559078, 1995565337, 1995508189, 1992107118, 1988006409, 1982328381, 1974488650, 1965350878, 1961579537, 1961340864, 1961334320, 1961334437, 1959705632, 1956852344, 1944919106, 544158471, 1913362063, 1812859297, 27937698, 1431648932, 1833159291, 1934368761, 1934374567, 1922188946, 1916624896, 1910045014, 1872682306, 1868796238, 1866490053, 1851989718, 1851987340, 1851989753, 1851989760, 1851989767, 1846351308, 1846351307, 1846351298, 1846352334, 1846351289, 1840433809, 1840429782, 1840440609, 1840419090, 1840420979, 1838107249, 1837137228, 1837130200, 1832874937, 1832117505, 1812812092, 1483748429, 1480571654, 1477303809, 1840430396, 1476515315, 1308134338, 1476222535, 1476221657, 1840419121, 1474901256, 1474891133, 1378064207, 1364361964, 1305367805, 1331189435, 566442694, 1396541529, 35437420, 1358481822, 566436655, 1840449635, 1425056983, 1422720754, 557579337, 1428275238, 1362183791, 1378064326, 399366369, 571068163, 1360833831, 1840430572, 1378064300, 5235415, 1341604192, 571074146, 36894694, 1407222207, 1373830366, 1303026552, 557583106, 1364555439, 31545374, 1378064061, 557579336, 1409980153, 1425689146]"
2276042442,秦腔~ memory,戏曲里的故事，不是我们最初的梦想,"['古风', '经典', '民族', '民族']","[1899029479, 1948041780, 1948041779, 1948041778, 1948041287, 1500216024, 1500215315, 1500215310, 1500216025, 1500216029, 1500216026, 1500211021, 1500211020, 1500215316, 1500211015, 1500216027, 1500215312, 1500215314, 1500211022, 1500216023, 1500215307, 1500215309, 1500211018, 1500215313, 1500211019, 1500215311, 1500215308, 2095291989, 1479204156, 1479199987, 1479204111, 1479199937, 1479204159, 1479204087, 1479204119, 1479199974, 1479204122, 1479204164, 1479199978, 1479204082, 1479199936, 1479204154, 1479204090, 1479204146, 1479204120, 183659, 1479204118, 1479204088, 27570044, 5266401, 5266400, 415085961, 415090979, 217845, 415085976, 415086878, 415085962, 32419688]"
19050663,中国管弦乐欣赏_演奏：中国国家交响乐团,本集集成了，国家交响乐团演奏的中国管弦乐作品。,"['古典', '民族', '浪漫', '民族']","[419596298, 419646108, 419596297, 458085134, 458080077, 457695391, 457695108, 457693574, 457688088, 457687665, 457686872, 457686708, 457686348, 457682020, 457675693, 457670083, 457653224, 457652443, 457649473, 457648318, 457633221, 457619609, 457618678, 457617695, 457616963, 457616894, 457616781, 457616063, 457613425, 457612471, 457611310, 457609243, 457605746, 457588008, 457594411, 457595894, 457596135, 457594783, 29322171, 29322172, 29322173, 419485982, 419485983, 419485984, 419485985, 419485956, 419485957, 419485958, 419485959, 419485960, 419485961, 419485962, 419485963, 419485964, 419485965, 419485966, 419485967, 419485968, 419485969, 419485795, 419485796, 419485797, 419485798, 419485799, 419485800, 419485801, 419485802, 419485803, 419485804, 419485805, 419485806, 419485807, 419485808, 419485809, 419485810, 419485714, 419485707, 419485708, 419485698, 419485696, 419485694, 418279957, 418279958, 418279959, 418279960, 418279961, 418279962, 5274294, 5274295, 396860, 396866, 396869, 396875, 396876, 5266626, 5266618, 396889, 396893, 396895, 396897, 396899, 396901, 396903, 396905, 397092, 397094, 397095, 397096, 397098, 397100, 397102, 397104, 397106, 397108, 397110, 397112, 397114, 397116, 5270953, 5270954, 5270955, 396908, 396909, 396910, 396911, 396914, 396917, 396920, 396923, 204097, 396885, 204103, 204102, 396907, 396891, 204107, 204104, 204099, 396887, 396972, 396974, 396978, 396980, 396983, 396986, 396989, 396992, 396995, 396997, 396998, 396999, 397001, 397009, 397010, 397011, 397013, 397015, 397018, 397026, 63249, 63250, 63251, 63253, 396701, 396702, 396703, 396704, 396706, 396708, 396710, 396712, 396771, 396774, 396776, 396778, 396780, 396782, 396784, 396785, 396786, 396787, 396789, 396791, 396793, 396795, 396797, 396799, 396671, 396673, 396674, 396675, 396676, 396678, 396680, 396682, 396684, 396686, 396688, 396690, 396692, 396694, 396695, 396696, 131063, 131065, 131067, 131069, 131071, 131073, 396938, 396941, 396943, 396944, 396946, 396947, 396948, 396952, 396955, 396958, 396962, 396965]"
452187087,齐秦经典歌曲192首,"齐秦（Chyi Chin），1960年1月12日出生于台湾省台中市，歌手齐豫的弟弟，中国台湾男歌手、音乐创作人。1981年发行第一张唱片《又见溜溜的她》，后应征入伍。1985年退役后发表个人第一张创作专辑《狼》。1987年因创作歌曲《大约在冬季》受到广泛关注，并获得第11届十大中文金曲。齐秦是台湾流行歌手、音乐创作人，音色以高亮著称。1981年出道时，是当时国语乐坛的偶像型实力派歌手，创作才华显著，当年以酷劲和叛逆狂放的不羁气质闻名。是80、90年代华语流行乐的代表人物之一。1985年出版《狼的专辑》专辑，为个人首张创作专辑，此片出版即传佳绩。成立“虹”工作室，并组织属于自己的乐团。透过这个工作室和乐团来实现个人音乐理想。1989年以一曲《大约在冬季》红到香港，与张国荣等歌手一同获得香港十大金曲奖，曾获第八届台湾金曲奖最佳男歌星奖。1996年出版《丝路》专辑。全球销售突破120万张，再创巅峰。《丝路》专辑于第九届金曲奖获7项提名，个人同时入围最佳国语及最佳方言男演唱人之奖项，并荣获该届金曲奖最佳国语男演唱人奖。 
","['华语', '流行', '民族', '民族']","[142580, 142602, 142351, 5244863, 143146, 143230, 142380, 142860, 143554, 26045013, 25714278, 143286, 143236, 143300, 143474, 143125, 26191005, 143556, 142682, 143214, 143304, 142864, 143477, 143127, 68258, 143471, 142928, 142604, 142598, 142721, 142662, 142689, 142692, 143470, 143219, 143062, 142674, 142678, 5285106, 143550, 143242, 143294, 143212, 143208, 142356, 142505, 142359, 142643, 142695, 143153, 143284, 143237, 143030, 143293, 143297, 142946, 142700, 143158, 143408, 142940, 142725, 142729, 142377, 143037, 142686, 143422, 143557, 143296, 143244, 142584, 143343, 143404, 142366, 143238, 142370, 143525, 143472, 143424, 143469, 5284795, 143033, 142508, 143122, 143453, 143476, 142362, 142944, 143459, 143543, 143129, 424474151, 143047, 307788, 143466, 25702219, 143485, 142354, 29796950, 134590, 143559, 143562, 143564, 143566, 143537, 143539, 143545, 143547, 143549, 143520, 143522, 143523, 143527, 143487, 143452, 143454, 143455, 143465, 143442, 143450, 143390, 143414, 143416, 143420, 143421, 143423, 143426, 143427, 143428, 143429, 143322, 143359, 143366, 143295, 143302, 143306, 143261, 143263, 143275, 143243, 143205, 143207, 143221, 143227, 143144, 143148, 143150, 143154, 143156, 143160, 143163, 143132, 143139, 143118, 143120, 143124, 143126, 143130, 143131, 143086, 143041, 143050, 143053, 143056, 143065, 143068, 142932, 142936, 142938, 142942, 142870, 142889, 142837, 142713, 142734, 142741, 142744, 142747, 142751, 142755, 142666, 142496, 142511, 142513, 142516, 142521, 142528, 142531, 142348, 142374]"
422387126,『日本传统音乐』古曲|戏剧|器乐篇,"没有分类和甄选，目的在全面，推荐随机食用（民歌没有收录，另开单了）

古典音乐，民族音乐皆以纯正为佳，个人不太喜欢现代编曲的民乐，总觉得丧失了些韵味

本单是大合集，能剧 歌舞伎 净琉璃等个人特别喜欢的艺术形式有另开单","['民族', '日语', '古典', '民族']",[]
151805746,印度语｜充满异域风情的曲调,印度与我国都是历史悠久的国家，在经过历史的沉淀后也都积累了无数的文化瑰宝。最为代表的就是印度电影和歌曲了！,"['小语种', '民族', '民族']","[1865039629, 1961863246, 1941891917, 1922237951, 552637972, 1422891020, 1442269941, 424995367, 492743949, 525241601, 525240626, 5103179, 4473544, 28773951, 28786668, 28739340, 29818554, 28739498, 28739492, 28768064, 22585213, 22585212, 4473547, 4473510, 28727984, 28727979, 28747626, 4473528, 26377751, 28315893, 28725738, 28747947, 28738223, 29004352, 28727124, 4473731, 4473739, 28739278, 28727123, 28757347, 4473734, 28747186, 4343659, 4343655, 4343651, 4343644, 4343640, 1988549, 2557376, 2557367, 2557355, 2557349, 2557345, 2557340, 18798012, 18798008, 18798004, 18798003, 18798009, 4473532, 16356897, 4460312, 29498950, 28747891, 28793017, 28727427, 28727425, 29850690, 28726200, 28726191, 28726182, 28726180, 29814370, 29814364, 29814354, 29814339, 29814352, 29814362, 4419153, 4419150, 19711145, 19711143, 19711132, 28757096, 28747712, 28747711, 28747710, 28747708, 28747707, 28768961, 29418807, 24946507, 28953326, 24946508, 28773952, 475277752, 475279815, 475279813, 489998673, 475279814, 29819177, 28773775, 28747292, 25626791, 25626792, 990856, 459025944, 407677658, 29378690, 451279166, 451279172, 451279165, 437116776, 28726391, 29032182, 28673082, 29378744, 431080412, 442991819, 27186627, 464553087, 437116774, 28727552, 30212302, 26193976, 4300784, 4300788, 4300790, 4300792, 26193983, 16536498, 4457361, 4473383, 28739411, 28725741, 4457365, 38019310, 38018305, 38019312, 38018307, 38019314, 29818432, 4300786, 5045866, 28672916, 29850669, 28731009, 4472762, 4472753, 4472751, 4472757, 431853907, 5112309, 28141928, 30039678, 32348561, 28423129, 28727596, 28034680, 28731267, 28832401, 29814016, 28773375, 32019034, 404182154, 29966929, 33035997, 28768931, 29966928, 29966927, 28402220, 28747473, 30039676, 36921874, 29378684, 404182149, 30284962, 26193975, 26193980, 28720918, 26193979, 26193984, 22492041, 22590088, 26193977, 26316657]"
23498833,中国琵琶经典名曲,愿精采优秀的中国琵琶经典名曲代代传承……,"['民族', '器乐', '下午茶', '民族']","[5252652, 340991, 128648, 60602, 5283839, 332752, 25731249, 326668, 25731246, 464724725, 5283073, 261195, 340976, 32337921, 129649, 272157, 5232178, 464724733, 83091, 4467379, 128629, 129675, 128661, 129654, 165865, 165857, 128692, 272152, 83103, 28253910, 128663, 129634, 5262057, 128631, 340990, 129624, 272151, 380041, 332740, 129639, 128671, 340988, 5283070, 129630, 332744, 332750, 4467371, 128616, 25731250, 205225, 129628, 326664, 32337919, 27583428, 77799, 128770, 129636, 5283072, 128775, 165862, 32337924, 25914344, 129671, 165858, 332713, 128686, 129563, 128651, 4467363, 129663]"
7307063453,维吾尔族流行歌手～Guzalnur Kasim,维吾尔族流行歌手~Guzalnur Kasim,"['流行', '电子', '民族', '民族']","[2075056233, 1918858593, 1891927920, 2081038807, 1931627627, 2061494740, 2027759477, 2055013871, 2046502103, 2038346787, 2027369551, 2027884697, 2035445943, 1832712577, 1837497403, 1956744619, 2040008221, 1960836374, 2012483174, 1959861859, 2035540065, 1462015780, 1461891934, 1868851041, 1954829890, 1955638089, 2016586620, 2012725909, 1960866551, 1960620232, 1956518805, 1869745004, 1992441345, 1976080697, 1996608486, 1989715240, 1837054656, 1501478796, 1983109392, 1987834515, 1929696233, 1822221832, 1882120496, 1919392713, 1979136072, 1471822926, 1407630775, 1819724947, 1903071253, 444745482, 1918330510, 1926826399, 1965336074, 1908899964, 1926849522, 1940182177, 1842042795, 1938296900, 1838996303, 1411864122, 1473193751, 38582705, 1806095988, 1893149804, 1808815478, 1919456550, 1351940758, 1320265222, 1329369418, 1400440274, 1358647507, 1837609249, 1416725697, 1864321924, 1958705464, 1416730471, 1964931612, 1964931517, 1807471713, 1499416282, 1939297684, 1936835390, 1839490490, 1931412350, 1811089382, 1930806000, 1381814877, 1903766161, 1908081228, 1871539006, 1921235142, 1426412721, 1918065813, 1495896649, 1913899070, 1862827640, 1869002857, 1497616202, 1426412719, 1497600454, 1907537133, 1350874392, 517996194, 1406582979, 1350408040, 517993980, 1327705912, 1453966254, 1379076639, 1912986064]"
2797046200,（戏曲）找不到的挡谅，未央宫找到了,"德云戏曲篇
DYS 德云社角儿们的歌声～——姊妹篇（戏曲篇）

赵麟童 李胜素 于魁智 孟广禄 张火丁 迟小秋 杜镇杰 
新凤霞 王珮瑜 李多奎 

吹爆杜镇杰和孟广禄那版的双投唐！！！吹爆！！！

一入德云深似海
穿梭于现实和过去","['民族', '经典', '华语', '民族']","[340519, 134451, 28048296, 28048589, 134037, 25830091, 25830604, 28493780, 442315040, 340527, 1420225041, 33544585, 27946575, 331512, 1314544329, 1380832914, 28068567, 442314079, 28068548, 28493773, 1401922248, 28409237, 1401922237, 557607803, 28068570, 442314082, 28493779, 1401922210, 28068554, 28409426, 28068549, 25835486, 28068564, 25830601, 28409441, 340515, 28409429, 340530, 25826028, 1401922250, 183646, 28409432, 28341634, 28341632, 28341633, 28341718, 28341721, 28341719, 28341717, 27971678, 331509, 33495467, 33495469, 33495486, 33495485, 28493776, 166937, 166933, 27904332, 27904331, 28493765, 28493771, 28493775, 28493766, 28048806, 5250920, 257852, 183668, 183670, 183686, 28409231, 183662, 183676, 183745, 28409267, 183719, 331595, 331490, 331485, 5274875, 28048493, 340533, 28341676, 183665, 183724, 166934, 25835267, 25835266, 25835265, 25835269, 25835270, 25835264, 28341637, 28341761, 25822428, 28341630, 183666, 183751, 331506, 183744, 25835268, 331499, 340528, 28068557, 183711, 28493778, 28409236, 28341629, 25826034, 331579, 442315035, 33495470, 33495468, 33495474, 33495475, 33495471, 28341714, 28409230, 5275871, 1335968315, 568489973, 183721, 183656, 33495473, 331598, 28341722, 28341762, 28341768, 183660, 183679, 28409430, 183658, 183674, 183661, 183659, 28409431, 28341720, 183682, 28493769, 183654, 28341677, 28341635, 331503]"
2746918512,五行养生音乐之：火（徵）,"火音入心经 ，通于心。
心属火，在音为徵，在志为喜。
火音，调理心、小肠经脉，火音为古琴小提琴等丝弦乐，入心经与小肠经，主理小肠和心脏的健康，如手脚发冷、舌淡苔白、小腹剧痛等听火音。
心经运行于午时（11:00-13:00）

","['轻音乐', '午休', '民族', '民族']","[2024600749, 1445343913, 1412541133, 1445342938, 1445362679, 1344201314, 167292, 1418435020, 1404428137, 167293, 167260, 167262, 167264, 167266, 5247480, 26423044, 5282582, 5276597, 5276598, 541379791, 476990046, 476987111, 476987112, 476990048, 476987113, 476990043, 476990047, 5240011, 5240018, 5240010, 5240013, 5240012, 5240014, 5240015, 5240016, 5240017, 5240019]"
2362801982,古剑奇谭一：琴心剑魄今何在 bgm全收录,《榣山遗韵》专辑排序,"['古风', '游戏', '民族', '民族']","[26344015, 26344023, 26344031, 26344022, 26344018, 26344024, 26344036, 26344033, 26344027, 26344025, 26344028, 26344030, 26344021, 26344020, 26344032, 26344034, 26344035, 26344026, 26344016, 26344029, 26344019, 26344017, 26344014, 26344042, 26344050, 26344037, 26344047, 26344051, 26344043, 26344060, 26344058, 26344046, 26344052, 26344059, 26344045, 26344057, 26344044, 26344053, 26344054, 26344038, 26344056, 26344049, 26344039, 26344048, 26344040, 26344041, 26344055, 26344067, 26344079, 26344064, 26344086, 26344075, 26344070, 26344074, 26344085, 26344078, 26344080, 26344072, 26344065, 26344083, 26344069, 26344061, 26344087, 26344077, 26344082, 26344088, 26344071, 26344063, 26344068, 26344076, 26344084, 26344066, 26344073, 26344081, 26344109, 26344111, 26344102, 26344103, 26344089, 26344097, 26344101, 26344110, 26344096, 26344112, 26344100, 26344104, 26344098, 26344106, 26344093, 26344105, 26344090, 26344092, 26344113, 26344099, 26344114, 26344091, 26344095, 26344108, 26344107, 26344094, 132623, 132625]"
23246091,中国古筝经典名曲,,"['民族', '器乐', '治愈', '民族']","[396372, 27511300, 164648, 300918, 164701, 310022, 230910, 396334, 300934, 315461, 200397, 5236677, 185384, 214569, 230949, 200373, 214588, 300927, 26524503, 300922, 100799, 214551, 230905, 105289, 303439, 272722, 315455, 230897, 5245168, 246121, 272715, 226116, 164700, 245961, 26178588, 214549, 272711, 214591, 315463, 214594, 164641, 292509, 5236680, 214571, 315465, 272723, 29802964, 214556, 5265059, 164653, 200380, 214567, 164649, 5265054, 230376, 26178583, 5263592, 26178590, 300930, 315460, 5263589, 5263591, 246061, 303429, 26178592, 303437, 5245146, 303425, 300910, 396319, 214565, 26524505, 26178584, 26178593, 200377, 214553, 200392, 396316]"
8007478940,天籁草原|悠扬豪迈，气吞山河,"草原歌曲特点僚亮清脆，悠扬豪迈。给人一种亲临大草原的感觉。
当你听着这天籁之音，草原的美妙传入你的耳中，传入你的心中！大自然的美是极致的，同样，草原的美也是无可挑剔的。当你听着这些歌词时，你也会不禁为草原的美沉醉，为之歌唱，为之欢呼。
在悠扬的歌声里，一切的烦恼也随之飘走，在你的心中，伤痛已不再，只有宁静；在你的天空里，阴郁已不在，只有灿烂的阳光和广阔无边的大草原！","['华语', '放松', '民族', '民族']","[1845456039, 5235632, 1851303285, 322367, 151200, 1320646641, 1807773768, 27646070, 5231418, 304981, 141932, 1837047315, 151437, 141913, 206779, 35437419, 141918, 31654887, 1418092778, 29393634, 28949803, 353602, 77098, 301031, 1340179108, 1417751877, 1294924099, 1320647650, 1320647646, 27698294, 178067, 1837486479, 308879, 216928, 26545309, 151760, 497900653, 509904598, 167219, 1832589746, 1814356455, 1352209775, 224160]"
469016228,张明敏经典歌曲133首,"张明敏(1956年9月－)，香港著名民歌歌手，擅长演唱具中华民族色彩的歌曲，有""爱国歌手""之称。其演艺事业始于1979年，并于同年结婚。1983年2月，张明敏受到香港青年联合会的邀请而录下《我的中国心》。1984年张明敏在该年中央电视台春节联欢晚会导演黄一鹤的邀请下再次演唱此曲，凭此曲成名。除此之外，张明敏流行的民歌有《中华民族》、《我的中国心》、《我是中国人》、《外婆的澎湖湾》、以及《爸爸的草鞋》等。2005年开始担任香港一家生物科技公司的执行董事","['华语', '流行', '民族', '民族']","[194715, 195243, 5284585, 194728, 195208, 194740, 194721, 195055, 194911, 195051, 194887, 195072, 194830, 194746, 194869, 194700, 194963, 195401, 195438, 195066, 194954, 194525, 194736, 195221, 194708, 195219, 195407, 194894, 5283977, 194923, 194959, 195044, 195330, 194956, 194853, 194480, 194973, 194969, 194538, 194931, 195196, 194748, 194961, 195456, 195179, 195255, 195289, 194815, 194505, 195047, 195421, 195424, 195427, 195430, 195434, 195446, 195449, 195452, 195454, 195259, 195264, 195266, 195270, 195279, 195284, 195293, 195297, 195319, 195324, 195327, 195333, 195338, 195342, 195346, 195350, 195354, 195359, 195170, 195176, 195182, 195186, 195190, 195193, 195040, 195059, 195063, 195069, 195076, 195085, 194945, 194949, 194952, 194966, 194977, 194890, 194914, 194918, 194839, 194848, 194856, 194859, 194862, 194763, 194781, 194790, 194798, 194802, 194806, 194811, 194821, 194662, 194666, 195240, 194484, 194490, 194511, 194516, 194522, 194530, 194534, 195387, 195398, 195404, 194542, 195395, 194724, 194941, 195315, 195274, 195167, 195322, 195081]"
620918845,国风电音‖地名带你走遍中华万里江山,"系列：【国风电音】.壹号
策划：【林司羽】

“这儿就是我的故乡，这就是我为它做的电音”

那些歌名是地名的国风电音带你领略中华江河万里，山川秀丽，各域风味

<青山不改 暮雪白头 绿水长流 山河依旧>

【特色景点】
锦里
河间古郡
烟袋斜街
京城小巷
南锣鼓巷
斜阳石巷
真·西湖
漓江塔
武侯祠
宽窄巷子
水巷
宽巷子
【城市】
江苏
桂林
洛阳
厦门
南宁民族大道
南宁
上海
上海
上海
上海市的南京路(笑)
北京
夜北京(笑)
南京
南京
成都
长沙
长沙
昆明
德化(福建)
黑龙江
西安 (强行按)笑
杭州
徐州
广州 (看封面是广州)
湘楚
荆楚
周庄古镇（江南）
【古都古宫】
临安
长安
长安
大明宫
紫禁城
太平洋
【虚幻景点】
孤龙山 (游戏主题曲)
珍珠塔
花果山
仙宫
黄山
关山
峨眉山
西湖(？)

〖里面有你的故乡吗？里面有你曾经去过或想去的景点吗？跟随这些电音徜徉在广袤的九州大陆吧〗","['电子', '古风', '民族', '民族']","[520392404, 469756905, 464863017, 41661030, 433059656, 478892612, 545291950, 441617611, 494442994, 431791046, 487731028, 561480412, 455555878, 477841196, 477840248, 494193128, 518299636, 475258052, 492216316, 523688953, 469033317, 487929846, 542229316, 478043967, 455382413, 1336441883, 461602138, 459558452, 423015062, 520486584, 36897266, 31149020, 27572579, 428350510, 413074476, 1234618, 5188766, 28854235, 460113580, 430062841, 466926528, 418257965, 440759061, 26379292, 459426836, 418326238, 469675174, 471713293, 1612664, 416388015, 405253051, 424495668, 399340212, 454867452, 437387405]"
369657142,战斗民族的暴力美学/俄语Русский,精挑细选过的俄语歌曲，希望喜欢的朋友们可以加收藏鼓励一下，我会持续更新歌单的，谢谢大家！,"['民族', '小语种', '民族']","[406716154, 431096720, 488388448, 1365543521, 448706010, 464373438, 1384583411, 1397021895, 1359718579, 535441034, 34179279, 18070214, 1350094641, 1411673064, 1317372567, 1370374742, 29122956, 400075243, 460112347, 1370375414, 1365490975, 1361232228, 1359663981, 1369665782, 1353164158, 474574984, 537131309, 26508072, 518076185, 439915163, 36198440, 525239007, 30394188, 27834316, 27834310, 509530785, 465677045, 26224980, 400075255, 30474999, 399411155, 26240280, 406716153, 34723794, 24582815, 28461043, 406716158, 473964297, 431096723, 4228703, 1222145, 1222842, 1222819, 464647031, 1012293, 1012284, 28844269, 2119441, 2119711, 416554431, 28633224, 414826500, 28754231, 479029070, 30394159, 464373539, 442867561, 454069168, 35307899, 523248519, 477823086, 447076485, 28432139, 432821778, 532950351, 29789680, 27946643, 467164816, 34218300, 4099428, 34614608, 32046532, 27955271, 29328025, 427142439, 545151402, 479223335, 26581089, 5160859, 26518683, 2301909, 32196612, 33316309, 28409062, 36198438, 27896027, 41654459, 28432148, 406292316, 25862794, 34613573, 32450160, 518094151, 28468087, 495395245, 511236617, 428095883, 29950655, 547210817, 490381450, 4331146, 998776]"
2561604749,CCTV《国家宝藏1-3季》合辑原声大碟 完结,"因1-3季合辑曲目较多，国家宝藏第三季有整理单独的歌单，有需求的听友们可移步搜索，封面系列延续如故～

曲目前排为第三季 ，关老师曲目因版权问题被下架……

“在那一瞬间，历史不再是冷冰冰的文献和器物，而是充满生命力的个体，穿越厚重的黄土、漫长的时光，跋涉过日月山河，在浩渺的时空下，有了存在过的痕迹和证据。”—— WY

承载着五千丰中华文明的博大和厚重，凝聚着众多观众、网友的爱戴和期待，蕴含着一如既往的朝气和活力，《国家宝藏》第三季，这个中央广播电视总台的优秀大型原创IP，被誉为“开后中国古典文化综艺元車”的现象级节目。作为一档大型文博探索节目，《国家宝藏》第一季走遍华夏文明的腹心，第二季看遍五千丰孕育的生机。再次扬帆后航的第三季，延续上下求索的勇气，承接寻理求知的热情，携手九座享誉世界的中华文明历史文化遗产，拉开一幅泱泱中华、万古江河的历史画卷。“何谓华夏? 何以中国?”“在人类历史的长河里，中华文明为世界贡献了什么?”全新一季《国家宝藏》将中华文明放置到整个人类文明的坐标系里，继续书写上下五千丰的中国故事。节目就是要让收藏在博物馆里的文物、陈列在广阔大地上的遗产、书写在古籍里的文字都“活起来”，带领观众阅尽国之瑰宝，共同解读中华文明的基因密码，并向世界传递古老而又正当青春的中国声音！

注：全三季更新完结（部分因版权问题无法收录其中）
歌单曲目包括：国家宝藏专辑／配乐／插曲／同人曲／背景音乐等 来源多样≠杂

曲目顺序按个人喜好重新整理排列•非随意编排•非更新顺序
❗️介意慎藏

封面出处→
类别•中国画 材质•纸本重彩 名称·《三重门·古迹》系列 作者 炑渔","['民族', '影视原声', '古风', '民族']","[1419346842, 1825239745, 1832134156, 1828070520, 1825229879, 1832522116, 1828069340, 1825251434, 1828076751, 1825257597, 1805388544, 1809095282, 397108, 28936603, 28936556, 5271123, 28196558, 2084864710, 2084651293, 2083769244, 2083141464, 2084367701, 2084374950, 2084650940, 2084061867, 2083796488, 30431023, 29045492, 36586596, 36664102, 2061743, 37095739, 37248509, 33682158, 36664081, 406846187, 35726457, 36871362, 1483972586, 2112331, 4378903, 529824781, 531786611, 536624390, 1342326582, 1342326579, 1342327438, 1336871788, 1336856868, 1336866794, 1333391406, 1336871787, 1336864765, 520459220, 528270432, 534540523, 534542540, 1342327439, 1342327440, 504271996, 1336856867, 1382058137, 1364125067, 1483222340, 1331448927, 536165995, 5263807, 376994, 28953674, 439110053, 155484, 155490, 155493, 155487, 155502, 155496, 155500, 32743519, 440073297, 1318312345, 1318050207, 1318310664, 1318312251, 440073301, 1318312222, 28457782, 423406253, 447198272, 196349, 419594715, 499885, 332744, 125826, 165612, 29979577, 392385, 392382, 392383, 392380, 531216641, 32548459, 1416747979, 31563722, 1499839566, 1499838773, 1429276557, 28468230, 431794862, 27562515, 133581, 29097535, 396292, 25640073, 34613644, 34613650, 1301178623, 25730987, 32845692, 32845677, 32845664, 393946, 393944, 394020, 32845658, 393916, 32845644, 32845703, 393992, 394008, 394019, 393965, 393950, 32845693, 393936, 25730994, 394031, 32845639, 32845634, 32845620, 75363, 75341, 75423, 75395, 75361, 75343, 75355, 75351, 75353, 75347, 75388, 75414, 526468629, 526472582, 526468627, 1302090117, 1302091079, 1302090116, 1302091078, 1302084093, 1302090527, 1302090118, 528478541, 35955316, 35955368, 35955318, 35956305, 35955325, 35956307, 35955361, 35956344, 35956309, 28936426, 28936523, 28921898, 28936519, 28936601, 129236, 28936526, 28936620, 28921897, 28936521, 28921895, 28921894, 28936423, 440239018, 480782177, 440090239, 440239028, 440073318, 440090248, 28381398, 34916280, 399341196, 26402044, 461507117, 461507119, 461508105, 461507122, 461508102, 34916267, 428116914, 428116922, 28497140, 29786778, 28936551, 28921893, 28921905, 28936546, 28936527, 28936568, 28921904, 28921906, 28936565, 28936530, 28936572, 28921891, 28936615, 28936598, 28936428, 28936524, 28936528, 26344037, 26344082, 26344026, 26344099, 26344079, 26344020, 26344040, 26344098, 26344112, 26344018, 26344051, 26344106, 26344081, 26344060, 26344038, 26344042, 26344021, 26344091, 26344022, 26344015, 26344109, 26344014, 26344086, 26344064, 26344023, 26344107, 26344110, 26344065, 26344054, 26344053, 26344111, 26344036, 26344030, 26344097, 1499838791, 203900, 28786809, 28786838, 203901, 132495, 132621, 132366, 132369, 132467, 132611, 132464, 132615, 132376, 28196555, 28196483, 28196476, 28196535, 28196487, 28196560, 28196488, 28196492, 28196512, 28196477, 28196507, 28196526, 28196533, 28196529, 28196557, 1355964891, 5267439, 529913489, 29812096, 536378801, 5267373, 487221770, 30031036, 502706183, 4878517, 520612799, 355797, 28699996, 486628240, 419596675, 393693, 412493718, 95529, 816934, 29999568, 816908, 29095694, 406346861, 419375067, 5262031, 341536, 477841196, 203915, 137185, 201960, 355798, 33760107, 304905, 27580602, 552115075, 155506, 1318894130, 31168297, 155508, 1309812453, 526472472, 26524995, 26524992, 26524994, 31563720, 31563709, 31563715, 31563710, 31563721, 31563716, 31563711, 4872781, 4872780, 4872782, 4872787, 4872784, 4872796, 4872776, 4872791, 285499, 544914961, 375563, 26402411, 27901185, 28406282, 159581, 204914, 27571433, 29097536, 25640066, 499741, 38771176, 165614, 492626807, 32320232, 30039520, 29999103, 34338158, 159584, 440767426, 413834184, 409649387, 25706344, 25638315, 5267379, 119662, 455938406, 479281226, 530428245, 155498, 41650774, 28302626, 523035645, 30569128, 32465605, 400579463, 21849916, 818756, 5047430, 32619926, 482924113, 36668616, 36668613, 21849926, 1390804762, 509135656, 32857600, 3934578, 1355252213, 41630480, 36586598, 37211436, 819664, 817454, 20952124, 21849921, 21849923, 18614834, 21849925, 5047459, 21725725, 436675327, 27903692, 514432146, 544374282, 32835085, 1768252, 4256541, 2069942, 28635217, 18614573, 2529472, 422463616, 594127, 443875732, 1484156661, 27567404, 5059144, 33682160, 1768326, 32046610, 489970136, 1871085, 28458418, 17239379, 21849917, 418603577, 1331826172, 402073319, 1596999, 27567415, 512377196, 28718818, 457840567, 1597441, 26902590, 1350384014, 21849924, 431610134, 28489986, 21849918, 21849919, 591124, 440353010, 2103740, 2101692, 412353, 1768204, 1461850, 21849915, 34280025, 512298867, 1462573, 2069924, 4437306, 411907396, 21849920, 29751206, 21849922, 4436069, 28732735, 3879512, 31704039, 479717618, 154742, 27256783, 27599301, 504317276]"
596259948,上帝说想听歌—于是有了苏格兰风笛,当苏格兰风笛的声音在远方青色山峦响起，那幽远轻轻掠过故事里的歌声嘹亮、掠过树荫里的静谧飘然、掠过海面上的水妖低语，到达心中期许之地。,"['世界音乐', '民族', '古典', '民族']","[1164922, 4153266, 1853481, 1853354, 1233934, 1233920, 4380271, 4380263, 4380265, 436487458, 1835195, 1853495, 1853509, 1853489, 1853499, 16653848, 5209893, 22231617, 1164957, 1164970, 3949473, 18782898, 18782895, 18782894, 1484825, 1484893, 22259258, 5271787, 5271785, 17969178, 1164475, 1164576]"
2855448476,佤族歌曲 美丽佤山 秘境沧源,佤族一个带有原始气息的民族 阿佤姑娘美丽动人 阿佤小伙勤劳勇敢 歌曲热情奔放 伤感思恋 民族音乐特别棒 带你进去美丽佤山,"['民族', '夜晚', '清晨', '民族']","[2047283744, 131117, 2071212584, 5232419, 5232422, 29793747, 35023456, 1831518518, 40255790, 1465329894, 1334818292, 26379329, 1831380246, 1830664301, 1833583532, 1296887300, 489208609, 5266784, 1481677665, 1465061519, 35030302, 1303222559, 1370858149, 1303223381, 1313855675, 1318437093, 1432133649, 5232426, 553534142, 5232425, 5261101, 1395040517, 1404754379, 489209284, 29793750, 523046155, 574924491, 1368323697, 473656712, 5232423, 36616083, 1303223379]"
7324584348,维吾尔族〖车载音乐〗,“别回头，别出现，别打扰，别说爱我，我配不上你 我是垃圾，我的爱也是垃圾，是我挡着你遇到更好的人，都是我的错.”,"['小语种', '民族', '驾车', '民族']","[2062199340, 1917425199, 1950940034, 1948628035, 1951031031, 1962507184, 1864638464, 1920497009, 1854481009, 1315956971, 1851893462, 380143, 1397173791, 1892691010, 1414961, 1877417524, 1812267589, 1891543968, 1393400012, 1472388565, 521625643, 1380467711, 1381497236, 1491836774, 1497908944, 1429438171, 1888397052, 1841583084, 29777858, 1884020658, 1891693303, 1891723956, 1853936309, 1824466885, 1427170369, 1893097135, 1458516859, 1884020859, 1893626611, 1863089956, 1878344872, 1410576126, 1814798360, 1490922590, 515730320, 1476819075, 30251466, 1886263240, 1862852786, 1860613714, 1448023395, 1808309002, 450048098, 1438930148, 1830564408, 1462701606, 1356972584, 1497636389, 532493484, 1818373544, 1820383557, 1825728223, 1462746574, 1344379615, 1498860339, 446875114, 1406686158, 1852135936, 1423232357, 1476723946, 1406885231, 1480711696, 1480886014, 1305155498, 469078008, 1332088996, 1809101071, 1430310599, 1466447050, 465677046, 1495120861, 1495121501, 41631013, 1821036056, 1424105492, 1806116842, 1871354025, 36586914, 25986192, 5261673, 1833615519, 1428634024, 1812799604, 1471822926, 1837799443, 1809676934, 1825214424, 1405422161, 518771059, 1852308125, 1851895062, 1851893458, 1851893459, 1423691227, 1375368120, 1310807293, 1422689968, 548433725, 516733264, 516729460, 516728653, 516729277, 1399840104, 1424729651, 1385495660, 1316698420, 1447055939, 1391511262, 1424310063, 1340493256, 1352934784, 405253962, 38582705, 1471128964, 1482465275, 1378275336, 1823509339, 1803615182, 1487850566, 1479729375, 1469834946, 1394060372, 1373225814, 1407095586]"
98854380,撰写古风（墨明棋妙＆银临）,封面是南烟斋哦 ，重新整理了一下歌单 补充了许多大家喜欢的歌 希望大家能支持(感谢鞠躬),"['华语', '古风', '民族', '民族']","[504686859, 1314438112, 1413401626, 366405, 30352891, 28188426, 27506597, 28188428, 366422, 28138493, 33777290, 28188432, 27571867, 29379442, 28188377, 279712, 206813, 366255, 435306744, 421137682, 39224244, 28188429, 28188427, 28188425, 31066372, 28660050, 366411, 366415, 366419, 28957362, 366395, 366257, 366254, 366253, 366264, 366265, 366268, 366270, 366284, 366288, 366293, 366295, 28188304, 27908583, 366439, 27571943, 26902863, 27501309, 26902457, 279660, 29979924, 30070834, 175778, 31654951, 31370564, 28971030, 29393475, 28660069, 28914334, 29786253, 32432229, 28308558, 29095754, 29379418, 29732730, 28832324, 28188430, 28188431, 28987050, 28188435]"
6897767464,传统戏剧秦腔名段,秦腔的表演技艺朴实、粗犷、豪放，富有夸张性，生活气息浓厚，技巧丰富。,"['华语', '民族', '经典', '民族']","[1948041816, 1948041817, 1948041803, 1948153530, 1948153525, 1948153527, 1948041301, 1948041798, 1948041799, 1948041800, 1899928866, 1948041781, 1948041782, 1948041288, 1948041783, 1948041784, 1948041309, 1948041808, 1948041809, 1948041310, 1948041311, 1948041312, 1948041810, 1948041313, 1948041314, 1948041802, 1948041327, 1948041326, 1948041842, 1948041339, 1948041341, 1948041843, 1948041342, 1948041801, 32419688, 29807958, 1367888444, 557881061, 1948041811, 1948041812, 1948041813, 1948041814, 1948041315, 26609886, 1948041815, 1948041316, 1948041287, 1948041778, 1948041779, 1948041780, 5261402, 1899029479, 1500215315, 415086877, 1948041302, 1500215309, 415086874, 415085961, 415090979, 415085962, 5266400, 5266401, 1840480269, 558023356, 5277218, 1948041833, 34152291, 1500216025, 1500216024, 1500216023, 1500215316, 1500211015, 1948041836, 1500215310, 1500215311, 1500216027, 1500216026, 1500211021, 1500215313, 1500215308, 1500211022, 1500211020, 1500211019, 1500211017, 1500211016, 1500215312, 183659, 1500216029, 1500215307, 1500215314, 1500211018, 5248585, 1846043955, 1846041447, 1846041434, 1846041442, 1846041436, 1846043960, 5262052, 1846043974, 5242351, 1850976225]"
359359580,书房音乐♪巫娜琴集,阅读与写作时的背景音乐,"['民族', '学习', '经典', '民族']","[1441250328, 304949, 304927, 35023487, 38673100, 304958, 304943, 35023492, 304855, 35023491, 304854, 38673098, 304951, 38679078, 304901, 38679067, 304952, 38673089, 304932, 27965190, 1441248538, 304959, 304950, 304851, 304935, 304938, 27965202, 304939, 304910, 304879, 304857, 304886, 304849, 27965176, 304859, 27965197, 27965191, 35023489, 27965187, 35023729, 304933]"
54471188,陕北民歌&&神仙也挡不住人想人,不是陕北人但就爱这陕北的调调！,"['华语', '民族', '经典', '民族']","[437290317, 1397293396, 30251873, 530986143, 437290315, 30251874, 531040957, 529848432, 571340573, 863489442, 571338765, 1308782064, 571336596, 571338766, 571338570, 864099255, 31814233, 5267536, 304837, 5272436, 5272405, 381016, 304833, 192252, 5272290, 77957, 5269989, 304829, 553173316, 416531398, 468513484, 400162838, 400162843, 400161886, 400161894, 400162840, 400162841, 400161893, 400162836, 400161890, 28411637, 5253469, 5253470, 5253471, 5253472, 5253473, 5253474, 5253475, 5253476, 5253477, 5253478, 5253479, 5253480, 5253481, 5253482, 5253483, 5253484, 5253485, 5253486, 5253487, 5253488, 5253489, 5253490, 5253491, 5253492, 5253493, 5253494, 5253495, 5253496, 5253497, 5253498, 5253499, 5253500, 5253501, 5253502, 5253503, 5253504, 5253505, 5253506, 5253507, 5253508, 5253509, 5253510, 5253511, 5253512, 5253513, 5253514, 5253515, 5253516, 5253517, 5253518, 5253519, 5253520, 5253521, 5253522, 5253523, 5253524, 5253525, 5253526, 5253527, 5253528, 5253529, 5253530, 5253531, 5253532, 5253533, 5253534, 5253535, 5253536, 5253537, 5253538, 5253539, 5253540, 5253541, 5253542, 5253543, 5253544, 5253545, 5253546, 5253547, 5253548, 5253549, 5253550, 5253551, 5253552, 5253553, 5253554, 5253555, 5253556, 5253557, 5253558, 5253559, 5253560, 5253561, 5253562, 5253563, 5253564, 5253565, 5253566, 5253567, 5253568, 5253569, 5253570, 5253571, 5253572, 5253573, 5253574, 5253575, 5253576, 5253577, 5253578, 5253579, 5253580, 5253581, 5253582, 5253583, 5253584, 5253585, 5253586, 5253587, 5253588, 5253589, 5253590, 5253591, 5253592, 5253593, 5253594, 5253595, 5253596, 31134995, 31134994, 27526356, 27526351, 27526357, 27526354]"
2476352601,吟唱 如梦似幻的凯尔特风情,"凯尔特音乐是来自于凯尔特人的音乐。
典型的凯尔特风味，古老、源远流长，可以听到提琴、风笛、小竖琴或者两个风箱的手风琴。在英伦三岛，在美洲大陆，只要是在有凯尔特移民后代的土地上面，就可以找到这样的音乐。","['欧美', '民族', '学习', '民族']","[2922757, 2530225, 27562657, 22231616, 21510488, 4407374, 4013574, 19498060, 20531737, 17645793, 2530213, 5137438, 3225595, 2530135, 16866796, 16866785, 16866854, 3880932, 18782895, 2749701, 2749689, 21311959, 3934796, 5196172, 5197483, 21772530, 21772545, 3036702, 3894284, 2283006, 17538867, 21510438, 2070502, 20744782, 17969178, 2923287, 3046668, 19168459, 2923189, 2923192, 5153477, 1062559, 28002610, 16466023, 2772139, 16409002, 17666104, 3420616]"
591168719,厂牌【风潮】世界音乐图书馆系列,台湾风潮唱片《世界音乐图书馆系列》是代理的来自日本厂牌King Records的“World Music Library”系列中的部分作品，主要是东南亚、中亚、中东、东欧等地域的传统音乐。共36CD，每张唱片选一曲作为索引。,"['民族', '世界音乐', '民族']","[5286340, 5286386, 5286472, 5286184, 5286270, 5286402, 26494374, 5286267, 5286408, 5286300, 5286223, 5286209, 5286365, 5286148, 5286320, 5286437, 5286249, 5286291, 5286326, 5286278, 5286411, 5286314, 5286445, 5286400, 5286374, 5286157, 5286485, 5286416, 25940198, 5286238, 5286448, 5286358, 5286305, 5286226, 5286097, 5286461, 542472, 183260]"
519104611,罗大佑经典歌曲专辑,台湾地区著名的创作歌手、音乐人，有“华语流行乐教父”之称。罗大佑出生医生世家，大学私立中国医药学（今中国医药大学）医学系毕业。1972年，参加学生乐队担任键盘手，从此开启音乐演艺活动的脚步。1982年4月21日，罗大佑在台湾发行首张个人专辑《之乎者也》，他从幕后创作人正式转为歌手；这张作品在华语流行歌坛投下巨大震撼，特别是专辑内单曲《鹿港小镇》歌词探讨台湾经济起飞后的社会剧烈变迁问题，广泛引起各坊瞩目。2009年与李宗盛，周华健，张震岳一起组成纵贯线Super Band乐团，并举行为时一年纵贯线世界巡回演唱会。代表作品：《你的样子》，《恋曲1990》，《鹿港小镇》，《爱人同志》，《童年》，《皇后大道东》。,"['华语', '流行', '民族', '民族']","[109369, 109249, 108609, 29414839, 109516, 108846, 109539, 108420, 109172, 108462, 109227, 109528, 108431, 109019, 109192, 109189, 109350, 108444, 109201, 108661, 92641, 109252, 108645, 109260, 109236, 109275, 108843, 108439, 109456, 109279, 109083, 108502, 109311, 109366, 109243, 108480, 109534, 109489, 109361, 109372, 109265, 109269, 109285, 109289, 109296, 109219, 109223, 108837, 108839, 108852, 108856, 108601, 108613, 108617, 108621, 108630, 108633, 108657, 108678, 108506, 108521, 108453, 108467, 108471, 109525, 33327065, 109495, 109215, 108860, 109153, 108449, 108930, 109481, 108848, 370389, 108714, 108424]"
6905070400,Mardan Bag Amat麦尔丹,新疆阿图什市流行歌手艺名MardanBag Amat代表作品（Kuydug Xarap）（YetimZari）（ataanam)(May Pigani)）(soyalmasboldum）（kutux）（addi nahxa)等等。,"['流行', '快乐', '民族', '民族']","[2106092928, 2094461335, 2088930271, 2085802813, 2084164651, 2032473171, 2009030935, 1959739387, 1940692301, 1895071356, 1889098405, 1877252091, 1839035984, 1463713872, 1805389564, 1858099765, 1821554876, 1857540117]"
2500592592,维吾尔族舞蹈歌曲,舞蹈之路是需要单独一个人去面对，路再长。靠自己，不必害怕，往前一步一步的走，最终会看见属于你自己的人生大舞台。,"['舞曲', '小语种', '民族', '民族']","[2069078677, 2050745135, 1964609468, 2013190930, 1901891202, 1953116075, 1847018630, 1907312053, 1917148896, 1902808784, 1924572913, 1924997758, 1813277317, 1916918334, 1950939680, 1834424213, 1358276822, 1498537797, 1929600972, 1394765279, 1806354162, 1499394089, 1891311376, 1471894731, 1892429952, 1835910420, 1819176443, 1820219354, 1803615182, 472149999, 1431887420, 1383322839, 1807596134, 1820785648, 1442147883, 1804621682, 1806224839, 1463978221, 1496851281, 1404619327, 1305406003, 1421271525, 1443928539, 1473577119, 532502829, 1414339343, 1334276132, 1433014677, 1411117041, 538065144, 1361479091, 1361479230, 1361479231, 1385295657, 1327143438, 1377585624, 1318140642, 1375368120, 1310807293, 1377479883, 1320265222, 1335352920, 545089937, 405253520, 38574358, 33251957, 1306414622, 1313417724, 41646086, 41646095, 36150596, 409941840, 405253744, 37853634, 36080781, 1499112645, 36080792, 445464137, 36080810, 36897093, 29795741, 463157952, 29795717, 1337623375, 409941848, 527183550, 36150570, 517996194, 547793796, 534288312, 445154426, 472152022, 548117175, 504109948, 533303211, 406070433, 35678077, 511145429, 511938589, 472151911, 531288461, 38576304, 516092552, 515810549, 445198289, 516710991, 533286868, 472150866, 518893020, 1332088996, 518890990, 442030661, 1420605296, 28253401]"
