6653784144,满腔爱意｜人生嘈杂鼎沸 爱意赤诚热烈,"应该趁着年轻，和喜欢的人一起，制造些比夏天还要温暖的事。
你知道吗？你的加入比我的独处更加宜人。
","['欧美', '流行', '浪漫', '浪漫']","[2087852441, 1458717405, 31861287, 1467363772, 1466516156, 403710535, 1817947286, 2009053990, 1996608914, 1942594143, 1821073603, 1937340367, 404276378, 1463615238, 1345338338, 28256115, 3026583, 27899008, 544247584, 480426313, 37955044, 28095742, 1416586502, 1840212359, 1876909269, 1466544976, 1439148825, 1819133238, 563855861, 1321648605, 1457707546, 1327822114, 1493794916, 1366570351, 1440952408, 4380582, 5101161, 565841054, 531040509, 472050059, 1401671455, 29561495, 19163309, 521169592, 1362825761, 1371033487, 863481066, 2639750, 523249493, 1317176135, 1314353013, 1336864660, 499673123, 1329105590, 523248511, 1309995372, 1367521756, 1406003612, 32785010, 528273704, 1381882798, 1810072698, 1458164576, 1454455334, 1458863599, 1478636]"
8234980574,drop惊艳时刻｜远处星辰的交相辉映,"如果，给我一片天，我把它藏入脑中，自由的在这优美的drop中，构想万象星河。那铺天盖地向我袭来的正是我潺潺的忧思和爱念ヽ(*´з｀*)ﾉ

各位听众，如有好歌推荐，可在评论区留言！٩(˃̶͈̀௰˂̶͈́)و

让我们携手感受着优美的drop，沉浸其中，畅游其中！！！٩( 'ω' )و

持续更新！绝属精品 来听呀(๑>؂<๑）

更新时间不定，可能日更可能月更⊙﹏⊙有好歌一定第一时间加入歌单，后50首为初始歌单歌曲，才听歌单的友友们，可以先听那50首最新更新的歌曲在歌单最前面，老友们，久等啦！希望大家支持！
听歌时，建议随机播放◝(⑅•ᴗ•⑅)◜","['电子', '浪漫', '感动', '浪漫']","[1457711034, 1854135055, 1821148919, 1979369946, 1448284110, 496869034, 1887906214, 1393739419, 2079766199, 2081975315, 1863570952, 1345863606, 2021204443, 1443498314, 2067306465, 1927748302, 2035363480, 2080023144, 1401179677, 1315141918, 2063042869, 2030112458, 2050142839, 1962039201, 1845607869, 1342935707, 1384492900, 2066964696, 2012389780, 1361144802, 1971201655, 2036967013, 1498733912, 1468909860, 1342955242, 1840416761, 2005559727, 1972587686, 409060989, 509530616, 1891617568, 1907401825, 486814261, 461080104, 1304400757, 2044445981, 1456365675, 2008600604, 2076437124, 2001219443, 541499408, 1439407612, 2065331714, 1450894524, 1944531073, 1855330115, 1873200603, 1356928443, 2062816135, 2018869049, 435289279, 1961807589, 1428681313, 1380001880, 1936472888, 1365711550, 1822395020, 2006680203, 2012539755, 1992931543, 1990362381, 1915365157, 1458679659, 1874257676, 1990362379, 1851663243, 2046381958, 1962337745, 2015221410, 1329164028, 1960129750, 1368546535, 1434225467, 1866202304, 1456344380, 1980080563, 1441098283, 1460083791, 1347227963, 1441147978, 1956426266, 1920855574, 1454864598, 1474018731, 2000609463, 1811853540, 1917262312, 2052332355, 2057116555, 1433659900, 2049703796, 1887906273, 2048191776, 1416675099, 1903409383, 1806481080, 507585215, 1988871847, 1837972529, 573518552, 1955856871, 1845608781, 2042254345, 1384492897, 1417055605, 1850763619, 1329900090, 1919116916, 1494155867, 2032275313, 1381082572, 1488457944, 1973215931, 2048190640, 1909012338, 1851554715, 1857326892, 1442681212, 1914878237, 1908996458, 2015221544, 1376832146, 1865072536, 1327013975, 1429604070, 1484982030, 1405639135, 1983685175, 1973607030, 862100907, 1887414088, 2020507306, 1384492898, 507585217, 1381706037, 1831761213, 507585219, 1414940085, 1384496793, 1985629065, 1400369399, 507585220, 1480541326, 2018438892, 2014942298, 1820685318, 1471558797, 1458199729, 1422606666, 2017441998, 1381084455, 1826925415, 1353374366, 1467062551, 1422556164, 1865368506, 1895295400, 1421446518, 30394423, 1834198476, 2002472758, 1974474160, 1329164029, 1486645590, 1347227968, 1406599484, 1987817104]"
5373110437,脸红的青春期丨如果暧昧有形状，是你的模样,"暧昧或许就是在拔通电话时
忽然不知道说什么好
原来只是想听听那熟悉的声音
原来真正想拔通的只是自已心底的一根弦。
/封面来自网络","['华语', '流行', '浪漫', '浪漫']","[1805051664, 1475739401, 1501511201, 1500435760, 1499367177, 1493083969, 1491237854, 1430000692, 1383972145, 1495845151, 1496297482, 1495120418, 1501212588, 1497577446, 1489681309, 1499337939, 1497773679, 1497588709, 1494320776, 1489365954, 1500166562, 1498604432, 1498051874, 1497448556, 553592792, 1496849940, 1495093176, 1496020807, 1501467471, 1501219011, 1500455486, 1498623045, 1499884757, 1498312209, 1482447287, 1501747252, 1499767738, 1499045875, 1501230210, 1492611556, 1488403784, 1494273231, 1490851463, 1492023926, 1494825207, 1485454696, 1497197371, 1464521827, 1498091481, 1466327559, 501928179, 1501715673, 1499554132, 1500307381, 1499992596, 1490124827, 1492101892, 1483896246, 1500970971, 1498832320, 1499390545, 1498599904, 1394997085, 1490226368, 1498103271, 1482236625, 1475436266, 1494098583, 1492975710, 1482845417, 1491229124]"
8861970528,恋人蜜语 | 还没999+的小众浪漫曲,"“明月高悬夜空

眼下是春天

我想起了你

内心是完整的”

——佩索阿

那些还没有999+的小众浪漫风宝藏歌曲，涉及多种风格，Doo Wop、摇滚、蒸汽波、chillhop、Dream Pop，等等，希望你喜欢。

","['欧美', '浪漫', '治愈', '浪漫']","[499620012, 506986097, 5156281, 561521824, 570292681, 488723054, 1477887307, 1309574699, 2081841163, 1314262435, 1823236983, 21606059, 865051109, 569422144, 2020947293, 2843713, 1435052345, 1475376, 566567432, 1481074285, 1401899967, 1850709432, 561171418, 1297492221, 28435846, 495106120, 493658542, 1483630255, 4400162, 521417506, 530935509, 1357963637, 1303175453, 1869474402, 5216971, 22766374, 1357973140, 22493039, 1451566890, 1877897037, 1921829, 1921760, 1788756, 1830992139, 1298183242, 28201651, 862586396, 27954251, 1300119828, 490595967, 1822195677, 570042213, 2311879, 29459985, 28086914, 1831979209, 522741422, 483520156, 1460104850, 1834382755, 28168298, 2082115660, 2036689554, 1476363, 2036689553, 2053593624, 21965720, 1957174669, 1371121735, 1806055863, 2061953507]"
8793237492,韩语恋歌循环 | 温柔春风拂过浪漫情书,一键开启耳机里的心动模式。,"['韩语', '流行', '浪漫', '浪漫']","[5307435, 525721542, 26418242, 32945000, 1442013358, 5295207, 458697927, 404184357, 1355164990, 501220639, 26429347, 515549046, 1930242671, 29046172, 443277071, 481241160, 32785396, 418603972, 1406266571, 29732806, 407677189, 412911406, 35847465, 450222772, 411921831, 1370468349, 1300381754, 28747852, 26300127, 504707146, 26167187, 419596444, 1945246076, 28613224, 1386673128, 1929324698, 1845737947, 1373801007, 1398687762]"
7085792156,Marry Christmas‖欧美圣诞特辑,"如果这个冬天我有喜欢的人
希望她能和我一起踩雪
去喝咖啡店里的热摩卡
和她一起听着圣诞歌单
然后牵着她小手
和她在沙发上裹着被子看《真爱至上》","['欧美', '流行', '浪漫', '浪漫']","[1987480675, 1992290732, 21233912, 2002351, 2092507866, 1998832575, 1890657614, 2100523741, 1407950330, 19805471, 1899742433, 1891738522, 1972556754, 1902294831, 1891736525, 1406605850, 2005133691, 2001610176, 1902124227, 2091640954, 1891738513, 1886696262, 1500079289, 27984071, 1894048167, 1401842558, 29129787, 1323983935, 37091160, 22425130, 29779508, 1887917119, 1401832528, 523030824, 18637965, 1400386133, 514166523, 437915573, 524231807, 1434821662, 1406191570, 1303756656, 27298792, 1889850760, 26165023, 28068206, 1884914901, 1399058910, 1320646088, 1320417229, 27876487, 1501661176, 29497538, 18638058, 16686151, 16686145, 16686155, 1310762340, 1310762336, 1901060164, 29802490, 16699240, 1397798124, 1498537434, 1501460147, 437715323]"
8871207069,加木‖合集歌单，更新中，主动,"百听不厌的你爱的歌
不等更新，安时支持","['流行', '华语', '浪漫', '浪漫']","[2074440239, 2093236174, 2047623646, 2054091213, 2030261099, 2024104852, 1991070161, 2068707604, 2064557776, 1986233862, 2022223732, 2067177247, 1922882311, 1916424465, 1957318585, 2077914038, 2007699547, 1875258303, 2051784925, 2045543298, 2001834867, 1969433109, 1954792506, 1960866444, 2015338732, 2015340841, 1957504018]"
8253947001,港式情歌| 浓稠的情绪娓娓道来,歌曲细腻，缠绵，娓娓道来，依然带着属于港式情歌的特点，柔柔道尽，字字抒情。 那些爱而不得里，是港乐了然的温柔。,"['粤语', '流行', '浪漫', '浪漫']","[28578480, 28578481, 28578478, 1997099665, 2037266888, 2061434457, 1980633405, 189140, 202041, 515796159, 377537, 1906134926, 1977463561, 2061819973, 1831842276, 1947942629, 95607, 1861134762, 30245576, 1887063840, 418284075, 29129980, 163041, 1978686402, 204295, 5258867, 135332, 179796, 5240138, 1887304731, 1965940106, 2005277371, 1861999397, 118261, 118083, 64381, 94639, 2015055006, 1888154699, 2066724668, 2078934594, 1965085154]"
5357926210,Dardimni al 专辑 吾拉木艾力吾普,青年歌手吾拉木艾力吾普尔的带走我的悲伤 《dardimni al》个人专辑里的所有歌曲，希望喜欢的朋友们收藏,"['流行', '华语', '浪漫', '浪漫']","[2082637243, 516729277, 516729460, 516733264, 516748424, 516728653, 541756647, 516739133, 516732347, 516728974, 1989520528, 1977579095, 516729698, 516729033, 1944307179, 516736648, 516731631, 516747292, 1959569454, 516729163, 516741017, 1453492689, 527007361, 516741192, 516736881, 2029387152, 1364177452, 1850218727, 1407839782, 1816390554, 1837360207, 1813404959, 1816390553, 1999900638, 1440881753, 1491175906, 1457097994, 1387157397, 1409825428, 1331123523, 1497383098, 1352331387, 1409824950, 1857893499, 552347612, 1995216417, 1435397866]"
6703392308,“别唱了宝贝，我好了”情歌说唱,"最浪漫的事莫过于两个人有着相同的听歌喜好。
情歌说唱，持续更新","['华语', '说唱', '浪漫', '浪漫']","[1954531630, 1964443044, 1398916825, 1418530057, 1422505577, 41656342, 1398875284, 502960453, 1384527426, 536623272, 1417313969, 564677858, 1328146041, 1369588040, 1427250660, 1334580588, 570332103, 1446396353, 1328054361, 553949075, 1345921831, 485508366, 1440588492, 1328287626, 864748163, 1402845091, 1369073414, 1374646027, 1384482932, 1414973619, 533465371, 1429830471, 1434295491, 1417862900, 1371508436, 1451748751, 1368221589, 1407245392, 494170718, 1428592397, 1321931465, 553815236, 1387581250, 1430805299, 1357068214, 1423691345, 1383937363, 1424460791, 1345823867, 1407670648, 864647432, 1358290045, 1425428558, 1419529710, 1414157538, 573382209, 1417288752, 1345202462, 1419570874, 1416047971, 471018750, 1382622836, 1385867213, 1409566054, 1417016584, 1414279035, 864099277, 1415024234, 1369601580, 1415566662, 1415829224, 472240694, 527335918, 1413180911, 1364400107, 539325126, 1408220694, 1399968192, 460578140, 1413162809, 1390299802, 543987768, 1321385241, 1413183736, 1306496663, 550138197, 1407724075, 1398207748, 1358765446, 1311375260, 1302661114, 1341571936, 1386461950, 862765777, 552304135, 1394123837, 571465458, 472493221, 1409181630, 1309903520, 538399689, 1401894212, 1358276770, 439138680, 1405217949, 1408148153, 533037599, 1407384231, 1335715032, 1374819569, 485960184, 1373535572, 1323314145, 1379703093, 1399879979, 1307170652, 1400459989, 1334499416, 1390088322, 419374860, 1395935917, 1339902339, 505128973, 1349965887, 1377798314, 1394270224, 1395599752, 1403355374, 517850678, 534079419, 1296139427, 1356080939, 1358803361, 1398274562, 1318571230, 446627373, 865510451, 1382830142, 1337032503, 545697667, 1397674264, 1372577502, 543778930, 1401355175, 1399201320, 1399139809, 493679836, 557447833, 1400694532, 1400404882, 1295686213, 1361371486, 1395632515, 1364820788, 537627444, 536954473, 1368167652, 1396082175, 1387183835, 553688508, 535842228, 1317488714, 1333395577, 1313321629, 430793721, 1361001352, 413074253, 1359570581, 550466794, 1368850300, 1326345574, 551433616, 1369237359, 1373563847, 1363178791, 1335740760, 455304006, 1360890977, 1386194887, 1364713000, 1366662031, 1382790126, 1360833270, 1375580820, 1366613326, 1366632506, 1366842747, 1371714187, 1366418706, 1325898368, 1300475473, 1309833126, 1331848508, 546279760, 1296583188, 1299570903, 1351560883, 1443838552, 1396141677, 1406266571, 1452073330, 1440429367, 571758505, 1423055329, 1460874108, 1469041281, 1411286833, 1393207689, 1408941731, 522631308, 1374787337, 1462875618, 458943753, 1389589743, 1394997085, 1813590062, 1486672308, 1426022018, 1388433998, 1830686586, 1490611167, 1490689567, 864181200, 1371046568, 1493975708, 1472142718, 1365915822, 1492584510, 1833638747, 1314549485, 866053503, 1361384409, 1347134784, 518904086, 512183282, 1379778078, 1351343058, 434070714, 1448708380, 1423241987, 1388594935, 1356147264, 1405370564]"
89849440,【婚礼】播放的歌曲『婚礼背景音乐』,"欢迎加入！
唯美的歌词加上美妙的旋律，伴着音乐让他和她从今天开始白头偕老@@. Ps:（从前奏到架子鼓第一声出来的节奏旋律是我欣赏歌曲的唯一标准，希望你能喜欢。）相信我，听完你不后悔！歌单持续更新。","['欧美', '流行', '浪漫', '浪漫']","[2080139, 213737, 29498914, 2080326, 20707550, 27090774, 2539225, 3950792, 4380582, 28256115, 3158133, 5041667, 18106633, 22576676, 26613394, 2277660, 1904710176, 18836961, 19885534, 2409484, 986921, 18611643, 18106652, 431610389, 82123, 531295576, 190499, 362414, 108478, 25648005, 94639, 191726, 425684758, 64412, 22814470, 1217729, 1217893, 1217530, 18106646, 28680438, 2539206, 2080640, 460043703, 2081057, 32574252, 25880408, 28661794, 20564066, 2411634, 28378026, 3404727, 25882975, 3801865, 27971468, 2313955, 1346218, 26508116, 16629199, 454698183, 28009788, 5100769, 435978, 29498917, 27971469, 29719175, 20267029, 21609169, 1346261, 3164316, 31108473, 4160632, 3950060, 5120885, 17112299, 26069429, 1069275, 28409210, 3404715, 21252932, 26470630, 17753288, 21116721, 28798475, 19081573, 29019227, 4873596, 20707562, 16232652, 183766, 17753277, 17753260, 26296299, 1475997, 20707543]"
2382671654,狂恋你沈以诚啊,"歌单封面：沈以诚

微博：沈以诚esc

《狂恋你》等因版权问题已下架","['流行', '90后', '浪漫', '浪漫']","[2106335617, 2102417226, 2098155006, 2096057952, 2090045081, 2080078011, 2069646739, 2060097624, 1970535091, 2005513009, 2015260783, 2007604350, 2007605339, 2007605326, 2007604346, 2007604429, 2007390646, 1999585017, 1992997468, 1983455160, 1974924360, 1964383136, 1957493133, 1944644041, 1918290448, 1911928768, 1818831999, 1819028012, 1819024574, 1818830932, 1849890880, 1847929015, 1819024549, 1841183395, 1819028025, 1818830930, 1834322795, 1819027992, 1818830945, 1812995291, 1486060211, 1482659613, 1482659694, 1482659719, 1482662324, 1482662353, 1482394580, 1472607787, 1469005999, 1468768062, 1466295362, 1456815665, 1441214393, 1427351449, 1400047314, 1396208034, 1390484461, 1387623887, 1383742572, 1380262830, 1377372468, 1365898499, 1354962803, 1346105274, 33525635, 33525634, 1347692190, 1336856449, 1336856864, 514761281, 1318156992, 571338448, 522260945, 561438803, 407032014, 29414160, 515426297, 539820204, 504042391, 479598964, 456167520, 440767269, 434022943, 407004031, 444356507, 407004032, 407004033, 407004034, 412319592, 413831989, 421137079, 425724056, 406752375]"
8793237603,欧美浪漫 | 让你沉迷在甜蜜旋律中,让你沉迷在甜蜜旋律中,"['欧美', '浪漫', '流行', '浪漫']","[16435050, 491604012, 29572512, 1788777, 16423623, 17584142, 512648153, 1917978260, 21128022, 27770321, 1943323, 473602856, 19091872, 17044444, 17706516, 32235573, 16627859, 280635, 35804615, 18055455, 1937045009, 17645919, 18602404, 18641940, 1885129376, 1341475672, 34364342, 2017650613, 427242432, 1397334826, 1488391659, 1454612209, 16807826, 1920491363, 1855872994, 1463493698]"
8838986491,心跳x0.8 你是最难解的谜,亲爱的请你不要再说爱我 因为看过你爱我的眼色…,"['流行', '伤感', '浪漫', '浪漫']","[1993912412, 1959207292, 1961635454, 2055864684, 1957560926, 2031796212, 2073180552, 1990342967, 2039295463, 1811674665, 2029366323, 1917884659, 1944802405, 2002113086, 1993525055, 1983501304, 2019351846, 2025399012, 1990782378, 1974220757, 1959225989, 1981326725, 1964744004, 1919597705, 1970973216, 1956171974, 1989487495, 2010122559, 2012875368, 2005880062, 1422212905, 1492958826, 1918013068, 2007644398, 1990086349, 2012783434, 2005078579, 1945417412, 25639007, 1430303185, 3956956, 1971546578, 1955464015, 2001314407, 1948007389, 1994543172, 1960611802, 1951182806, 1962023567, 1995504053, 1939685534, 1998675562, 1897819833, 1862657290, 1983548008, 426881502, 1439739102, 1937372851, 1942035073, 1437636101, 2011905070, 1984317096, 1979585223, 2006625752, 1958405457, 2018291010, 1849033848, 2012906350, 1971651762, 1958856851, 2000390068, 2003022911, 1889155784, 1988794860, 1957107124, 1987210747, 1807172043, 1970429579, 1955223133, 439122551, 1343789653, 1841685179, 1979311146, 2000820134, 1937212415, 1954023987, 1948191368, 1945895725, 1477033524, 1926907912, 1926908089, 1910390164, 1951105519, 1955423798, 1972437641]"
2445456602,rap情话/你的碳酸饮料式男友注意签收,"我爱你 没有技巧 真诚野蛮
2018.10.1","['华语', '浪漫', '说唱', '浪漫']","[1922605122, 1952478565, 2090271489, 2079555244, 1965664416, 2081241977, 2033889024, 2078383612, 1898231673, 1814914682, 1394847699, 1924568060, 2037723384, 2041799838, 1979382551, 1416680616, 2026224214, 1985727823, 1992785487, 1810414853, 1838824946, 1897571192, 1882676884, 1896204678, 1890752395, 1312224019, 1353736266, 1460674565, 1884162801, 1846273697, 1497953185, 1899705498, 1481241724, 1391252896, 1880829026, 1294889947, 1816588077, 1480054189, 1854069404, 1493440374, 1306497828, 1867183963, 1872752968, 1398157798, 1806584176, 1849998058, 1843726159, 1841442543, 1861516814, 1367524443, 1866548054, 1855400181, 1849102231, 1822568719, 1849705903, 1426238141, 1458239198, 1490689567, 1806541135, 1377981759, 1457345780, 1466327559, 1474202975, 1464274516, 1813590062, 1467460656, 1846292840, 1850577617, 1395792904, 1375765700, 1423158078, 1852333161, 1840808119, 1847219367, 1847422867, 1852863133, 1470968672, 533465371, 1348984783, 1488331245, 1456659704, 1403626834, 1815105886, 1809763233, 1818581946, 1808831742, 1360617530, 1832088781, 1501938644, 1453967244, 1452354170, 1806966087, 1353196089, 1812090628, 1824974447, 1823305772, 1386079926, 1822495020, 544395672, 1383242859, 1488161563, 1445202338, 1450030919, 574084943, 1498066118, 1479053134, 1407408803, 1377957361, 1459018273, 1437339477, 1806750438, 1416756709, 1423041961, 1421990663, 1449462410, 1422253366, 1376397653, 1485484464, 1447231832, 1461215513, 1382592787, 1449169680, 1428592397, 1493061848, 1389571546, 1323350688, 1345476518, 1373535572, 1339562993, 1312250080, 1450282110, 1347191591, 1439410381, 1500788926, 1362795486, 1353460917, 1426022018, 1453159461, 1484861585, 1407836036, 1306579963, 1382622836, 467138867, 495633501, 1318131304, 1436575829, 543987768, 1493975708, 493802235, 521479110, 1344658527, 1330109429, 1439121562, 463282018, 1321929928, 1378220830, 1463165960, 1486763122, 565258282, 1463741292, 435307908, 525587823, 517850678, 1418621119, 1313740689, 527185985, 1309833126, 864647456, 1369034061, 509726986, 1366606609, 1376880068, 1445556953, 1365053361, 1395794938, 467934742, 536623272, 1439950668, 1394997085, 1309823003, 1449402917, 1427444926, 1468988540, 562592258, 1443838552, 1403272602, 1473361344, 1366467479, 1297747297, 413074253, 1375640677, 536622918, 1368167652, 547131486, 1454056661, 1350460585, 549187372, 1452306697, 1436076578, 862460559, 1441854162, 1352615722, 470164051, 1423241987, 1320155847, 1351564259, 501220106, 1359890186, 502960453, 1328054361, 562692739, 1309371070, 545308792, 1325898847, 446557635, 544883635, 1320047104, 541648644, 1315821046, 1305073611, 459354378, 1371568162, 1299579636, 1388383622, 1302333195, 1415829224, 1381644279, 1369073414, 1406727420, 1404585431, 1377185767, 1405474282, 490595927, 1397132507, 545272449, 1381451116, 538325886, 1386257376, 474809597, 1349965887, 567914904, 1384527426, 1378945492, 1341100042, 446627373, 1332076211, 1345823867, 1359334974, 1382233420, 1377103256, 1335740760, 1342198757, 1295241527, 1329538017, 1376125188, 1339754319, 553817982, 495356734, 1359570581, 1324391102, 1355872309, 529930900, 1322294603, 1365233648, 1331848508, 1342278329, 1346629509, 1342368719, 1310137029, 573001263, 1357447381, 1302066184, 535842228, 1356147264, 1297747974, 565794655, 524397102, 1346892100, 1307024088, 543138663, 1294556650, 475207742, 542691145, 1298898548, 496107851, 1356206470, 466053715, 555369395, 1325896816, 466055913, 1335927403, 1343531243, 471158821, 1343299879, 1328878850, 522534039, 495294483, 28784206, 521775771, 1331697922, 530389523, 864100958, 862762145, 419375999, 419376000, 1320341933, 41657124, 494170718, 503819010, 458943753, 1296583188, 561438803, 522677499, 571565128, 545293145, 465920905, 1312041544, 1313321629, 496370620, 460578140, 488532353, 525086802, 482088206, 458679017, 539212155, 1313492530, 560830364, 459880606]"
6887312075,张学友的世界巡回演唱会,张学友（Jacky Cheung），1961年7月10日出生于香港，祖籍天津市，中国香港男歌手、演员，一代歌神,"['华语', '浪漫', '70后', '浪漫']","[190500, 190505, 190514, 190517, 190520, 190522, 189780, 189785, 189793, 189797, 189799, 189804, 189809, 188971, 188973, 188981, 188985, 188993, 188997, 189006, 189013, 189017, 189020, 189021, 189022, 189024, 188935, 188939, 188945, 188950, 188953, 188956, 188796, 188806, 188810, 188814, 188817, 188823, 188505, 188515, 188519, 188523, 188527, 188531, 188425, 188427, 188442, 188445, 188448, 188452, 188456, 188248, 188252, 188271, 188274, 29822043, 29822036, 29822046, 29822039, 29822037, 29822035, 29822038, 190331, 187278, 188255, 188265, 190783, 190775, 190776, 190777, 190780, 190774, 190773, 190880, 191153, 191144, 191139, 191136, 191130, 191128, 191238, 191222, 191218, 191213, 191209, 191310, 191277, 188002, 188268, 188511, 189028, 189841, 188038, 188435, 190511, 29822045, 188827, 190555, 188699, 188695, 188914, 188703, 188843, 189192, 188555, 187995, 188851, 188860, 188258, 94743, 188281, 189801, 188508, 188495, 1866509125, 188502, 190429, 188739, 190498, 189865, 190483, 190533, 29715183, 190274, 1855953270, 189790, 189000, 189515, 190279, 189333, 27906144, 29572365, 191271, 190128, 190409, 188499, 1855953261, 188070, 190875, 188802, 190464, 188439, 188682, 190508, 189302, 253915, 34280021, 190137, 188967, 190150, 188743, 190539, 189015, 189800, 110820, 191198, 190673, 190551, 188068, 189026, 26222114, 191054, 188284, 190435, 188798, 190140, 26429087, 29822040, 189807, 187649, 188246, 32705284, 189453, 188549, 188977, 191783, 189763, 188041, 188927, 190145, 188820, 190545, 191232, 31721596, 188942, 188747, 29771760, 190282, 188060, 189293, 188071, 190530, 188969, 27906003, 189325, 189367, 32689002, 188278, 190443, 171793, 29822044, 110695, 188005, 32689004, 187661, 190414, 190233, 190502, 190888, 188261, 190438, 188793, 190554, 188064, 190883, 5251908, 188931, 36861904, 188948, 190380, 35041000, 190452, 190372, 190328, 189873, 191299, 189313, 190803, 188989, 189212, 189283, 188429, 190473, 188671, 189072, 190563, 190808, 188674, 190270, 190449, 486814713, 188657, 32689000, 189315, 189987, 190360, 188432, 189285, 188736, 487154152, 190366, 190713, 191286, 190670, 190390, 191246, 487192031, 189314, 190248, 190351, 189012, 189714]"
7701932667,浪漫的灵魂从不向平淡的日子低头,"好的爱情是你一直可以做自己。

我们应该是独立的个体，有自己丰富的生活和内心独特的小宇宙，这是我们的特性。

一个人之所以有趣，是因为他有独立的人格，有自己的思想和见地，炙热的灵魂永远会成为他活的从容且优雅的不二之选。

那就从现在开始重新做回你自己吧，不要在嘈杂的世界里人云亦云，多问问内心的声音，你热烈的去追逐爱，爱会奔你而来。

你就做好自己，爱你的人会用他的方式来爱你。","['华语', '流行', '浪漫', '浪漫']","[2080463447, 1997438791, 1998368416, 1981999919, 1984488457, 1988456854, 29932081, 1932627923, 1818066090, 1959667345, 1955613267, 526093051, 1983620193, 1992115413, 1993400855, 1990475077, 1977946820, 1976794036, 1860882643, 1976507996, 1994863734, 1963176984, 1951019339, 1980706183, 1818582056, 1489579847, 1973714581, 512298384, 1977142633, 1981903857, 1909397027, 523251340, 1988087148, 1989119302, 1969826498, 1991300977, 1995432114]"
4939458448,关于乐队一些浪漫的控制,"夏天的午后给我的感觉不只是激烈的“热”，更多的是温馨的浪漫橙色氛围，
双手肩膀蓬松的卷发在阳光的影子下扭动，尬舞、浪漫、酒精、遗憾、夜行情绪。
窗外暂时的雨，在你喝完最后一口dirty前就会停。
冬日暖阳，站在阳光下停留一会 ，看着熟悉的影子，真想吃烫手的烤板栗和烤红薯或者是一杯热牛奶。
希望你们都可以买到自己心爱的音响
对味的音乐就像找到情绪出口","['浪漫', '摇滚', '另类/独立', '浪漫']",[]
7596243374,心很小只能装下你,喜欢姐就冲 别等姐恋爱了又听反方向的钟,"['华语', '流行', '浪漫', '浪漫']","[2107028911, 2106800167, 2089003828, 2089086441, 2045759422, 2039157171, 2039153338, 2077078350, 2031431554, 2047688588, 2005782864, 2043565444, 2050941849, 2061299384, 2075538163, 2043411570, 2075483239, 2036153860, 2057263529, 2039013118, 2039013149, 2042945992, 2072987432, 2075401067, 2010202838, 2036152398, 2045523184, 2045500501, 2045515896, 2044918030, 2041904291, 2041345554, 2039157448, 2033957082, 2033944867, 2033406545, 2031433326, 2031431141, 1975617587, 1925500681, 1953028750, 1958934349, 1918999734, 1947640422, 1974220757, 1917868005, 1954200620, 1945579746, 1950100043, 1939859775, 1947421289, 1952190834, 1958856851, 1947368085, 1959668264, 1956777257, 1929710352, 1951547171, 1927475268, 1937212415, 1957560926, 1916982993, 1910473455, 1957492947, 1939878025, 1955015064, 1932198958, 1908016056, 1918286448, 1916982597, 1920658259, 1972696968, 1923910385, 1938876903, 1945417412, 1927963832, 1927934815, 1863203689, 1938781596, 1907462482, 1924631060, 1929404753, 1924016897, 1928690235, 1927189273, 1968025104, 1924397446, 2014848926, 2014108927, 2013219548, 2012766644, 2012455203, 2012172879, 2012160407, 2012152365, 2012137045, 2011394079, 2011364250, 2006352556, 2008789204, 2009639556, 2008789309, 2009914816, 2009913956, 1999654852, 2009640915, 1958121913, 1961006625, 1985073471, 1923189506, 1955029675, 1936325215, 1938849995, 1932011126, 1960300439, 1955613321, 1959028063, 1959303514, 1958405383, 1959207180, 1961161592, 1956810237, 1924883994, 1957344271, 1941362417, 1397345903, 1960170435, 1948007389, 1903876057, 1961174794, 1959828666, 1955028561, 1952923251, 1931410909, 1909326368, 1936835241, 1955039633, 1998112767, 1963213974, 1956171974, 1958119516, 1997052361, 1972428765, 1955223133, 1971920983, 1962023567, 1990811319, 1951513346, 1949848797, 1954223039, 1955395781, 1959225989, 1970973216, 1945588912, 1913561943, 1959152626, 1966212898, 1944123716, 1960185159, 1976462744, 1971546578, 1938862336, 1950924765, 1926259611, 1927491783, 1899521702, 1928722562, 1941265858, 1951182806, 1951559963, 1961228149, 1959207292, 1976239823, 1954924353, 1916463494, 1953274089, 1959234887, 1919577874, 1955029903, 1925262041, 1929126468, 1913594039, 1963679641, 1929292517, 1956168505, 1938664126, 1882915925, 1948514479, 1928727825, 1933983971, 1917636990, 1925574040, 1929897335, 1926703427, 1927963821, 1938009423, 1949390036, 1494746586, 1917342027, 1438447607, 1931616546, 1933594385, 1925560390, 1953143160, 1949423188, 1946488888, 1947780316, 1944899146, 1919597705, 1909339376, 1939633377, 1925830932, 1939979967, 1946585503, 1926873649, 1929212700, 1984325944, 1984317096, 1958405457, 1959234814, 1955286780, 1972445487, 1961228459, 1973914973, 1956161771, 1927050890, 1947548156, 35345243]"
7246931700,轻舟已过万重山,前路漫漫亦灿灿-,"['伤感', '浪漫', '治愈', '浪漫']","[2089976024, 1831435785, 2092899302, 2092502192, 1829058828, 2077527158, 2067166765, 2024035483, 2063864551, 1915324015, 553755659, 2009982489, 1366052801, 1415261138, 1959709868, 1397345903, 2074250068, 1433815195, 1995052279, 1951474864, 2012211422, 1943355190, 1983501304, 1970659836, 1962757203, 2010395817, 1955039633, 1966632601, 1971490891, 1925500681, 1989593897, 1971546578, 2010507299, 2005705972, 1998285264, 2017958997, 1874631954, 2002727431, 1938167451, 1936835241, 1942885780, 1949510201, 1998675562, 2048584480, 2041799838, 1810299649, 518682659, 1942168444, 1972485313, 1975203713, 1943607900, 1991880491, 1934897873, 2005274411, 1958476500, 1959159707, 1939409306, 1968429904, 1957492947, 1917852233, 2015928715, 1970973216, 2019351846, 1973360513, 1988150002, 2003357651, 1957433536, 2020657617, 1954468791, 2005190306, 1940706048, 2000390068, 1987545526, 1945240969, 1811653675, 1940108764, 1942588602, 1939849187, 1939859775, 1940449610, 1804606518, 1895595395, 2045226643, 1830735525, 2033901948, 1905400713, 2048637667, 2035798582, 2026224214, 1984889268, 1336205537, 516657051, 32192436, 27955658, 2017812455, 1325896149, 1475124792, 1459436024, 1413142894, 28403111, 1860614598, 27731176, 1463165983, 1831776390, 1944209718, 1949073317, 169185, 1831459612, 1331819951, 1439333714, 233931, 1954223039, 1946585539, 420513158, 28427771, 415792881, 1381755293, 346576, 475479888, 1482867143, 1962695961, 36024806, 1345848098, 1831810728, 1336856864, 27890306, 27808044, 108914, 108263, 29848657, 108485, 108493, 432698302, 417859631, 1441758494, 1457731020, 1363642136, 32507038, 1857483489, 346509, 1421191920, 1492584510, 574921549, 1902809514, 419375250, 1917336306, 486194136, 108673]"
7187326641,所以 你能接收到我的信号吗,"从前的车马很慢
一生只够爱一个人
所以在这个快餐式恋爱的社会中
慢慢来是我最大的诚意啦
我也怕麻烦更怕自己是个麻烦
所以
在这个爱意随风起的年代
我想和你慢慢来","['浪漫', '华语', '流行', '浪漫']","[514761281, 1893736474, 4875079, 1413340058, 1818237485, 1889480512, 1393762918, 1454732243, 1436696875, 1903386314, 85571, 1837557715, 1353194608, 1336856449, 1891941152, 1918926518, 1369073414, 1342798229, 1832088781, 1359356908, 1406649619, 1929964366, 1459261754, 1403626834, 1335382287, 1303027499, 1397679288, 30089063, 1372155191, 524148119, 1360807180, 1451762098, 1380262830, 526161446, 1450083773, 1868874994, 1365898499, 1897928759, 1482867143, 1813590062, 1440443944, 1449794966, 1366216050, 1433413470, 1341188360, 509728524, 1325898802, 1407076035, 1309833126, 26117675, 30612793, 35678875, 407435011, 420401511, 424496769, 1412481704, 1343358357, 28298798, 5041667, 1384264596, 1863640720, 1816702082, 1341923387, 518904648, 1842902461]"
4874915761,傍晚去太子湾吗,"“一天不听摇滚就会死掉!”

","['摇滚', '浪漫', '另类/独立', '浪漫']","[2022657409, 2088079571, 41659257, 1859866020, 2005708456, 1381161677, 353415, 1323736730, 1317337111, 2053874309, 1874082168, 1966863209, 41659253, 1956233063, 1843816490, 2028915990, 1821802119, 1847212703, 1843815548, 2011864773, 1914909121, 2049788298, 1983233747, 1988989826, 1879183417, 2014917358, 2023931078, 411315632, 410801745, 2014291042, 2011864806, 2046562201, 1458711455, 1964784961, 1966750139, 411314660, 410802753, 1453974015, 2051675918, 2038394761, 1832204376, 2051829959, 1912936268, 1808262953, 1936213732, 1842638439, 1434078840, 1439345988, 2020981543, 447925725, 1501530173, 28819358, 1885952860, 406737702, 1964053863, 1986256753, 1363534529, 1449559810, 1435577307, 2048872522, 2021132280, 2029903045, 1892280077, 28819361, 411315635, 2035320743, 2046562202, 1927561991, 2031147110, 1939710880, 1501529130, 1443593535, 1876716062, 469065899, 2032183122, 347948, 1328892588, 34509586, 1998971998, 2011864774, 36616399, 411314657, 368920, 1481434876, 1857082359, 29747622, 1430064345, 28949131, 395137, 1336001036, 1469826256, 1956791430, 1971720989, 4226232, 2046562632, 411314656, 2046562196, 410802751, 2046562197, 1473369225, 1926825275, 2035279723, 373606, 1398914405, 1418690935, 28587850, 18127334, 1872448528, 1451699636, 4225938, 357424, 1412264341, 1412264337, 1994220292, 413077542, 387747, 1416916864, 355946, 1441290403, 25706284, 25706281, 25706280, 2028884728, 18094989, 1959667346, 1404845902, 1404715631, 1883144310, 2015416044, 1378690481, 1429962769, 1398894062, 1297742844, 1404506846, 486999662, 2008203911, 1891892638, 1467954817, 1478674571, 28923458, 1396378695, 1478674570, 1453011783, 2019583840, 353414, 4237846, 360866, 1868420383, 27510434, 1959668190, 1430056760, 2033879000, 1334111674, 2033879001, 2033877109, 1914708257, 1490116284, 1383233361, 1377780930, 1483522399, 2014282246, 381858, 381849, 406072138, 1803590868, 1907800901, 1891887517, 348010, 348074, 1841260048, 1808250358, 1391313820, 1861583359, 1404701642, 1967737946, 516410946, 493953485, 394679, 530801074, 1431376121, 1304931036, 1972354534, 394658, 394685, 368913, 368899, 1930522918, 1962273134, 350856, 1966854323, 1855457535, 1930522919, 1415576894, 410181160, 1849170567, 1975270702, 514774334, 1981999919, 1973359837, 1983309738, 1928429852, 1959668194, 1985643345, 1940595822, 528272281, 1973652482, 1939457246, 350848, 350850, 1967799744, 1376949121, 25843040, 27562892, 1411784746, 862100838, 2022142185, 68378, 2022140577, 1807796555, 1840440193, 1804917273, 1886064452, 493954019, 2017960619, 1823250445, 2034249677, 1447840399, 2008506328, 2008508002, 2008507966, 2008506322, 1889635393, 2008508015, 2008506363, 2008506369, 2008508028, 1900829337, 1854105063, 1929336481, 1904678833, 22330867, 1940595821, 1948694170, 1989111739, 1969307571, 1984558307, 1394402692, 1983507074, 1435576836, 1839789691, 1942042743, 1961271062, 1961271060, 1963423017, 1923215640, 1959667345, 1959668192, 1959688064, 1959687913, 1958154434, 1954971756, 1952479304, 1940595823, 1918926518, 1410647903, 1858100533, 1943601165, 1882441298, 1931646768, 1932542422, 1941279408, 386844, 1941005085, 1850937665, 1894102692, 1920430229, 1915802664, 1885553188, 1808007621, 1911311517, 1806540577, 1866595477, 1813801764, 1901376779, 411314659, 1909599924, 1906266117, 1906232661, 1906232662, 1906016163, 1818073784, 1881784048, 1841195312, 1824041322, 1894416088, 1878467615, 1891056822, 1479523688, 1852937662, 1462363823, 1876170838, 1868414597, 1467971656, 1885953958, 1887908895, 1407951449, 1407950340, 1888364844, 1882724206, 1324880066, 1886824919, 1885147533, 1860681561, 1825596552, 1875366889, 1458394045, 183504, 1844672338, 1840942719, 1830737869, 1864944452, 1866996947, 1874820124, 1872402419, 1872402416, 1870822592, 1461106783, 461301582, 1822995786, 1428558822, 1824301235, 1851673636, 1822474172, 1841195310, 1834118074, 1834113474, 1817506681, 1843740336, 1822839544, 1377353328, 1806606830, 1833848187, 1438914379, 1428270358, 1423226070, 1304301950, 1822495022, 501333677, 28258218, 1374056718, 1381814876, 1818425972, 1382234525, 1302068094, 1423985782, 1437644662, 1469438026, 1813700975, 32807147, 1437222759, 1442412685, 1366713922, 1383059059, 1483488906, 1375665781, 1496578211, 1484861852, 1458394032, 543039119, 1438463386, 1446673276, 1444233505, 1500241926, 1344231177, 1444278495, 1375665788, 1451645156, 1310906546, 1498051873, 1348548363, 1480095069, 1488812620, 1468749698, 1468471044, 1398869709, 1452241578, 1465991611, 544151680, 1486948474, 1375665787, 1313107110, 1486796633, 1477576719, 1310906246, 1441854707, 1313870245, 1484576012, 1484576768, 1444471957, 416011775, 416011778, 1307363168, 1489877237, 1490961133, 1490960522, 1483521142, 1382323867, 1382327151, 1479510189, 1479507542, 573577446, 571336918, 528478652, 1432160692, 1473125677, 1473720185, 1379644205, 1368358513, 408055928, 1388774830, 1461501769, 1401170243, 447925187, 427595321, 1360967169, 1413368107, 547967407, 1429922601, 1431895447, 1419692121, 26591724, 1410635758, 33166304, 1463349922, 1363069915, 33471220, 37132213, 1462913207, 1413233706, 4071899, 28459278, 1453344474, 1335529748, 1463151223, 1331892086, 1462913210, 426852745, 34834160, 460043454, 18835523, 1345709622, 1342954733, 1342955663, 1342955593, 28620981, 1353625468, 422429135, 418602734, 476598201, 16841967, 16841971, 34033900, 1440563312, 32337730, 1308315374, 493631448, 468882208, 29979351, 26612933, 1465975339, 1301775901, 571223952, 476598203, 571223951, 509856354, 26177038, 1450782070, 528478649, 1434469782, 573292663, 1360784498, 1360784496, 1380521243, 1416956190, 1409523393, 512543143, 1448631530, 1422621389, 489037295, 1396939671, 573656759, 1397455599, 1405333487, 1391433955, 1405334123, 1401355346, 1350658942, 1396198042, 1400424017, 1302068092, 1294899284, 1312166514, 1352840552, 28260488, 16463508, 1403793072, 28492996, 41654659, 17417072, 17152822, 19315274, 518904553, 1347247942, 1388674995, 1387183582, 1435634985, 1435634986, 1334899412, 1315622815, 1360431272, 4440066, 19902630, 19902626, 1342769565, 1344231180, 1344181659, 1345705860, 500412022, 21041582, 1302068096, 1405333486, 1424717520, 4071897, 1296273094, 1308051360, 1429237296, 1403793046, 527520157, 3581577, 1435576838, 1423096148, 1327725034, 1373427992, 544372233, 406821230, 1375683994, 1433962962, 416700401, 1425940183, 1320368941, 492151786, 492144757, 562243482, 485354544, 1403473933, 480769653, 40157834, 565017497, 20720653, 20720650, 530801067, 1329719442, 28865365, 1432141952, 462896008, 561685718, 561685716, 562758291, 1297486193, 28493021, 467665714, 1423219255, 1363371886, 19068549, 19068535, 536154311, 430208264, 530057917, 422429137, 37132206, 1294899297, 1304339907, 1304339904, 1304342074, 1404664011, 448742011, 1378655010, 1378655011, 1378655004, 1378655002, 1434057181, 1428634139, 27538274, 1313870242, 1373503510, 1373500906, 1366523735, 1430583252, 1430583253, 1430583251, 1360785338, 1314444113, 1431632377, 1407609049, 1373500910, 574925504, 1305365914, 1338716641, 1313107469, 439138868, 513045821, 1424843586, 1413241145, 545090442, 550093131, 1426157742, 1378905812, 1378906742, 1345336709, 1406062963, 1406062962, 1411718813, 1359818052, 1383943253, 1359815264, 1359815265, 1383939880, 1331157282, 1375966449, 1331157281, 1331157283, 434659011, 424262487, 528885194, 41647331, 17121111, 1323404671, 29463130, 21965691, 1318833001, 504264242, 22472678, 1423179415, 417595765, 1334296072, 1413863166, 410654733, 410654735, 864099303, 419596181, 1341066656, 549360943, 41640128, 458356832, 482592549, 1415446100, 442009238, 442503795, 1429962183, 1355954911, 1399127951, 1399127948, 455345541, 455345542, 1302106803, 1347259970, 1366216050, 1303027499, 562597267, 549320309, 386837, 1373002687, 1396204739, 28009051, 1403529023, 524003142, 524003141, 524003143, 31890688, 1421507418, 1407951448, 563563366, 1317457805, 1312144403, 1312140946, 1366001376, 1345712444, 29968760, 483242433, 483378333, 1398899125, 1379456382, 1379456383, 1403221664, 28492994, 518773037, 503504021, 554245736, 483378334, 1317420774, 571338870, 427609827, 427609829, 441438192, 427609830, 427609828, 4397005, 1368754688, 561307882, 25706283, 472137692, 186513, 1324874010, 1324879655, 1324875732, 480768667, 571854528, 421203560, 438462712, 538610010, 344157, 538610025, 344150, 538610031, 344156, 538610029, 438462714, 538610026, 344161, 344163, 1321740482, 538610030, 18095043, 538610032, 1362128139, 538610028, 438462713]"
8854815926,镜头反转 对准相爱的我们 ૮ ˃̵ ֊ ˂̵ ა,我讨厌等 等雨停 等排队 等食堂吃饭 等你的消息 等电影开场 我讨厌等 可我一直在等,"['流行', '浪漫', '浪漫']","[2087411902, 2075990764, 2092401577, 2074443002, 2096478304, 2095691064, 2095967464, 2096477209, 2095977423, 2095089996, 2096712189, 2093366401, 2096494414, 2096790394, 2073023781, 2070520540, 2087215293, 2090800230, 2088241169, 2087719339, 2071968153, 2054307199, 2064942833, 2077078350, 2063222174, 2071789585, 2071162647, 2073772686, 2068928210, 2068992655, 2069006743, 2069235187, 2060333476, 2014364579, 1890802761, 2066390210, 2049638631, 2062376493, 1939849187, 2065920869, 2059671266, 1947655242, 2032512059, 1956007845, 2005012579, 2062743987, 2062687176, 2065692733, 2007460423, 2000758713, 2014740501, 2064641683, 2064053673, 1975282593, 2042945992, 2058443272, 2060161261, 2051311533, 1964890306, 2059758051, 2056300049, 2061583855, 2062341719, 2062157925, 2062981476, 1808600177, 2056299807, 2024139167, 2009973817, 2060338444, 2062084809, 2060943392, 2062496522, 2060939924, 2060231092, 2059830315, 2059758006, 2060968445, 2047374196, 1968165875, 2050779313, 2035846998, 2046805447, 2058771900, 2041438922, 2007605417, 2047379856, 2055276156, 2060943886, 1814119049, 2052969414, 1962307121, 34586275, 2000668606, 1960642479, 2062225493, 2074523551, 2076921536, 2080801543, 2086910100, 2039157171, 2042397881, 2062342112, 2075050325, 2077653660, 2069377801, 2057768203, 2065775429, 2070099972, 2059627877, 2061649222, 2035496785, 2032038573, 2063010242, 2001127463, 2020834746, 2000332905, 2002770358, 2004523873, 2004528993, 1500569811, 1436081452, 1944811618, 1959626494, 2002993828, 2001850638, 1924343459, 1961006625, 1972642758, 1970324585, 554244157, 1947176180, 1929995196, 1941695594, 412785876, 2075110948, 2088288271, 2097818637, 2092932208, 2091047890, 2094816255, 2094777467, 2089267794, 2087186400, 2082812591, 2079473849, 1983690885, 2004404292, 2073089905, 2042842035, 2055864684, 2071895335]"
2029382654,只适合一个人听的抒情说唱,我想她了,"['说唱', '华语', '浪漫', '浪漫']","[2033889024, 2100624065, 2004904642, 1986510161, 2068913721, 2100329027, 2049110644, 2071177415, 2054300084, 1970396862, 1469041281, 2043579207, 2054298885, 2052782758, 2026224214, 1472142718, 2021543605, 2013290415, 1987986734, 1983456716, 1977859578, 1975799630, 1950525423, 1973741172, 1937105581, 1969922569, 1425421781, 1968156067, 1965090246, 1850219401, 1886872549, 1964443044, 1961991016, 1351343058, 1903039935, 1952839183, 1303273414, 1950528144, 1948572170, 1874158536, 1939457329, 1939229266, 1303273421, 1867247473, 1908083479, 1907800982, 1914116947, 1848204642, 1489282800, 1868423860, 1948478077, 1805842261, 1488796175, 1867183963, 1897071064, 1906009576, 1910186035, 1886371885, 1303273422, 1819970423, 1361832292, 1399927775, 1847059460, 1441758494, 1811251941, 1381550594, 1486763122, 498710820, 1391842107, 1386038739, 1834075703, 1824025894, 1325734686, 1462875618, 1483786045, 1818028083, 1414783972, 1456659704, 1406881700, 1432491214, 1449416890, 1358276770, 1491231712, 1481100312, 1457329446, 1395632515, 1841496140, 1482864953, 1367524443, 1392191075, 1311345794, 1307591526, 1423211040, 1886366521, 1450718554, 1426022018, 1880215899, 1342808239, 1428243603, 41651196, 536622918, 1390469652, 1846290436, 1476449983, 1476449942, 1816964380, 1293951985, 440090070, 1343771351, 1467957152, 1459232593, 536009338, 432430649, 30780496, 1396141677, 528326686, 1355896807, 1356464774, 1334473377, 517738440, 1396005540, 498710786, 1391234546, 1296583188, 1334462003, 413074459, 1340620864, 1378191814, 1405135261, 1384570306, 1383954630, 1383323114, 544943143, 574852415, 1335257558, 545308792, 1347297664, 1349292048, 1331977945, 864647456, 1498076772, 864490003, 488532353, 471655072, 459872690, 865040409, 476598254, 420386024, 526157216, 1334295025, 464976941, 1311638085, 542667209, 538453475, 523248598, 41651193, 532601703, 450385960, 1332995638, 1331848508, 1325711347, 493959115, 1306333181, 520298124, 1293951568, 493275349, 553688508, 1304827183, 1300519474, 549515015, 1318571230, 454069805, 1305231325, 571339219, 1301575841, 465721397, 492144600, 519467971, 549187372, 41651206, 473181848, 1293900224, 520107359, 461199519, 439138634, 556207070, 1487528112, 541648644, 446627373, 492256479, 495294483, 468585482, 520230512, 526168021, 530389523, 515659732, 543987768, 465286803, 427610313, 460241049, 513183095, 520209040, 449460252, 495585330, 476054074, 26524701, 487861444, 463282018, 449818593, 458324468, 486188481, 525471850, 446247618, 461971059, 450801831, 456160971, 428391731, 487688870, 502253082, 518554515, 543138663, 528859820, 446557635, 532332486, 517702513, 404460947, 519207019, 537856438, 532769381, 34078038, 534526409, 538227434, 454532183, 518155513, 518242468, 482088206, 475073085, 428375969, 454992953, 434550921, 466895375, 413074253, 520040515, 494228593, 459354378, 490264177, 535647386, 486956062, 486195958, 498120068, 458943753, 533259686, 516240264, 467466661, 439665281, 525086802, 504832747, 519913462, 486111543, 496519089, 472331212, 422427868, 479836980, 510446573, 448624612, 465372165, 496370620, 449074813, 496107851, 525394933, 506397534, 446177340, 525418534, 485786808, 431795608, 485859298, 451169473, 488115631, 479979029, 436394196, 479938176, 28830157, 454955323, 419376000, 482659529, 486925108, 492678504, 480580003, 27747326, 514543334, 466053715, 511030243]"
8877858829,暧昧饶舌 | 戴上耳机沉浸爱的告白,爱是什么呢？爱是千万次叹息，爱是反反复复，爱是今晚想通明天又沦陷；我会成为你的港湾，知晓你的缺憾而不试图更改，知晓你的净土而不轻易踏足。,"['华语', '说唱', '浪漫', '浪漫']","[1486672308, 1303273422, 546279760, 1876747898, 1891692124, 1951826607, 1867183963, 2025185099, 2035989613, 2022145024, 2019604272, 2050684657, 1977513740, 2048079337, 2055617551, 2056577536, 1373641129, 2023954033, 1944896272, 2002753297, 1962283134, 431610014, 2041974276, 2060731968, 2053962502, 2061626302, 536622918, 1405888465, 1939949595, 2036167452]"
8852066495,离开我 谁还把你当小孩「华语小甜曲」,请在很难过的时候牵住我的手，我不能保证让你做一个开开心心没有烦恼的小笨蛋，但是我会毫无保留的给你我所有的爱…,"['流行', '清新', '浪漫', '浪漫']","[209228, 2025186889, 1450128299, 514761281, 1398283847, 209397, 1963176984, 1363078221, 1336871144, 407435011, 1868874994, 150633, 1807799505, 109125, 488641895, 483671599, 1475737616, 1486484277, 1928419759, 1887917182, 150430, 1838461483, 1441353003, 2015056300, 1889690854, 1384062458, 1953856778, 1988532821, 1920207815, 1964332043, 1397679310, 2009519848, 2061888566, 2030806458, 209750, 29850683, 2030766928, 1950528144, 2008521286, 2063469773, 25639009, 1966428169, 1991835721, 2013102267, 5254811, 150654, 2010563609, 2054190757, 1980767139, 35403523, 25699094, 1904831431, 209643, 1496020025, 185712, 1486774548, 500684368, 344387, 177074, 1466062301, 1305367286, 1919430638, 1860578400, 155992, 1833192417, 327690, 25642012, 165339, 287248, 25729074, 1372552573, 1316362035, 1375514229, 308231, 406346702, 294219, 25642788, 463801084, 385973, 177213, 4875626, 210042, 394728, 30089063, 165593, 22817420, 1293953398, 354601, 394707, 487375542, 394748, 394721, 168039, 1413849288, 1393616255, 1460682463, 327139, 1982906199, 1894048084, 1970838699, 1912677536, 1985088494, 1923179020, 1984825508, 1470086356, 1494813207, 1838505400, 1878361357, 1462410538, 1862517088, 1990743861, 1431767629, 1940785796, 1948478077, 27646702, 1841611653, 1824222230, 1882716480, 1976794036, 1415829224, 1951925907, 1981834987, 1872131792, 1967689637, 1900833459, 1309833126, 1927432302, 1445556953, 1928175113, 1965671755, 1919112094, 1934251776, 1888390720, 1474411443, 1380262830, 286963, 297486, 297494, 1480380026, 1369649924, 1905403429, 1900224553, 1903509018, 1871407444, 1865158666, 1407773519, 1442121064, 1874972712, 571854148, 1832088781, 1838182645, 1862309034, 1491868594, 1840459406, 1912699471, 1911281371, 1824408437, 454224585, 1875941511, 1480378513, 1310962137, 1422212205, 1487511998, 1888622459, 1809843323, 1325898973, 245625, 1341188360, 1814807264, 1841758302, 1497588709, 1472927441, 1470501997, 1436898762, 1433413470, 1465639455, 569200211, 1469152506, 1425626819, 514765154, 505446115, 1366056853, 209719, 405253317, 550138197, 1365898499, 1374086946, 460542144, 864100958, 29850679, 4873340, 1296558060, 287061, 523248119]"
8891688197,INFP意识流｜安静 自由 理想世界,七十亿人海，我是独特的存在.,"['流行', '性感', '浪漫', '浪漫']","[407450660, 2103260002, 1973673109, 2100778160, 1426238394, 1446709762, 1877420951, 1840665156, 1435580740, 1460896805, 2026783884, 1900462951, 1857997070, 2014756566, 1333779309, 19934757, 522749811, 31081015, 1906515508, 2013630617, 1949158856, 475774775, 1924851593, 2022451810, 2021457334, 1959009137, 2014023810, 469083126, 1812008612, 1855221502, 1873575452, 1847570387, 1897304319, 1470542027, 1803373241, 1870860078, 1482058501, 31861269, 1996829933, 1962630172, 1450672287, 1492432360, 408814794, 1444647128, 1935734649, 1474959445, 490911735, 1474400749, 1927994066, 1976478482, 1892782546, 574731407, 1907750966, 568552869, 1958466499, 1976478071, 470293313, 428391474, 1911427000, 1921676493, 1487946556, 1938756433, 1427725543, 1314223132, 1381781481, 1439739102, 1498317232, 484999615, 1379958635, 1422665490, 421110790, 1914485227, 1890026729, 1484312167, 421110791, 40257952, 1848630191, 1808943074, 1339538032, 1481551217, 1895314394, 539881709, 1877024532, 519870772, 1821851036, 1443756700, 1476731897, 26111937, 1810263153, 1922485461, 1459703175, 1931632136, 1884228659, 1911096554, 1487321660, 1413571582, 1852575706, 1908318254, 1497053691, 1413374282, 461347460, 1826538490, 1427515199, 1645108, 556673324, 1883997763, 494992638, 492108875, 1451960107, 1815410249, 1419140213, 1828257556, 1393412236, 559227860, 452124973, 866249461, 1451396542, 1820930532, 1448055897, 1379255011, 1803321138, 1335701031, 428390694, 5307932, 525829252]"
6611850709,小乖别许下承诺困住我0.8×,无论我们最后生疏到什么样子 希望你不后悔认识我 也是真的快乐过,"['怀旧', '浪漫', '伤感', '浪漫']","[2063015795, 2052649797, 1944342306, 1935918144, 2011330321, 1998285296, 1961161601, 2062603980, 1931410909, 1970973216, 1959217061, 1961006625, 2034650097, 1956171974, 1980295875, 1961161592, 1986771025, 1982658883, 2001370793, 1998422533, 1972127876, 1961228149, 1952923251, 1972008463, 1829058639, 2019351846, 2016323659, 2012884202, 1986709123, 1990086349, 1947137792, 1971651539, 2002001921, 1825809250, 1946234096, 2012119453, 2008585099, 2005190306, 1955029675, 2053412829, 2007861279, 2007931953, 2000374325, 2011340913, 1977503336, 2000390068, 1976024112, 1968429904, 1968270354, 1999584982, 1959303514, 1925560390, 1966212898, 1997559337, 1989487495, 1959225989, 1922135476, 1972204929, 1961174794, 1958405457, 1998113024, 2000097194, 1996655139, 2000465118, 1938862336, 1970324585, 1941348337, 1979585223, 1958119516, 1972315260, 1945693373, 1955286780, 1945240969, 1954223039, 1848770073, 1924892158, 1812903580, 1955423798, 1971490891, 1983501304, 1984889268, 1994566059, 1959028063, 1963213974, 1957492947, 1955028561, 1958231796, 1916463494, 1946585503, 1958121913, 1955039633, 1953274089]"
361522191,「欧美」甜蜜二重唱，想把我唱给你听,"封面：朱迪&尼克
愿你的爱充满你的毛孔，你的发肤，你灵敏的直觉所觅得的所有音乐中的美好。它们终将充盈你自己。——胡畔","['欧美', '流行', '浪漫', '浪漫']","[28870193, 29019651, 28126200, 28789224, 17957616, 17112294, 1605168, 4324943, 18449193, 1592846, 4424562, 21395551, 28142993, 28854381, 17706562, 36731441, 3568294, 3169816, 32807884, 2700760, 4340758, 21234381, 32174129, 32102058, 27566705, 1614879, 18210509, 27578301, 3783014, 32897077, 28409210, 405599687, 5046372, 5044384, 28031117, 1141662, 28493810, 18611599, 16854326, 29984441, 27598266, 16952015, 28315789, 22614620, 1607379, 29747980, 28871341, 31719602, 32648651, 18663136, 30841423, 30830457, 26545346, 26287067]"
5336966291,INTJ与ENTJ之间，我首听就上头的音乐,"我用什么才能留住你？

我给你萧索的街道、绝望的落日、荒郊的月亮。

我给你一个久久望着孤月之人的悲哀。
我给你我的祖先，后人用大理石纪念他们的荣耀：

我的祖父牺牲在布宜诺斯艾利斯的边境线上，两颗子弹穿透他的肺，英勇战死，以马革裹尸还葬。

我母亲的祖父，年仅二十四岁便带领三百战士在秘鲁冲锋陷阵，他们的魂灵至今仍在消逝的马背上战斗着。

我给你我作品中可能蕴藏的任何真知灼见，以及我生命中所能拥有的任何坚毅和幽默。

我给你一个从未有过信仰之人的虔诚。

我给你我设法保全的自己——不花言巧语、不经营梦境，在时光流逝中、在极乐灾祸磋磨下，始终如一的自己。

我给你在你降临前那些年里，暮色中瞥见一朵黄玫瑰的瞬间。

我给你我对于你的阐述、为你构建的理论，以及你那真实而惊人的存在。

我能给你的是我的孤独、我的阴暗、我内心的饥渴；我正试图用混沌、危险和失败打动你。

原文：博尔赫斯
翻译：月亮向我奔来","['兴奋', '孤独', '浪漫', '浪漫']","[1406633327, 431610014, 442867526, 442869204, 2003330107, 1368754689, 28030062, 1882589249, 33861246, 1336864842, 2022069283, 33872347, 2022072826, 1858897067, 2065100107, 2065100916, 2064507907, 1404715631, 1306923998, 1907765823, 411314659, 21308328, 1961524243, 1888867938, 36664204, 28160720, 1431403448, 1939751157, 2015589134, 1963634903, 1999237055, 1815725297, 255858, 30841620, 17939827, 1374056687, 1412264641, 2009911649, 2022682812, 1425463056, 1876016016, 1888173731, 299599, 425136423, 1825760421, 1333335583, 1911298781, 1969845258, 467164062, 1861915907, 1964676839, 1977929314, 1861583260, 1343731992, 386844, 1970560258, 1811825803, 1971117689, 527620034, 526081121, 1970559943, 1922120732, 1958220188, 1445556953, 5243638, 1844442265, 1939655575, 416892104, 29460609, 1807796550, 1332725422, 472141618, 1415576894, 509512457, 1842817276, 1479962539, 1417103092, 1415576908, 79938, 32019510, 33584524, 1412644650, 1321929928, 430053207, 1452568619, 479384314, 1376406253, 1457329446, 1411536848, 1398284251, 1397160249, 31654490, 545350938, 1358178956, 427416505, 557199195, 1472090563, 32785010, 418603177, 485918020, 29792978, 1417862046, 1439111144, 31311137, 35437042, 1308818695, 1330472048, 447925725, 1368753797, 1303026609, 1358848618, 428375694, 515647696, 28754100, 29732652, 509311810]"
8806864253,借你的温暖 / 听一曲冬日恋歌,"久听不讨厌，你爱的歌 ，值得反复聆听，热门情歌，收藏你的最爱歌，经典新老歌曲，
每一首歌有你的故事，希望你们，收藏起来！","['华语', '流行', '浪漫', '浪漫']","[139391, 316678, 286959, 307495, 386542, 2007369342, 491787693, 1405541519, 461443679, 108103, 165380, 1363948882, 1470921949, 1398663411, 27646196, 254542, 169185, 27646693, 1333345619, 1482896414, 209404, 1403215687, 1804662216, 1959668190, 1395914723, 1806476169, 1875283511, 1304504713, 36897616, 1377137675, 541002288, 36080207, 1410642595, 2084366052, 2085709355, 2088760045, 2083785152, 2090583673, 2088079571, 2086327879, 2090583416, 2090271489, 2090350703, 2083417395, 2090427771, 2083786393, 2038191895, 2089223876, 2083989384, 2085452852, 2085118296, 2083509478, 2090627077, 2085729140, 2090568608, 2091094442, 2085859568, 2089730107, 2084368335, 2090663445, 2085440786, 2083507523, 2084397731, 2084053068, 2083403742, 2085396119, 2089193528, 2085441503, 2091310930, 2084376714, 2088789466, 2090045081, 2083184593, 2077519215, 2091408060, 2086091247, 2085753346, 2085245785, 2090541594, 2083182016, 2085074026, 2058920966, 2085496812, 2085727585, 2084473227, 2090646781, 2086092043, 2086205207, 2091334428, 2085441505, 2091257548, 2084034562, 2089977009, 2090470651, 2077305406, 2085559209, 2084601341, 2088616396, 2085408290, 2088425432, 2090581422, 2090915365, 2090356012, 2086240077, 2085441504, 2090385921, 2091103028, 2084103006, 2089534620, 2085437679, 2090019653, 2090596748, 2088472839, 2088483582, 2085100870, 2087950637, 2085809065, 2088215276, 2090541590, 2086093894, 2085763574, 2088758588, 2090567800, 2085971839, 2090346906, 2084391250, 2083484308, 2090607517, 2084008711, 2090624406, 2086015563, 2084732462, 2083133856]"
6749130322,“这就是甜到让你发麻的说唱吗？”,"甜到让你发麻系列 喜欢请留言
持续更新","['华语', '说唱', '浪漫', '浪漫']","[1882029821, 1849998058, 1450083773, 1963751547, 1970801093, 1962441062, 1929698140, 1937708981, 1926679779, 1897713420, 1497588709, 1902241068, 1915784095, 1456704300, 1862707547, 1369601580, 1847219367, 864647456, 497034035, 1436076578, 1415829224, 1476449942, 1472142718, 1403756319, 1408220694, 1815105886, 532332486, 1492584510, 1296583188, 1408941731, 1457248123, 1426022018, 1306752535, 1453115321, 1493362269, 1443070081, 1423041961, 1453117103, 1359617210]"
