2381624047,慵懒 散漫 迷离 复古 自由 情调,"“听说喜欢爵士的人，孤独和充盈并存，真实与性感并存，脆弱与狂野并存”
排名不分先后 随时补充
这歌单越来越杂了 我是分不清爵士 蓝调啥的 反正我把我觉得好听 有气氛 独特的类似歌放一起了
enjoy","['爵士', '蓝调', '爵士']","[572239259, 565216709, 496393657, 1810560596, 1909207640, 22477904, 566530625, 35847102, 2776347, 27088295, 22093983, 1776238, 3980917, 21223795, 547495525, 5057820, 34779127, 454438472, 16660836, 530986175, 1472099, 20707489, 1309551, 1295531983, 5103062, 23747653, 28520822, 1944450, 28660009, 5224241, 2301752, 480769653, 25436770, 35443529, 1347210, 22489536, 21152976, 21635639, 18214754, 5201770, 28280555, 1486204, 18055455, 1227390, 20777281, 2299986, 18214772, 1696948, 18214724, 22489532, 25279684, 18728928, 1697004, 17648962, 27725407, 20750903, 3548725]"
5119131540,【全网最全】爵士口琴Toots Thielemans作品,收集了一些比利时国宝级口琴大师Toots Thielemans的作品,"['爵士', '酒吧', '学习', '爵士']","[20511835, 22563527, 485217924, 485217925, 485217926, 485217927, 485217928, 485217929, 485217930, 485217931, 485217932, 485217933, 1921481936, 1921481937, 1921481017, 1921481018, 1921481019, 1921481938, 1921481939, 1921481940, 1921481020, 1921481941, 1921481021, 1921481022, 1947226, 1947228, 1947229, 1947232, 1947235, 1947238, 1947241, 1947244, 1947247, 467137505, 467137506, 467137511, 467137515, 467137518, 467137520, 467137522, 467137527, 467137536, 467137539, 467137540, 467137542, 467137543, 467137544, 467137545, 467137546, 467137550, 467137551, 21779536, 21779537, 21779540, 21779541, 21779542, 21779543, 21779544, 540709138, 21265143, 1377011814, 574994045, 574994040, 574994038, 574994034, 19144338, 22205930, 22205926, 2536161, 2536137, 21743920, 21743918, 21743913, 21388194, 21388193, 21388192, 21388191, 21388190, 21388188, 21388187, 21388186, 21388185, 5034865, 5034864, 5034863, 5034862, 472797960, 1409770568, 21779123, 21779516, 2015255, 2015257, 2015260, 2015262, 2015263, 2015264, 2015266, 2015268, 2014772, 2014777, 2014779, 2014781, 2014789, 467137555, 467137556, 505582092, 1878544836, 1878541365, 1426774432, 1882302535, 1882302533, 1882306046, 1882302534, 862746856, 862746855, 862746854, 633802, 633792, 633786, 1082513, 1082508, 1082503, 1082498, 1082493, 1082483, 1082480, 1082477, 552471820, 1489751892, 564364969, 564367499, 564367498, 564367497, 564364967, 564367496, 564364966, 564364965, 564367495, 2014768, 2014770, 2014773, 2014775, 2014782, 2014784, 2014787, 21779556, 21779562, 21779557, 21779565, 1301753503, 1301752970, 1301752969, 1301752968, 1301753502, 1301752967, 1301752966, 1301752964, 1301753501, 1301753500, 21779522, 21779517, 21779514, 21779513, 564364968, 17042390, 17042386, 17042391, 21779651, 21779654, 21779655, 21779656, 21779657, 21779658, 21779659, 21779660, 21779661, 21779653, 472835958, 472835962, 472835956, 1082488, 1364108475, 536889181, 536871838, 536871837, 536871836, 536889180, 536871835, 536871834, 536871833, 536871832, 536871831, 1882306047, 1489751834, 1489754532, 1489751832, 1489754530, 1489751830, 1489751829, 1489754528, 1489751827, 570842199, 570843057, 570843056, 570843055, 570843054, 570842197, 570842196, 570842195, 570842198, 21779484, 21779486, 562417968, 562417967, 562416981, 562416980, 553328107, 1819040429, 1819041281, 1819041280, 1819040428, 1819040427, 1819041279, 1819040426, 1819041278, 1819040425, 1819041277, 1819041276, 1819040424, 1819041275, 1819041274, 1819040423, 1819040422, 1819041273, 1819040421, 1470006919, 1470007831, 1470007829, 1470006918, 18776947, 21779599, 2015069, 2015067, 2015065, 2015063, 2015061, 2015060, 2015059, 16641557, 1497540, 2015001, 2014999, 2014996, 2014993, 2014990, 2014988, 2014982, 2014979, 2014975, 2014971, 2014985, 21779686, 21779685, 21779684, 21779683, 21779682, 21779681, 21779680, 21779679, 21779678, 21779677, 21779676, 21779675, 21779674, 21779708, 21779700, 1452496632, 406312286, 406312285, 1419667569, 1419667568, 1419667567, 1419665504, 1419667566, 1419667565, 1419665503, 1387936949, 563399053, 1313319416, 1313319415, 1313318768, 1313318767, 1313318766, 1313318765, 565468693, 2014458, 21779616, 406322518, 2015311, 2015308, 2015305, 2015302, 1467278038, 29600921, 25891897, 29600923, 29600924, 29600926, 29600928, 29600930, 29600931, 29600937, 29600936, 29600934, 29600935, 537877988, 26984820, 551483731, 2015079, 2015106, 2015102, 2015099, 2015097, 2015091, 2015088, 2015085, 2015083, 2015105, 21779436, 21779434, 21779433, 21779432, 21779431, 21779430, 21779429, 21779428, 21779427, 21779426, 21779425, 551453836, 1320620717, 1430334507, 2014507, 2014511, 2014499, 1321722545, 1321722022, 1321723023, 1321723024, 1321723025, 1321723026, 1321723027, 1321723028, 1321723029, 1321722551, 1321723031, 1321722552, 1321723032, 1321723033, 1321723034, 1321722553, 1321723036, 1321723037, 1321722019, 21779698, 21779697, 21779695, 21779694, 21779693, 21779692, 21779691, 21779690, 21779689, 21779688, 21779687, 21779534, 21779533, 21779532, 21779531, 21779530, 21779529, 21779527, 21779526, 21779525, 21779524, 21779523, 21779607, 21779608, 21779609, 21779611, 21779612, 21779617, 21779615, 2015131, 2015137, 2015141, 2015143, 2015145, 2015146, 2015125, 2015122, 21779132, 21779131, 21779130, 21779129, 21779128, 21779127, 21779126, 21779124, 21779122, 562194526, 562195035, 562195034, 562194525, 562195033, 562195032, 562194524, 562194523, 562194522, 572527959, 572527958, 572527957, 572527956, 572527955, 572529928, 572527954, 572527953, 572527952, 572529927, 572529926, 571264073, 1453020096, 1453018898, 1453020095, 1453020094, 1453018897, 1453020093, 1453020092, 1453020091, 1453018896, 1453020090, 1453020089, 1453018895, 1453020088, 1453018894, 559034264, 559032726, 559032721, 559032719, 1315079005, 1315079004, 1315080803, 1315079003, 1315080802, 1315080801, 1315079002, 1315079001, 1315080800, 493777394, 493777395, 493777393, 493777392, 493777396, 493777397, 493777398, 493777404, 493777403, 493777401, 535221711, 563278040, 563275806, 563278039, 563275804, 563278038, 566714688, 566714690, 566714677, 566715206, 564998119, 564998120, 564997781, 564997779, 564997776, 564998107, 504589405, 504589404, 504589403, 504589402, 504589401, 504589400, 504589397, 525846193, 525846200, 1436743611, 1451669531, 1451670331, 1451669527, 1451670328, 1451670324, 1451669526, 2015314, 2014454, 2014735, 21779602, 21779605, 29600933, 16423267, 21779564, 18178387, 21779696, 21779606, 2014752, 2014439, 2014435, 2014431, 2014428, 2014425, 2014422, 2014418, 2014415, 2014433, 2014410, 2014412, 1321722540, 1321722018, 21779633, 566714682, 535230084, 21779652, 21779625, 21779528, 2015134, 21779628, 2015128, 21779435, 507308807, 2015147, 2014442, 2014765, 2014496, 21779610, 21779604, 2014761, 21779618, 21779613, 2014471, 2014474, 2014485, 2014477, 2014481]"
443994595,【爵士】花神咖啡馆的情人们,"注意！会不定期增删歌曲，没错会删。
歌单收录了电影《花神咖啡馆的情人们》以及我自己喜欢的一些爵士乐◝(⑅•ᴗ•⑅)◜..°♡","['爵士', '欧美', '爵士']","[22346651, 1919367, 29578288, 3409100, 5094776, 17617362, 19059807, 994163, 4078609, 2532353, 22627404, 16738823, 4340760, 27088286, 17541009, 5048569, 22457038, 2923749, 19900531, 29108727, 17729938, 17730137, 2326364, 18214772]"
330653948,Late Night Jazz,Personal playlist,"['爵士', '夜晚', '爵士']","[1383922, 22575916, 21383768, 1383916, 21383783, 1027371, 1027373, 1156032, 1398911, 1882783, 1880351, 1972706, 21383873, 16635823, 1401390, 1024195, 1357901, 1966439, 1441054, 1972696, 16633401, 16611013, 5177642, 18931421, 21398602, 1440149, 1098380, 1227381, 1465776, 26592787, 19245629, 1156466, 19245634, 20606268, 1121943, 1627556, 1227390, 2211522, 22423450, 3594026, 16872866, 21384179, 21383781, 21388629, 1022857, 16872857, 1022565, 21527111, 16654873, 2849697, 1658985, 21693105, 16635643, 17283248, 1316636, 16635637, 16306677, 22083610, 1968280, 24413302]"
6375614,爵士迷情。玫瑰花般生活。,“我们经历的旅途上岔口不断，但是每个人所走的路到最后毕竟也只是一条。即使重新来过，大抵上，遗憾不会少分毫。别处的风景总是最好。而怀恋是老态的事情。我们却总是乐此不疲。” 拥有小清新的雨天也是暖阳天。 迷幻小清新。灵魂浅唱。 刻录一段欧美风情，在心里安放。 『盛夏光年，白色花朵的唱,"['爵士', '爵士']","[2534567, 2532527, 2532494, 22323638, 16590082, 2431740, 208547, 3413167, 2776477, 2189766, 2189272, 2190755, 16738585, 2121380, 19149254, 2589620, 22101680, 2924723, 3234175, 18212755, 18212730]"
27796306,Oscar Peterson 加拿大 ~ 著名爵士歌手,Oscar Peterson 1925年生于加拿大Montreal，六岁开始学习钢琴，在无数的黑人乐手中奥斯卡·彼得森可谓是一位爵士钢琴中的领袖级人物，他把爵士乐轻佻、迷幻的色彩通过手指与琴键的接触直接勾勒在我们面前，他活力十足地为爵士乐留下不朽的遗产。,"['欧美', '爵士', '浪漫', '爵士']","[1810050, 21388837, 1811910, 1811994, 21388480, 1810964, 21153940, 21151331, 21153485, 5086509, 21388471, 21152976, 21388739, 21388473, 21388475, 5177642, 21150507, 5034867, 21388476, 27944249, 21383780, 21152978, 21152974, 21388482, 21388478, 21388527, 21388525, 2532275, 21388535, 21152973, 21388533, 21388538, 21388483, 21388484, 21388486, 21388523, 1812439, 21596766, 21388537, 1811119, 21383781, 1812367, 21388531, 1811384, 21383783, 21388530, 1810172, 1811907, 1811065, 5218835]"
23118315,Jason Miles 巴西 ~ 著名爵士音乐人,巴西著名爵士音乐人。爵士乐配乐大师。英里把音乐世界的精华一起执行一些巴西最伟大的歌曲。,"['小语种', '流行', '爵士', '爵士']","[18544985, 18545012, 18544983, 1589911, 1589693, 1589700, 18544986, 18544990, 1589721, 1589690, 18545010, 18544991, 18544988, 1589909, 18545006, 18544984, 18545007, 1589913, 18545008, 1589696, 1589915, 1589917, 18544987, 1589703, 1589919, 18545011, 1589705, 1589921, 18544989, 1589708, 1589923, 18545013, 1589712, 1589925, 18545014, 1589716, 1589927, 18544992, 18545015, 1589719, 1589928, 18544993, 18545016, 22550640, 18545017, 22550641, 18545018, 22550642, 22550643, 22550644]"
131766588,爵士乐Jazz（人类音乐即兴精华）,"《论一个号手的自我修养与提升》
","['欧美', '爵士', '蓝调', '爵士']","[18727621, 21335867, 17970699, 21182124, 16332372, 2792989, 1158728, 22563259, 22083609, 1083136, 1843110001, 500906485, 18947830, 2515661, 1314864, 1479878798, 18722951, 27033643, 20977444, 1327886700, 5022533, 18728930, 1486441, 21629553, 1437490181, 1172811, 1903612, 1344312154, 16872857, 22486343, 2524864, 1621164, 1250845, 1227390, 1390513, 16613063, 1301476482, 567774979, 523728004, 18530692, 507227, 568807347, 18612314, 21383872, 1080899, 20713520, 22453802, 22284241, 20541471, 1383241, 1451041654, 1915789800, 507246010, 1508320, 16338593, 457330922, 1526375, 1623356, 472767570, 1174224, 29476707, 1431533, 18643261, 1533462, 17694336, 509092046, 26850199, 19685761, 1005403, 3956412, 18727622, 21119791, 27587873, 2317342, 1435048, 1159513, 2864729, 22573631, 22615150, 2515659, 1144200, 21527159, 427924, 5117188, 1172842, 1997187, 27106208, 28534168, 31565997, 1963488, 1083986, 21104134, 1311256288, 2089428, 20796768, 1113310, 1700709, 1116949, 26956018, 1616705, 21104087, 28736218, 21119829, 18941574, 28736213, 545882, 1250305, 20976717, 17994695, 3775517, 525219, 21329028, 568651330, 16342016, 1177311, 2788404, 1836063, 19069372, 2235503, 36391158, 20516481, 2085641, 19798500, 18569560, 424240161, 18585057, 18585052, 457330920, 1383916, 21157248, 20574003, 32065052, 1849540, 21329026, 18643210, 1849522, 17540209, 29451915, 1117696, 1849516, 18643184, 414008686, 2317404, 1010089, 18643251, 29202381, 1506145, 1331501, 1331481, 5214130, 1331465, 26224230, 5033608, 22432457, 22432454, 1239539, 1618938, 18939558, 22421756, 1836047, 1006433, 18726489, 545877, 21600816, 2717387, 18643206, 1526112, 18643228, 1016875, 18208052, 21398264, 28881091, 26817107, 21398273, 493423854, 1461061393]"
8864125680,在 爵士猫 营业时,村上君,"['爵士', '爵士']","[21012024, 1659192, 21013044, 5225027, 1658981, 21013034, 1658964, 1658956, 1658993, 1658971, 1658960, 1659195, 1659188, 21013030, 1659199, 21013129, 1658966, 1658985, 1658977, 1659168, 1658974, 1658962, 1658968, 1658958]"
13429206,爵士吉他巨匠 • Django Reinhardt,强哥 · 莱恩哈特，江湖人称三指琴魔！法国著名吉他手，爵士乐史上的伟大琴师。1910年出生于比利时，因18岁时一次意外导致只能以三个健全手指进行演奏，但仍然创造了传世的音乐作品和令人赞叹的成就。,"['爵士', '吉他', '经典', '爵士']","[17400185, 1238392, 1238449, 1238873, 17400902, 1238388, 1239661, 1238465, 22488474, 1239677, 5040718, 24690657, 17391649, 5050260, 5106382, 1238907, 1239417, 1238458, 1239682, 1239667, 1239729, 1238462, 1239672, 1238903, 1238864, 1239740, 1239471, 1238898, 1239696, 1239690, 1239722, 1239699, 1238441, 1238882, 1239715, 1239693, 1239707, 1239744, 1239718, 1239702, 1239747, 1239710, 1239750, 1239384, 1238512, 1239735, 1238888, 1239686, 1238453, 1239378]"
83856696,『女声』一丝慵懒，一丝妩媚。,爵士&流行。轻柔女声系列。不全是爵士。,"['爵士', '流行', '放松', '爵士']","[1482279380, 1401841360, 1401841355, 5119510, 3819950, 3415389, 28626072, 436633224, 5089194, 5181357, 2188509, 16437042, 28258308, 2326278, 2874784, 3415370, 3415386, 28391135, 28391133, 22490367, 5050226, 26111229, 19001923, 280581, 19038287, 2311602, 280551, 16490251, 17416991, 26300127, 5089185, 5412770, 5102292, 22358363, 3554856, 22843791, 17066464, 5199494, 2326369, 5184069, 5409263, 17344870, 17086544, 19038283, 2391318, 2931592, 3415434, 5209667, 3847157, 2924275, 18214772, 632875, 2923779, 2923703, 3401483, 27078616, 26545148, 2924723, 632950, 22205923, 29363439, 18836150, 16436914, 22556246, 17890113, 3037357, 4284571, 16574207, 26835695, 5201786, 3404586, 22358367, 20618372, 18214724, 2190807, 16422388, 2924296, 2326365, 588562, 5118261, 633619, 632889, 2326368, 632767, 28237360, 3415455, 5150186, 17344493, 21223795, 3164434, 21635636, 17416996, 21356855, 25535176, 22822318, 22822312, 22456626, 22602156, 22489530, 3163956, 5048932, 5155804, 17416916, 19027625, 5167624, 5188895, 25702205, 18233026, 18214732, 22615165, 22511082, 17416887, 21355925, 2534368, 17890371, 26657616, 17372144, 19013531, 19038438, 17198996, 2384058, 18725177, 18822274, 17416918, 5151044, 3411549, 17642329, 17231626, 19038195, 3049933, 22358359, 17610243, 26324173, 16678129, 17044321, 2189354, 21152199, 17870428, 17888356, 2902715, 2188349, 18214038, 20778802, 5169240, 3414434, 2531013, 22474900, 21745949, 21746407, 17889856, 17498994, 2923710, 17893387, 2923774, 20994015, 16437510]"
95940041,Jazz| 关于加缪的幻想,"以此缅怀
阿尔贝·加缪
新派爵士和旧派爵士混合单
最近更新19.12.30

朋友们可以猜猜歌单中我翻译的是哪一首~","['爵士', '怀旧', '爵士']","[441619787, 648295, 28661891, 22680708, 21398607, 19519051, 1314125, 20768629, 20602262, 1399859, 22210177, 3036242, 17127582, 27787238, 3139026, 18613134, 22475802, 26140679, 16619165, 28718974, 21802719, 24230601, 3980904, 20263666, 18468277, 18751112, 5183345, 5109820, 3031000, 3030928, 3030949, 2924298, 5137882, 32143620, 28107091, 21214028, 22222822, 29787535, 5177849, 5191928, 1697004, 17890371, 16437510, 19027626, 22680660, 1951125, 3747113, 22378662, 18177058, 989371, 5100591, 20263683, 2024940, 1952972, 21407767, 1142809, 1501367]"
8755473959,BlueNote：不妥协的表达（1939-1953）,"1939-1953
From boogie to bop","['爵士', '孤独', '欧美', '爵士']","[17027751, 2081895723, 18203958, 544783069, 568504227, 543341986, 562191470, 1449942857, 567476017, 552519750, 557353791, 2000342714, 1377474481, 1446765321, 1827033325, 1322189456, 2035951724, 22541567, 22501944, 26721601, 1835141842]"
166616001,Chris Botti 爵士小号手,"　　曾经被美国《人物》杂志评为“全球五十大美男子”之一的Chris Botti以俊秀的外型和高超的技巧被广大乐迷所追捧。美国著名音乐人David Foster推崇他的演奏具有Miles Davis的特色与Chet Baker的性感。
　　Chris Botti，小号手，1962年10月12日生于美国俄勒冈州的波特兰，隶属于哥伦比亚唱片公司。Chris Botti可能不仅仅在爵士领域，而在美国所有年轻一代器乐演奏的音乐家当中长相都算是最好的了。但是他的成功绝大部分还是因为他在音乐方面的成就，在2001年发行的唱片《Night Sessions》的销量超过百万，在其中Botti将爵士乐和流行音乐两种风格融合在一起，从而创造出一个新的音乐流派。 2007年12月4日，他被提名3个格莱美奖，包括最佳流行演奏专辑和最佳长篇音乐录影带。他的三张专辑到过Billboard爵士专辑榜的榜首。","['欧美', '爵士', '爵士']","[1143705, 1143708, 1143711, 1143714, 1143717, 1143720, 1143723, 1143727, 1143730, 1143733, 1143653, 1143657, 1143661, 1143666, 1143671, 1143676, 1143681, 1143685, 1143688, 1143691, 16951183, 16951184, 16951185, 16951186, 16951187, 16951188, 16951189, 16951190, 16951191, 16951192, 16951193, 16951255, 16951256, 16951257, 16951258, 16951259, 16951260, 16951261, 16951262, 16951263, 16951264, 16951265, 16951266, 16951218, 16951219, 16951220, 16951221, 16951222, 16951223, 16951224, 16951225, 16951226, 16951227, 16951228, 16951267, 16951268, 16951269, 16951270, 16951271, 16951272, 16951273, 16951274, 16951275, 16951276, 16951277, 1143267, 1143272, 1143277, 1143283, 1143289, 1143294, 1143299, 1143304, 1143308, 1143312, 1143315, 1143318, 1143323, 1143121, 1143124, 1143127, 1143130, 1143133, 1143138, 1143143, 1143148, 1143153, 1143157, 1143161, 1143164, 1143169, 1143174, 16951170, 16951171, 16951172, 16951173, 16951174, 16951175, 16951176, 16951177, 16951178, 16951179, 16951180, 16951181, 16951182, 16951278, 16951279, 16951280, 16951281, 16951282, 16951283, 16951284, 16951285, 16951286, 16951287, 16951288, 16951289, 16951290, 16951293, 16951291, 16951301, 16951294, 16951295, 16951296, 16951297, 16951298, 16951299, 16951300, 16951292, 16951302, 1142989, 1142992, 1142995, 1142999, 1143003, 1143010, 1143013, 1143018, 1143023, 1143026, 1143031, 1143036, 1143041, 26888904, 26888905, 26888906, 26888907, 26888908, 26888909, 26888910, 1142916, 1142922, 1142928, 1142933, 1142938, 1142942, 1142947, 1142951, 1142955, 1142959, 1142964, 1142969, 1142973, 1142838, 1142843, 1142848, 1142853, 1142859, 1142865, 1142871, 1142876, 1142880, 1142884, 1142888, 1142894, 1142899]"
2850258973,Acid Jazz • 迷死你的“酸性爵士”,酸爵士（英文：Acid Jazz），又译迷幻爵士，源於英国英格兰南部，是爵士乐的一种分支音乐类型，结合了部分灵魂乐、放克音乐（Funk）和的士高成分，尤其是循环拍子和调式和声方面。它在1980年-1990年间开始发展，由最初类似爵士放克（Jazz-funk）风格，转型至类似电子舞曲和波普音乐的混合。,"['爵士', '欧美', '浪漫', '爵士']","[18403092, 26733040, 26733042, 26733041, 26733038, 26733055, 26733054, 26733052, 26733045, 26733039, 18401949, 18847232, 28549442, 5153686, 5137696, 26733050, 5047765, 27074096, 571898377, 27122288, 27291450, 28549451, 28549439, 406292440, 18847177, 541961661, 16727976, 18538691, 18920089, 21971495, 1319897418, 4000048, 16639912, 27202953, 473145962, 483732901, 1343567180, 488785837, 23446399, 1593097, 3664684, 466732279]"
8823947194,万圣节Swing Halloween,Edited by DJ鹏；万圣节深圳摇摆舞会 For Lindy Hop and Balboa Dancers,"['爵士', '舞曲', '爵士']","[522062898, 1416647271, 568403332, 3791644, 1311865808, 1310105117, 563609072, 26652785, 1843891128, 490810577, 1441151138, 572901076, 1832012483, 1365930927, 552023036, 1308520944, 567800026, 1365486929, 505334222, 1991764219, 559505279, 558910222, 1411717850, 535683748, 1991765932, 1989000740, 1384666237, 568904353, 17607108]"
505951572,LindyHop课程,适合LiNDY hOP课程使用,"['爵士', '舞曲', '爵士']","[444197767, 558980951, 26818381, 17821123, 1080495, 1309809531, 28164559, 2311214, 1494691113, 20645537, 405432498, 488150886, 2534230, 1169223, 20620242, 22174762, 3359099, 444700701, 27196554, 28805465, 26818390, 19384548, 5085316, 28805460, 20645027, 18212755, 27858774, 2431634, 1223302, 27286714, 21152980]"
2878051870,某路的日常爵士,我自己最喜欢的曲子,"['爵士', 'Bossa Nova', '蓝调', '爵士']","[2051980492, 2051682381, 21406312, 1975905885, 2028809007, 28661469, 28661470, 28661468, 1967999282, 558076450, 1981307669, 1975905883, 1967111993, 1346982229, 21744811, 1501605572, 1967957930, 5027380, 2020385983, 1993119336, 2013457426, 1397716533, 1986709354, 1966017397, 1993119335, 2008439122, 1965420530, 1990141372, 1990141375, 1996608914, 1987405062, 532464143, 1400070681, 1453259684, 1965263186, 1477530980, 1477530977, 1958638014, 1616667, 1960490286, 1825638594, 1960490984, 1964016018, 1841909028, 1841905574, 1957654342, 1951642969, 1960988779, 1948968568, 1966439638, 1966438676, 1955349811, 1955625475, 1951629340, 1950792368, 1437639183, 1437636580, 1937051003, 1369264271, 1369264270, 557561139, 1947338591, 1927311192, 1947594802, 1424665397, 1949109016, 380303, 1941523981, 1936483254, 1948520549, 1926795824, 1937051825, 1351973184, 1926795821, 1920221481, 1932050230, 539227810, 1928497898, 1930113434, 1909782868, 545893, 1916347601, 1914877041, 1923382404, 1923383200, 1925204257, 1913900723, 561731819, 1903281585, 1903283629, 17888667, 1903283839, 1913118725, 531462051, 1850709681, 1903842817, 1886610732, 1401653204, 1805606769, 1805606772, 1896108125, 1904713514, 1911453176, 28190722, 28190721, 1915545616, 16782927, 1900162613, 415090376, 1444477612, 1897267556, 1887131984, 1913972068, 1893496937, 1499657232, 1438401897, 1885324771, 549911203, 1438402782, 1887131532, 1887131527, 1908988370, 1097135, 2025026, 1833080344, 21119789, 561734600, 107120, 26387253, 1441141374, 3415383, 533392029, 1364525167, 1393412257, 1409288760, 17283248, 5264516, 1611000, 1375605121, 1324129201, 280534, 22064554, 1375602518, 3407804, 2777492, 28240949, 26329408, 1816016, 17821137, 1063087, 5085312, 5155811, 1518746, 18019474, 5209290, 5103420, 5409301, 5155815, 2924723, 22717917, 5155814, 28164558, 2299359, 16628136, 1518737, 1617261, 358958, 5155804, 35957055, 507364648, 22753198, 35651355, 18019454, 1518734, 2299986, 22727013, 22064614, 549229855, 22363680, 1501276, 280596, 2529652, 21693348, 25654017, 507364652, 517742189, 1594845, 551567479, 5109093, 26131191, 17617362, 315508, 28469058, 445666371, 490131347, 1363940905, 247786, 3075012, 507364650, 22727109, 1500501, 28853432, 407459538, 30355341, 340254, 26402481, 483146041, 16951256, 205875, 507364654, 22064562, 17639338, 549229853, 1165165, 445666447, 205883, 22591390, 21693113, 429482300, 280597, 440464471, 1143304, 465642642, 340252, 1293875666, 29534580, 243327, 17989052, 22205923, 25698047, 30355339, 22753164, 280530, 573726623, 1370286, 1593164, 445666374, 315509, 169868, 243407, 549229857, 17639272, 440411514, 528864979, 280635, 32405924, 22490368, 5176479, 20548197, 573728357, 29364984, 1370285, 21693358, 28853430, 2535214, 440411513, 445666381, 467595836, 2002014, 29388440, 555788676, 22822298, 4891462, 28469054, 76875, 541975236, 1593181, 525239342, 445666377, 28399472, 17648959, 26789660, 445666372, 2001864, 1320098121, 32208097, 1616671, 29343276, 5035559, 27621668, 505688656, 1361391815, 1365914222, 408263, 315512, 169893, 28310329, 18637884, 445143994, 26457092, 527526589, 445666375, 1593200, 1622196, 27116047, 1703558, 565695978, 1370287, 358964, 1321273850, 22743825, 400579059, 22844502, 633595, 27089184, 20540633, 1370293, 557584041, 2002030, 440464473, 789141, 22778420, 530150760, 1361049888, 405226314, 572973518, 30841423, 22844535, 477969525, 18940301, 32450761, 1593196, 17989049, 20548198, 28853437, 423314208, 1500918, 22064631, 1142888, 315513, 169861, 25654019, 28209016, 3409260, 17648960, 1616705, 429450587, 22751132, 2419169, 2419193, 487375740, 28976438, 466122488, 1603025]"
2137830582,小号 最孤独的乐器,夜晚游荡在夜空中的，只有孤独的小号，明亮且坚毅！金属边框可以容纳世间无尽惆怅，丝滑线条可以柔顺万千悲伤！,"['轻音乐', '爵士', '夜晚', '爵士']","[1938268, 1383934, 22126201, 36303531, 16422599, 22454027, 1927389, 1927385, 22487210, 19774630, 24483273, 1142414, 22127754, 5022086, 5021903, 5021907, 5023094, 16422630, 18543664, 22454020, 412996, 1142999, 22126196, 19061636, 1143717, 1143714, 1143708, 1991477, 19061637, 1143267, 1142938]"
2786216271,⚘假日氛围⚘【Jazz＆Bar顶级酒吧爵士】,"阳光 白云
一对相貌不同的孪生兄弟
蔚蓝的天空装满遐想
埇道新铺 倚河蜿蜒
玉带一样飘在河堤傍
小船系着冬日的宁静
测量河流深处的冷暖
几只野鸭拨开波浪
没能划开河流滔滔的流水
零星的游人 寻寻觅觅
收集闲情
微凉的风 像一把梳子
把思绪梳理后 又带远
随行的影子 一言不发
隐藏的表情
阳光也没能照出来
斟一杯清茶
品一品书香
沐浴在温暖的阳光里
沉浸在优美的乐曲中
让心如此的淡雅而美丽
宁静而舒缓
在这恬静如斯的假日里
用心感受生活的温馨与甜美
幽雅与浪漫
不乱于心
不困于情
不畏将来
不念过去
------------------------------by Gondor-Modor----------------------------
本歌单精选各大爵士酒吧御用曲目。
“假日氛围”新系列歌单，首首精选，愿带给你不一样的假日氛围！
朋友！请给自己放个假吧！
------------------------------by Gondor-Modor----------------------------
","['欧美', '爵士', '酒吧', '爵士']","[32098630, 32098631, 32098632, 32098633, 32098634, 32098635, 32098636, 32098637, 32098638, 32098639, 32098640, 32098641, 32098642, 32098643, 32098644, 32098645, 32098646, 32098647, 1359266138, 1359266139, 1359266140, 1359266141, 1359264360, 1359266142, 1359264361, 1359264362, 1359266143, 1359266144, 1359264363, 1359264364, 1359264365, 1359264366, 1359264367]"
8724735189,爵士.享受独处的时光,非常好……,"['爵士', '夜晚', '工作', '爵士']","[21153462, 21582693, 2326368, 21182124, 16633401, 19519088, 1507246, 16611013, 537128661, 5178797, 513943017, 16759327, 1616667, 2273445, 20606268, 16370465, 1440149, 16873274, 16635823, 539705634, 18395871, 1623762, 1194728, 2299973, 4251207, 25679599, 495114561, 22091750, 22486343, 16458788, 18728883, 20783180, 1172877, 29202381, 1122659, 2693088, 1080068, 2011443, 1411975031, 1083140, 5119510, 21629819, 1472135, 26693393, 1330207800, 22580571, 1226853, 1413142680, 25885891, 5172028, 17994702, 3593857, 488528236, 565272290, 17987795, 5191146, 1820340204, 5224241, 3781876, 2034181, 5022372, 24230601, 3504961, 1793877, 5155815, 17287273, 1658977, 22581157, 2494007, 16635542, 17994695, 21537646, 1949133, 2299998, 5021774, 5187436, 2299959, 1506195, 2373334, 17416871, 1465574, 18576568, 2794053, 21388478, 16990159, 20777282, 27060411, 1882783, 17358496, 288843, 18208052, 19519078, 22457038, 1024195, 5201767, 1159565, 521731474, 5201768, 1649115, 19067191, 18808930, 26693391, 1383938, 21079084, 20602261, 5022369, 5201514, 1307049, 21336151, 5171905, 1620536, 16602744, 18901271, 16306677, 5096306, 16951255, 5210640, 1627556, 16458786, 22210176, 16338591, 27093095, 1326004850, 1501367, 1121943, 1156032, 16752186, 5191924, 5197167, 22467688, 18214772, 1966439, 2849697, 1880946, 1395813874, 22287083, 20574006, 1972696, 21693110, 1316636, 21398576, 2776951, 297477, 1251700, 21527161, 5201779, 26943156, 21152976, 5153671, 30375978, 17244528, 22211516, 27725413, 25436770, 28164561, 18055457, 22260982, 16654873, 17617636, 22222822, 1309553, 18931980, 22210177, 5023094, 1972706, 29578288, 5201782, 22452987, 18774561, 5150186, 1696925, 25714235, 21880295, 28164559, 22064634, 1348286, 29559551, 3747123, 1966446, 22418539, 16606094, 22563586, 18177058, 5193021, 17400902, 18592030, 432457258, 18312995, 29202382, 18214725, 1239546, 5321679, 20646003, 27695607, 1308472, 484628787, 1401390, 1413320, 5021760, 1385097828, 1227390, 18479232, 1156466, 16635637, 506068239, 19798448, 1658958, 1616836, 21398602, 22093983, 1083136, 1241002, 1949437, 21383783, 2035755, 18395909, 1106985, 1227396, 5021752, 21806136, 1882738, 22450505, 1098380, 1227381, 21335865, 21855832, 17226697, 16988249, 22575916, 1385097822, 21693105, 16872866, 1385098555, 21527114, 1385098557, 1616681, 21388629, 28661464, 21527111, 1616671, 3594026, 22423450, 21527116, 2792989, 1793484, 1080042, 1769676, 1307045, 2515670, 1383922, 21383873, 1658974, 2515666, 22539719, 5178805, 2515661, 1383916, 19519051, 19519057, 1618330, 19519065, 19519064, 22614333, 21335867, 1145846, 5022086, 1835745, 22083609, 22083604, 16872857, 21693366, 21398607, 21693372, 1941914, 2775139, 1142809, 1616779, 22126196, 22126201, 28145063]"
2012728344,柔情爵士 • 品味午夜浪漫情愫,此时的午夜略有些凉意，慵懒的蜷缩于沙发一角，耳边回旋悠然、缠绵的曲风充斥着整个房间，但总感觉有丝丝暖流极速升温，原来是温顺的爵士的魅力所在，不信？你来尝试一下！！,"['爵士', '欧美', '爵士']","[1826889, 488460972, 27588816, 27588804, 28163824, 21693113, 5188895, 2418263, 22457502, 27747152, 2313157, 16644119, 1089411, 17539283, 22578842, 5137882, 26359389, 5083768, 19027632, 20499708, 25275812, 3409264, 1871408, 5195259, 22064606, 26946462, 21335867, 18576568, 22552890, 22489132, 5129159, 1835745, 1241002, 22363680, 17648962, 17540496, 23747653, 2024940, 29481999, 2747241]"
8806723951,donggu晚间酒吧,雅俗共赏 松茸麻辣拌,"['爵士', 'R&B/Soul', '蓝调', '爵士']","[1865590577, 2088558691, 1227390, 1408825781, 21629819, 3313487, 545882, 1933435415, 1952657894, 1469043105, 33361570, 1982836326, 1080042, 1080899, 1461869755, 1495046234, 566035222, 18660303, 1445545567, 3781876, 1965420530, 1399110, 1658968, 5210640, 549908576, 549908579, 20951254, 20951253]"
3064515389,骚气十足的沙克斯,动感萨克斯给你带来不一样的感受。一样听到这个歌单的朋友也会喜欢。。,"['器乐', '蓝调', '爵士', '爵士']","[1444333414, 17548359, 28592620, 16628093, 16628094, 16628105, 18518370, 2041704492, 21851765, 1870144005, 17957473, 1399824294, 1979319958, 1975831340, 1593143, 27726334, 22206402, 1969749064, 17639344, 1446313002, 28283282, 16628132, 1715072, 27588824, 16628137, 16628095, 16628158, 16628136, 16628135, 31191139, 22552888, 16628139, 1798833, 17989055, 26556649, 22552891, 16628089, 16628141, 1335149386, 1815957, 26222286, 1089411, 18948279, 1332981367, 16644119, 16628166, 26222299, 5206178, 16644047, 2000169, 16628175, 5129159, 26242607, 1593175, 26566118, 5220969, 1593089, 16628142, 16628140, 2418289, 17639268, 1309876, 1837140, 17234751, 27588809, 22629299, 1304838266, 18210704, 22552886, 17539280, 22552892, 17639342, 1715077, 31370595, 1846183354, 1499668122, 1837137, 1602913, 423314207, 1846184024, 29202378, 2018547, 1602887, 17186165, 1715079, 16628133, 22578841, 1846184023, 22283818, 27588804, 1883698, 26531000, 1458375172, 1352873290, 29525317, 1458375174, 16628156, 19804690, 1798851, 1594845, 22268444, 19033369, 19506331, 16628138, 17548362, 862757915, 17526821, 1009762, 1090362, 22228278, 19762761, 1325490372, 18940303, 1293875666, 16628168, 27588800, 563079377, 27588791, 17639347, 29202381, 18543596, 1476756493, 436355912, 22552890, 17639287, 18026027, 1826838, 33020800, 1715075, 16457287, 18026104, 2418248, 29307597, 1439767696, 18940383, 456175743, 17947035, 22488194, 17539283, 18940538, 17539278, 27588816, 21589695, 18611254, 1518734, 22488332, 1614670, 32405168, 22586129, 19033327, 19033315, 27747152, 16644048, 16644072, 16644067, 17947009, 34999845, 1323272445, 17639329, 2100151, 29475453, 17336562, 1325341317, 413812611, 1325342330, 1325341318, 1325342329, 1614692, 504727556, 448917124, 1798749, 5201824, 2418263]"
16669496,Chuck Loeb 美国 出色的Jazz吉他手,"Chuck Loeb是一位出色的Jazz吉他手，年轻时的他曾在当时已是垂暮之年的SAX演奏家Stan Getz乐团演奏，从一开始自学成材、到后来师从酷派与融合吉他大师Jim Hall、再到深造于伯克利音乐学院，如此丰富的经历背景足以将推至当今现代爵士界屈指可数的先锋之列。

2014年06月07日创建","['爵士', '吉他', '器乐', '爵士']","[2316974, 2316752, 2316323, 17023500, 2316445, 2316459, 27598714, 2316324, 27598716, 17023477, 27598708, 2316322, 27598713, 2316970, 5184898, 27598717, 2316335, 27598711, 27598710, 2316342, 27598715, 5129158, 27598709, 2316513, 2316356, 2316529, 2316326, 2316325, 2316264, 2316332, 2316697, 2316930, 2316266, 2316978, 2317001, 27598712, 2316517, 2316329, 25337153, 2316511, 2316269, 2316372, 2316361, 2316363, 17023478, 17023479, 2316358, 2316433, 2316560, 2316348]"
496529207,四海兄弟：失落的天堂,黑手党1游戏音乐，又名四海兄弟，玩过的朋友肯定知道这是最经典的一代，2和3都没法比，游戏里的音乐比辐射电台更有味道。,"['爵士', '怀旧', '游戏', '爵士']","[22610976, 26858804, 22610970, 26703479, 27008145, 26770429, 22487987, 17400823, 1314143, 17391787, 22281279, 17400802, 1238415, 16610805, 17391828, 18995361, 27271934, 27459496, 27049262, 27114964]"
80839907,【轻音乐】悠悠深夜 小号绕耳,闭上眼睛好像 伦敦的浓雾把吹小号的人隐藏了起来 那种感觉真的很美。（黑管，萨克斯，小号）,"['轻音乐', '爵士', '器乐', '爵士']","[1021232, 1626339, 22283826, 17947009, 16644067, 18821829, 19059807, 1227996, 2313241, 1383916, 1158728, 27212489, 1156045, 1614695, 22457502, 18940301, 17539283, 22268444, 2428498, 17548364, 2313259, 22578842, 17539278, 1143304]"
6808153130,「 爵士钢琴 」浪漫柔顺爵士 丝般顺滑钢琴,"当爵士音乐遇上钢琴会产生什么样的浪漫物理反应？

KaiHing哥哥2021.6","['爵士', '浪漫', '轻音乐', '爵士']","[1323827350, 1815957, 1308454, 1394299, 1089411, 1307883, 1593089, 16628140, 1439544002, 31191139, 16759575, 18289428, 5027386, 1084115, 1466691753, 2299986, 21383873, 1090596, 1316636, 16628105, 29202381, 21527116, 526715416, 1593175, 1090317, 16628174, 1849650843, 16628089, 16628074, 17989055, 16628132, 1090362, 16628104, 1090295, 1090320, 16628166, 16628164, 16628136, 29043510, 2011462, 1394327, 27726334, 28592620, 16628139, 16628094, 16628141, 17829256, 1090607, 16628175, 16628091, 16628095, 16628158, 16628134, 16628093, 420482036, 1398726073, 27598898, 1084126, 1083136, 529823794, 4067210, 630621, 19519059, 18395816, 22210177, 449085025, 5155811, 1383916, 16628135, 488846, 22423450, 22539719, 22581157]"
21734710,从花样年华爱上纳京高,从花样年华爱上纳京高，最好听的爵士乐，没有之一。,"['欧美', '下午茶', '爵士', '爵士']","[1788767, 22346129, 1789105, 22215176, 1788779, 22378299, 1789315, 22211868, 1787819, 22214443, 21440782, 22496434, 26943148, 1788669, 1787866, 1789297, 1789118, 1789305, 1789734, 22477512, 22477517, 1788777, 1789301, 1788717, 21439718, 1789289, 22211582]"
8794341589,Bass 演奏超好聽！！！,單以貝斯手的思維選歌,"['爵士', '器乐', '世界音乐', '爵士']","[1458659244, 402531, 2832105, 549247199, 1290344, 28784044, 1491081570, 1314801384, 1926375303, 18178882, 16184799, 2099806, 2074182, 19071878, 18617396, 1459898922, 22665711, 26676469, 573164517, 532671, 16432180, 4059416, 1301533920, 568119265, 1391665669, 17760216, 17639670, 1970562, 35889902, 402514, 22368227, 27219269, 18616491, 18821822, 18361166, 1058800, 1058703, 21124650, 1739286, 1875092744]"
5154070697,Chick Corea教科书级作品全集,"# 2021年2月12日：大年初一听闻这个悲伤的消息，一时间不知道该说些什么……Chick对我的影响实在是太大了。我个人最喜欢两位爵士音乐家是Keith Jarrett和Chick Corea，若要两人相比，Chick的音乐大多是平和的、温暖的，精致内敛，像他本人一样谦逊友善，而不像KJ那样大笔一挥不拘小节。第一次听Chick是在夏天，就感觉他的音乐像夏日大杨树下的一阵阵清爽的风。
Chick是本人在网易云音乐收藏的第十位音乐家，他的专辑New Crystal Silence也恰好是本人收藏的第一百张专辑，算是很大的缘分了。记得在录像里看到，他在一次演奏会后竟在台上掏出自己的小相机，给台下欢呼的观众拍照——这大概就是最真实的Chick Corea吧！感谢Chick，为我们带来音乐，带来艺术，带来美好。永远怀念。
# 2020年8月8日：
第一次听Chick Corea是他与Gary Burton合奏的“Love Castle”，当时除了Gary Burton的技术之外并没有非常深刻的印象。但随后又听了两位合作的“Lyric Suite”，立刻被专辑中第一首“Overture”圈粉，因为当时正对现代风格的音乐有非常浓厚的兴趣，而本人也因为此曲正式成为Chick的粉丝。此后，又欣赏了Chick Corea的代表作“Spain”以及格莱美作品“Antidote”等一些拉丁爵士，同时也有了几首喜欢的Hiromi的作品（都带有很重的Chick风格，毕竟是其徒弟）。
不得不说，近三年来几乎没有任何音乐家像Chick Corea一样对本人的“音乐观”产生了如此重大而深刻的影响。一方面是促进了本人对现代音乐的了解与探索，以及对爵士风格认识上的拓宽；另一方面则是对个人的即兴演奏产生了很大影响，例如在风格和技术上都有明显改变与提高。
本歌单收录了至今为止Chick Corea几首对本人影响最大的作品，并非都是其代表作；而Hiromi的几首（对个人而言）同样有价值的作品因为VIP限制的缘故很遗憾地无法添加。歌单内作品对于学习现代爵士乐和了解Chick的风格大概会有些帮助，故命名为“Chick Corea教科书级作品全集”。","['爵士', '拉丁', '爵士']","[20541754, 26691889, 26691893, 20541477, 20541481, 20541483, 20541490, 1374598900, 1374602522, 1364326202, 1324489862, 1459311598, 1820044809, 1820045653, 1820044810, 1820045654, 1820044811, 1820044812, 28587129, 1394960316, 489587407, 26639111, 1156472, 1156476, 1156479, 1156483, 1156487, 1156513, 1156499, 28587133, 1085961, 28140643]"
30074546,Nina Simone美国歌手&作曲家&钢琴表演家,妮娜·西蒙（Nina Simone；1933年2月21日－2003年4月21日），是一位美国歌手、作曲家与钢琴表演家。虽然一般人认为她是一位优秀的爵士女伶、但妮娜不喜欢被这样归类。她的创作歌曲类型主要包括有蓝调、节奏蓝调和灵魂乐。她的演唱方式则以富有情感、带有气息的变化音。,"['欧美', '流行', '爵士', '爵士']","[1648637, 3164915, 21355925, 3165841, 3167685, 5112741, 3164644, 3165903, 3167734, 25087814, 3164917, 3164993, 27139809, 24986175, 3165467, 3167594, 5042282, 5180230, 5137705, 5048866, 3167809, 27597013, 3167812, 21353062, 1487578, 3165660, 21357269, 1834863, 27833857, 28547410, 26841831, 21355557, 3165641, 21353056, 3167031, 21355385, 3165835, 27597020, 3167688, 21356399, 5171908, 3167691, 3165830, 3167591, 21355341, 3167781, 25455477, 27597023, 21357071]"
2004285348,一个爵士门外汉的初步探索,我是一个爵士门外汉，这个歌单实在朋友的催促下，需要帮他做一个可以随机播放的作业歌单，希望你喜欢，希望大家喜欢。还是听的蛮表面的，但是都是好东西，没得说的好东西。,"['爵士', '学习', '工作', '爵士']","[22126201, 466815, 1251691, 5191196, 1963477, 1618433, 488867, 402239324, 1080891, 525358555, 2033925, 2034185, 2034181, 492353794, 2082338, 524290507, 5034490, 27039928, 5034821, 5034817, 1811525, 26818205, 26818201, 26818191, 5034766, 5034765, 5034763, 2536000, 1812439, 1811908, 1947935, 1174128, 2034590, 2034594, 22451575, 5021774, 1097326, 1620689, 1832170, 413740662, 22481490, 1006255, 1832237, 1832265, 512331874, 1401390, 2551988, 1886796, 1886802, 1886784, 1162034, 20574006, 1949437, 21182124, 566501002, 862415584, 21383773, 1175977, 1845761, 3593183, 3593607, 3322829, 5035594, 26933614, 2011697, 1506214, 561610145, 3593587, 2011443, 21383784, 489669922, 2493646, 562542382, 552692498, 1413344, 4145493, 21383768, 1618339, 1618330, 472764419, 19519052, 1111694, 566400174, 561472390, 3504953, 1838048, 565573341, 402305355, 1896175, 5351158, 1526790, 408499039, 540883490, 540847888, 16873123, 16873120, 16872859, 16872857, 1118547, 1118525, 1118631, 402528360, 1880946, 1849516, 1849885, 1849893, 561342954, 402239327, 21150797, 560189526, 21398544, 21398548, 402239323, 2709453, 1966561, 2034597, 517826093, 3956352, 3956349, 3956415, 21104151, 1175995, 1176001, 1175983, 26668258, 26668252, 16425727, 16425728, 16425729, 16425730, 518172266, 1620189, 1620411, 1620404, 1620408, 1005483, 1005386, 1005403, 1005395, 1005036, 1383916, 22576223, 21398059, 18208005, 1665676, 18727853, 22093958, 22091746, 22091748, 22091754, 1308154, 1308159, 1308164, 1308170, 1308177, 1308181, 1308186, 1308196, 1308202, 1308210, 1308215, 1308190, 17259067, 17259068, 17259069, 17259070, 17259071, 17259072, 17259073, 17259074, 523397939, 523397940, 523397941, 523397942, 523397943, 523397944, 523397945, 523397946, 523397947, 1398963, 18238355, 18576638, 21398550, 1153763, 1153787, 1153798, 1153779, 510546553, 21398576, 21398577, 21398578, 21398580, 21398581, 21398582, 21398583, 21398584, 21398586, 21398585, 21398579, 2792872, 21335863, 21335864, 21335865, 21335866, 21335867, 22457470, 22457471, 22457472, 22457473, 22457474, 22457475, 1027378, 1027371, 1440146, 18156405, 1965705, 1118713, 1118720, 1118723, 1118727, 1118731, 1118733, 1118737, 1118740, 1164282, 1164284, 1164287, 1164290, 1164294, 27266890, 27266903, 27266902, 27266893, 27266899, 27266892, 27266896, 27266898, 27266897, 27266901, 27266888, 27266889, 27266891, 22457031, 22457032, 22457033, 22457034, 22457035, 22457036, 22457037, 22091752, 22091743, 22091744, 22091750, 18727806, 18727807, 18727808, 18727809, 18723647, 18723648, 18723649, 18723650, 18723651, 21127011, 21382006, 17731273, 5214932, 1227381, 1227383, 1227384, 1227385, 1227390, 1227393, 1227396, 18728885, 16989221, 1108126, 1108130, 1108134, 1108139, 1108144, 1108150, 1108156, 1251695, 1251697, 1251700, 1251702, 1251706, 1251709, 1251712, 1251715, 1251717, 1251719, 1251721, 1251723, 1849950, 1849954, 1849957, 1849959, 1849961, 1849967, 20606451, 1156464, 1156466, 1156468, 1156470, 1156474, 1156478, 1156482, 1156486, 1963473, 1963479, 1963482, 1963486, 1963488, 1963492, 1963497, 1963502, 1963507, 1963511, 1963515, 1963519, 1486204, 1731047, 1731049, 1731051, 1731053, 1731055, 1731059, 1731057, 21127012, 21127013, 21127014, 21127015, 19685760, 19685761, 19685762, 19685763, 19685764, 19685765, 19685766, 19685767, 19685768, 19685769, 19685770, 19685771, 22457055, 22457056, 22457057, 22457058, 22457059, 22457060, 22457061, 22457062, 22457063, 1880560, 1880565, 1880570, 1880574, 1880578, 1880582, 1880585, 1880590, 2535729, 16331788, 16331789, 16331790, 16331791, 16331792, 16331793, 16331794, 16331795, 16331796, 21382005, 21382007, 21382008, 21382009, 21382010, 21382011, 1534146, 1534155, 1534158, 1534160, 2440861, 2440868, 21510141, 21510142, 21510143, 21510144, 21510145, 21510146, 18728879, 18728880, 18728881, 18728882, 18728883, 18728884, 18728886]"
27467231,爵士女伶：感受绝望中的奢华,一直找不到合适的词来形容爵士乐给我的感受，今天在网上看到一句话，大概就是这种感觉：悠长，给人一种从绝望中带来的奢华感受。,"['欧美', '爵士', '安静', '爵士']","[3030462, 2124111, 18212777, 2326374, 16475089, 19766919, 21223720, 22263542, 26324176, 3155137, 3030932, 3004099, 19132394, 3851991, 19038287, 17416887, 2400908, 3556240, 18776962, 3202968, 21224238]"
7747547531,电影杯酒人生，爵士倾心夜未眠,"浪漫人生绯红夜晚，微醺低语乐色缭绕。
彼此37°2 的体热弥散在空中，我仍还礼如绅士，你依旧笑若优雅。

一切恰好……

1-2.情定巴黎
3.水形物语
4.情定巴黎
5-6.蒙娜丽莎的微笑
7-8.偷听女人心
9-11.一日钟情
12.我最好朋友的婚礼
13.卡罗尔
14.花样年华
15.卡罗尔
16.花样年华
17-18.廊桥遗梦
19.成长教育
20.银翼杀手
21.成长教育
22.银翼杀手2049
23.成长教育
24.银翼杀手2049
25.成长教育
26.午夜巴黎
27.蓝调女王
28.西雅图夜未眠
29.逍遥法外
30.西雅图夜未眠
31.了不起的麦瑟尔夫人3
32.机器人瓦力
33.了不起的麦瑟尔夫人1
34.2046
35.了不起的麦瑟尔夫人1
36.天生一对
37.了不起的麦瑟尔夫人3
38.逍遥法外
39.飞行家
40.倾城佳话","['影视原声', '爵士', '夜晚', '爵士']","[27267002, 27263000, 521731469, 27267003, 5051058, 5051057, 5053711, 5053708, 5056671, 5056677, 5056680, 5056382, 36947821, 4878287, 36947834, 4878289, 5057601, 5057604, 5040889, 21994013, 5040904, 509781617, 5040900, 509781605, 5040908, 1938277, 32196073, 5058187, 1485981, 5058188, 1418530668, 2005760, 1323972533, 1944450, 1323973075, 5055675, 1418530675, 1485936, 5049456, 405384604]"
