7475870099,温柔治愈系｜网易云最好听的热门歌曲,"记得在这杂乱的生活里，每天带点笑意。

喜欢歌单的可以收藏关注不迷路，好听到可以单曲循环鸭，歌单持续更新中~","['流行', '网络歌曲', '华语', '网络歌曲']","[1397345903, 1922233862, 1895330088, 1842728629, 2086653265, 1398283847, 2078700726, 2083785152, 2057528557, 2049512697, 2019573476, 1974443814, 255574, 2021343439, 2046829307, 421486605, 865632948, 1951069525, 34723470, 2026224214, 2025533834, 1982285682, 1997438791, 2021434589, 566436427, 1950343972, 2021379728, 1999552137, 1984475097, 1403318151, 2026565329, 475479888, 2018432856, 25642952, 208891, 488249475, 422104138, 2016107679, 571340283, 1919307819, 2026812798, 2016442586, 34179904, 306877, 30612793, 1807799505, 1916325649, 1482867143, 1456890009, 2014305541, 1901371647, 2006204662, 2016646617, 2009519825, 1472480890, 2008202858, 29850683, 1922888354, 27671269, 28232019, 1336990251, 1453957944, 1918576268, 478303470, 2013097125, 1367452194, 1988532821, 1891431677, 344418, 1968791360, 1887139866, 1983456716, 411214279, 1982626678, 1837557715, 1349964388, 1434309927, 2022068879, 1959667345, 31877470, 1966162185, 1985656866, 2003368185, 1979417838, 1987986734, 1989423797, 1947775642, 254285, 436346833, 2023318834, 1975753397, 2022920245, 2025822726, 1482925175, 1979073915, 1994253656, 29999635, 1979731860, 1991770936, 1430304352, 1975290447, 1969822728, 1968781675, 1972018590, 2004693576, 1966155051, 1965889913, 1968508691, 1965555401, 1968053454, 1968662854, 1859178955, 1958031074, 1963074428, 1964443044, 1959668190, 1963344815, 327090, 1963064332, 1961262000, 1960868406, 2008083594, 1961735531, 1456443773, 1998664800, 1934251776, 1954420092, 1824045033, 1474411443, 1440570723, 1907766514, 1978977926, 1940943649, 1937050851, 31654343, 2008250793, 2006747976, 1936526131, 1928857203, 1336205537, 1443143188, 1954081622, 35403523, 109734, 1953435812, 1936330988, 1388185175, 1368371706, 1949119429, 1944798036, 1925452719, 1951992945, 1950825587, 1949978576, 1844449888, 1938019501, 1941900429, 1939898238, 1948572170, 1846653916, 1949052976, 1942366869, 1947948874, 1948478077, 1903386314, 618325, 1326773330, 1369073414, 1434429128, 1400259397, 1423241987, 1450083773, 1396208034, 481632977, 519136840, 1393637090, 1342362053, 1383972145, 1346629509, 1303019276, 573581511, 108983, 1336789981, 1811408619, 1371046568, 1492584510, 1433413470, 1818082272, 1827600686, 1463741292, 1846273697, 1809763233, 1855400181, 1496828617, 1819970423, 1871923040, 1838763739]"
8866361695,0.8x真诚的一面留给你你不珍惜我也认,制作不易，喜欢的点个收藏吧。非常感谢！,"['华语', '流行', '网络歌曲', '网络歌曲']","[1958405457, 1959548380, 2003022911, 1989487495, 1981326725, 2013115988, 1831812357, 2029366323, 2019351846, 1945417412, 1968429904, 1972445487, 1937372851, 1983501304, 1985073471, 1955028561, 1928069067, 1955613321, 1946143324, 1897819833, 1948007389, 1936250153, 1899521702, 1956810237, 1960185159, 1953274089, 2012423819, 1944006695, 1998135910, 1972428765, 1991881561, 1954332229, 1955423798, 1958508078, 1939685534, 1957492947, 1946234096, 1993835768, 1831467365, 1970338296, 1956171974, 1947548156, 1971651539, 1959303514, 1926274487, 1959225989, 1951559963, 1930605629, 1960300439, 1958119516, 1958856851, 1939409274, 1955039633, 1953028750, 1957883626, 1955223133, 1986771025, 1957560926, 1937212415, 1959234814, 1958121913, 1925262041, 1954023987, 1956161771, 2014783735, 2000758713]"
8822482638,学会“发疯”后，我的精神状态好多了！,在这疯狂的世界里，每个人都需要一点疯狂的勇气。,"['欧美', '网络歌曲', '流行', '网络歌曲']","[28190432, 29460006, 30431816, 21253966, 410846246, 28756834, 34383216, 2036894489, 19292984, 30953009, 1835514122, 1401302505, 509728806, 401249910, 565841054, 16593589, 26060065, 38771760, 440208476, 1420972635, 1848206679, 431610014, 1493306865, 27759600, 1824927085, 442869469, 460043703, 1424400870, 441120471, 463197560, 2067841349, 28160720, 445153832, 29722263, 3986017, 569214321, 1407895557]"
3138459757,中文DJ·咕咚版·弹鼓版·烟嗓版(Remix),"全网最火歌集
喜欢就赶紧点赞收藏吧！","['流行', '网络歌曲', '网络歌曲']","[2101159712, 2098097247, 1950650706, 2058465281, 2052092037, 1963443599, 29418062, 2070261075, 1977421269, 2015041882, 1883953393, 1827008860, 1816838227, 1892377726, 1922159206, 1925356695, 1480350899, 1922422741, 1908380274, 1852742951, 1836116900, 1459482755, 1432714324, 1311375260, 1499694938, 1829058874, 1454893957, 1397709180, 1399998658, 1836108197, 1825412571, 1829246777, 1471064193, 1817762859, 1868982482, 1831487487, 1845703002, 1840743456, 1862829091, 1868380897, 1401909362, 1370162678, 1389040586, 1839173964, 1835421501, 1810372486, 1816040535, 1472085520, 1807550736, 1496362981, 1396953496, 1401696931, 1831783579, 1401275077, 1434050399, 1443845605, 1396923493, 1412897599, 1386639837, 1415446152, 1425463866, 1399837877, 1418852960, 1349973367, 1396923495, 1296444459, 1396140594, 1338440150, 1386946548, 1351655672, 1423449376, 1399112663, 1399112265, 1424018194, 1421256637, 442518666, 1408243958, 490416045, 452804088, 1397680000, 1357587673, 1391902971, 1390804534, 1312836830, 1401707904, 1397513510, 1391509011, 1302953359, 1403501534, 1385408332, 1377530437, 1373881558, 1401707672, 1399706232, 1384327184, 1424258741, 1413156651, 1413331370, 1411994881, 1423934094, 1420711446, 1410635261, 1398622352, 1392761849, 1422198596, 1411716755, 1413142968, 1407959424, 1413085131, 1412001283, 1411773482, 1403267911, 1401232417, 1411993832, 1408724896, 1398856738, 1405855002, 1401465300, 1423923708, 1407795459, 1411777481, 1413085322, 1401465132, 1412492694, 1400229854, 1413089031, 1412174820, 1412209948, 1424216468, 1399869580, 1420014119, 1387418447, 1397513503, 1396953463, 1403505185, 1397708318, 1375512782, 1394009806, 1415446154, 1399837875, 1390276870, 1409136775, 1409137437, 1392155368, 1397288794, 1401710635, 1398452463, 1403501539, 1384327187, 1384543943, 1396953490, 1399156635, 1367241874, 1394183507, 1397132439, 1394049887, 452804061, 1397307932, 1396564812, 1396568331, 1396568330, 1396568329, 1312645501, 1388840656, 1366783273, 1373881554, 1388839670, 1399697984, 1403528670, 1401905446, 1390098093, 1388120320, 1398516518, 1388400536, 1353164835, 1394137429, 556151499, 1304882747, 1300381892, 1354262595, 1354262596, 1300381894, 1373881557, 1396568322, 1395794363, 1355933819, 1386946645, 1391281655, 1336187644, 1354265494, 1350516921, 1387305614, 1331853311, 1369285767, 1335247915, 41657331, 1341960210, 1364800274, 1354488639, 1354488634, 1382572506, 1352633849, 1386946642, 1315236328, 1361270584, 1362214259, 1365099265, 1360903001, 1378302536, 1367465035, 1364693084, 1368327788, 1368327803, 437753357, 1380294757, 1388799869, 1356109539, 1354491563, 1354491543, 1386946643, 1386946636, 1386946638, 1386946637, 1334279702, 1363967918, 1365263126, 1373689600, 1361239157, 1358987884, 1361931861, 1361272564, 547973485, 452601561, 1368001359, 1361535707, 1341845810, 1376385872, 1372369851, 1370933067, 1360714051, 1322892548, 1339722660, 1366743899, 1338422465, 1361962028, 1358949905, 1359156134, 1365401148, 1357280207, 1365183538, 1357856085, 1361945033, 1346076939, 1349964242, 1350172755, 1333385585, 1362207081, 1346083474, 1341072803, 1346086279, 1357850497, 1360662387, 1350172758, 1338417471, 1360662345, 1346086280, 1358109619, 1340954211, 1359156114, 1346083475, 1346080701, 1346085395, 1346083453, 1338419578, 1348359579, 1359376448, 1340141283, 1352120193, 1365976945, 1341233501, 1348232957, 1367854268, 1341232948, 1353919225, 1367834763, 1358852937, 1341229830, 1338425102, 1305365937, 1337303472, 1321385518, 574908526, 1355304797, 1337654037, 451376072, 1300423166, 1355751902, 521504751, 26590100, 27853594, 1363470586, 1356095618, 1365373758, 1360662268, 1340228561, 1336823678, 442853045, 1336526393, 1357991506, 1355757409, 1323395755, 1362053132, 1376776705, 1357713850, 1323399430, 1353460540, 1354514913, 1373474114, 1350517771, 1353163846, 1300632922, 410181044, 551540514, 1300553452, 865907026, 34183138, 1354265498, 1341074565, 1335106326, 1353039973, 1306735870, 452814335, 452601445, 1353385804, 1355095007, 1355315664, 1365047101, 1377137593, 1367845260, 1353041357, 1317790694, 1336187650, 1369614753, 1333693792, 1335256229, 1353164797, 1371056767, 1353163848, 562727012, 34381892, 1356160559, 1348359967, 1335230397, 35032223, 451521140, 1334717234, 41602785, 404460979, 1363433965, 1363434928, 532154248, 446177556, 538628834, 1367280230, 1305367918, 1339299138, 1315187049, 574928856, 574928855, 1335856086, 1351621003, 1340992499, 1351627510, 1353910466, 493134896, 1305365938, 1347243775, 865040126, 479498674, 1321392522, 1321382569, 1338418658, 1338227269, 1333381866, 1339736974, 1310416243, 1336522638, 560822302, 1341740059, 1313417008, 520208520, 1348939564, 1351620974, 1321661860, 864002111, 468270904, 865040129, 1296550835, 1355113145, 1339117299, 1357280208, 1319261208, 865040130, 544434182, 1357278354, 1365401062, 1317678881, 432464011, 1318487480, 1353745355, 1340992485, 1353288660, 1360714068, 1353163840, 1349973366, 464992736, 487590670, 487590669, 487587667, 487587666, 487587665, 487587664, 487587662, 487587661, 488422842, 476700402, 35032663, 452608381, 29809419, 474502590, 452577615, 529247945, 35476383, 409655006, 452986725, 467800027, 487590667, 428391759, 467595976, 491968242, 460862660, 471250091, 451703193, 428391760, 1315961674, 1339589352, 1365378273, 1317410168, 1317420084, 1317457081, 1317145405, 1317457079, 1359803846, 1359803845, 1361354804, 1359803839, 1357588539, 1359803848, 1357587672, 1361353588, 569145096, 574928857, 1355280265, 1298376316, 1310412434, 1313426060, 1325634817, 1348003687, 1315177466, 544836294, 1340128424, 1332577084, 469410278, 1316884028, 1335230437, 36897083, 472137142, 1320666836, 493328675, 1305366659, 533790168, 533785925, 522746218, 533788125, 533790022, 533325401, 1343239778, 445845230, 546035454, 533325319, 532157121, 41500234, 1312932836, 1359156131, 1352248336, 1308256434, 1300632929, 1332398606, 29793230, 487587545, 1304716261, 459068807, 522746804, 427017685, 1305367653, 544274399, 532572369, 550860002, 451701103, 532156099, 1306908061, 1313725541, 1314510530, 1334717237, 1303992425, 1319889589, 1318284520, 1310413720, 1310413658, 1315064029]"
8201068572,0.8x遗憾吗 那么喜欢连张合照都没有,逢人就炫耀的玫瑰 枯萎的时候你该怎么收场,"['网络歌曲', '伤感', '流行', '网络歌曲']","[1971708235, 2031796212, 2097818637, 2073180552, 2100898803, 2039295463, 1957560926, 1442120421, 1993912412, 1497779613, 2055864684, 1454479718, 2095226748, 1447197941, 1955039633, 1964744004, 1956171974, 1993525055, 1941362417, 1994057212, 1964744491, 1450396701, 1955029675, 1969823206, 1944802405, 1969841316, 1979321380, 1969841968, 1931410909, 1986771025, 1873518697, 1953028750, 1873577252, 1958745079, 1439219762, 1969510653, 1445767376, 1998135910, 1969841315, 2003022911, 1846272603, 1980273066, 1412744709, 1993517689, 1958231796, 1969823070, 1972008463, 1972642758, 1991801101, 1955013738, 1984889268, 2000730159, 1969373959, 1955464015, 2008919588, 1970973216, 1966412388, 1925500681, 1961174794, 1970542508, 1973368875, 1961228149, 1949463058, 1961006625, 1958119516, 1971489848, 1917852233, 1957017424, 1955258776, 1972428765, 1912329439, 1968270354, 1969524000, 1944123716, 1938862336, 1959234814, 1810144446, 1883542688, 1950552127, 1899521702, 1919976605, 1941618317, 1911140418, 1939408662, 1944611253, 1943328838, 1947033103, 1963213163, 1945417412, 1940376172, 1924074750, 1958405457, 1831096790, 1918286448, 1920658259, 1945368775, 1933983971, 1952204995, 1916463494, 1927475268, 1926873649, 1946186307, 1935484288, 1927049160, 1946713378, 1938664126, 1929710352, 1926869434, 1952233909, 1922888354, 1933594385, 1406174734, 1938150848, 1939685534, 2012783434, 2005190306, 1964133312, 1831796094, 1924995800, 30212221, 1852308700, 2010122559, 1329938686, 1873516487, 1492958826, 1827600686, 1998675562, 208891, 1965781512, 2011985375, 1971164906, 2010282539, 1999965110, 1356511474, 1943523171, 1999552137, 2009200086, 1998285264, 1998285296, 1916925096, 1356658022, 26613394, 5308003, 1873575452, 1451041833, 2005274411, 2009639207, 2001985835, 1980516207, 1956755577, 1955376499, 1939859775, 1959668318, 1939524845, 1930107573, 1948083890, 1931045567, 1980018757, 409931573, 1426075426, 1963515356, 2000215290, 1455720660, 1961032642, 1391902971, 1330348068, 518682659, 1821539057, 1398452463, 2026812798, 1970269602]"
8803581121,『DJ』当感受不到爱意时 记得全身而退,制作不易，喜欢的点个收藏吧。非常感谢！,"['华语', '流行', '网络歌曲', '网络歌曲']","[1988069031, 1834268297, 2058465281, 2081283289, 2080485246, 1825970981, 1807550736, 2025091391, 1437339583, 2076482499, 1977421269, 2066628581, 2003336381, 1982532741, 1881759872, 1968077344, 2072378677, 1843149600, 1808475040, 1824271286, 2056811636, 1854553480, 2027757465, 1826987938, 1893308058, 1948145102, 1831419729, 1498342267, 1831400693, 1976293057, 1925112269, 1808475168, 1931647542, 1967827482, 1823331300, 1481657185, 1823015837, 1846139438, 1960308037, 1963443599, 2031712789, 1830754383, 1856728513, 1451156346, 1312932836, 1939141411, 2015499286, 1836117209, 1487524051, 1397135224, 1451699240, 1807339743, 1808475152, 1499114481, 1805543348, 1807538562, 1498623045, 2065251261, 1817762859, 1899679162, 1388137359, 1927192521, 445845230, 1397021895, 2061973298, 1816838227, 1826992895, 1929093477, 1892377726, 1931519386, 1475636622, 1830729724, 1449559688, 1877060483, 1974992370, 2014010275, 1933614856, 1471064193, 1377530437, 1922663366, 1843604250]"
5211727510,大家都爱听的歌「Daptiman」,"流行歌手「凯赛尔·阿卜杜克热木」
姓名：「凯赛尔·阿卜杜克热木」
艺名：Kaysar Abdukerim
出生地 :新疆岳普湖县
生日：1997年12月10日
他的最新歌曲「Dap Timan」","['华语', '流行', '网络歌曲', '网络歌曲']","[2104503510, 2102761715, 2078392788, 2095395544, 1961499952, 2095058066, 2080882645, 2097090253, 2055377832, 2088917741, 2093997262, 2097512821, 2085048779, 2097155812, 2013535385, 2075194871, 2021424727, 2085245785, 2030056373, 2062260883, 2034657715, 2065681651, 2066537702, 2042398329, 2084053068, 2057068155, 2062495743, 1986027692, 1965336074, 2078669525, 2070423325, 2075292345, 2075715529, 2067231437, 2073939667, 2068313743, 2061952638, 2034600265, 2013994248, 2056382852, 2033722453, 1892350920, 2056853877, 2060631565, 2050499250, 1999573593, 2040599517, 2045830618, 2047454135, 2037155484, 2037148762, 2040008221, 2061302602, 2030296585, 2013110613, 2037131879, 1970959754, 2010911263, 2031210059, 1897015956, 2020445969, 1958705464, 1995718774, 1995478449, 1987834515, 1993858398, 1495896649, 1869002857, 1497616202, 1470498698]"
7430534215,全网100%最好听的流行歌曲推荐（更新快）,什么是永远？有生之年就是永远。分手不是一定坏事，只是证明那个人不是你的地久天长。在时间线上，是有一个人在等你，时间到了，就会相遇。,"['华语', '流行', '网络歌曲', '网络歌曲']","[2071935674, 2090313245, 2105038739, 2100329027, 2103368325, 2102664448, 2098784510, 2093250080, 2046562941, 1838919030, 2033453716, 2078700726, 1471761548, 1867517094, 1824045033, 1417849873, 2048584480, 1403318151, 865632948, 475479888, 1974443814, 208891, 1807799505, 1827600686, 1368754688, 1922888354, 1908049566, 1456890009, 1410647903, 1891431677, 1951069525, 1959667345, 30612793, 441491828, 1330348068, 1851652156, 1907766514, 1927693793, 1934251776, 1948572170, 1299550532, 1441758494, 1901371647, 1472480890, 1966162185, 1859245776, 1497588709, 1873049720, 1867217766, 36024442, 1895330088, 1970396862, 1929370102, 465921195, 1918576268, 1372188635, 1492584510, 1440570723, 1842728629, 2006448864, 1979417838, 1968791360, 2005574298, 1387581250, 1413585838, 1983464993, 1463165983, 28403111, 1808492017, 1894094482, 1359356908, 36024806, 1924343459, 1891469546, 1397345903, 1413863166, 1903876057, 1482867143, 2008726921, 1887139866, 1983456716, 1947948874, 1417862046, 31654343, 1811921555, 1401671455, 1975589384, 1443838552, 1930608504, 436346833, 1877996649, 1430303185, 65800, 1294951288, 2002753297, 1947208581, 569213220, 1994863874, 1426112587, 1413142894, 1975753397, 1359818052, 1958031074, 29850683, 2012390001, 1988532821, 1365898499, 1907978608, 1363205817, 1925452719, 1844449888, 1805088448, 1371780785, 1459935719, 29774171, 496370620, 569200213, 27671269, 1403215687, 1896178370, 502043537, 1500569811, 1959528822, 1381755293, 28059417, 1924072773, 553755659, 26127565, 1968781675, 1973046704, 1336205537, 1363948882, 1943043408, 208902, 1436709403, 1430583016, 1992338319, 518682659, 2000381011, 417859631, 442869203, 1406649619, 1993067247, 1964443044, 1979313985, 523250334, 28232019, 2009519825, 1293886117, 167827, 1899705498, 1456659704, 1886371886, 1809100933, 1988564487, 1846489646, 208958, 421486605, 1399112638, 1838505400, 2010567820, 35678875, 1336990251, 1432968475, 1383023894, 1495058484, 518686034, 1985027951, 306877, 1297802566, 2010622364, 1808078153, 1331819951, 1374329431, 1479526505, 1948478077, 1849998058, 1813864802, 1357399743, 1361988914, 1985656866, 1336856864, 1845651956, 2100624065, 1445761206, 1828999221, 1887917182, 488249475]"
7582441950,网易云精选100%最好听的歌曲推荐,当你了解爱情，你也就了解人生。千帆过 尽，始终留在心里的，只有那张熟悉的脸和那一抹牵 动你的微笑。他是你千年修行却偏偏跨不过去的那道 坎儿。终于你明白，这就是爱情。这一生，总有一个 人，老是跟你过不去，你却很想跟他过下去。,"['华语', '流行', '网络歌曲', '网络歌曲']","[2071935674, 1459261754, 1398283847, 1417849873, 2103368325, 2103368322, 2090313245, 2062623445, 2100329027, 2021373243, 1974443814, 1482867143, 2026224214, 1403318151, 1951069525, 2022196813, 1950343972, 1979417838, 475479888, 1997438791, 1984758339, 865632948, 1922888354, 2019573476, 2025533834, 1456890009, 488249475, 1827600686, 1984475097, 1368754688, 1410647903, 2031085185, 2016688503, 2018432856, 441491828, 1371780785, 2021379728, 1330348068, 1948572170, 1851652156, 1303027499, 2035276101, 1975753397, 1824045033, 1970396862, 1923184888, 1927693793, 1435828582, 1497588709, 1907766514, 1934251776, 1966162185, 208891, 436346833, 1441758494, 1968791360, 1929370102, 1873049720, 30612793, 1867217766, 2021434589, 1492584510, 1895330088, 1895164923, 1395222212, 1859245776, 1968781675, 1387581250, 447926067, 480579393, 1463165983, 1372188635, 1359356908, 2026812798, 1992695240, 1924343459, 1918576268, 1873321491, 25642952, 1947948874, 566436427, 26387325, 1413585838, 1808492017, 2006448864, 2024035483, 1891431677, 1901371647, 2009519825, 1397345903, 569213220, 1887917182, 1294951288, 1958031074, 1896178370, 502043537, 1877996649, 2030766928, 1988532821, 1969320038, 2024654768, 1459232593, 1999552137, 422104138, 1959528822, 1908049566, 1887139866, 1975589384, 1988564487, 28403111, 1929363849, 571340283, 36024806, 247936, 1426112587, 1363948882, 1477144603, 2032795866, 27591236, 2031084942, 1443838552, 1891469546, 1947208581, 1973046704, 2021849994, 1365898499, 1417862046, 29850683, 1363205817, 1809100933, 2005574298, 1930608504, 65800, 1961990685, 1381755293, 496370620, 1430583016, 1994863874, 2018733994, 1819970423, 1992338319, 35678875, 518682659, 1844449888, 31654343, 421486605, 1430303185, 1359818052, 1913874332, 1299550532, 1982285682, 1436709403, 36024442, 1943043408, 1413142894, 1919226883, 1899705498, 1979274315, 2000381011, 109125, 1391891631, 1436081452, 208902, 285321, 1896178201, 1903991886, 1956766760, 1895440226, 1880556817, 1951925907, 1907820140, 1882420127, 1824025894, 569200213, 1896102097, 1842728629, 28285910, 1413863166, 1336856864, 28059417, 1811921555, 1807799505, 442869203, 1894094482, 1849998058, 1841002409, 1406649619, 1331819951, 553755659, 471385043, 465921195, 1293886117]"
8813186034,回头看轻舟已过万重山,不知道从什么时候开始我好像变了变得敏感爱哭自私 从乐观到悲观深夜里流不完的眼泪无数个睡不着的夜晚说不出口的不开心这段时间是我最难熬的日子很多事情压得我喘不过气 我也不知道自己怎么了大概就是太压抑没办法调整好自己的负面情绪就是会突然难过头一滴眼泪就下来了我不知道该如何我以为我可以毫不在意但是每当回忆汹涌的时候我泛红双眼和无奈的叹息我知道我骗不了自己我不断安慰自己说没关系我可以熬过但是每当深夜的时候那些回忆像刀刺袭来我还是忘不了 我已经没有精力去描述我的不开心了,"['网络歌曲', '网络歌曲']","[1391891631, 1398283847, 1359356908, 1406649619, 1482867143, 1434309927, 519250023, 31654343, 28606605, 2089223876, 1993580513, 1397345903, 2054365065, 1459261754, 1842728629, 2063864551, 1926623288, 1406083061, 2018733994, 2080177728, 2024035483, 2025186889]"
8852878487,一条断过的绳子，无论怎么系它都有个结,这一路风太大了吹得满眼都是泪吹得都支离破碎说实话很累.,"['网络歌曲', '网络歌曲']","[2000215094, 2014848926, 1948727698, 1991424691, 2043766782, 2012172879, 1999584982, 2000179232, 1999900790, 1857154355, 1970358292, 2018554844, 1986709123, 1940891618, 1991355669, 1945206951, 1993675694, 1958476500, 2001370746, 1994776969, 1945240969, 2001639829, 1911363424, 1938363322, 1991880491, 1939849187, 1988345864, 1938167451]"
8594661500,听土潮DJ做幸福女人,不怕新歌有多嗨 就怕老歌带DJ,"['流行', '网络歌曲', '怀旧', '网络歌曲']","[1929093477, 2010344872, 2070261075, 2050215361, 2074450520, 1831400693, 1977421269, 2035560317, 1931647542, 1943195333, 1498522590, 2008377036, 1956574553, 1929711615, 1498623045, 2063337049, 1487524051, 1403501539, 2050391222, 1807550736, 1989103160, 1931519386, 1499114481, 1826987938, 1953683478, 1805543348, 1988347728, 1927192521, 2064904338, 2052092037, 445845230, 1498342267, 1388137359, 2021088244, 1984840132, 2045102849, 1856542244, 1816889973, 2056811636, 1963443599, 1306908061, 1808475168, 1479523848, 1437339583, 1827002161, 2076482499, 1831476765, 1947112904, 2066628581, 2002356268, 2025091391, 2077877616, 2053960799, 1881759872, 1398516523, 1369285767, 1968077344, 2059769097, 1982523817, 1401710635, 1454959067, 1999552137, 1925112269, 1877060483, 1471064193, 1397307932, 1977402721, 1922663366, 1454224158, 1883577809, 1939721553, 1927476546, 1868380897, 1812239209, 1854553480, 1377530437, 1867155226, 1930863429, 2040030925, 1808466535, 1396953496, 1391281663, 1892377726, 1396953490, 1817762859, 1904128480, 1426666131, 1893308058, 1398452466, 1831409174, 1412212796, 1843149600, 1836117209, 1394176753, 2015499286, 1930058155]"
8719746675,0.8x又何必去改变 已错过的时间,制作不易，喜欢的点个收藏吧。非常感谢！,"['华语', '流行', '网络歌曲', '网络歌曲']","[1958856851, 1961454402, 2019351846, 1998135910, 1953654112, 1985073471, 1970659836, 1961032753, 1972445487, 1957049381, 1995792135, 1970338296, 1951559963, 1991881561, 1994859362, 1985116629, 1997030865, 1965781512, 1990116104, 2005880062, 1989998730, 2007931953, 2002443991, 2009711495, 2002993828, 1998285264, 1991801101, 2007906407, 2007167465, 2005068219, 1970324585, 2005190306, 1997538938, 1999863011, 1994566059, 1984264060, 1933464308, 1939409228, 1967795750, 1990782378, 1999349019, 1995697621, 1997537372, 1989950673, 1986312126, 1927934815, 1931410909, 1990405288, 1955286780, 1968270354, 1959666804, 1958934349, 1958231796, 1954223039, 1971546578, 1959373304, 1971490891, 1996221510, 1961006625, 1956171974, 1959217061, 1955039633, 1943193084, 1956168505, 1927766834, 1972437641, 1996330567, 1957492947, 1930605629, 1936592444, 1955204537, 1992451752, 1980295875, 1960170435, 1960351004, 1919597705, 1973960636, 1958119516, 1961246658, 1946234096, 1970539602, 1952086849, 1960622986, 1961174794, 1966212898, 1988516557, 1985687752, 1970791407, 1971651762, 1974237707, 1970973216, 1964807919, 1982658883, 1961161592, 1929532353, 1959225989, 1955029675, 1930678485, 1963213974, 1962438244, 1972428765, 1955013738, 1944041561, 1959152626, 1945417412, 1948007389, 1925204424, 1953274089, 1958121913, 1919009414, 1948514479, 1997182605, 1989487495]"
8621811543,0.8x到底又兜兜转转了多少年,窗外已放晴我的爱怎么停,"['流行', '伤感', '网络歌曲', '网络歌曲']","[2047310395, 2091883532, 1960642479, 2013793954, 1952923251, 1974220757, 1939613343, 1844957527, 1971490891, 1958745079, 1965912077, 1944802405, 1955681767, 2016323659, 2047104095, 2042594225, 1972008463, 1973058747, 2019351846, 1972418609, 1866823337, 1947137792, 488249475, 1960672246, 2034650097, 1981325867, 1441758494, 1963213163, 1942845694, 1959207292, 1806067778, 1431915849, 1473930349, 1952870374, 1956168505, 1925574040, 1951559963, 2014337815, 2023954033, 1980295875, 1970539602, 1990143903, 1979417838, 1426122177, 1831459551, 462769331, 1429363574, 1865236572, 1466004426, 1906301231, 1425665256, 1422676034, 1435644870, 1386386788, 1496049783, 1427049829, 1810633837, 1889033419, 1831805166, 1395222212, 1461676491, 1448504335, 1379083033, 1475208672, 1446072173, 1429975302, 1334761781, 1486086007, 1471426105, 1349100900, 1821062772, 1429271155, 1425896353, 1481619814, 1476879471, 1804728691, 1433795646, 1430723979, 1440597489, 1495496315, 565200659, 1424647603, 1451682680, 1430444978, 1429781378, 1338022514, 1426361558, 1459436775, 1426557520, 1457801270, 1429757874, 496370620, 1363972365, 1426733632, 1426068852, 1431880021, 1441080789, 1454687317, 1369383684, 1436999573, 1431866741, 1458364102, 1472723985, 1434631084, 1426959223, 1422719929, 1387051024, 1429787141, 1912417370, 2020290667, 1467479613, 1985072824, 1991881561, 1958231796, 2005880062, 1990086349, 1957344271, 1931410909, 1971444527, 1992077880, 2003022911, 1940404104, 2055267198, 1983501304, 1973472589, 1998135910, 2006625752, 1986516450, 2012783434, 2011340913, 1969787759, 1987210747, 1974228177, 1945206951, 1972925444, 1934725804, 1972445487, 1986771025, 1955223133, 1963213974, 1919760427, 1469815710, 1947444886, 1959217061, 1917557979, 2000820134, 1444828955, 1972437641, 1986709123, 1970429579, 1432968475, 1912904041, 1945107544, 1870088518, 1948708162, 1919259483, 1956171974, 1988370717, 1969651986, 2001687595, 1968429904, 1956838188, 1989868461, 1947117305, 1996655139, 1989487495, 1958856851, 1973864157, 1963306203, 1971784753, 1939685534, 1972642758, 1994555017, 1960300439, 1957256470, 1979311146, 530986063, 1995504053, 1973864158, 1982658883, 1993517689, 1959303514, 1970579780, 1953025186, 1958121913, 1885692920, 1940891618, 1981326725, 1930605629, 1868174069, 1955650897, 1984889268, 1987313041, 1952233909, 1970324585, 1955555280, 1952086849, 1961454402, 1961161592, 1955423798, 1960718057, 1973694058, 1971651762, 1971686120, 1939633377, 1941362417, 1830701667, 1925560390, 1959190717, 1955013738, 1984317096, 1949491431, 1957492947, 1952766387, 1938580175, 1961228459, 1979318019, 1960170435, 1927766834, 1958934349, 1958405367, 1971085904, 1952287413, 1971516226, 1966212898, 1954332229, 1970560572, 1960622986, 1907462482, 1955286780, 1831815559, 1966463160, 1970938048, 1955393983, 1971942782, 1945067141, 1970659836, 1969524000, 1971546578, 1957883626, 1955039633, 1947780316, 1961642944, 1947640422, 1971355922, 1953274089, 1956256056, 1959234887, 1961161601, 1937212415, 1959234814, 1951182806, 1951513346, 1925500681, 1970973216, 1955028561, 1939563264, 1948007389, 1956161771, 1958119516, 1929754910, 1936835241, 1947548156, 1962438244, 1955029675, 1959152626, 1953318319, 1436575829, 1935408820, 1948727698, 1946234096, 1465975035, 1959028063, 1961174794, 1958405457, 1958755556, 1945240969, 1949423188, 1949856389, 1834297339, 518682659, 1953028750, 1829057624, 1938862336, 1940344113, 1363168477, 1357839856, 1814835226, 1957211405, 1938061026, 1358455058, 1954223039, 1945417412, 1955651142, 553702717, 1937372851, 494858498, 1932198958, 1940359218, 1954924353, 1926873649, 1941531320, 1917342027, 1920658259, 1906747339, 1941265858, 1951133032, 1933594385, 1938876903, 1938781596, 1922473501, 1918286448, 1924631060, 1929404753, 1906898140, 1924016897, 1869137418, 1924096488, 1928690235, 1927189273, 1923167380, 1927748002, 1927475268, 1384482575, 1913400567, 1922111443, 1925100678, 1925697561, 1456341437, 1912440979, 1916463494, 1918285793, 1893625703, 1910473542, 1916814435, 1910183601, 1908016056, 1916982993]"
7571668034,2023好听到单曲循环的歌哦,"我没有很好，你不嫌弃就好。你不用多好,我喜欢就好，因为白日梦的尽头是你，从此我的天光大亮,你是我全部的渴望与梦想！","['华语', '流行', '网络歌曲', '网络歌曲']","[2100329027, 2071935674, 1838919030, 421423808, 1403318151, 2033453716, 865632948, 2042335185, 2046562941, 2041974276, 385781, 1482867143, 1827600686, 422104138, 475479888, 1807799505, 488249475, 1922888354, 1974443814, 1368754688, 1456890009, 2006448864, 1410647903, 1891431677, 441491828, 1907766514, 1824045033, 208891, 1851652156, 1959667345, 1330348068, 1934251776, 30612793, 1923184888, 1441758494, 1867517094, 1948572170, 1472480890, 1927693793, 1497588709, 1890026027, 1859245776, 1908049566, 36024442, 1336856864, 1970396862, 1887917182, 1895330088, 1966162185, 1867217766, 1918576268, 1929370102, 1492584510, 1842728629, 465921195, 1413585838, 1303027499, 1983464993, 1873049720, 1927389937, 1463165983, 29412405, 1930608504, 1359356908, 1372188635, 2005574298, 2002753297, 1808492017, 1968791360, 1387581250, 1924343459, 1983456716, 1903876057, 1417862046, 1299550532, 1459232593, 28403111, 1979417838, 1397345903, 1430303185, 1891469546, 1877996649, 65800, 1947948874, 1443838552, 1887139866, 1294951288, 1894094482, 1994863874, 1413863166, 36024806, 436346833, 569213220, 1811921555, 1413142894, 31654343, 2009588238, 1363205817, 1426112587, 569200213, 1947208581, 1975753397, 1365898499, 29850683, 1975589384, 27671269, 1403215687, 2000381011, 1907978608, 496370620, 1371780785, 1958031074, 1925452719, 1805088448, 553755659, 502043537, 1363948882, 1943043408, 28232019, 442869203, 1381755293, 26127565, 1436709403, 1430583016, 208902, 1500569811, 29774171, 1406649619, 1988532821, 1359818052, 1293886117, 518682659, 523250334, 1359382613, 1979313985, 2008726921, 1331819951, 1899705498, 28059417, 1959528822, 417859631, 1924072773, 1809100933, 1964443044, 1896178370, 1968781675, 501133800, 1974976237, 518686034, 1973046704, 1308782023, 1992338319, 1459935719, 1304347114, 1838505400, 2004349292, 1988564487, 1846489646, 306877, 1395222212, 65766, 1948478077, 1495058484, 1813864802, 1886371886, 208958, 167827, 28285910, 1985027951, 1987986734, 1971912772, 1357399743, 1927402478, 1391891631, 1423241987, 1336990251, 1985656866, 1940943649, 1482925175, 1432968475]"
8516495520,0.8x 悬溺一响 白月光登场.,你说你没钱 我说哄我开心只需要一瓶青梅绿茶.,"['流行', '网络歌曲', '伤感', '网络歌曲']","[2055864684, 1959303514, 1952086849, 1966212898, 1946234096, 1984317096, 1957560926, 1968429904, 1983501304, 1986771025, 1958119516, 1954223039, 1963213974, 1958745079, 1986129639, 1958231796, 2014959061, 1971490891, 1955039633, 1987313041, 1961032753, 1955286780, 1931410909, 1958405457, 1955223133, 1962023567, 1990744019, 1958856851, 1960170435, 1925574040, 1941265858, 1959190717, 1453957944, 1954924353, 1961006625, 1971708235, 1956171974, 1955393983, 1957883626, 2007985520, 1948708162, 1938862336, 1934381272, 1951559963, 1951105519, 1956168505, 1947700974, 1954957116, 1934353849, 1930605629, 1951182806, 1406175700, 1952870374, 1952350857, 1952285354, 1952233909, 1951960912, 1930200326, 1939633377, 1939966331, 1901628234, 1937212415, 1949949331, 1946063168, 1899521702, 1923189506, 1935408820, 1428290622, 1897710831, 1934203423, 1917852233, 1923178574, 1419592364, 1919597705, 1406174734, 1919695702, 1932310602, 1924817966, 1927963832, 1930557421, 1930248912, 1928900468, 1926873649, 1929983764, 1944123716, 1925262041, 1954153854, 1962438244, 1925560390, 1927934815, 1926259611, 1917342027, 1952923251, 1936250153, 1945417412, 1933594385, 1948007389, 1953274089, 1939409228, 1949423188, 1958121913, 1959152626, 1958772544, 1958683761, 1957492947, 1958137565, 191316, 1397345903]"
6731890756,【流行歌单】那些你熟悉的流行旋律,"此歌单精选那些你熟悉的流行旋律，
持续更新，感谢收藏。","['流行', '网络歌曲', '网络歌曲']","[2091889335, 2099338525, 2091890191, 2097530727, 2091673107, 2093242207, 2048851630, 28403111, 274686, 526464145, 65533, 407435011, 1357825630, 202373, 482988834, 126946, 522510615, 28563317, 133998, 541687281, 27646409, 1346093140, 27713963, 306662, 167975, 34497630, 118261, 25718007, 86360, 287035, 28285912, 476659144, 224000, 36587407, 1386259535]"
8891330526,你不珍惜我就算了 我又不是每个明天都在,你一幅从不缺我的样子 让我怎么敢说好想你 所以我也时常告诉自己 一个人走也没关系,"['伤感', '网络歌曲', '网络歌曲']","[523008515, 5235487, 31654343, 1926660829, 1842728629, 2009552690, 1927402478, 2029895485, 2005078579, 1807564809, 553310243, 2029889380, 1478395344, 1371780785, 519250023, 1959303514, 420513158, 1407424789, 515453836, 2012192778, 2101914065, 1474414194, 1406083061, 440796885, 2077878666, 1454670699, 1844449888, 34586275, 33556500, 26524352, 1317410061, 27591236, 2019573476, 2053420961, 1413585838, 1440148562, 1905004937, 1329771977, 2097818637, 1398283847, 2066654616, 28403111, 445154140, 1926623288, 2024035483, 1895330088, 2095862824, 1937110718, 1397345903, 2098168950, 2080485246, 1958121913, 2087803856, 1357374736, 1914727873, 2018733994, 1501447963, 1949975568, 26387325, 1482867143, 1426304544]"
8700032619,不是老弟你有啥实力啊,不是哥们你有啥实力啊道歉还是户籍,"['伤感', '网络歌曲', '流行', '网络歌曲']","[2099673527, 1964744004, 2031796212, 1441081104, 1443956922, 2073842233, 2071716126, 2082561145, 2065635496, 2079229378, 2065658796, 2082496474, 2081289885, 2070998439, 2047115971, 2067064891, 17075871, 2060631330, 2073044002, 2072699896, 2078183575, 2075486245, 2044685016, 2065308391, 2067521134, 2072621706, 2070707851, 2056811636, 2018968690, 2056568531, 2074416120, 2043301431, 2071568846, 3950957, 2067641410, 2050978115, 2068046334, 2071178785, 2050215361, 2069555855, 2061299384, 1807165607, 2038224899, 2006798985, 2066628581, 2064299140, 1967098909, 2062929528, 2066298028, 2066347387, 1992005924, 2067064890, 2058897456, 2049051011, 2015789002, 2002223261, 1952833200, 2038935289, 1993080984, 1857154355, 1954432560, 2032308116, 2031698276, 2029596910, 2021374018, 1934095328, 1972499204, 1879369143, 1808595159, 1997107124, 1857278688, 1964828179, 1961313614, 2075259329, 2068762643, 2062211975, 2066465473, 2063609611, 2067102103, 2043411570, 2047795601, 2042397885, 2043603498, 2049029417, 2071079349, 2062929520, 1899425530, 2019302186, 2047180836, 2013160139, 2018289061, 2004450895, 2069683506, 1979429453, 1971126706, 2040551284, 2062929307, 2042022900, 1914852458, 1977560645, 2050047648, 2012750912, 1932394804, 1806183952, 1937981747, 2008728241, 2022644119, 2037369990, 2001866058, 1911713079, 2023314288, 2033472762, 2000660864, 1996830185, 2032030148, 1848802862, 2012751050, 1883965911, 1960395847, 2009172285, 2011458409, 2017844248, 2037779623, 2034843472, 2024109979, 2004453626, 2043296908, 1894884040, 1915372894, 1888304014, 1930480128, 1937786145, 1869031258, 1987023757, 2031679054, 2000738824, 1830736613, 2024999251, 1892409985, 2006161489, 1982666893, 1451645136, 484447473, 2019671219, 2028571351, 2017766771, 2039781793, 1947536448, 2019071841, 1874121853, 1959471872, 1994777343, 1927984149, 1901458286, 2028570618, 2054875295, 2066870821, 2052147145, 2052735591, 2073689388, 1986506340, 1925716137, 1927911597, 2074726603, 2068420887, 2077866097, 2042320203, 2063805236, 2038006657, 2064349054, 2076626471, 2077297868, 2076410626, 2063805235, 2077327560, 2077333085, 2077106293, 2031684961, 2077043358, 2077055384, 2077516052, 2063806189, 2063805233, 2066698589, 2063806183, 1932636521, 2063806186, 1939319936, 2063805240, 2063312068, 2063806190, 2062071012, 2073841204, 2041465207, 2063805238, 2075984408, 2064359565, 2072672452, 2073971948, 2070254173, 2063806187, 2063806188, 2077816600, 2032376525, 2075580479, 2063805234, 2019179880, 2071717769, 2064065291, 2036791477, 2033684575, 2027640152, 2064361202, 2064054361, 2033555990, 2063805232, 2020250905, 2063805237, 2075412876, 2060340597, 2065906566, 2072672438, 2074840921, 2068534929, 1805129965, 2067487526, 1994439832, 2048626628, 2057590289, 2055176977, 2059715891, 2054912985, 2037861921, 2053412957, 2013844769, 1916849337, 1937506314, 2009484310, 2060939196, 2064231394, 1928800691, 1887308039, 2031625009, 2009224084, 2037149574, 2001551708, 1929585215, 1993675690, 1852665097, 2076647527, 2056954810, 1916944532, 2004584150, 3950909, 2027173949, 2016500441, 2075908288, 1473594797, 1866286455, 2077280756, 1895871919, 1973046999]"
7270336034,魚okkay,不是okk本人，本歌单为魚总本人的20 21 22的年度歌单，以及部分他本人喜欢歌曲，视频剪辑音乐包含在内，含有部分眉笔视频bgm。 已将同歌手歌曲分类，如有缺失欢迎告知,"['流行', '网络歌曲', '另类/独立', '网络歌曲']","[1818986211, 401723020, 1350627267, 518894020, 2050130459, 545709667, 33004493, 1859185996, 2048100107, 571340494, 2013880610, 473092110, 442867526, 2007579924, 1436213013, 479219481, 26428032, 442853877, 1872223336, 1323404671, 485347162, 28151022, 2034453872, 2020156414, 1806940158, 1804858849, 4891624, 1931534556, 1942594014, 1404709475, 1490441160, 400876134, 1481691178, 1090226, 1906944992, 2036149619, 2029086426, 1307366033, 1971694384, 1813159156, 1335142709, 1996223617, 518895000, 1842902461, 1951144886, 2021011650, 2002613703, 1405997323, 1408726229, 2010594172, 2009140189, 1986143657, 1460561648, 1966350414, 1814242092, 1411805721, 1956099418, 1921425826, 1982088035, 1469857115, 1393412184, 1459888395, 2005492039, 1398802958, 1447311477, 1895693222, 1902622232, 1312062094, 1847597373, 1300146415, 1496696304, 1422652903, 1921567560, 1389178050, 464009811, 1300415554, 1810458453, 458238834, 1351777399, 1468976345, 1494458999, 1839057598, 1897264171, 1422688653, 534065392, 1366570351, 1374306027, 1300159382, 1843739629, 1955355321, 1859914409, 2034655263, 1448267017, 1851841614, 2005132250, 1846424840, 1900990547, 36841427, 1955843820, 1915515642, 1952330086, 464035143, 1892632507, 1979382551, 450048316, 1335791778, 1301573957, 1928397447, 1294889050, 447280697, 1424694614, 1447227746, 1430230745, 1416570773, 1393412185, 1368133142, 1422212905, 1484185267, 1818986904, 1489027287, 1465423250, 1490085294, 1818986212, 1407789513, 1833266798, 1891543670, 1958557540, 1984537511, 1875935559, 2027095411, 1492262669, 1440145785, 2001549784, 1343458281, 1348568675, 1428835774, 465920154, 1996476772, 1485043699, 1446642047, 33504036, 464035388, 1448467933, 28861550, 526081104, 1500313869, 2007149625, 526464968, 480583469, 543798169, 1424400870, 1444959590, 466343453, 466343434, 574926589, 1967349880, 461544611, 1909926053, 1338971842, 1971052186, 1981814890, 1909927735, 1930182691, 1401922364, 1412001145, 1396551519, 1307980965, 2001314407, 1894224843, 1911156467, 1832494658, 1308778228, 464509002, 426194893, 1406427925, 1491536067, 1477698309, 1411899517, 1831730828, 1337981483, 573581511, 528270637, 1423950678, 494642794, 1931537228, 1489257442, 1303019276, 1839400100, 1378191814, 1378192821, 1433431606, 1489257440, 1480280185, 1487478840, 2019574134, 1325350636, 518904648, 511332133, 1377501157, 1853461703, 1968354846, 1925341533, 1331798997, 1853486365, 1835514122, 1859245776, 1334329149, 1391251513, 1373835581, 1435437779, 1378845685, 1377007045, 3956956, 1395957825]"
3126948376,玩游戏专属BGM,"逝者为凯
屠魔的少年终究成魔
重活最后的魔 成为了救世主
大河之剑天上来 天生我才必有用
未来蕴含于历史
这里有我 并且不只有我
列阵在东 青龙听令 来看谁变化莫测
避邪恶 调阴阳 无人可见 无人能敌
I‘m a凌晨 3点
看不见的海滩上 不如叫我神经漫游者
志向如手中长枪 凌驾于这个世界
纵行山河万里 肆意九州五岳
哈哈哈哈 茫茫大路中唯我独仙绝
十步杀一人 千里不留行
守卫吾土之战 本将军义不容辞
峡谷只能有一条大龙
勇者之士 胜于生死
七进七出 为你而战
全军 突击
我就是 太阳","['游戏', '网络歌曲', '网络歌曲']","[2088758588, 1805317558, 1897255962, 1376075781, 1820478232, 28497099, 1850183891, 1831812154, 1450417093, 1396488606, 1842466528, 1834547609, 1313044099, 1416761424, 534228257, 1437031748, 1331996746, 1362520854, 1468356038, 1392030602, 458238609, 1812410205, 32807378, 1461579206, 572763271, 415792900, 487375361, 1426733801, 1476476326, 32046918, 416011673, 29307044, 1293953446, 1322200239, 33692120, 531040135, 1361137858, 36307046, 1386973153, 1435317766, 1426247184, 1426246314, 471565537, 1427796911, 519367069, 1442859784, 541364972, 1429449520, 1433917333, 1440592517, 1418006406, 446154202, 500410102, 21311956, 454129387, 1333186383, 29722263, 504265014, 1392535555, 1324159296, 1387387040, 1387591255, 1327781623, 455502171, 1998319, 410801523, 29802097, 447076661, 526103431, 509531677, 538043236, 563745734, 574143552, 436147662, 1334199204, 1336569076, 32431822, 1313214480, 431357226, 1378013914, 1368914543, 1385788521, 1334059163, 1390612059, 1394707620, 407002069, 28560087, 1397117780, 1297498908, 41630480, 409931573, 400161903, 29819578, 456185219, 21406203, 27976075, 1298604198, 405599648, 556751820, 1330033780, 30064175, 32019002, 32358691, 30051135, 31010566, 29537955, 26824344, 409830457, 552145020, 21792987, 439076364, 418602088, 407889615, 543987451, 435004245, 33522511, 1397021895, 544231642, 27959259, 4038411, 29561077, 1410185402, 29307038, 19542337, 28949226, 30474763, 403711364, 29910080, 437909145, 29307041, 26569168, 456185577, 432780721, 33471594, 527824482, 26199445, 27639209, 16483438, 1314777725, 427542143, 1314780641, 1360028990, 31789011, 1398915375, 1390276870, 1363205817, 435307908, 28830410, 27542857, 29553031, 31654660, 1399706341, 28593175, 478419032, 523030143, 28923579, 29407990, 1368324900, 31460407, 506196018, 1345651572, 21406133, 5067896, 34766078, 34613621, 28283079, 17867241, 438981332, 534539245, 1399368360, 447281375]"
7571516518,好听到循环的热歌歌单（持更）,"听到喜欢的音乐一定要马上收藏，

不要以为下次还会听到，

错过却不曾想再也没有听到过。

数百首年轻人最爱的宝藏热歌","['华语', '流行', '网络歌曲', '网络歌曲']","[1456890009, 1397345903, 1885516529, 2049512697, 2041974276, 1951069525, 1974443814, 2026224214, 1997438791, 1403318151, 1959667345, 1824045033, 475479888, 488249475, 1811752787, 1868206873, 1934251776, 1865932584, 1922888354, 1859339684, 1435828582, 1896178370, 489770143, 413829859, 1351343058, 573968818, 1453086724, 1804879213, 481535277, 1382830142, 1874923151, 419375250, 1962283134, 1382592811, 1472223960, 1455666742, 1834076023, 1945262840, 1881412326, 1482129232, 1872392337, 1434295491, 400162317, 1482494784, 1452568619, 1853884220, 1844449889, 1821804825, 1350693202, 1459935719, 1377574956, 29850685, 1840181860, 1868708210, 1850795807, 1460706496, 1922629850, 1830686080, 1806634682, 522943592, 1382765705, 1395844833, 1498342159, 1444836263, 1458994212, 29572989, 1851048378, 486188245, 1868203466, 461080452, 1462410538, 1901891000, 1391259797, 1432156509, 1844448537, 1845960319, 1859899032, 5253801, 1470086356, 1386461950, 516728102, 1372747057, 1401746334, 1491868594, 1423241987, 1899450446, 1367394991, 1451826202, 1886416632, 1404754395, 1833634254, 863489767, 1443997393, 1811126280, 239682, 1468785000, 1492584510, 424262531, 1894094482, 522510615, 1860567964, 441491828, 1381305582, 1825938421, 1500569811, 1872695454, 512376326, 479598964, 1887139866, 1303289043, 1448700194, 1477539203, 1345823867, 1856978623, 1299326404, 1497799734, 1899079967, 1817702136, 1822712479]"
8233277328,听伤感DJ做气质女人,爱到最后还是要分离,"['流行', '伤感', '网络歌曲', '网络歌曲']","[2052092037, 1836117209, 1964744004, 2066628581, 2031796212, 2027557355, 2073180552, 1369285767, 1450396701, 2025091391, 1497779613, 1929093477, 1994057212, 2064458728, 2039295463, 1953652867, 1971162294, 2068681152, 1445767376, 1369577002, 1442120421, 1480361161, 1965785818, 2067877624, 1969841316, 1984353021, 1439219762, 1437339583, 1412744709, 1956613573, 1454479718, 1988103179, 1971164906, 1889789408, 2015499286, 1965781512, 1843149600, 1969823206, 1856728513, 1834268297, 1875745470, 1830735966, 1969841968, 1818113470, 1969841315, 1892377726, 1447197941, 1436761191, 1993525055, 1816838227, 1846272603, 1810934723, 1467240495, 1436270608, 1442536285, 1407813608, 1873577252, 2003336383, 1873518697, 1471064193, 1458220433, 1399837875, 1432582566, 1436760626, 1403501539, 1855221458, 2003336381, 1395794363, 1437859922, 1435659788, 1411994881, 1410635261, 1393918196, 1397513503, 1453614559, 1397307932, 1392986529, 1386946548, 531051662, 1388799869, 1323508056, 1386946637, 1449116720, 1397288794, 2007335651, 1959485001, 2071832557, 2005499054, 2023808044, 1492958826, 2015088131, 2024686028, 1969823070, 1947137792, 2012284243, 1997210743, 1939205592, 1831810728, 1923526347, 1998167918, 2016245945, 1970286287, 2023334454, 2022902772, 1938304218, 2004150067, 1948191368, 2004702988, 1959104263, 1987540440, 2005501847, 1987540322, 2004406070, 2004523412, 2010357876, 2010585663, 1967794018, 1933183544, 2010808590, 1991968414, 2011692839, 2010810139, 2008727236, 2011341595, 2010615011, 1972258254, 2002993880, 2011340927, 2011410149, 2012264256, 2006616624, 2011692628, 1877030262, 2012211422, 2012906769, 2012939899, 2011166893, 2010809709, 2012179465, 2003353843, 2011688311, 1988149790, 1990033997, 1971651762, 2000524495, 2009398322, 2002265219, 2004949227, 1991801101, 2001640001, 2001261425, 2000215094, 1906623868, 1986601691, 2000774523, 1996048684, 1981895459, 2002989979, 1999309856, 2003608919, 2001370750, 2002778435, 1966136857, 2002785669, 2002763694, 1998285264, 1966632601, 1953869753, 1482867143, 1999333924, 2002993828, 2003413749, 2002747569, 1963344815, 1927693793, 1806634682, 1454670699, 2023954033, 2013115988, 2018000544, 1932769322, 1919226883, 1827600686, 1842728629, 1303464858, 479979029, 1926623288, 2018733994, 1936399142, 1958429133, 1406083061, 1908049566, 2009519825, 1400259397, 1994863874, 1307463441, 1919891734, 385554, 1496828617, 1454723856, 1949830467, 28606605, 1374673362, 1361988914, 1453114049, 422104138, 26387325, 407435011, 420401511, 424496769, 2001583051, 208891, 306877, 420513158, 1359382613, 86837, 108242, 1430303185, 1974221156, 502043537, 41462017, 31654343, 247936, 1299550532, 169185, 1976024112, 1981613290, 438204707, 440207933, 30612793, 27731339, 1441758494, 1928403150, 1923167380, 26117675, 108914, 1403318151, 28949444, 1410647903, 1432968475, 1407551413, 86943, 108931, 29814898, 29848657, 574921549, 486194136, 1383410698, 316686, 1981325716, 27678655, 1985413175, 27808044, 25727803, 208958, 1928277609, 1943328838, 1954200620, 1888678162, 1486536477, 1812769100, 565194929, 1983501304, 1971490891, 1939409274, 1955286780, 1984067509, 1955039633, 1928069067, 1956171974, 1963306618, 1986771025, 1958121870, 1958119516, 1953028750, 1970790415, 1994076616, 1956852473, 1954153854, 1952287413, 1959207180, 1979311146, 1947444886, 1927661891, 1956724806, 1961161601, 1961174794, 1960449627, 1958405448, 1937212415, 1933594385, 1957492947, 1958023246, 1959152626, 1958934349, 1966212898, 1958457423, 1936835241, 1952233909, 1947780316, 1909326368, 1953274089, 1961006625, 1955423798, 1964807919, 1955462801, 1948007389, 28427775, 1931045567, 1982146878, 1985932715, 542001126, 1922450412, 1811133274, 1862639819, 1879469323, 1972485313, 1484052332, 1826998697, 1942080198, 1941348337, 1969651986, 1951931326, 1952853116, 1406201955, 1861101583, 1961078444, 29412405, 1959159970, 1959152256, 1969599864, 1929995196, 1807799505, 1960170435, 1927491783, 1842488843, 1372188635, 526081111, 1945396493, 1952507399, 1915390978, 1973368875, 1972204929, 1977110037, 1975055663, 1970542250, 1975746563, 501133800, 1963213974, 1927920446, 1938178116, 1938363322, 1939859775, 1940376172, 1890756154, 1803693056, 1948727698, 1943592909, 29850683, 1334248867, 1940449610, 1402622369, 1811300525, 1932080748, 1874250920, 1939474420, 1862376820, 1926704265, 1925100678, 1922111443, 1831812154, 1957433536, 29774171, 1955836685, 1958405457, 1434306486, 1948618035, 1945242146, 1951954238, 1941082551, 561452914, 5308003, 1491893431, 1924956472, 1958521708, 482386133, 306665, 1893483243, 1401075289, 1949454980, 1892343290, 1909791729, 1909563226, 1805995849, 36921285, 1960593644, 1925500681, 1495246850, 1955651142, 566295511, 1332942637, 1878429485, 1949642119, 1869137418, 1873818977, 1957256470, 488249475, 1903876057, 1952923251, 1906526922, 1927390024, 1920334353, 1950026681, 1907462482, 1920658259, 1917636990, 1917852233, 1873321491, 1954223039, 1922888354, 1917137875, 1928979160, 1944518589, 472219715, 1927395566, 1946585503, 1952674283, 1851652156, 38771760, 208902, 440353653, 1467464223, 1943907994, 1940344113, 1940706048, 1943091251, 1943679393, 1944409043, 28029458, 1947134859, 1829061727, 1943957535, 1933810345, 1934702489, 1936472022, 1936551517, 1898133040, 1421191920, 441491828, 1407712490, 1304347114, 1830225972, 1494752189, 467945187, 1356658022, 1910122452, 534542525, 1930300917, 1913770604, 1818615845, 1467438073, 25639007, 548885986, 1396498946, 481535731, 1895330088, 1907766514, 1859245776, 26305547, 1357399743, 1387581250, 1458355077, 1442226468, 1875893672, 1293913379, 1354504985, 1357839856, 1917336306, 1459935719, 1831768247, 1481009666, 1451245780, 1341503728, 1393382771, 1331996637, 5052228, 458231428, 1306507078, 1493625215, 29357490, 1883542688, 1906969288, 425100742, 1988150002, 2003918508, 1829058639, 2010122559, 1831467365, 1986484124, 1946803091, 1940627883, 1971870157, 2014337815, 2016584107, 2009552690, 1936551046, 1996245821, 1947640422, 1949491431, 2014364606, 2006635953, 1997182605, 2003022911, 1993835768, 1957883626, 1959225989, 1956161771, 1971368209, 1952766387, 1987313041, 1984264060, 1981325867, 1972127876, 1972418609, 1984889268, 1970539602, 1955555280, 1971355922, 1956256056, 1994566059, 1993517689, 1968270354, 1974220757, 1988751758, 1966463160, 1989729777, 1980295875, 1982658883, 1951843000, 1953670901, 1961161592, 1957344271, 1970973216, 1971074475, 1979318019, 1986310384, 1948237753, 1955464015, 1986551585, 1957560926, 1959028063, 1970659836, 1959303514, 1958121913, 1958745079, 1941362417, 1949423188]"
818235801,【华语】～QQ音乐三巨头,曾经有那么一些爱好音乐的人，在网络时代他们利用别人玩QQ和网络游戏的时间做着自己喜欢的音乐，追求着他们的梦想，而有那么一段时间他们却被统一称为非主流……,"['流行', '华语', '网络歌曲', '网络歌曲']","[165361, 27646687, 411214279, 167876, 167937, 174944, 26609879, 167827, 165380, 26353161, 167885, 167888, 26609877, 26609878, 167844, 174962, 34040693, 1297742771, 167882, 28854182, 465677131, 5255987, 167903, 448144319, 34125026, 167691, 28606605, 418603441, 167705, 167841, 27927850, 167786, 167712, 167715, 167894, 28952258, 1327456179, 167709, 167879, 404182479, 167717, 167720, 541511359, 165375, 428095913, 415792563, 165367, 503020174, 165405, 521415426, 165345, 454924995, 530995091, 28680028, 400875065, 167727, 34532020, 28724346, 165348, 165358, 498555901, 28724363, 28724353, 515796160, 439121070, 27890394, 174956, 518863916, 516320210, 174966, 174964, 26600766, 29822690, 27890397, 494858414, 29822691, 415792310, 28971278, 27566713, 37239951, 28643278, 417250755, 165347, 32897777, 165370, 26600601, 27890395, 473740829, 167679, 174952, 412902950, 487379429, 165372, 28802028, 165383, 165346, 165377, 165373, 25918133, 167873, 165344, 174961, 165384, 464674975, 174947, 167860, 404783797, 165364, 29755139, 26609875, 34852171, 174941, 423228350, 29822695, 167850, 174967, 174951, 28953350, 165355, 27890396, 26600621, 28773451, 174969, 174968, 26599867, 165376, 27566711, 167655, 174934, 165340, 165379, 165339, 426852063, 165381, 34040695, 482386133, 165382, 165342, 167744, 167732, 402073807, 167870, 27646697, 174959, 29122400, 165350, 165374]"
6970160184,温柔系列:治愈声线专属合集,听着悲伤的歌，流着痛心的泪，还是忍不住的想你,"['华语', '流行', '网络歌曲', '网络歌曲']","[1979751408, 1978915916, 1918899684, 1477320048, 1463491908, 1876959648, 1471236131, 1887710271, 1842033610, 1870868770, 1471767367, 1834457399, 1484392408, 1831458802, 1847822672, 1468234117, 488249475, 1873049720, 1330348068, 1488077114, 1827600686, 1381755293, 1808492017, 1500569811, 1842025914, 1851258433, 1846489646, 1872024726, 1858139145, 1492584510, 1872717902, 1875285108, 1875759111, 1467981119, 1419843575, 1473224408, 1477511737, 1454687317, 1831802408, 1474940840, 1450630238, 1491571660, 1459436775, 1457180545, 1462822758, 1456959791, 1437833797, 1425886803, 1450494818, 1806679060, 1429363574, 1375468860, 1418401759, 1389945392, 1425438572, 1372528274, 1378234242, 1411358105, 1404259171, 1424102208, 462284324, 1422676034, 1857630559, 1467444619, 1807901896, 1489342321, 409654891, 1466319796, 1388833872, 1445670554, 1424197815, 1463503505, 1449990499, 1446137141, 1449020316, 1422212205, 1448504335, 1432699677, 1382411575, 1442600205, 1425896565, 1433324655, 1398508295, 1369303149, 1388357890, 1396073496, 1300942718, 478303470, 489768079, 490163629, 439121995, 463425497, 1312993764, 1336923507, 458324468]"
8840847894,0.8x样子没变 心早就千变万化了,制作不易，喜欢的点个收藏吧。非常感谢！,"['华语', '流行', '网络歌曲', '网络歌曲']","[1957492947, 1946234096, 1970539602, 2019185527, 2020290667, 2035687708, 1950070505, 1929494011, 1959191183, 1986771025, 1978769533, 2009202891, 1945022742, 1915779459, 1853729974, 1947599237, 1970560572, 1981896315, 1960767193, 1952838642, 1854226887, 1953733674, 1975105431, 1862906474, 1815404712, 1925246647, 1939395250, 1813036755, 1962438244, 1955028561, 1923160537, 1927491783, 1951702028, 1494746586, 1955223133, 1960170435, 1943784671, 1927693668, 1971444527, 1956171974, 1954924353, 1447395229, 1946713378, 1968025104, 1954223039, 1953274089, 1963213974, 1926873649, 1966617868, 1968442096, 1956278686, 1941531320, 1943043475, 1929068299, 1925830932, 1951010910, 1950742080, 1960111879, 1918056228, 1918000068, 1915867653, 1916611601, 1916646264, 1447055617, 1415785964, 1953653026, 1923883157, 1948211497, 1923196409, 1941265858, 1844831919, 1844832832, 1926875529, 1926259611, 1944123716, 1925500681, 1948607063, 1935125858, 1396650142, 1933593959, 1945155363, 1917137875, 1940529605, 1839259635, 1926157980, 1920658259, 1921121608, 1928898311, 1920606151, 1939878025, 1861101583, 1907462482, 1893589749, 1911848706, 1916381020, 1916463494, 1917636990, 1917342027, 1922121049, 1904010688, 1893590301, 1922121548, 1916394788, 1929946786, 1922968966, 1934451068, 1940115334, 1938597694, 1936330961, 1905620509, 1912491671, 1897571821, 1898565396, 1912491665, 1912490102, 1892382585, 1922955269, 1915641862, 1861530945, 1919994086, 1916982993]"
629260445,你不可能一首没听过,开始享受 吹风 听歌 一个人！,"['流行', '榜单', '网络歌曲', '网络歌曲']","[1398283847, 25731320, 1329719698, 1932551887, 550138197, 1363948882, 1359356908, 2063131354, 1929370102, 1890001531, 442991440, 2005133691, 2019573476, 1482867143, 436346833, 2021338418, 491695208, 2035444374, 1455717202, 1811459887, 1494283005, 1397345903, 2057534370, 1979382551, 2024035483, 2049512697, 411314659, 1295861930, 1441758494, 1340006512, 2002926115, 2036894489, 29747526, 1819275125, 1918796077, 507795651, 1964236604, 1998281031, 35739155, 2025227743, 1929285360, 1863623907, 1457683751, 2022196813, 1897685644, 26293946, 479223413, 1969744125, 1841002409, 1851258433, 1948907975, 1997438791, 2007985520, 3880252, 32337668, 1490987790, 478029097, 2013805632, 1340558332, 1973046704, 1930147039, 1951069525, 1848190450, 1803524722, 1968869187, 1927389937, 36024442, 1873321491, 526081121, 1927049477, 1983464993, 1966162185, 1877029918, 417908198, 29412405, 21407145, 515816187, 1850155476, 864498975, 1824927085, 1446218812, 40237792, 1846489646, 1417143120, 1876611316, 1965507938, 5096864, 1481705135, 1844109436, 1475835459, 27756753, 1495985115, 480516046, 21563094, 1331798997, 1940050948, 524149106, 461858048, 1977929314, 1306497271, 1320336229, 1979313985, 1311809814, 1975589384, 1460622715, 1836033745, 208891, 1483529352, 472137696, 1406649619, 1867217766, 1893736474, 1448440263, 475479888, 565841054, 457761714, 1934251776, 472045959, 537407969, 1318524156, 1399054581, 488249475, 1832088781, 1466181561, 518904648, 1832532837, 1959667345, 1342945970, 1308782023, 1925452719, 574935156, 1497588709, 1435828582, 1959404453, 1849998058, 1946751557, 1835514122, 3164134, 1376075781, 1369602061, 1907766514, 1424400870, 1895330088, 1859245776, 1325697667, 553946629, 1812184263, 1486709437, 1486631924, 1811408619, 1811921555, 1447966613, 1365427123, 1459232593, 1413585838, 1411784110, 1446769897, 1450574147, 522631308, 1476849, 465921195, 1449794966, 1299557938, 444267630, 501133800, 1382411919, 417595727, 1337605608, 1364343491, 31311695, 28065710, 32835377, 33418501, 1351219081, 531051690, 426291544, 552366521, 522444650, 521558853, 507134193, 436487129, 420922950, 509728806, 439076364, 434294793, 402070862, 409647737]"
8852536501,没有常青树 都是说走就走,他们说爱一个人好像去海边捡贝壳捡到喜欢的贝壳就不要再去海 过后真正的爱才开始浮现所谓新鲜感是和旧的人体验新的事物而 不是和新的人体验旧的事物你想想身边一直是同一个人的那种感 的人谈新的恋爱爱是细水长流是所有分享的瞬间想到的都是你是我会毫不犹疑的喜欢你所以当他真的喜欢你的时候你根本不用那么漂亮哪怕你是小胖子小粗腿他都会主动跑很远的路看你一眼都不会觉得很累,"['流行', '网络歌曲', '网络歌曲']","[1926623288, 1983456716, 27591236, 209397, 526081111, 1397345903, 479979440, 466425831, 2046186937, 1444647610, 1890530891, 1882639178, 1427676242, 1486763122, 2054365065, 1496828617, 1400259397, 2091883532, 2071935674, 2062623445, 1440148562, 79938, 2041799838, 1406083061, 2083417395, 1842728629, 2063864551, 2081283289, 1965647402, 2066654616, 2062885837, 496370620, 1979417838, 1804329525, 1908392914, 33510814, 233931, 424264505, 1380646702, 569214247, 1958654138, 165379, 1365393542, 1830686080, 1927231651, 1894638908, 488532353, 483671599, 1398663411, 28232019, 569200213, 1387581250, 2024035483, 522510615, 1434309927, 1441758494, 1922888354, 1824045033, 1927402478, 1935944149, 1921920003, 174944, 1953792765, 1841002312, 1991801101, 2024299143, 2049512697, 1836116667, 1338391216, 2038554574, 1815105886, 1976787301, 2039992778, 1932493485, 2036331318, 1959206801, 1827600686, 2041974276, 2041026502, 1391037220, 1856307135, 2031035288, 1876226709, 2004349292, 1949135265, 1895330088, 2026812798, 491695208, 1469005999, 33556500, 2028021505, 519909355, 2025186889, 1853320762, 1459935719, 522510114, 1369292571, 1974443814, 1996298007, 493735012, 108134, 2015056300, 1997438791, 2018733994, 1482867143, 1927422225, 1896178567, 2005574298, 1905012469, 1988456854, 1979313985, 2002523967, 1493981171, 1399319508, 490407216, 1838825527, 1992698886, 4872534, 407435011, 1468957767, 1352818359, 1383972145, 1359356908, 1965890511, 406475394, 1809728270, 1849998058, 514761281, 1828793433, 1918366001, 466370500, 1426112587, 1474157790, 1490575172, 1807592796, 1807891673, 1355147933, 1468003511, 1435404200, 2004845409, 41656275, 1334270729, 101387, 1921493844, 85571, 482999696, 1834310426, 1988872032, 25642952, 548586609, 2031144213, 541687281, 174963, 82486, 1349292048, 29774171, 480427115, 1400596300, 26127565, 1852116386, 1371780785, 1363574176, 65533, 516323185, 27955654, 1911907981, 489302317, 2023954033, 2016688503, 410801653, 1330348068, 531778079, 1296833312, 2044458041, 513360721, 574566207, 174956, 441491828, 4894781, 488249475, 442314991, 1841002409, 1846489646, 1811408619, 2055208843, 1411358329, 27646205, 287035, 1392908905, 1988532821, 1888215863, 1837557715, 1500569811, 1406649619, 34497630, 420513158, 1959140231, 1958031074, 1946561581, 2019573476, 1971912772, 2025533834, 1459261754, 1477144603]"
947206539,2023年全网超好听的热歌推荐（持更）,"一生中
总有这样的时候

看不到希望
找不到方向

那些时光
你将自己隐藏
无人发现你的悲伤

所有的疼痛
都独自承受

站在十字路口，彷徨
置身人海茫茫，孤单
游走清晨夜晚，慌乱

后来

经历了更多的事
时间翻新了记忆

那些曾路过的人
哭过笑过拥抱过
而后慢慢地消退
愈发的模糊不清

痛苦被替代
失落被冲刷

情绪，无处安放
希望，忽明忽暗

没有收拾残局的能力
就别放纵善变的情绪

日子似乎难以逾越
却波澜不惊地度过
请相信，都会好的

——履述先生","['华语', '流行', '网络歌曲', '网络歌曲']","[2097278593, 2104959791, 2100329027, 1838919030, 2105445052, 378373, 1444086303, 2094817741, 2061978961, 2097531989, 2093526245, 2025186889, 33497044, 2093312916, 1459261754, 2089730107, 2093249629, 2097744798, 2041026502, 2097826775, 2094995270, 2098161478, 2088507144, 2096461808, 2085729140, 482636090, 1930608504, 548885986, 1918576268, 1404709472, 2096457647, 2058139099, 1486763122, 1309915266, 27890306, 1808078153, 2078042511, 2092600180, 2081323083, 2099338525, 1436081452, 2093236174, 2100329012, 1903991886, 1403318151, 1397345903, 436346833, 1417849873, 25648006, 2083785152, 2075896544, 2030139794, 2080177728, 2084366052, 2078700726, 421423808, 2074440239, 2085452852, 1817431690, 1328921249, 2088079571, 1311347661, 26428032, 507364094, 417859631, 108242, 86369, 1385856956, 2061508316, 2083786393, 108931, 2079450644, 65528, 2078080232, 65766, 1391477429, 1966889776, 2080861627, 2013880610, 421423806, 454698657, 31654343, 28285910, 108485, 1855856092, 2082700997, 2085709355, 2014019634, 2072249011, 174956, 399341494, 1842025914, 1363553440, 209397, 2060669693, 29774171, 2064960966, 2051980983, 2071935674, 2076511018, 2073773504, 2071049306, 1942594143, 1948083890, 2014046738, 2075085618, 2078383612, 551400874, 2021437775, 1973593792, 1406649619, 1495058484, 1982706733, 2049110644, 1496828617, 436514312, 1391891631, 1295009639, 2072614086, 1895330088, 2049512697, 1951069525, 1974443814, 1842728629, 2057534370, 1471761548, 1456890009, 2041974276, 2026224214, 475479888, 1979417838, 2071177415, 2019573476, 488249475, 1497588709, 441491828, 1482867143, 1398283847, 1367452194, 1827600686, 1926623288, 2021343439, 1922888354, 553755659, 1406083061, 1807799505, 1891431677, 2041799838, 1877017100, 865632948, 2025533834, 1851652156, 1330348068, 1815725297, 1441758494, 1950343972, 2067808196, 1867217766, 208891, 2063487880, 2018733994, 1492584510, 1459935719, 2049529248, 1368754688, 1372188635, 1927693793, 421486605, 1988564487, 2024035483, 1923184888, 2022196813, 30612793, 2019279516, 1968791360, 2062623445, 1410647903, 1932769322, 1371780785, 2048584480, 1463165983, 247936, 1981557398, 1435828582, 1966162185, 1413585838, 1824045033, 1984475097, 2018432856, 1931994283, 2021373243, 465921195, 2061626302, 2050391293, 1934251776, 1907766514, 1958557540, 1356658022, 2046829307, 1929370102, 1387581250, 1303027499, 1336856864, 2058598792, 1294951288, 1873321491, 1859245776, 2059814165, 28403111, 566436427, 2053420961, 502043537, 2046990697, 1359356908, 2045117743, 438204707, 1413863166, 1873049720, 65536, 2063718207, 2005213526, 1440570723, 1947948874, 1942576027, 1443838552, 1968781675, 1454670699, 569213220, 1808492017, 569200213, 1969320038, 1477144603, 1887139866, 2061888566, 2066657734, 65800, 1413142894, 1426112587, 1901371647, 2064641999, 1970396862, 2025082445, 1430583016, 1942041775, 1997438791, 2034742057, 2063567749, 1313584359, 1459232593, 1894094482, 480579393, 1401671455, 27591236, 2052409208, 208902, 2019620319, 28059417, 2043125519, 2063337049, 2054298885, 2024225492, 1415078941, 1395222212, 2063864551, 1975753397, 2061887799, 150633, 2006448864, 1891469546, 449577636, 1908049566, 1958031074, 1363205817, 1299550532, 1306112195, 1927389937, 1890530891, 1363948882, 1877996649, 1887917182, 2053099516, 1365898499, 2026812798, 2031085185, 1436709403, 1370047789, 2062885470, 1940057567, 1417862046, 1329938686, 445154140, 1293886117, 1975589384, 529668356, 1896178370, 1878812258, 1968869187, 496370620, 2025474049, 1479526505, 1959528822, 1840192925, 2025457557, 442869203, 523250334, 1500569811, 191060, 29412405, 28949444, 1809100933, 2005574298, 1924343459, 1381755293, 255574, 2021434589, 1943043408]"
8602366737,金铲铲之战（D牌必备）,"制作不易，喜欢的点个收藏吧。
非常感谢！

【持 续 更 新】 欢 迎 投 稿
","['华语', '欧美', '网络歌曲', '网络歌曲']","[1435828582, 31010566, 545165146, 28593175, 1390612059, 409931573, 26115977, 436487118, 409830458, 1368914543, 472219715, 1314777725, 475072054, 534015389, 1340861830, 1362534112, 1361721769, 26199446, 32431822, 443194557, 465920383, 30051135, 34057469, 414979759, 1518938, 399353137, 545947179, 1334199204, 416552509, 30621620, 30064263, 453176587, 32166628, 33937527, 403711524, 28174846, 29537955, 29710375, 471411255, 471411253, 29497338, 31010490, 30854948, 29004566, 34040716, 33922813, 33340727, 436355404, 34998386, 403711525, 35920504, 441612737, 16483438, 28987626, 26565006, 28411393, 4386589, 455502171, 418602744, 406737893, 409646391, 29553031, 33166666, 28921655, 32639048, 28283079, 27406244, 21312198, 21311956, 21312101, 27528003, 19945726, 16686610, 3570196, 19567918, 26199445, 29307038, 34167790, 41630476, 1984625, 33471594, 1620463, 36586598, 29460377, 3934578, 31654453, 29753366, 41630480, 2061739, 424262559, 1461836, 17538873, 29717271, 543987451, 31654455, 26550257, 41644553, 407459600, 438981337, 26625301, 451703096, 413829329, 27129154, 29771146, 21563184, 461518855, 461347998, 28830411, 3406918, 29561077, 33756292, 28875283, 30394891, 37095772, 32639368, 27630190, 28828040, 34613621, 36990266, 28143956, 34144434, 29600160, 33789178, 26544456, 28702080, 34766078, 33891204, 31814089, 33035577, 28694864, 29422004, 27836503, 35617505, 26591511, 32807699, 33190182, 407000354, 411314681, 25888658, 21406203, 403711364, 28803640, 5067882, 498096, 5137277, 31245090, 30706066, 33020802, 33111303, 28798439, 29378212, 30780496, 415792222, 28661590, 30967328, 29713316, 35270640, 3935139, 815158, 28830412, 26449436, 32526653, 23767348, 34749433, 1215196, 26278742, 1889227221, 2047985543, 1473560238, 1905196103, 1852459005, 1925173929, 522041157, 446154202, 26907013, 28930167, 28422343, 515454649, 571059901, 1331479338, 437859809, 433018366, 405599648, 409916250, 1809852319, 1861343859, 1821567423, 1432968475, 1469151632, 519250196, 1446173550, 447281311, 521417643, 1378697371, 1845228200, 1457707546, 1474861444, 1850240555, 30394495, 555974147, 542977901, 1858139145, 465921195, 1861479524, 1843319489, 1297802566, 1356658022, 1809938285, 533259686, 553755659, 1381755293, 39227633, 1304347114, 1828026086, 1841002409, 1835009703, 400876320, 1409843998, 1401075289, 1462875616, 1377748865, 1449539029, 1809029003, 1820980405, 1824751735, 1493077219, 1498066118, 1482502356, 1807286296, 1489648209, 863515475]"
8809417711,或许永不相见 但我永远怀恋,其实我介意的事很多 只不过没说而已,"['流行', '网络歌曲', '00后', '网络歌曲']","[2099646947, 2088787257, 2086396245, 2066758240, 2079219599, 2075210952, 1949949331, 2008616382, 2086510013, 2093260138, 2075085618, 2080861627, 2084534691, 2085647962, 2084988865, 2085152733, 2076138525, 2075990764, 2086205207, 2063156218, 2010585896, 2088241169, 2088075998, 2094524998, 2001148510, 2069579567, 2073019435, 2088887669, 2082718581, 2084811404, 2087186400, 1998353049, 2081323083, 2086208287, 1459261754, 25648006, 2057625662, 2048123869, 2042021764, 2091296055, 2065692733, 1991013629, 2035846998, 2075062433, 526081111, 2017475378, 507364094, 2049079197, 2084865063, 2084993742, 2000134856, 2038114492, 2047310395, 2082362007, 2067925848, 2079245744, 1862657290, 2056725340]"
2423847741,「洛少爷 封茗囧菌」从青涩到稳重的成长,听他们的成长，我的青春,"['网络歌曲', '华语', '流行', '网络歌曲']","[2104663197, 2104661961, 2104661805, 2104658615, 2104657107, 2103788016, 2096234667, 2095847281, 2091942664, 2085798597, 2087137270, 2075258911, 2076706189, 2076703625, 2074676299, 2072346737, 2070737167, 2049563161, 2047763860, 2043127518, 2037916536, 2055934948, 2055054276, 2043967855, 2043711554, 2038273290, 2034192750, 2035487509, 2025618986, 2015022024, 2013420830, 2013666168, 2012263698, 2009243069, 1999612845, 2007905415, 2006176203, 2001002076, 1999601565, 1996948538, 1996871043, 1993111510, 1993991207, 1988823877, 1968993121, 1972362744, 1974443963, 1965615605, 1970285641, 1958443956, 1958721180, 1948839957, 1956584332, 1952284957, 1945526083, 1905397320, 1841072837, 1835805297, 1834436289, 1833020582, 1833191196, 1825477079, 1825174750, 1822440074, 1823889579, 1815918921, 1812240297, 1811469006, 1809448232, 1498317072, 1498591079, 1495704232, 1494033321, 1487807399, 1486456821, 1481677591, 1480120951, 1477320957, 1476744070, 1476942249, 1476230480, 1473895574, 1473118976, 1471987580, 1468957690, 1465242381, 1462028458, 1458255882, 1458222575, 1456500588, 1455235409, 1454780278, 1453700803, 1451483055, 1450065205, 1448237090, 1446872232, 1443288410, 1434584990, 1432543014, 1432813195, 1431101373, 1430702721, 1427091882, 1418588859, 1418744671, 1421735166, 1425042163, 1424001562, 1417622535, 1411319408, 1409833673, 1407112865, 1406352782, 1402508053, 1402879293, 1401861891, 1401627128, 1399864110, 1399142804, 1397062955, 1396181981, 1395833404, 1394165792, 1392460396, 1390882369, 1389874376, 1388105601, 1387329299, 1386522791, 1386710798, 1385193373, 1383410187, 1379869921, 1379298153, 1383011194, 1377103137, 1376463659, 1373343165, 1375241782, 1374596303, 1371152006, 1369791254, 1368740522, 1368386489, 1367552641, 1366588382, 1362573736, 1361239227, 1356806686, 1355197518, 1355268143, 1352127610, 1350554794, 1347110044, 1345099325, 1344200119, 1344088470, 1343220141, 1342741787, 1342216983, 1338096419, 1340417912, 1339884494, 1332219665, 1333281305, 1330190198, 409650851, 537470060, 34723470, 429460399, 35345243, 1297333740, 539450075, 470739241, 1321382356, 457537752, 439665740, 1326340080, 560684755, 500224267, 510237758, 440353134, 865518839, 571595292, 409649919, 1312767490, 573923752, 1323323672, 538708291, 472481139, 555510711, 556145187, 1311816093, 544425590, 501900877, 544303880, 1326291754, 1323604277, 1323605452, 1314010514, 1315382261, 1322289723, 538632915, 863190186, 490594719, 480823627, 515951749, 542724248, 456359605, 551318903, 486828260, 551311301, 533204535, 1297750564, 431795761, 478138755, 1302196608, 564417214, 464850787, 416384379, 435307204, 31877785, 532539923, 456318028, 469847424, 864937668, 416384372, 416384378, 416388434, 416388430, 564260374, 502098126, 518135057, 513441745, 1306229054, 416388427, 551670841, 475994450, 481538270, 517326178, 497604505, 505192277, 463547383]"
2923484305,拍卡点变装背景音乐-sky.光遇,我觉得你小子是懂欣赏的，动态更新作品 喜欢点赞+收藏哦！,"['流行', '游戏', '网络歌曲', '网络歌曲']","[2029854771, 1459093155, 2090985992, 2021622980, 1952274545, 1917363820, 2031084942, 1958654447, 2071789584, 2064458728, 1926289689, 1932886543, 1815249935, 2030823874, 1925755504, 2027417204, 1449539197, 1957279262, 2054391620, 2070952951, 1483174120, 2026872848, 1864294978, 2063156685, 2060814557, 1911350678, 2052933578, 1999595345, 1451122329, 1932902017, 2013794559, 2023237043, 1931045567, 2024391642, 445154140, 1383381667, 1396196557, 1975695568, 1873200293, 1962738828, 1943523171, 1898113522, 1857134137, 1916100273, 1489666363, 1494746586, 1879732188, 1433324655, 432780721, 1331798997, 406072775, 451981574, 1910412540, 2019035410, 1920976243, 1834356697, 1856270902, 1948083890, 1890256410, 1827117654, 1335330283, 1857154355, 1867023326, 1892343290, 1450937593, 540513409, 1482755603, 1902653318, 1909326368, 1839742572, 1843752726, 1827004803, 1460666492, 1835702027, 1480553180, 1496056320, 1807825244, 1841938027, 1835421501, 1864698492, 1498892428, 1876002231, 1889957093, 1490835680, 1815404820, 1814081142, 35032223, 1845467662, 1830744849, 1831792977, 1827002161, 1868910272, 1399112265, 1830472858, 1845775678, 1816737311, 1830556509, 1809029003, 1824751735, 1824903243, 1816351616, 1449539187, 1470129356, 1376815543, 1363253857, 1372528942, 1402818475, 1471024962, 1467546293, 1399837876, 1441507554, 1398335654, 1395189315, 1398843537, 1392985919, 1458552663, 1361353610, 1369673850, 1365033004, 1383011652, 1369658060, 1366777236, 1425925018, 1390114730, 1407813608, 1400229655, 1393018778, 1385408332, 1423202982, 1426666131, 479219481, 1424258741, 1398921724, 559110774, 1399697984, 451372123, 1403501539, 490978924, 1412897599, 1350517771, 1353039973, 1317790694, 1317460408, 1332246219, 1388839670, 1397708319, 1351500426, 1353163847, 1372370609, 1358935222, 1386946643, 1393983640, 1401434251, 1391471589, 1353163846, 1396568322, 502678329, 1386946635, 26545154, 1357587672]"
