754644448,ぐるたみん(咕噜碳)网易现存曲全收录,"包含ぐるたみん在网易上能找到的所有独唱和合唱以及remix
完全一样的歌曲已保留评论最多的一首全部整理 请放心食用
只有手动整理才能表达我对咕噜的爱！/你说什么/

以及如果有能力希望大家能买蠢炭的专辑支持他x
","['日语', '翻唱', 'ACG', '翻唱']","[1907751579, 28306432, 28306434, 1909066250, 1399061459, 1399061010, 1399061458, 1399061009, 1399061008, 1355872249, 1355872246, 1355871266, 1355872247, 1355871267, 1334780824, 1317278481, 1355871268, 1334780835, 1334780838, 1334780836, 1317420199, 1317420200, 1317457204, 1317457203, 1317420198, 427142186, 1317038073, 502448533, 502448534, 502448535, 525721790, 525721791, 525721792, 498599180, 29005696, 34586884, 29811265, 31517559, 34609151, 31517551, 34609081, 28306445, 22716941, 410338314, 427142188, 410925282, 453458647, 856722, 34586845, 28306430, 458469767, 29710987, 478371356, 410446579, 434732630, 34179231, 28936496, 28306437, 28306443, 427139224, 28830200, 31090497, 28306444, 28830195, 31352248, 28306431, 22716927, 31517564, 410925287, 28830198, 31352247, 22716934, 28306439, 22716929, 28830207, 33085718, 228905, 399411985, 28936491, 427139228, 22716928, 28830201, 22716932, 28830196, 28830202, 28468891, 34072344, 29710985, 22716931, 28306446, 857446, 22716940, 28830193, 410446581, 29710984, 32098071, 28306442, 33922219, 22716939, 857117, 410338315, 28830209, 22716924, 22716938, 28306438, 33085719, 22716936, 28468906, 28830205, 427142187, 427139225, 28306433, 22716926, 28830204, 421807099, 28830208, 28830199, 427139227, 411314416, 29710982, 29710986, 776018, 22716935, 28306440, 28830194, 427142192, 4927986, 28306436, 427142189, 427139226, 427142191, 28306435, 28306447, 31517554, 31517552, 29723394, 410925283, 28830187, 28468901, 28306441, 410925284, 858132, 31517558, 411314417, 28592975, 28566530, 29710983, 28830210, 410338248]"
967570791,『热血高能洗脑』的日语歌,多数为ACG曲，热血&高能&洗脑的日文歌，此单后劲强大,"['日语', '翻唱', '翻唱']","[512376191, 512359195, 485355004, 2084732462, 409872504, 33728542, 2034742057, 668479, 725692, 30612786, 28563214, 28018274, 412327036, 402073451, 1903468077, 26096272, 35527130, 31191345, 28029522, 577438, 1331563538, 1813546672, 1484409732, 496902074, 1414759694, 1444375500, 28823239, 1417870366, 610034, 1294924564, 4968352, 858009, 622359, 22780156, 22780159, 1313052978, 589338, 589987, 691673, 592450, 470547035, 1817947370, 1806720848, 1489254523, 1840383399, 1429420504, 1829899424, 1466303986, 1318430023, 718765, 437311621, 30621776, 443292353, 27954460, 1398320466, 548890933, 34033742, 428095830, 536260, 580822, 756338, 415792439, 445462626, 1337297012, 34723444, 580824, 1363959479, 1348625245, 608404, 869165, 26388028, 29027453, 1360592706, 511332759, 426290630, 28482406, 27621469, 1331300871, 29450303, 455345705, 28452014, 34723334, 517566209, 422790524, 557581860, 550397006, 525122016, 423228258, 28308667, 525122018, 26324043, 534190, 31370222, 28629051, 28941709, 453176145, 28952227, 28642527, 534175, 30903175, 424057343, 476081881, 465673486, 28445545, 41667366, 400690272, 29953209, 536257, 26123009, 34999625, 432486475, 444269068, 28936484, 436514108, 479223412, 27602841, 507114851, 512359196, 479223408, 41650119, 34916479, 28613320, 509313159, 29307041, 34852712, 412902167, 409060018, 30398391, 41645588, 33875643, 28642530, 424060371, 432486471, 412175684, 401250026, 407485172, 30841736, 29017582, 31010831, 29049086, 32897078, 34057258, 22693471, 30245014]"
6926261634,【宝藏女孩】 陆鳐LuLu,"我永远喜欢lulu，我已经躺在lulu的怀里了！✧(≖ ◡ ≖✿) 6166！

lulu在b站有号，是个虚拟主be或虚拟音乐人 (每涨1000粉就答谢翻唱一首歌，所以赶紧关注她，让她还不了债!)

入坑曲为 2~4 吧.第一个是最新发布歌曲~
一直在线更新ao(*￣▽￣*)o~
我相信你也会喜欢上lulu的！

封面：陆鳐LuLu本人虚拟形象","['华语', '流行', '翻唱', '翻唱']","[2097265445, 1904756815, 1986950529, 1868460318, 2082520328, 2082498622, 2082498595, 2082498078, 2082493944, 2082489918, 2082488940, 2082485090, 2082474972, 2082471997, 2040346005, 2025486438, 2009746771, 2009782023, 2009780112, 2007595783, 1986947550, 1831698607, 1978635969, 1966843652, 1966349699, 1957232110, 1957229989, 1927703138, 1957230139, 1957230092, 1957229801, 1957229920, 1957220297, 1957229629, 1928685947, 1928682909, 1927702934, 1908815055, 1908828697, 1908814878, 1896942625, 1830603578, 1444388181, 1887215645, 1889102808, 1887842004, 1888050304, 1442475644, 1908809485, 1830599337, 1886966504, 1830630342, 1858188613, 1849686924, 1908815150, 1838329911, 1843960655, 1842290248, 1857825865, 1845219550, 1467061950, 1841760876, 1847918702, 1838281381, 1871999810, 1830608177, 1831734266, 1830606244, 1830607439, 1838296473, 1871981206]"
8254411895,0.7x/0.8 x爱的多的人总先掉眼泪,细节这东西，我说了你才做，它就会变的很廉价，我说了你还不做，我就变的很廉价，要知道伸手要的安全感毫无意义[流泪],"['华语', '流行', '翻唱', '翻唱']","[1939409274, 1973058747, 1981326725, 1974220757, 1998135910, 2019351846, 1970539602, 1983501304, 1958772544, 1993517689, 1971490891, 1990080484, 1957344271, 1939685534, 1931410909, 1944802405, 1959303514, 1971444527, 1962023567, 1959217061, 1946234096, 1971708235, 1453957944, 1961454402, 1957883626, 1990744019, 1939409228, 1958683761, 1984130777, 1958137565, 1810299649, 1970973216, 1979321380, 1953776673, 1947026627, 1946585503, 1970324585, 1969804979, 1968270354, 306877, 1988532821, 1974228177, 1955703364, 1957256470, 1947385901, 1909339376, 1963213163, 1986129639, 1961650672, 1958793166, 1958121870, 1932851359, 1927753119, 1939563264, 1932279387, 1929983764, 1926907912, 5308003, 1954153854, 1948708162, 1934381272, 1951105519, 277759, 1954957116, 1406175700, 1952870374, 1952350857, 1952285354, 1952233909, 1930200326, 1428290622, 1897710831, 1934203423, 1923178574, 1419592364, 1406174734, 1932310602, 1924817966, 1930557421, 1930248912, 1928900468, 1934353849, 1943520092, 1961006625, 1955681767, 1970514859, 1959548380, 1958745079, 1952358155, 1951182806, 1947548156, 1943675085, 1951960912, 1956278686, 1955411936, 1965190044, 1901628234, 1940359218, 1913594039, 1960595908, 1962079068, 1955692561, 1950100043, 27896944, 1939236435, 1930605629, 1960835902, 1955197097, 1954500571, 1931632095, 1960622986, 1958825391, 1960170435, 1943229964, 1959303484, 1926057748, 1961032753, 1966212898, 1926875529, 1937212415, 1956755577, 1931599749, 1917852233, 1960301331, 1961476608, 1945107544, 1925262041, 1928185344, 1950336719, 1937372851, 1958856851, 1879815403, 1955376578, 1916814435, 1893625703, 1952766387, 1956082692, 1955892519, 1948514479, 1933810345, 1956724806, 1955651142, 1958125235, 1925574040, 1919597705, 1945112054, 1929449141, 1953171679, 1933983971, 1928979160, 1948191368, 1938862336, 1925830932, 1932198958, 1881007136, 1929449178, 1898907962, 1939395250, 1922473501, 1946063168, 1943670214, 1949949331, 1946322486, 1931434579, 1941804761, 1927189273, 1889108196, 1899521702, 1907462482, 1926908089, 1922598952, 1941265858, 1939878025, 1929611246, 1936250153, 1910475145, 1451464080, 1919695702, 1923167380, 2026224214, 1997438791, 1974443814, 1984475097, 285321, 488249475, 1953837350, 865632948, 1403318151, 1827600686, 1927402478, 1368754688, 1410647903, 1807799505, 28232019, 1403215687, 29850683, 26127565, 1482867143, 1948129385, 1947775642, 475479888, 1371046568, 1934251776, 1922888354, 1947208581, 1959667345, 41656275, 1824045033, 1925452719, 1474411443, 1914898258, 208891, 1901371647, 205342, 1911907981, 1907766514, 344442, 108931, 1459935719, 1919147134, 29774171, 1892562874, 1909604321, 1893736474, 28403111, 1887139866, 1854191696, 1875941511, 1456890009, 1887917182, 1867217766, 1859245776, 1869728598, 1841002409, 1868943615, 1432968475, 1860578400, 1874158536, 1849998058, 489302317, 85571, 1406649619, 1861640530, 420401511, 1851258433, 451703096, 1847422867, 1843704418, 1497588709, 1837557715, 1840459406, 1441758494, 1846489646, 1824025894, 1840808119, 1805088448, 1478568147, 1442508316, 1826189041, 1321392748, 1456393572, 1811921555, 1808492017, 1355896807, 1811408619, 1805371171, 1815105886, 1443838552, 1814086147, 1498523311, 1809100933, 1804320463, 1813864802, 1807537867, 573615289, 1812225658, 1477539203, 1422212205, 1804879213, 1498342485, 1495058484, 1803349526, 1481164987, 1491221473, 1426649237, 1297802566, 523251118, 1475124792, 1383972145, 1481657185, 1468270651, 1486513704, 1459950258, 1397674264, 1475901644, 523250334, 1450630238, 1463168014, 1336856864, 1456443773, 558071673, 1463165983, 1468039556, 1460682363, 483937795, 32835377, 407450223, 1459436775, 1397679310, 1330348068, 402073804, 493735012, 1420075778, 1449678888, 1423241987, 1445761206, 518682659, 1432414091, 1436444728, 1401482684, 1425626819, 1431880021, 1383053049, 1389090775, 1336856449, 1387581250, 1385856956, 442314990, 405599470, 1413585838, 1375941658, 1400227307, 465921195, 476659144, 1392729979, 1398663411, 1407551413, 1436910205, 1413142894, 1430850573, 1470415329, 28059417, 517446139, 543798652, 1412242872, 425684758, 28832054, 1358848433, 1299550093, 1404885266, 1400256289, 36841951, 1391491741, 1399112638, 569200213, 550138197, 1363948882, 504646547, 1376973719, 1369798757, 1383927243, 1366777236, 531786301, 1373264998, 1373474705, 1365071885, 1335580481, 455710835, 1383719491, 1402238751, 1347133940, 412911436, 1384971398, 28111646, 1344814341, 1332647902, 446508938, 1296706520, 1352002513, 449818741, 448546353, 1370007645, 1387157948, 1349292048, 1371378894, 1383201475, 565194929, 1337583892, 1384379256, 1374660757, 523035967, 1361558668, 1350364033, 1383876635, 449254451, 1370877684, 1332195598, 1363078221, 1321385420, 1334761781, 441491828, 1353785994, 557584888, 1351520305, 558290126, 1388608541, 1320188206, 1365246741, 1336153991, 139764, 490378846, 1338022514, 573848842, 562598081, 1316256535, 453718143, 208902, 306626, 526464145, 1345848098, 36270426, 1341964346, 1313354324, 1322892676, 516358518, 557581284, 531295576, 452986458, 1317410061, 1293886117, 1958023246, 1938733034, 1918286448, 1959152626, 1964353531, 1971651539, 1951500345, 1932080748, 1939979967, 1916982993, 1959207292, 1958755556, 1953274089, 1959225989, 1943193084, 1962438244, 1971546578, 1961175419, 1957211405, 1972428765, 1949423188, 1952086849, 1972008463, 1960351004, 1955613321, 1959207180, 1956168505, 1909326368, 1947592155, 1953028750, 1947444886, 1968025104, 1916463494, 1955393983, 1929126468, 1955028561, 1917342027, 1918878568, 1955223133, 1956990103, 1923189506, 1959234887, 1935408820, 1961228459, 1955029903, 1939633377, 1958002001, 1959234814, 1957560926, 1931587694, 1958121913, 1945417412, 1960185159, 1944123716, 1961854423, 1947687203, 1953131763, 1938960271, 1951954238, 1968429904, 532067244, 1972642758, 1942042796, 1956171974, 1963213974, 1948007389, 1929754910, 1986516450, 1960785980, 1996847399, 1891196406, 1958405367, 1956161771, 1991623814, 1929347100, 1924883994, 1958119516, 1959190717, 1920658259, 1954924353, 1952923251, 1957492947, 1954223039, 1955039633, 1958405457, 1955286780, 1955029675, 1951559963, 1882915925, 1919009414, 1928291863, 1913899342, 1937171112, 1929532353, 1928069067, 1925257399, 1927050434, 1927053718, 1927039242, 1926259611, 1927049160, 1927050660, 1927049477, 1925500681, 1933594385, 1926873649, 1913400567, 1935484288, 1936294253, 1924864202, 1925560390, 1927661891, 1927963832, 1926375210, 1928252684, 1831800955]"
2259080870,超好听Cover 翻唱集||孤单患者必备,人生不在于长短而在于遇见你，砰然心动的一瞬间~,"['华语', '流行', '翻唱', '翻唱']","[1953873776, 1984888642, 1490903166, 1977937770, 1814670373, 1822061176, 1813278477, 1805077132, 1454213704, 1809827381, 1470641652, 1450049003, 1412847322, 1307393383, 1428558814, 1331127961, 1423030469, 1390749448, 1294679412, 1374660757, 1386539681, 1371676442, 1370007645, 1350460585, 1343756008, 394491, 1326798446, 1370955426, 1368456978, 1365393542, 1360604856, 570222934, 1368310293, 1296332922, 192275, 1367453549, 1364800580, 1313107926, 1346617494, 435288399, 1344814341, 34200138, 1336856449, 468670272, 1315025572, 1335350269, 863392140, 1346093140, 39224533, 438306457, 530801238, 554241732, 1336856777, 1346859729, 506168178, 573683265, 1343569856, 30830473, 574091309, 1333195755, 1295940628, 473570334, 533105985, 5240028, 1321069077, 439121995, 516728102, 1330289260, 454935870, 1310064056, 27713998, 28191534, 482652650, 434052447, 493093412, 32639452, 520847735, 507911166, 502576845, 108260, 36668711, 565412792, 454913905, 864043623, 167912, 1310542851, 498314307, 1303453732, 505820138, 461899833, 413829859, 864495909, 27770540, 33941486, 569012732, 1300441746, 29761121, 508083236, 538924908, 1307859491, 1319877920, 525876322, 1319079665, 165522, 500613058, 34497630, 1311319058, 1317410061, 863046037, 407450223, 1293886117, 553755659, 1308818967, 431534844, 431610524, 572058482, 28283079, 436487129, 502730673, 539440398, 512000720, 519455912, 515618786, 556075645, 29755058, 66730, 29814898, 63538, 532710533, 518096340, 426291544, 440208476, 864787048, 506956621, 504799283, 514761281, 455542627, 1990119, 474977525, 562594322, 505771816, 455543886, 31445772, 455557328, 33920046, 519813551, 35090414, 37778308, 490163629, 519250023, 66525, 65538, 108390, 39443454, 530995556, 812400, 25657366, 516076896, 28219407, 28643203, 1330348068, 432506367, 70447, 557584888]"
906117173,天赐的声音 Live,第四季：节目由音乐合伙人寻找音乐中的另一半，每期六组飞行合伙人两两成组合作演唱，一人和常驻音乐人合作共同演绎一首金曲。,"['华语', '综艺', '翻唱', '翻唱']","[2063469631, 2063469668, 2063468861, 2063469773, 2063468929, 2063469782, 2063469741, 2063468936, 2063468870, 2063468898, 2063469675, 2063468891, 2063469763, 2061887794, 2061887799, 2061885942, 2061887777, 2061887798, 2061885943, 2061885951, 2061885953, 2059815640, 2059814165, 2059814166, 2059814167, 2059815644, 2059814177, 2059815659, 2059815661, 2057718113, 2057718119, 2057716380, 2057718162, 2057716425, 2057718180, 2057718198, 2057718225, 2057718249, 2056170681, 2056170674, 2056169786, 2056170695, 2056169793, 2056169798, 2056169816, 2054188839, 2054190758, 2054190757, 2054188842, 2052403826, 2052403824, 2052403827, 2052399113, 2052399114, 2052399109, 2052403825, 2048584480, 2048584487, 2050390479, 2050391258, 2050390505, 2050391273, 2050390513, 2050391293, 2048586091, 2048584478, 2048584489, 2048586106, 2048622643, 2046990690, 2046984499, 2046984506, 2046990696, 2046990697, 2046984517, 2046984505, 2045089372, 2045089375, 2045089380, 2045090401, 2045090418, 2045102976, 2043125519, 2043126974, 2043125495, 2043125523, 2043125486, 2043125507]"
2745305707,【忘川风华录】本家及翻唱收录集,"忘川风华录的歌和大佬的翻唱都在这里哟
（｡ò ∀ ó｡）","['华语', '翻唱', '古风', '翻唱']","[2061354608, 2037061197, 2019526861, 2023956284, 2031144242, 1999613319, 1993081156, 1975984953, 1877441499, 1908066151, 1975576555, 1907175744, 1949796737, 1918220652, 1914891531, 1884408687, 1877652093, 1869972926, 1840749937, 1842060397, 1835290997, 1828779206, 1824457777, 1808993268, 1496585439, 1495384148, 1493781018, 1484424276, 1484393801, 1474020978, 1471357491, 1455462931, 1455047532, 1437881558, 1437861557, 1436879629, 1409838411, 1409603530, 1389640000, 1389446643, 1388531575, 1387629855, 1378064998, 1376854985, 862500440, 863982546, 863034934, 862884799, 1298717831, 862573883, 865908806, 864795742, 864632230, 1298722445, 1294383828, 1301703716, 1298157616, 1301637886, 1300742224, 1298722634, 1298042469, 1302227806, 1297441601, 1328702094, 1329008727, 1328004148, 1330289361, 1345074757, 1343790165, 1345860206, 1323837008, 1319803557, 1320109301, 1321874925, 1319596898, 1323604277, 1313159466, 1312755194, 1312664064, 1304123279, 1308007590, 1305579825, 1303045183, 1304953534, 1357197847, 1357172690]"
7722834733,【SNH48塞纳河】xox翻唱最全合集（含河曲）,永远会对为了守护一缕聚光灯的梦想而赤诚炽热的“少年”们动心,"['华语', '翻唱', '翻唱']","[1910653623, 2103692396, 2023281144, 2021943952, 2102449887, 2101853027, 2095280672, 2092222873, 2092422958, 1435531944, 1435531918, 1450749101, 1447502345, 1938931193, 2035744283, 2077248464, 2034627342, 2084833763, 2084826865, 2085075712, 1455735168, 1452686559, 1460588580, 1457292245, 1460592136, 1462330511, 1453941381, 1458783361, 2001616073, 2019908979, 2061420251, 2053627649, 2066093821, 2066089228, 2066084269, 2066076667, 2066070118, 2066037245, 2066073689, 2066059379, 2066042141, 2066030064, 2072434530, 2036966906, 2072433191, 2005666851, 2006266296, 2006272662, 2006411487, 2006413176, 1995770025, 2006743150, 2006467217, 2005621979, 2002634905, 1998425721, 2003704687, 1996632380, 1996633281, 1866878586, 1866862838, 1878020364, 1867133928, 1886197025, 1885166143, 1878019414, 1892606955, 1823087662, 1963819585, 1898341351, 1808250303, 1307447857, 1851144616, 1955999338, 1852123979, 1854854891, 1471224218, 1876455127, 1967430804, 1906054350, 1898304712, 1904856972, 1858640399, 1833208605, 1948266915, 1469674594, 1922120663, 1934702030, 1969607814, 1962811467, 1898033489, 1403114850, 1961257099, 1986489870, 1985632008, 1987527754, 1986650613, 1377940783, 1981890453, 1477827793, 1889043305, 1995453913, 1886748710, 1475033407, 1995727817, 1307457262, 1835431312, 1474912825, 1912454292, 1396599817, 1396602758, 1838141646, 1489176823, 1475033923, 1880145310, 1823942993, 1840080693, 1850321371, 1856455696, 1916658137, 1889390743, 1932942792, 1993911850, 1941340113, 1995727930, 1964345090, 1965919533, 1982583783, 1994874195, 1837072000, 1927289462, 1823085871, 1424327887, 1927286206, 1848962555, 1969598299, 1969610003, 1391439316, 1417765900, 1969609791, 1856327160, 1995065292, 1899737834, 1994978464, 1861851980, 1960424363, 1960424505, 1899735746, 1855475567, 1866872966, 1878015964, 1855474888, 1364362754, 1835982737, 1364361782, 1364381090, 1353292884, 1350960211, 1353282397, 1365318903, 1365547888, 1370814359, 1375298658, 1417154910, 1423487594, 1838983306, 1873284483, 1404196824, 1429007562, 1488290887, 1808317174, 1844012963, 1852925591, 1877075427, 1888502605, 1899488351, 1957653862, 1992452312, 1994534378, 1899745164, 1990863149, 1990865151, 1990871060, 1990870472, 1990863587, 1899742406, 1990864704, 1899756004, 1990870629, 1926603096, 1813007510, 1990871691, 1926608438, 1926604533, 1862691397, 1899745068, 1862974523, 1926602742, 1862691985, 1885014450, 1477618919, 1885136955, 1832882112, 1401289559, 1920382817, 1832227992, 1364586437, 1401253552, 1937146578, 1854710226, 1844487793, 1854725835, 1895339407, 1848952328, 1847614463, 1848293108, 1844458539, 1860185255, 1974114990, 1961302043, 1895075362, 1860136468, 1869335274, 1889041193, 1891025650, 1889040636, 1993422431, 1987651669, 1992450526, 1992448700, 1993196125, 1849731488, 1830693660, 1993197989, 1854853167, 1847318306, 1992536041, 1840508714, 1887776907, 1992438544, 1887780795, 1873001151, 1857356216, 1903780583, 1847317779, 1863092095, 1840534093, 1887776639, 1843286516, 1922120665, 1961517641, 1956249728, 1922111515, 1833176534, 1920420517, 1961517798, 1956247292, 1993422432, 1920418424, 1897767992, 1993206509, 1907770274, 1833418344, 1833229813, 1833230472, 479408896, 1377940792, 1299550139, 1412428007, 1910663238, 1910667739, 1466901451, 1470250612, 1910544937, 1910544871, 1976868090, 1935308959, 1935297467, 1935165129, 1450417808, 1451048934, 1492919916, 1492920478, 1494325672, 1906780187, 1944458869, 1994806301, 1887992438, 1927935611, 1848035022, 1889205082, 1811263840, 1811985075, 1843604174, 1879333911, 1899230840, 1954582413, 1955924451, 1964773431, 1878633347, 1914375834, 1896339813, 1898026489, 1898028000, 1898028160, 1898033421, 1898033534, 1898038001, 1992441189, 1992529192, 1960433396, 1960466524, 1926614728, 1862976875, 1899750915, 1862632249, 1928152206, 1928152298, 1960919648, 1959725243, 1980501079, 1930789176, 1984388607, 1945434338, 1968549993, 1930784647, 1972204968, 1930837156, 1929105664, 1972961357, 1973898187, 1973693648, 1973689981, 1987982249, 1956461637, 1991267341, 1477421081, 1848335323, 1859790164, 1852040516, 1875790117, 1993784717, 1848335321, 1808250302, 1973012318, 1928449472, 1928717141, 1994419861, 1990672054, 1368820322, 1423970372, 1368821271, 1369993748, 1403316908, 1432156582, 1985432178, 1985432154, 1983493651, 1422519622, 1985432941, 1985432246, 1985432242, 1423970063, 1985432261, 1985433070, 1983207744, 1983206138, 1864306380, 1982020451, 1982021254, 1981890338, 1981914868, 1981915003, 1981915200, 1982647511, 1982647580, 1982720394, 1987833634, 1982658650, 1961534413, 1986409567, 1979010989, 1986761023, 1987982259, 1985624142, 1960433591, 1960656107, 1979467772, 1987324748, 1987398061, 1962963489, 1988541030, 1987017101, 1979962470, 1986650075, 1979027828, 1966868935, 1961067875, 1987109301, 1986761313, 1979961641, 1987312130, 1987115495, 1994906511, 1994828897]"
771087552,「一曲二词」那些同曲异词的古风歌,"嗯？似曾相识的感觉？等等！原来它们有血缘关系啊！

其实同曲异词的歌在古风圈比比皆是，把它们整理了一下，每首曲子各选了两首收入歌单，同样的曲赋予不同的词，又是另一个故事。

封面画师：伊吹五月","['华语', '古风', '翻唱', '翻唱']","[1400021098, 570086193, 572070145, 1431011988, 1840749937, 1882535670, 4873827, 534890043, 184555, 29151041, 1430240166, 1879918077, 479171491, 520749664, 1404947303, 1428365473, 29769312, 28633605, 500850420, 1305444852, 31191020, 29848233, 1345867887, 1322877419, 1385472690, 33378214, 1418798402, 461503028, 545317266, 515476876, 28288202, 450469596, 27908599, 33668355, 429450330, 1445783890, 413830478, 1486316870, 434052631, 1336177772, 1377870311, 1377491620, 1383201756, 1461375562, 1308732998, 547666829, 29829240, 1412671589, 506558771, 1430467488, 1302131595, 1423327049, 466360724, 1390532953, 546331160, 1308192389, 1300973683, 1341324171, 28762533, 33872294, 28854853, 29031001, 28633626, 444706187, 516403286, 425053554, 1342168955, 1375286869, 1305193476, 1302215448, 29811167, 1350567481, 1351742622, 1422253440, 408943871, 548552296, 457279999, 1327294960, 1317420799, 413830485, 521129220, 570095699, 485637805, 28188430, 1373927886, 239554, 549958526, 274598, 1394195818, 1342572142, 1342570142, 573546926, 1302368282, 35955877, 464490469, 1323356658, 522855897, 1387865902, 1302211987, 513458253, 434070744, 1313558576, 35288984, 487430480, 510216356, 511553087, 28793806, 31191360, 28668049, 504037396, 392403, 32196626, 29414730, 502335124, 549987877, 239521, 518490490, 28912382, 104128, 33085128, 184593, 32272221, 475289764, 81576, 31421588, 467783877, 437755560, 28188428, 537516884, 539603870, 529942153, 530171378, 554531761, 556224729, 528286007, 526917776, 479487569, 366401, 462840186, 26830208, 524752306, 1409838521, 1420051240, 435996146, 407450402, 500422368, 206358, 33035388, 34200949, 463251847, 452612640, 314358, 184557, 469053203, 477470564, 31967627, 494152135, 515681935, 490754421, 29715439, 502413174, 27928580, 520287552, 30355094, 28685283, 454724893, 33111755, 34033949, 33527029, 28921641, 556253173, 420400798, 461003406, 28631330, 466844094, 28315295, 470567209, 34228256, 34200536, 33075133, 34167956, 28409896, 489385234, 34218231, 1308637709, 444803373, 421110343, 453491466, 28409842, 445546968, 522224841, 27808540, 27808539, 304516, 27902906, 28854568, 29600125, 479522279, 429460366, 426342023, 455747515, 28391433, 476333184, 31165548, 447284421, 31165429, 32957730, 239562, 34999309, 32317602, 31062292, 297113, 34614602, 28409835, 471093489, 33789671, 29463040, 27902967, 101138, 28768380, 427609335, 29450491, 28668033, 29897647, 28912825, 25640582, 27927640, 1367452194, 36117038, 25638317, 432464860, 28427631, 29792788, 29567100, 33991756, 34324929, 28819203, 27908580, 31563101, 28798754, 38574765, 29401512, 34999055, 464237267, 314317, 33872407, 28288218, 28798751, 184544, 314374, 184567, 34182144, 27927772, 175551, 468448098, 29019526, 27506597, 451109288, 28528327, 28912179, 314356, 28819192, 28738863, 32174251, 32897059, 296964, 28815839, 423849020, 28546248, 443643108, 340582, 32683396, 28853524, 28854627, 28864004, 29713806, 27908611, 36117023, 81385, 423015582, 33789488, 440796656, 34014127, 368812, 326547, 29747868, 426832188, 465520292, 29769252, 81394, 30352430, 27928001, 29829845, 29713028, 28535338, 31477891, 31477890, 164371, 33668418, 32835269, 28912826, 29378589, 425053559, 424342010, 28768390, 35416538, 466445090, 32408690, 427609417, 28680159, 34468668, 33111954, 28892677, 29027032, 439138197, 366259, 29802794, 34280890, 233685, 409649814, 465279134, 29769147, 27908085, 81536, 366274, 228021, 34341486, 40255610, 28912849, 407444030, 407442060, 34152289, 32944063, 27510220, 31066320, 29713807, 34780248, 366270, 422428653, 28853556, 478010558, 29095098, 32648691, 28854848, 28738957, 32957012, 445124073, 477821103, 486853569, 174918, 29307540, 28409860, 28661897, 81618, 366374, 35618260, 372526, 33756650, 431791853, 411755351, 247527, 460137714, 31378807, 465519662, 29827201, 81381, 28255024, 239560, 29747968, 366376, 366415, 28302892, 34152340, 314371, 28409166, 34723436, 28996999, 508583675, 454583388, 279712, 29732300, 33544187, 28577127, 27571958, 29740870, 28341124, 31654609, 28747868, 34200515, 29897999, 33255741, 28152596, 28912279, 27562276, 450513024, 81400, 28680161, 29764129, 34690447, 465528408, 33781207, 175576, 296958, 28568215, 29786231, 29709842, 33682334, 425053057, 28138493, 449199147, 33599364, 29747727, 184467, 33544931]"
7485782663,温柔的嗓音·开口惊艳的好听翻唱,"无人问津也好
埋怨世界也罢
你要试着安静下来
去做自己该做的事情
而不是让烦躁焦虑
毁掉你本来就不多的热情和定力","['流行', '夜晚', '翻唱', '翻唱']","[475479888, 488249475, 1922888354, 1403318151, 1970396862, 1907766514, 1927389937, 1966162185, 521416693, 1325711261, 1975753397, 1867217766, 1959667345, 1497588709, 1330348068, 1811921555, 1927693793, 569200213, 1953828422, 1956525809, 1953125353, 1954090536, 1952839183, 1824045033, 1957502392, 1959394537, 1814080666, 1954420092, 1958954250, 1956060182, 1959138897, 1444947562, 1436709403, 1430174791, 1446072173, 1421256637, 1327824691, 1807537867, 1854191696, 1831765298, 1437055350, 1445545948, 1428388668, 1440375048, 1424596812, 1422719929, 1353240143, 1426959223, 1342319420, 1433831191, 1416772486, 1407272627, 1414011060, 565194929, 1349985653, 1379083033, 1349100900, 1894592224, 1869996435, 1422825792, 1813081266, 1424343020, 1501530177, 1869975808, 1336205537, 1469876225, 564247926, 1819086509, 1882693638, 1856524772, 1804614734, 1399172309, 1481414006, 1468234117, 450853439, 1821062772, 1500569811, 1864429429, 1468002259, 1389090775, 1433807553, 1434631084, 1850743486, 1869943939, 1873587357, 1831459551, 1892493327, 1836118321, 1831460111, 1431880739, 1454415688, 1421028283, 1885427474, 1466832133, 1440066531, 1807799505, 1804728691, 1487635743, 1496049783, 1806067778, 1425665256, 1426098834, 1479254715, 1474940840, 1436444728, 1443918154, 1443911594, 438306226, 1831490791, 1842231753, 1431432368, 1496268275, 1869973033, 1823839761, 1424952473, 1839072478, 1859982672, 1831375572, 1442536532, 1464438454, 1469355784, 1835009703, 1423168975, 1453589668, 1811926022, 1471538474, 1828609023, 1815336194, 1451214944, 1461469578, 1469360059, 1461647979, 1481144977, 1467102135, 1461433737, 1482169092, 1496524640, 1434108496, 1806679060, 1314567484, 1467099418, 1486264538]"
2038754483,最正宗的粤语翻唱金曲合集,从beyond到邓紫棋，从许冠杰到谢霆锋，一路听着粤语歌长大，除了原唱的动听，翻唱也是另一种艺术！,"['粤语', '流行', '翻唱', '翻唱']","[331496, 1363711955, 1433723582, 512377374, 305282, 305270, 161751, 161757, 161763, 161746, 161740, 161833, 1810066950, 36947800, 36947798, 36947794, 27515047, 38853632, 29764625, 29764624, 30432209, 30432207, 217964, 67840, 67646, 67173, 1351603882, 27825951, 1316372317, 211012, 211009, 211004, 210991, 417833298, 477662605, 33085979, 328895, 328893, 328884, 210273, 32288142, 408332751, 301562, 260209, 309469, 295472, 335525, 171493, 171762, 171749, 171745, 171746, 171747, 339255, 26584442, 256008, 247234, 25806406, 171751, 5282884, 33875652, 190159, 110731, 188759, 153290, 115093, 28427790, 402073899, 26584908, 153286, 25839443, 233964, 502233258, 227411, 219823, 266682, 266636, 26454953, 5264859, 266706, 28310326, 451340983, 266698, 278598, 205449, 283461, 247588, 306664, 463352353, 463352366, 29747616, 26608521, 26608526, 253196, 331310, 192857, 32192431, 32192429, 396027, 396077, 234225, 234418, 322317, 69728, 156641, 402070837, 94566, 126292, 126296, 214121, 172821, 493452307, 27591204, 27591220, 497323369, 211015, 26207174, 26207114, 26207150, 27867457, 26207177, 316580, 316578, 210303, 469599870, 186339, 28457339, 234898, 235100, 234799, 235378, 234311, 234321, 234644, 285783, 28921557, 31246559, 25641717, 25839447, 112572, 40140663, 403710394, 113838, 27907433, 188582, 188880, 188747, 186331, 64566, 64443, 179884, 26524409, 28068286, 28234607, 187066, 31877509, 27867506, 86223, 118560, 29019503, 26584453, 5268108, 29209598, 308235, 77119, 77026, 77107, 77088, 77225, 77127, 77093, 77099, 77131, 28232267, 243259, 187360, 190079, 27825968, 210710, 210279, 31246552, 5268106, 36867902, 29722281, 110105, 26090183, 110400, 5280782, 187380, 186191, 187478, 197490, 197606, 31877129, 28427728, 31877646, 28427765, 401722037, 28427783, 404746057, 31877627, 407002484, 31877130, 28391021, 31877465, 31877386, 31877156, 276042, 30432208, 33544375, 438306457, 450226742, 29755058, 26494530, 28892385, 455557328, 30814948, 28643203, 541499326, 27946600, 30432204, 36308232, 416552313, 410518476, 27904086, 26124791, 26124792, 26124797, 30432225, 30432231, 30432232, 5282393, 30260077, 345998, 214817, 215089, 26429002, 215022, 26429027, 215068, 215091, 214802, 214968, 215073, 26429003, 26429025, 214917, 215071, 26429008, 26429029, 26429023, 26429009, 214675, 26429016, 214866, 215039, 214781, 215033, 26429028, 215050, 26429005, 214939, 214798, 215085, 214811, 214794, 215065, 214926, 214667, 35726221, 26429007, 26429022, 31838335, 29844877, 308201, 157335, 27630939, 253265, 26584858, 348831, 348828, 348819, 348816, 348812, 348801, 348788, 191227, 191126, 191469, 190249, 27496082, 86882, 430041029, 348811, 348804, 348822, 348813, 257768, 188591, 188832, 70447, 113618, 28191532, 66730, 28111641, 25727428, 167931, 28160430, 25727425, 28029104, 188491, 5247634, 27867449, 25727424, 93847, 188459]"
2007878732,拯救世界的大天使,你有本事继续这么唱歌，我继续喜欢你就是了,"['日语', '翻唱', 'ACG', '翻唱']",[]
623425072,缺 發 社 交 機 巧 的 詩 人,我 們 是 世 紀 末 最 后 一 群 缺 乏 社 交 機 巧 的 詩 人,"['华语', '民谣', '翻唱', '翻唱']",[]
2869035712,Cover｜网络热门流行歌曲推荐,"“但愿日子清净，抬头遇见都是柔情，你是声色张扬下我欲盖弥彰的温柔理想”

每一首都好听 欢迎推荐谢谢收藏收听
喜欢就多来 ！ 欢迎投稿优质歌曲 
封面来自网络","['流行', '翻唱', '翻唱']","[2080177728, 2068591545, 1397345903, 1303027499, 1325711261, 1842728629, 2063864551, 2033897126, 2040836984, 1970539602, 436346833, 1907818593, 458231428, 1470657694, 1440570723, 2007985520, 1919437907, 1979382551, 472060885, 1933997277, 2049512697, 1926623288, 488249475, 865632948, 1951069525, 2026224214, 1997438791, 1974443814, 411314659, 1992343682, 1984758339, 411314656, 1984475097, 285321, 411314657, 1953837350, 1403318151, 1827600686, 1927402478, 1368754688, 1410647903, 1807799505, 2035320743, 28232019, 1403215687, 2035279723, 29850683, 26127565, 1482867143, 1948129385, 1947775642, 475479888, 1371046568, 1934251776, 1922888354, 1947208581, 1959667345, 41656275, 1824045033, 1925452719, 1474411443, 1914898258, 208891, 1901371647, 205342, 1911907981, 1907766514, 344442, 108931, 1459935719, 1919147134, 29774171, 1892562874, 1909604321, 1893736474, 28403111, 1887139866, 1854191696, 1875941511, 1456890009, 1887917182, 1867217766, 1859245776, 1869728598, 1841002409, 1868943615, 1432968475, 1860578400, 1874158536, 1849998058, 489302317, 85571, 1406649619, 1861640530, 420401511, 1851258433, 451703096, 1847422867, 1843704418, 1497588709, 1837557715, 1840459406, 1441758494, 1846489646, 1824025894, 1840808119, 1805088448, 1478568147, 1442508316, 1826189041, 1321392748, 1456393572, 1811921555, 1808492017, 1355896807, 1811408619, 1805371171, 1815105886, 1443838552, 1814086147, 1498523311, 1809100933, 1804320463, 1813864802, 1807537867, 573615289, 1812225658, 1477539203, 1422212205, 1804879213, 1498342485, 1495058484, 1803349526, 1481164987, 1491221473, 1426649237, 1297802566, 523251118, 1475124792, 1383972145, 1481657185, 1468270651, 1486513704, 1459950258, 1397674264, 1475901644, 523250334, 1450630238, 1463168014, 1336856864, 1456443773, 558071673, 1463165983, 1468039556, 1460682363, 483937795, 32835377, 407450223, 1459436775, 1397679310, 1330348068, 402073804, 493735012, 1420075778, 1449678888, 1423241987, 1445761206, 518682659, 1432414091, 1436444728, 1401482684, 1425626819, 1431880021, 1383053049, 1389090775, 1336856449, 1387581250, 1385856956, 442314990, 405599470, 1413585838, 1375941658, 1400227307, 465921195, 476659144, 1392729979, 1398663411, 1407551413, 1436910205, 1413142894, 1430850573, 1470415329, 28059417, 517446139, 543798652, 1412242872, 425684758, 28832054, 1358848433, 1299550093, 1404885266, 1400256289, 36841951, 1391491741, 1399112638, 569200213, 550138197, 1363948882, 504646547, 1376973719, 1369798757, 1383927243, 1366777236, 531786301, 1373264998, 1373474705, 1365071885, 1335580481, 455710835, 1383719491, 1402238751, 1347133940, 412911436, 1384971398, 28111646, 1344814341, 1332647902, 446508938, 1296706520, 1352002513, 449818741, 448546353, 1370007645, 1387157948, 1349292048, 1371378894, 1383201475, 565194929, 1337583892, 1384379256, 1374660757, 523035967, 1361558668, 1350364033, 1383876635, 449254451, 1370877684, 1332195598, 1363078221, 1321385420, 1334761781, 441491828, 1353785994, 557584888, 1351520305, 558290126, 1388608541, 1320188206, 1365246741, 1336153991, 139764, 490378846, 1338022514, 573848842, 562598081, 1316256535, 453718143, 208902, 306626, 526464145, 1345848098, 36270426, 1341964346, 1313354324, 1322892676, 516358518, 557581284, 531295576, 452986458, 1317410061, 1355916808, 1293886117, 25713024]"
2715933347,精选｜2023那些循环歌曲的翻唱,"这世上最难堪的事不是他不爱你
而是他说很爱很爱你
最后却轻易的放弃了你 ​​​","['流行', '翻唱', '华语', '翻唱']","[2094475583, 2066627707, 2041974276, 2019279516, 2021849994, 1933263161, 2006196078, 1992083081, 1954223039, 1966084920, 1953274089, 1968791360, 1960170435, 1974391626, 1963213974, 1942041775, 1813926556, 1968032170, 1960708489, 1975617587, 1336205537, 1829061727, 1924802587, 1951974231, 1969061662, 1941265858, 1928857203, 1956171974, 1961735531, 1906301231, 1968781675, 1954954129, 1914898258, 1952928935, 1958654138, 1357399743, 1947208581, 1952560118, 1924245718, 1918650503, 1435177840, 1459023707, 1965671755, 1927231651, 1951019339, 1937050851, 1430712577, 1815759242, 1949119429, 1863203689, 33340067, 1430633278, 1899122656, 1864789443, 1469350053, 1805088422, 1963074428, 1818178300, 1955727068, 1920784999, 1925654940, 1449595426, 1432655093, 1908392914, 1812464820, 1448138988, 1496558773, 1933915376, 1424386071, 1422301586, 1426557520, 1433470767, 1426947485, 1408738715, 1934656810, 1432968475, 1395144034, 1450494818, 1312993764, 567999629, 1351743204, 1831805166, 1438573164, 1442587707, 1404488810, 1974405013, 1336631279, 1337583892, 1886371886, 1878620183, 1886416895, 1447231890, 1834297339, 1427200303, 1466867610, 1486264538, 1476879471, 1486086007, 1473214690, 1418852960, 1374626245, 1429363574, 1422519089, 1437833797, 1450630238, 1449990499, 1431880021, 1431929338, 1461647979, 1442600205, 1337325783, 1449020316, 1440089355, 1431866741, 1828138473, 1395304598, 1466319796, 1463503505, 1431393883, 1306857404, 1454687317, 1446137141, 1444947562, 1426361558, 1423527466, 1382314330, 1397282233, 1475571759, 1416772486, 1412846581, 1931469294, 1433247267, 1430620302, 1443385992, 1439354783, 1422727081, 1432699677, 1435487101, 1433795646, 1430723979, 1425898176, 1433338551, 1433324655, 1398508295, 1383201475, 1394183562, 1388004789, 1379456709, 1363752678, 1365914380, 1370007645, 1365246741, 1354262512, 1350202699, 1336153991, 483937795, 864043623, 1334761781, 1343756008, 1301212183, 1300942718, 1346472029, 1305187415, 478303470, 521331876, 1312608386, 439121995, 1313954882, 410161283, 1328602162, 1295548309, 1364456209, 1307391311, 1328559576, 1338022514, 1334014549, 454556146, 573848842, 511124094, 476659144, 864495909, 1305656179, 565200659, 527189918, 1316851724, 458324468, 542516633, 567000712, 1313951459, 547497128, 416892296, 434070771, 1804614734, 1919147134, 1888622459, 1862592546, 1932593070, 1932683020, 1942734484, 1939215517, 1360892929, 1939492782, 520847735]"
569998999,Jfla.翻唱.原唱.原音总合集,"J.Fla，原名Kim Jung Hwa，韩国歌手,歌曲制作人。2013年正式出道并发行首张原创EP《바보 같은 Story》出道后不久就迅速在日本和韩国成为热门话题
2016年，J.Fla的翻唱作品在国内转载而得到关注，因其甜美声线和惊艳侧颜得到许多人的喜爱。","['翻唱', '韩语', '欧美', '翻唱']","[1396953911, 1393411383, 1296703791, 1397741110, 1387629758, 1326987218, 1326987217, 1326987220, 1296703792, 554725988, 1296703788, 1296706519, 554725981, 1296706520, 1296703789, 1296706523, 1296706522, 1326987219, 554725973, 554726630, 554725991, 554726622, 554725972, 554726624, 554726628, 554725969, 554725970, 546838030, 546838014, 546838015, 546838017, 546838016, 532777081, 522352133, 518895684, 517543020, 517541024, 517543021, 517542026, 517543022, 517533043, 500412245, 500412241, 500412240, 500412244, 500410247, 500410248, 500410249, 500412243, 500412242, 500410246, 509330323, 509512219, 459062611, 458995752, 27511748, 29807139, 29807140, 463352641, 463352640, 471968087, 471374061, 471968090, 463352636, 463352639, 471968091, 463352637, 471969104, 471969105, 468882985, 468882981, 468882982, 468882987, 468882984, 38391656, 427139494, 427142453, 427142454, 29807142, 27511746, 27511747, 417247275, 468882986, 468882983, 411314862, 27511744, 27511745, 463352638, 476341569, 482988471, 28977745, 406730332, 18578255, 36198046, 28582811, 478920958, 479219347, 20942973, 475207448, 472361096, 473602620, 473817398, 466343434, 26548584, 456175020, 29747517, 2117009, 425280623, 419594258, 34072434, 442979405, 37653063, 17368890, 25657241, 17285331, 21973483, 17559998, 20200911, 33020802, 18981967, 26123540, 17956427, 26569168, 4072062, 21562970, 28803640, 22789469, 36067511, 26343027, 25657229, 28613217, 29592139, 32639368, 28692519, 20954641, 18127316, 34586323, 29984441, 33579194, 1868553, 36025888, 36871368, 3313334, 27556211, 25657280, 18794244, 2188235, 33668983, 411314681, 25657282, 16435051, 16435049, 18638058, 402073823, 28306668, 1297841, 22813714, 21253953, 21253806, 27566922, 19192331, 27580497, 466126510, 405226741, 39224884, 461518855, 417911175, 30953009, 454053318, 420922950, 27713920, 461347998, 21233912, 26165023, 432780721, 432698441, 460043372, 34922419, 425280626, 3986017, 35470060, 451703096, 451701104, 453185808, 28815096, 29413831, 29750100, 26060065, 29019227, 21253966, 436487056, 29819943, 1115896, 31311321, 3406918, 446875978, 434981551, 447282093, 422132237, 415792222, 444269135, 401249910, 5366195, 405564682, 30903821, 35539137, 32922450, 35310076, 32897025, 429528027, 432821657, 421148440, 402070862, 436487132, 420154630, 415904452, 418550480, 423228325, 434974661, 447076329, 441491167, 423227295, 430208270, 29966565, 30394891, 409916250, 26624714, 34696917]"
8284256672,0.7x0.8x/慢歌听的是感觉,"精选降调慢歌 人慢慢爱 歌慢慢听 
喜欢收藏把 不定时更新 谢谢喜欢","['流行', '翻唱', '00后', '翻唱']","[2041899354, 1946234096, 2029560994, 1955223133, 1955423798, 2041375763, 1990080484, 2005063613, 1983501304, 1968429904, 1963213974, 1954223039, 2064033095, 1957344271, 1986771025, 1953274089, 1939685534, 1931410909, 1916463494, 1954924353, 1917342027, 436346833, 1959303514, 1926873649, 1961161592, 1949423188, 1947780316, 1961174794, 1971444527, 1962023567, 488249475, 1992077880, 1959217061, 475479888, 865632948, 1925452719, 1971708235, 1453957944, 1960449627, 1961454402, 1984889268, 1957883626, 1990744019, 1955204537, 1927934815, 1939409228, 1959152626, 1958772544, 1958683761, 1984130777, 1958137565, 1810299649, 1970973216, 1979321380, 1953776673, 1952923251, 1947026627, 1955286780, 1946585503, 1970324585, 1969804979, 1887139866, 1968270354, 306877, 36024442, 1988532821, 1974228177, 1955703364, 1991770936, 1957256470, 1972445487, 1960351004, 1947385901, 1909339376, 1963213163, 1986129639, 1961650672, 1958793166, 1958121870, 208891, 1932851359, 1944123716, 1927753119, 1939563264, 1932279387, 1929983764, 1926907912, 5308003, 1954153854, 1955393983, 1948708162, 1934381272, 1951105519, 1956168505, 277759, 1954957116, 1406175700, 1952870374, 1952350857, 1952285354, 1952233909, 1930200326, 1925560390, 1939966331, 1923189506, 1926259611, 1935408820, 1428290622, 1897710831, 1934203423, 1923178574, 1419592364, 1406174734, 1932310602, 1923701427, 1924817966, 1927963832, 1927963821, 1930557421, 1930248912, 1928900468, 1934353849, 1959190717, 1943520092, 1961006625, 1955613321, 1955681767, 1970514859, 1959548380, 1958745079, 1952358155, 1951182806, 1951559963, 1947548156, 1943675085, 1951960912, 1956278686, 1955411936, 1965190044, 1948007389, 1901628234, 1962438244, 1940359218, 1913594039, 1943193084, 1956161771, 1940449610, 1956171974, 1960595908, 1962079068, 1955692561, 1950100043, 27896944, 1939236435, 1930605629, 1960835902, 1955197097, 1954500571, 1931632095, 1958119516, 1958023246, 1960622986, 1958825391, 1960170435, 1943229964, 1959303484, 1939633377, 1926057748, 1961032753, 1955029675, 1966212898, 1958121913, 1926875529, 1937212415, 1956755577, 1959234814, 1957492947, 1931599749, 1917852233, 1960301331, 1961476608, 1945107544, 1928069067, 1925262041, 1928185344, 1938733034, 1950336719, 1937372851, 1958856851, 1947592155, 1879815403, 1955376578, 1916814435, 1893625703, 1952766387, 1956082692, 1955892519, 1929347100, 1948514479, 1933810345, 1956724806, 1953028750, 1955651142, 1958125235, 1925574040, 1919597705, 1945112054, 1929449141, 1953171679, 1933983971, 1925257399, 1928979160, 1948191368, 1938862336, 1929126468, 1925830932, 1932198958, 1881007136, 1929449178, 1898907962, 1939395250, 1922473501, 1946063168, 1943670214, 1949949331, 1946322486, 1931434579, 1941804761, 1927189273, 1924883994, 1889108196, 1899521702, 1945417412, 1907462482, 1926908089, 1933594385, 1922598952, 1941265858, 1939878025, 1925500681, 1929611246, 1936250153, 1910475145, 1909326368, 1451464080, 1919695702, 1923167380]"
2807168180,网易云热歌推荐超好听歌曲（持续更新）,"那些未曾说出口的话，就留在这里吧。
歌单建立:2019.5.20","['华语', '流行', '翻唱', '翻唱']","[1883725123, 1897878168, 2064496480, 1989423797, 2101412029, 1923184888, 522943592, 1942594143, 1388433823, 1968791360, 1969610050, 1944548896, 461544312, 1444086303, 1294951288, 1423241987, 2100272397, 29412405, 1929548537, 1983456716, 1430342558, 1824025894, 1893736474, 1406649619, 1403318151, 2004131793, 521416693, 2047636659, 1343200588, 1878812258, 1963591655, 2068950835, 1874089396, 1851411976, 2013823506, 2065951436, 2051361761, 1938061026, 1408319235, 2055281341, 534542183, 1948606963, 1830414341, 1357774828, 1945004234, 1907254749, 2003662313, 1406486126, 1859253748, 1837817387, 1926220213, 1394017237, 1949423188, 1940334604, 1370047789, 1951144114, 2066657734, 1958172152]"
5306980101,深情易受伤孤独易上瘾,"把你的故事/文案写在评论区把
将回忆酿成烈酒入喉从此不再挽留不再回头你值得更好的人给你更好的幸福

不定时更新","['华语', '翻唱', '流行', '翻唱']","[1899079967, 1882041535, 188446, 1331819951, 441120217, 1805077132, 1868943615, 1811921555, 28996919, 2013748896, 208891, 1847975477, 1901936205, 475479888, 1841002409, 328076, 422104138, 1495131163, 25638340, 208902, 176430, 1330348068, 1479526505, 1966796889, 108931, 1889959721, 85571, 1443900403, 1875955353, 2016072932, 1915875397, 1877136307, 1909375763, 1923482011, 1978761766, 1840459406, 512376326, 1297802566, 1815969317, 1930512466, 1931952742, 1430319727, 1831839965, 1863322766, 1924669606, 30352891, 1389401486, 1933201258, 1932466553, 34923114, 1985468677, 513360721, 1375539402, 28403111, 1477805531, 1895082393, 1892337308, 1414062078, 1842025914, 553755659, 1893508618, 1826179038, 1335350269, 1355916151, 1960565834, 1495058484, 1374154676, 1907246085, 1812673579, 481535597, 1307334023, 1451235663, 1840458780, 518096340, 1824025894, 1869681617, 1918615133, 1837764739, 1913216912, 2011925034, 1811459887, 1431808890, 1807537867, 1832088781, 1843949820, 1921251248, 1348896822, 1475596788, 28592088, 1433786440, 1843978394, 1321378753, 1444202190, 1412022967, 541511427, 1431291107, 1394963332, 165361, 1449601413, 405599470, 523250334, 523251474, 1811178061, 1932025490, 1831481565, 1890011861, 1453972194, 1300994613, 1822701451, 1393971554, 1376142151, 1924266573, 1349292048, 1334270729, 1377574592, 233917, 1357399690, 574919767, 1400256289, 1470101370, 1455965526, 516728102, 1438502413, 1368754688, 525239776, 1456393572, 1817693744, 1350364033, 1476236296, 1804320463, 1370047789, 1808078153, 151606, 1377491824, 1910987492, 1922348893, 1928429741, 1960567811, 1463165983, 1950315661, 1906792618, 1426724640, 1877026994, 1325203097, 1417081103, 1833634254, 1311319953, 1403215687, 1474547936]"
5068534740,“祝你前程似锦 再难遇我”,"后来
听了这么久的歌才知道歌词是
“第十三月你就如期出现”
一直以为是
“你说三月就会如期出现”
原来是根本没有了期待

评论区存自己喜欢的文案","['华语', '翻唱', '伤感', '翻唱']","[167844, 306665, 26305527, 1925158350, 1925396986, 174956, 25727803, 208902, 29774171, 488249475, 1923184888, 1907766514, 1925100299, 29814898, 493735012, 1894094482, 1359818052, 1919485846, 1497523206, 1918681818, 1918650503, 1919524258, 1915297033, 1336205537, 1909604321, 1804614734, 1891469546, 1456890009, 1901371647, 1895330088, 1906034595, 1905157827, 1412572805, 1915259735, 1386639837, 1842025914, 1901359386, 387948, 1492183423, 1461676491, 565200659, 1846489646, 1825647671, 1900190434, 1843704418, 1481394121, 1482169092, 1845373241, 1475436266, 1489664788, 1827600686, 1854105063, 1500569811, 1433831191, 1466133934, 1815085049, 1822538249, 1451682680, 1498317434, 1468908179, 1454236322, 1467090928, 1431880739, 1419843575, 1447185292, 1433228815, 1456026072, 1446072173, 1424507713, 1452470023, 1406934370, 1450265949, 1438489642, 1454266725, 1463102760, 1458931009, 1427090442, 1403053170, 1412847323, 1442246535, 1435162076, 1441938283, 1463391011, 1447796107, 1442587707, 1450753455, 1433831232, 1451518058, 1443613715, 1447848829, 1448138988, 1419457616, 1449420683, 1433904168, 1424649336, 1440597489, 1455714903, 1435158305, 1439884195, 1439125289, 1434631084, 1424018194, 1430850579, 1422727081, 1430628817, 1433470767, 1424220262, 1417784917, 1420287353, 1455485876, 1454687317, 1432968475, 1452097105, 1433807553, 1422778987, 1412846581, 1424647603, 1387608452, 1427049829, 1459436775, 1429787141, 1383966924, 1431866741, 1445247227, 1435132254, 1459023076, 1461676431, 1458062876, 1426436764, 1427200303, 1395302566, 1434438519, 1426971434, 1460187096, 1431880021, 1375319263, 1423753681, 1413162944, 1438643335, 1412847322, 1430633278, 1438825241, 1430444978, 1430620302, 1434442050, 1421457004, 1438820947, 1431929338, 1436853551, 1358575160, 1442600205, 1441080789, 1433795646, 1371378897, 1405161871, 1433421603, 1435428286, 1433013289, 1426557520, 1432993576, 1345901541, 1407993755, 1438452787, 1446673879, 1379252766, 565203857, 1430712577, 1423527466, 1439354783, 1431393883, 1377981143, 1457180545, 1449485010, 1432913600, 1436423847, 1444947562, 1441256078, 1389664235, 1389663359, 1418852960, 1425898176, 1312993764, 1351743204, 1387051024, 1407272623, 1426361558, 1425587051, 1431464716, 1403589204, 445154960, 1450630238, 1334761781]"
2885314066,声入人心第一季❤梅溪湖我们不说再见,"♪(＾∀＾●)ﾉ~用声音追光~

我们专注于声音

梅溪湖女孩收集湖里歌曲的歌单

声一的live版在最下面，其他live也在比较下面

（更多的歌曲收集在Q音 歌单——梅溪湖都是真的❤声入人心第一季 里面）

｡:.ﾟヽ(｡◕‿◕｡)ﾉﾟ.:｡+ﾟ","['华语', '翻唱', '下午茶', '翻唱']","[2106791503, 2106791516, 1321392574, 1356295430, 1364996005, 1417278101, 1813593239, 1408829131, 2096427600, 2101484365, 1411993265, 2040325076, 1837528900, 2104687387, 2103381073, 2104687392, 2104589122, 2101753243, 2101753242, 2101753241, 2101750459, 2101753240, 2100380793, 2101351775, 2096093900, 2100288930, 2098693162, 2096071641, 2097800108, 2097409456, 2092537414, 2015889678, 2088303558, 2085776184, 2076129778, 2086015298, 2083989344, 2085727471, 2084374651, 2084402491, 2083161379, 2083154418, 2076114466, 2080409105, 2081178512, 2081178486, 2081179235, 2082122950, 2078088362, 2070997640, 2075846321, 2077764168, 2073858299, 2068183432, 2066743517, 2065916249, 2065911530, 2065179337, 2062562565, 2060064904, 2061892975, 2059804848, 2056499579, 2057212057, 2052041343, 2050676694, 2049038945, 2043512277, 2041447431, 2039772444, 2039772486, 2039788020, 2039782115, 2039788038, 2039782122, 2039782123, 2039788041, 2037101538, 2033415554, 2030743236, 2030493019, 2026494958, 2028166834, 2026891761, 2026836098, 2026112701, 2025195082, 2022392097, 2023207804, 2022953333, 2022954336, 2022954345, 2022954348, 2021403835, 2020167641, 2016388224, 2016115519, 2015604081, 2014291207, 2014305541, 2016385419, 2018938696, 2016123034, 2014325074, 2013359373, 2010578107, 2012447166, 2008994204, 2009003471, 2009249340, 2005559357, 2002313610, 2000371815, 1999576838, 1998977885, 1996324201, 1996527838, 1998664827, 1998664836, 1992401728, 1996338502, 1995431180, 1991339729, 1991617573, 1990165391, 1987806516, 1984061107, 1981784901, 1981000795, 1979706906, 1977622854, 1978693191, 1977139690, 1974629213, 1975657634, 1973618495, 1972736630, 1971773399, 1971842486, 1969585243, 1969818592, 1969818578, 1968993157, 1966862772, 1965090824, 1965090826, 1962963253, 1374647194, 1960650720, 1958657237, 1955934708, 1954954041, 1955613404, 1952805687, 1950917526, 1949048395, 1936373701, 1933895443, 1936822076, 1947385769, 1944114966, 1939898080, 1941639306, 1941653724, 1941629582, 1941639510, 1931597810, 1939423145, 1939423146, 1939416592, 1939633389, 1939661388, 1939668943, 1939668935, 1938306786, 1931627509, 1936932703, 1933161743, 1931616190, 1931615398, 1931332695, 1929346993, 1918557987, 1929008312, 1923479014, 1922624060, 1924224595, 1922623139, 1920941709, 1920737901, 1880007339, 1920280202, 1920341975, 1920252192, 1920252187, 1919247332, 1914898342, 1917041739, 1915674852, 1915860524, 1915616111, 1914991073, 1914990594, 1914569307, 1914986250, 1914696410, 1913523466, 1913478990, 1912586329, 1912586331, 1912586333, 1912587676, 1911248437, 1907059521, 1907061489, 1907061490, 1907059522, 1907061491, 1907059523, 1907061492, 1907061498, 1907059530, 1907059531, 1907497682, 1906097379, 1906485261, 1906487679, 1905686712, 1903991825, 1904249380, 1903663263, 1902475471, 1901011602, 1899965844, 1899671407, 1899390051, 1899390043, 1897342903, 1895882275, 1898506477, 1895928618, 1892022755, 1892532629, 1892179636, 1890714306, 1888915600, 1888915595, 1888864554, 1888892400, 1884312423, 1881994402, 1879553478, 1879553483, 1879554304, 1879554314, 1879553506, 1879553517, 1879554338, 1875909508, 1874965108, 1868850856, 1874389966, 1870561008, 1870390705, 1868786232, 1863201974, 1865093947, 1861613071, 1861613072, 1857241881, 1854094807, 1854094874, 1854434413, 1854143691, 1853698951, 1853696530, 1850779585, 1847997476, 1847701046, 1846081975, 1846081967, 1846032154, 1844245605, 1844245606, 1844245607, 1844245608, 1844251782, 1844251783, 1844251784, 1844251785, 1844251786, 1844251787, 1844251788, 1844251789, 1844445664, 1839921429, 1839921427, 1841583160, 1831767639, 1832417644, 1836086841, 1838788127, 1840402725, 1835590786, 1835838861, 1831993393, 1835621399, 1834087258, 1834087257, 1833316854, 1832411096, 1819636112, 1819657497, 1819639834, 1820150409, 1819176364, 1822692171, 1823332816, 1825640558, 1821969634, 1819116671, 1820241699, 1818293753, 1817775517, 1411820493, 1817777068, 1406016106, 1823027930, 1823319662, 1823973156, 1825808153, 1816905987, 1816247229, 1815975535, 1499839673, 1807829830, 1803547561, 1814080666, 1815684465, 1813568808, 1813888105, 1805044099, 1491495234, 1491495190, 1816018288, 1813067093, 1811945107, 1811945108, 1811946808, 1811945109, 1811946809, 1811945110, 1808292916, 1808216477, 1803335818, 1500947433, 1501179497, 1496020656, 1487222965, 1804095816, 1492318633, 1490931545, 1488828018, 1485332781, 1485103444, 1467162539, 1447327907, 1474148124, 1447330719, 1481176370, 1479255197, 1476462709, 1472545508, 1470383117, 1472581727, 1463083548, 1465313631, 1461677598, 1461381907, 1464868516, 1464476474, 1459928972, 1447330707, 1457757881, 1456652650, 1456452158, 1455924365, 1456021711, 1456023153, 1456021710, 1456021713, 1456399260, 1453108039, 1453342107, 1422989467, 1450956881, 1450735647, 1449399545, 1448533371, 1447967001, 1447330704, 1447070746, 1446239576, 1444742318, 1444693959, 1444381626, 1444420184, 1443928242, 1442587343, 1442504507, 1440737903, 1442212866, 1442215574, 1442212869, 1442212871, 1442212870, 1442212867, 1442215572, 1442212868, 1442215578, 1442215580, 1442215581, 1442215579, 1440315600, 1436150979, 1433453663, 1433454263, 1434057736, 1434057050, 1434295749, 1433984099, 1416619074, 1431343449, 1433256065, 1429392929, 1431340875, 1431334902, 1431304752, 1428534895, 1408750046, 1408749286, 1405262416, 1405262417, 1405264243, 1405264245, 1405264250, 1422226837, 1423232239, 1423158508, 449577226, 1424180710, 478490852, 1350658782, 865048849, 1419772816, 1376832321, 1343311790, 422790266, 1397685808, 1378254452, 1416430757, 1398451652, 1404731274, 1404731273, 1398451597, 1416881048, 553814235, 1349976100, 1397708511, 1416929971, 1374616025, 1416392146, 1411586360, 1356327812, 1377957361, 1409010093, 1422046493, 1384280142, 1371939273, 29818791, 1407540244, 1398675838, 1401204707, 1356309449, 1386071527, 1370897571, 505820589, 1401899051, 35023258, 1341800341, 1401067186, 1370897787, 428642244, 34834292, 1371793759, 1442844124, 1440881234, 1439111144, 1439111143, 1436912203, 1436912291, 1434062381, 1432427847, 1432427879, 1429908231, 1428598981, 1425818683, 1424774075, 1422989604, 1421191783, 1817641610, 1346724193, 1404731280, 1413998252, 1401491853, 1401491836, 1418319793, 1476470037, 1476467518, 1476466016, 1499985961, 1499986284, 1358852101, 1358852104, 1358247615, 1354425766, 1353010641, 1351449988, 1350658588, 1348548722, 1347873265, 1336871982, 1381574049, 1381574051, 1381564670, 1381574053, 1381574054, 1381574055, 1381564671, 1381574057, 1381574058, 1381578447, 1381578446, 1381574771, 1381578450, 1381578449, 1381574773, 1381578451, 1381578448, 1381574059, 1381564674, 1381564675, 1381564676, 1381574061, 1381574062, 1381564677, 1381564678, 1381574712, 1381574710, 1381578372, 1381574715, 1381574713, 1381578375, 1381578373, 1381574711, 1381574714, 1381562991, 1381562992, 1381562994, 1381562995, 1381562996, 1381564622, 1381574467, 1381578113, 1381574466, 1381574484, 1381578114, 1381578116, 1381383322, 1381383325, 1381383323, 1381380801, 1381380802, 1381383324, 1381380739, 1381380738, 1381383276, 1381383275, 1381380736, 1381380071, 1381375735, 1381380117, 1381380128, 1381375792, 1381375836, 1381368906, 1381368907, 1381368910, 1381368939, 1381365868, 1381365870, 1381368941, 1381373697, 1381373686, 1381373695, 1381375433, 1381373683, 1381375430, 1381373693, 1381373689, 1381373696, 1381375437, 1381373691, 1381375435, 1381375438, 1381373688, 1381373690, 1381375436, 1381375432, 1381373684, 1381373687, 1381373694, 1381375434, 1381373692, 1381375431, 1381373685, 1381375380, 1381375375, 1381373634, 1381375376, 1381375374, 1381373633, 1381373631, 1381373632, 1381373627, 1381375378, 1381375377, 1381373628, 1381373629]"
6925656741,王楚钦翻唱歌曲,"本歌单跟随王楚钦全民k歌同步更新
能和你们一起喜欢头头真是太好啦
也祝愿王楚钦选手健康涨球 天天开心","['华语', '翻唱', '翻唱']","[1933605915, 186119, 1969968839, 1376142151, 1901371647, 1915943449, 436514312, 60274, 1306400549, 1334327077, 1363948882, 277111, 1474861444, 463262368, 27583525, 109196, 454276035, 26402667, 31877243, 1359356908, 1346104327, 1412475757, 191232, 467952048, 518686034, 458238990, 545413103, 29567192, 254132, 29436904, 27646198, 28977819]"
6959036457,0.7x/0.8x网易云伤感音乐,"你会不会半夜起来发现亏欠我好多

来了就留下一句你喜欢的文案吧","['华语', '流行', '翻唱', '翻唱']","[1972437641, 2085771134, 1464836695, 1939409274, 1945417412, 1929532353, 1850321305, 1970659836, 1970938048, 1483553812, 1956810237, 1961642944, 1890772383, 1960979287, 1949856389, 1925262041, 1464772035, 1953028750, 1935484288, 1959234814, 1467479613, 1936835241, 1955039633, 1951911139, 1464578198, 1935297555, 1926259611, 1945579746, 1460345169, 1926875529, 1949423188, 1877180002, 1958023246, 1951720244, 1939633377, 1482207373, 1938862336, 1916236769, 517643306, 1464878510, 1372528274, 1337325783, 1422301586, 1440079687, 1436999573, 1481619814, 1839653541, 1460142583, 1439669573, 1445872259, 1481148699, 1472999283, 1435162076, 1339226999, 1445247246, 1464822005, 1366502057, 1474430101, 1420287353, 1429781378, 1464884272, 1447635772, 1449430703, 1460327915, 1372794968, 1369292691, 1427090452, 1447099228, 1868872983, 1422736582, 1438252467, 1434980678, 1839656270, 1358575160, 1472723985, 1352045218, 1431292860, 1839658476, 1445733547, 1396377126, 1461076181, 1453415379, 1447185292, 1834629504, 1460029569, 1839655148, 1382616274, 1455674517, 1433441790, 1487896162, 1441963602, 1430723979, 1336153991, 1458931009, 1437055350, 1466941883, 1426052442, 1435619136, 1429787141, 1439884195, 1425641777, 1429392636, 1449601413, 1426733632, 1427049829, 1433281637, 1444738477, 1353240143, 1464190619, 1437833797, 1434438519, 1305459957, 1434181586, 1856386173, 1431393883, 1421457004, 1422719929, 1334761781, 1429271155]"
8381418649,0.7x/0.8x 爱上你我总在学会,后来才知道爱没有用 爱对人才有用,"['华语', '流行', '翻唱', '翻唱']","[1950070505, 1397345903, 1982658883, 1842728629, 1944802405, 1955423798, 2063864551, 2016323659, 2020290667, 174956, 1939409274, 405599470, 2019351846, 1897710831, 1991881561, 1998135910, 1979318019, 1955223133, 1955039633, 436514312, 1970539602, 1993517689, 1971490891, 1990080484, 1968429904, 1963213974, 1954223039, 1957344271, 1953274089, 1939685534, 1916463494, 1931410909, 1954924353, 1917342027, 1959303514, 1926873649, 1949423188, 1971444527, 1962023567, 488249475, 1959217061, 475479888, 865632948, 1946234096, 1925452719, 1971708235, 1453957944, 1961454402, 1957883626, 1990744019, 1955204537, 1939409228, 1959152626, 1958772544, 1958683761, 1984130777, 1958137565, 1810299649, 1970973216, 1979321380, 1953776673, 1952923251, 1947026627, 1955286780, 1946585503, 1970324585, 1969804979, 1887139866, 1968270354, 306877, 36024442, 1988532821, 1974228177, 1955703364, 1957256470, 1960351004, 1947385901, 1909339376, 1963213163, 1986129639, 1961650672, 1958793166, 1958121870, 208891, 1932851359, 1944123716, 1927753119, 1939563264, 1932279387, 1929983764, 1926907912, 5308003, 1954153854, 1955393983, 1948708162, 1934381272, 1951105519, 1956168505, 277759, 1954957116, 1406175700, 1952870374, 1952350857, 1952285354, 1952233909, 1930200326, 1925560390, 1923189506, 1926259611, 1935408820, 1428290622, 1934203423, 1923178574, 1419592364, 1406174734, 1932310602, 1924817966, 1927963832, 1930557421, 1930248912, 1928900468, 1934353849, 1959190717, 1943520092, 1961006625, 1955613321, 1955681767, 1970514859, 1959548380, 1958745079, 1952358155, 1951182806, 1951559963, 1947548156, 1943675085, 1951960912, 1956278686, 1955411936, 1965190044, 1948007389, 1901628234, 1962438244, 1940359218, 1913594039, 1943193084, 1956161771, 1956171974, 1960595908, 1962079068, 1955692561, 1950100043, 27896944, 1939236435, 1930605629, 1960835902, 1955197097, 1954500571, 1931632095, 1958119516, 1958023246, 1960622986, 1958825391, 1960170435, 1943229964, 1959303484, 1939633377, 1926057748, 1961032753, 1955029675, 1966212898, 1958121913, 1926875529, 1937212415, 1956755577, 1959234814, 1957492947, 1931599749, 1917852233, 1960301331, 1961476608, 1945107544, 1928069067, 1925262041, 1928185344, 1938733034, 1950336719, 1937372851, 1958856851, 1947592155, 1879815403, 1955376578, 1916814435, 1893625703, 1952766387, 1956082692, 1955892519, 1929347100, 1948514479, 1933810345, 1956724806, 1953028750, 1955651142, 1958125235, 1925574040, 1919597705, 1945112054, 1929449141, 1953171679, 1933983971, 1925257399, 1928979160, 1948191368, 1938862336, 1929126468, 1925830932, 1932198958, 1881007136, 1929449178, 1898907962, 1939395250, 1922473501, 1946063168, 1943670214, 1949949331, 1946322486, 1931434579, 1941804761, 1927189273, 1924883994, 1889108196, 1899521702, 1945417412, 1907462482, 1926908089, 1933594385, 1922598952, 1941265858, 1939878025, 1925500681, 1929611246, 1936250153, 1910475145, 1909326368, 1451464080, 1919695702, 1923167380]"
945263186,［防弹少年团］黄金忙内田柾国cover,"一个更新田柾国cover的歌单，原唱也会放上
Covers & Unreleased Songs这个歌单被删了，只能放原唱了

1.Christmas Day
2.SOFA
3.일하는 중(在工作中)
4.Lost Stars
5.Like A Star
6.Paper Hearts
7.FOOLS
8.Nothing Like Us
9.BANG BANG BANG （泰果）
10.듣는편지(聆听的信) （泰果）
11.눈, 코, 입(眼，鼻，嘴) （泰果）
12.IF YOU （泰果）
13.그댈 마주하는 건 힘들어(难以面对你)
14.막걸리나(玛格丽娜)
15.I'm In Love
16.IF YOU
17.Purpose
18.We Don't Talk Anymore
19.We Don't Talk Anymore pt.2（国旻）
20.So Far Away（糖果珍）
21.2U
22.O Holy Night
23.All of my life
24.Only then
叹息
飞机云
Beautiful
Dear no one
I know
Marry me
See you again
Half moon","['韩语', '翻唱', '治愈', '翻唱']","[1466916129, 1466928684, 1466897795, 1466915278, 1466921397, 1466921297, 1466926393, 1466916076, 1466928739, 1466921680, 1466910236, 1466911581, 1466928627, 1466922947, 1466911746, 1466893845, 1453341352, 536937936, 503419998, 35270161, 488719168, 431357902, 428591078, 424264961, 31967424, 420400390, 420400392, 420400391, 31917389, 31917464, 34880407, 28126109]"
2533756035,보물๑ 超神仙女声合集 ●宝藏来袭,"Twice
ITZY
IU李知恩
谢可寅Shaking
Jisoo金智秀
Rosé朴彩英
田小娟
蓝心羽（你的叽叽）
陈雪凝
乃万nineone
Gifty
可乐就是力量
二嘉
是你的很美味
黄诗扶
锦零
封茗囧菌
西柚
大柯
陳梦嘉
叫宝宝
猫瑾
一口甜
你的二智bb
逗逗
superluckyqi
Dollyy
小星星Aurora
老涵本人
薄荷er
阮言Ruany
薛明媛
程佳佳
耳朵玥
北宸
凯瑟喵
于梓贝
邢凯悦XKY
袁小葳
浙音4811（一个大金意）
mich
Biscuits
一玟
司南
李奕遐
大籽
西二
王雨桐
澪恩
傅如乔
xswagger
火羊瞌睡了
坠
陈小草
小天才鸭
ZIV
石白其
傲七爷
旺仔小乔
NIKI
不是花火呀
果妹
Vicky宣宣
F*yy
雁三

原创➕翻唱 超温柔合集

欣赏不来别人视若为宝的
那就保持应有的沉默吧","['学习', '清新', '翻唱', '翻唱']","[1966531030, 1967168648, 1860614598, 1858811230, 1467444619, 1486264538, 1344122668, 1425626819, 1834297339, 1484848354, 1830718509, 1807381939, 1826151854, 1817136355, 1352968934, 1815389717, 1488295193, 1809094770, 1352002513, 1807538128, 1807774433, 1498076242, 1500569811, 1495058321, 1467880542, 1481148699, 1491217653, 453268749, 1474157955, 1474157807, 1483497968, 1402886410, 565841054, 1382980519, 1360642403, 1480927381, 1469360059, 1469355784, 1473214690, 1478046321, 1467185637, 1473416371, 1464190619, 1472607166, 1472308781, 1466911194, 1467971543, 1461647979, 1467363772, 1466624426, 1466050466, 1462614586, 1456286877, 1462828273, 1463134838, 1449678888, 1442827199, 1452097105, 1445555315, 1441695678, 1449401941, 1452478067, 1451154681, 1450065205, 1414346647, 1389090775, 1295161987, 1449648960, 1374026324, 1430200199, 1378244110, 1430000692, 1382637718, 1448237090, 1342578034, 1414011060, 1414009929, 1438573164, 1446251992, 1444961777, 1434108496, 1387374408, 1443880572, 1442857720, 1441698715, 1441493663, 1441061388, 1436709403, 1440365114, 1429250919, 1437375968, 1432115591, 1429392636, 1429420705, 1436902081, 1436287527, 1436183376, 1426589091, 1423168975, 1422461666, 1435588885, 1433338551, 1432794266, 1413877291, 1432543014, 536954473, 485859298, 1355896807, 528326686, 1417400851, 1378992201, 1426959223, 1424386071, 1428388668, 1417781334, 1409289945, 1300715906, 1428767920, 1426844352, 1425409661, 1404511131, 1423511231, 1422719929, 1393189946, 1410210736, 1412559986, 1416956985, 1419226279, 1401510488, 1414157538, 1418261738, 1398663411, 1418215883, 1417082727, 1416724142, 1301884692, 1382411575, 1415120511, 1344240866, 1341787129, 525973347, 1372378950, 1342380582, 1414089130, 1413183697, 1409329655, 1410021484, 1411975313, 1411784688, 1411813007, 1410794134, 1410033727, 1379048619, 1408797008, 457567102, 444356814, 436675656, 447506014, 1341474992, 1296832011, 559107958, 1408601892, 1408027546, 1407112865, 27804343, 530986903, 1376102743, 1336866526, 1302090452, 1406352782, 1406049025, 5346651, 28391219, 570388261, 473873434, 1316563427, 1404511139, 1403786342, 1404064578, 1391875821, 1399996206, 1357927708, 1398010069, 1400658852, 1399142804, 1400258377, 1400021098, 1398875394, 1399076217, 483937795, 1363078221, 512365425, 431551064, 1397649212, 1396949055, 1391130030, 1391101614, 1379083033, 1384971398, 1392174097, 1393610761, 1393194387, 1387178379, 1381755293, 1387157948, 1386522791, 1390520625, 1342362053, 1371582685, 1385214040, 1365898499, 1385667162, 544151583, 556158335, 529668883, 1350336761, 1384547993, 546901070, 1315978060, 1383201475, 1361156989, 1361159357, 1383023388, 1383053049, 1371517016, 1381773965, 571339820, 1381604577, 1379485412, 1365914380, 1365898471, 1366049920, 1351520305, 1377748865, 1372552573, 1376873330, 1375941658, 1375935067, 1372970873, 1357619953, 1372105120, 1371152006, 1371043459, 1365427515, 1369384022, 1369791254, 1350278886, 1365461660, 1311114248, 1365673007, 1358035694, 1345848098, 409650851, 1335942780, 1326203555, 1343311848, 34723470, 1321385420, 1334859296, 1323301292, 564879750, 517643327, 429460399, 35345243, 470739241, 440353134, 863636023, 1339038368, 504835560, 1341964346, 572042895, 1351795239, 1340543218, 1323304827, 1335399386, 1302173544, 1311346560, 1296140406, 550210712, 1325896816, 567568561, 1317646468, 1340039317, 1341188360, 863709049, 1325897048]"
21216295,赵鹏-人声低音炮（全集）,赵鹏，难得的低音。低！难得一见的低！犹如三千英尺以下的海底，只不过缓缓留过的不是那蔚蓝的海水而是赵鹏那同样蔚蓝的声音。忘情的歌献给忘情的人群，让赵鹏低缓的声音来撩起你的神经。,"['怀旧', '伤感', '翻唱', '翻唱']","[32703004, 32701996, 5230736, 192249, 192251, 192257, 192260, 192263, 192265, 192267, 192269, 192275, 192232, 192233, 192234, 192235, 192236, 192237, 192238, 192239, 192240, 192241, 192242, 192221, 192222, 192223, 192224, 192225, 192226, 192227, 192228, 192229, 192230, 192231, 192208, 192209, 192210, 192211, 192212, 192213, 192214, 192215, 192216, 192217, 192218, 192219, 192196, 192199, 192200, 192201, 192202, 192203, 192204, 192205, 192206, 192207, 192185, 192186, 192187, 192188, 192189, 192190, 192191, 192192, 192193, 192194, 192195, 192161, 192162, 192163, 192164, 192165, 192167, 192169, 192171, 192173, 192175, 192177, 192179, 192181, 192120, 192124, 192128, 192132, 192135, 192137, 192140, 192144, 192147, 192150, 192153, 192280, 192284, 192287, 192290, 192293, 192296, 192298, 192300, 192301, 192302, 192303, 191936, 191940, 191955, 191957, 191959, 191961, 191963, 191965, 191967, 191969, 191972, 191974, 27483003, 27090998, 27090991, 27483001, 27090992, 27090995, 27090997, 27090985, 27090996, 27090988, 27090989, 27090986]"
2168070057,关于伤心的过去 就不要再续,"别总是遇见没有意义的人了

哪儿有那么多两情相悦

年少时惊艳了我全部时光的你也不过偶尔出现在我梦里

—————————————————————————

我可以错过黄昏的末班车

我可以错过彻夜冬雪消霁后印有麻雀脚印的湖面

我也可以错过凛冽而闪着金光的太阳雨

我可以错过的还有很多很多

这些我都不会太在意

我心里只是默默在向命运祈祷

千万不要让我错过你

我真不想再错过一个你了

拜托了

—————————————————————————

她说了算吧她不想谈了

毫不犹豫的放弃我

可我还记得那天她说不想失去我

那个女孩的心我好像捂不热.

—————————————————————————

这世上最难堪的事不是他不爱你

而是他说很爱很爱你

最后却轻易的放弃了你
","['华语', '流行', '翻唱', '翻唱']","[2105038739, 2101067848, 2025186889, 2093298773, 2089534007, 2098509226, 530995517, 2097826775, 2096457647, 2083417395, 1926623288, 2080861627, 2063864551, 1454670699, 1482867143, 1891431677, 2080177728, 2076461004, 2071935674, 2078383612, 1996909642, 30284674, 2075085618, 1975753397, 2029895485, 2025533834, 2031085185, 2026224214, 2021849994, 1979313985, 1388800785, 1979731860, 1948478077, 1869248652, 1927402478, 1940334604, 1456659704, 1927693793, 475479888, 1940943649, 1894094482, 1923184888, 1922888354, 1907766514, 1413338832, 1435804913, 1943291330, 1415621951, 1454723856, 30612793, 1885427474, 1932493485, 1932342389, 1941179587, 1942604500, 1445282980, 1498778855, 1926403013, 1831459326, 1924588451, 1926943098, 1912959921, 1478336049, 1482283669, 1917884300, 1929356672, 1363642136, 1887139866, 1911580558, 1456890009, 1887917182, 1836033745, 1878315329, 1849998058, 1860614598, 1807799505, 1895330088, 1920784999, 1498076242, 1815313779, 1906301231, 1813364612, 1807649046, 1815336194, 1466396598, 1873125078, 1467099418, 1865236572, 1866301400, 1906001611, 1902809514, 1872088506, 1894933496, 1842033610, 1828747550, 1848456623, 1425665256, 1405161871, 1803335486, 1869996435, 1804615149, 453413861, 1893542825, 1889194892, 1429392636, 1863810595, 1811926022, 1854940693, 1444242241, 1844706008, 1470683385, 1472307915, 1332647902, 1888926709, 1867217766, 1429026796, 1852994551, 1815693473, 1867964889, 1853923688, 1828073787, 1812559042, 1808513440, 1821619205, 1841964647, 1856523829, 1844957527, 1456706488, 1869264065, 1338211431, 1483217346, 1833353894, 1384645299, 1419457616, 1489664788, 1433441790, 1454236322, 1429271155, 1469348415, 1422778987, 1816816200, 1822777507, 1460202982, 1467878022, 1429954271, 1806844079, 1489666358, 1483446301, 1819891542, 1480468949, 1456173507, 1484035310, 1840266194, 1467090928, 1444947562, 1427049829, 1489666354, 1808774843, 1426733632, 1818761223, 1433807553, 1498967596, 1474195488, 1336866134, 1452682700, 1444295317, 1810690343, 1472723985, 1441738561, 1498930879, 1846489646, 1836365142, 1816312775, 1494807642, 1481619814, 1812464820, 1496049783, 1462322169, 1468234117, 1433470767, 1805701470, 1842227835, 1828626974, 1463102760, 1469350053, 1459034229, 1499887316, 1811653651, 1429787141, 1449430703, 1806173517, 1490169985, 1443692841, 1476879471, 1449420683, 1473930349, 1455458855, 1501804397, 1467880542, 1819324061, 1811926669, 1834297339, 1805768042, 1811651913, 1334859296, 1450468988, 1814086147, 1441080789, 1452470023, 1371046568, 1435449062, 1827600686, 1830448879, 1453702888, 1426201793, 1431246062, 1466385831, 1457757532, 1807537867, 1441758494, 1465975035, 1444647610, 1476239407, 1809100933, 1486264538, 1497588709, 1369383684, 1456704300, 1434134478, 1369742379, 1486125067, 1367076317, 1473224408, 1445733547, 1804614734, 1814104291, 1490863293, 1803629282, 1437328585, 1433346344, 1396940451, 1806336043, 1379252768, 1477511737, 1461433737, 1458206205, 1497146954, 1450265949, 1438482212, 1473173290, 1471236131, 1455242795, 1486953056, 1493144072, 1456908821, 1446072173, 1468908179, 1339226999, 1379048619, 1438865533, 1415835013, 1450630927, 1497799734, 1466319796, 1467444619, 1361832292, 1414051856, 1491221473, 1492901593, 1419620584, 1342544321, 1489065373, 1487943004, 1487943670, 1487943669, 1450630238, 1468152394, 1365503354, 1467662607, 1465037880, 1459436775, 1350584035, 1403786342, 1435158305, 1438820947, 1466319568, 1453972194, 1433421603, 1443838552, 558071673, 1459023707, 1414113193, 1432813851, 1460706496, 1459534072, 1448972404, 1467971543, 1398283847, 1325711261, 1417781799, 1464420315, 1465411564, 1375316528, 1462400072, 1418430966, 1437636100, 1426396726, 1439410187, 1465245956, 1431866741, 1457801270, 1434181586, 1441280255, 1442600205, 1459950258, 420401511, 1445247227, 1461647979, 1336558007, 1426112587, 1421572753, 1430850579, 1426988869, 1453768614, 1434639278, 1439363483, 1449648960, 1333395577, 1456286877, 1449595426, 1454687317, 1453086724, 1387600215, 1424317373, 1390469916, 1456066520, 1386556054, 1426557520, 1446137141, 1440563289, 1403053187, 1434631084, 1337618049, 1438825241, 1429363574, 1450494818, 1444186157, 1441214737, 1424649336, 1371582685, 1359205811, 1449678888, 1433795646, 1425626819, 1427090445, 1436999573, 1430723979, 1392729979, 1445761206, 1412847323, 1430712577, 1435487101, 1379252766, 1395766632, 1446673879, 1334761781, 1421457004, 1424647603, 1423030465, 1394470823, 1387607611, 1426052442, 1413162944, 1431929338, 1435644870, 1429716422, 1427090453, 1430628817, 1438643335, 1440176324, 1387581250, 1369609326, 1425898176, 1425619718, 1432699677, 1437833797, 1429063135, 1439354783, 1427091277, 1336871144, 1407670985, 1426361558, 1401595021, 1408738715, 1437055350, 1436709403, 468889513, 1423753681, 1433764463, 1439142552, 1428467339, 483937795, 1414009929, 1433338551, 1426597717, 1431880021, 1414011060, 1431464716, 1404234652, 1413183697, 1421528421, 1422719929, 1412572805, 1403053170, 1395304598, 1358575160, 1409535406, 1374626245, 1383966924, 1417781800, 29759733, 1387608452, 1372970873, 1356124253, 1423724914, 1355730375, 1421320299, 1313253764, 1384822487, 1353785994, 1410829791, 1353757543, 1417684606, 1422303419, 1403215687, 1418852960, 1385856956, 1336990251, 1407411390, 408307387, 465921195, 424262531, 1336856864, 1301884692, 1397899747, 1384971398, 413831989, 491787693, 1356527777, 1382596574, 479598964, 407435011, 1371568162, 528271077, 1382441841, 1312993764, 1336856449, 1396073496, 1383972145, 1393637090, 1401201917, 1365905573, 1358848433, 28850411, 1387157948, 1372664049, 1383201475, 466370500, 1346629509, 1401482684, 546723152, 1370007645, 1335580481, 461899833, 1399112638, 1384113848, 543798652, 522510615, 1306853204, 551400874, 1373228032, 1389152878, 1383011509, 564879750, 1381755293, 1375941658, 1313354324, 1365393542, 1331819951, 1345848098, 1327705577, 571605985, 1323303739, 462769331, 1311347226, 40249612, 538484368, 514761281, 450853439, 424264505, 550138197]"
8291396358,0.7x/0.8x 得到一点关心就误以为是爱情,长路漫漫不如携手相伴,"['华语', '流行', '翻唱', '翻唱']","[1955423798, 1979318019, 1990080484, 1983501304, 1968429904, 1963213974, 1954223039, 1957344271, 1986771025, 1953274089, 1939685534, 1916463494, 1955223133, 1931410909, 1954924353, 1917342027, 1959303514, 1926873649, 1949423188, 1971444527, 1962023567, 488249475, 1959217061, 475479888, 865632948, 1946234096, 1925452719, 1971708235, 1453957944, 1961454402, 1957883626, 1990744019, 1955204537, 1927934815, 1939409228, 1959152626, 1958772544, 1958683761, 1984130777, 1958137565, 1810299649, 1970973216, 1979321380, 1953776673, 1952923251, 1947026627, 1955286780, 1946585503, 1970324585, 1969804979, 1887139866, 1968270354, 306877, 36024442, 1988532821, 1974228177, 1955703364, 1991770936, 1957256470, 1972445487, 1960351004, 1947385901, 1909339376, 1963213163, 1986129639, 1961650672, 1958793166, 1958121870, 208891, 1932851359, 1944123716, 1927753119, 1939563264, 1932279387, 1929983764, 1926907912, 5308003, 1954153854, 1955393983, 1948708162, 1934381272, 1951105519, 1956168505, 277759, 1954957116, 1406175700, 1952870374, 1952350857, 1952285354, 1952233909, 1930200326, 1925560390, 1923189506, 1926259611, 1935408820, 1428290622, 1897710831, 1934203423, 1923178574, 1419592364, 1406174734, 1932310602, 1924817966, 1927963832, 1930557421, 1930248912, 1928900468, 1934353849, 1959190717, 1943520092, 1961006625, 1955613321, 1955681767, 1970514859, 1959548380, 1958745079, 1952358155, 1951182806, 1951559963, 1947548156, 1943675085, 1951960912, 1956278686, 1955411936, 1965190044, 1948007389, 1901628234, 1962438244, 1940359218, 1913594039, 1943193084, 1956161771, 1956171974, 1960595908, 1962079068, 1955692561, 1950100043, 27896944, 1939236435, 1930605629, 1960835902, 1955197097, 1954500571, 1931632095, 1958119516, 1958023246, 1960622986, 1958825391, 1960170435, 1943229964, 1959303484, 1939633377, 1926057748, 1961032753, 1955029675, 1966212898, 1958121913, 1926875529, 1937212415, 1956755577, 1959234814, 1957492947, 1931599749, 1917852233, 1960301331, 1961476608, 1945107544, 1928069067, 1925262041, 1928185344, 1938733034, 1950336719, 1937372851, 1958856851, 1947592155, 1879815403, 1955376578, 1916814435, 1893625703, 1952766387, 1956082692, 1955892519, 1929347100, 1948514479, 1933810345, 1956724806, 1953028750, 1955651142, 1958125235, 1925574040, 1919597705, 1945112054, 1929449141, 1953171679, 1933983971, 1925257399, 1928979160, 1948191368, 1938862336, 1929126468, 1925830932, 1932198958, 1881007136, 1929449178, 1898907962, 1939395250, 1922473501, 1946063168, 1943670214, 1949949331, 1946322486, 1931434579, 1941804761, 1927189273, 1924883994, 1889108196, 1899521702, 1945417412, 1907462482, 1926908089, 1933594385, 1922598952, 1941265858, 1939878025, 1925500681, 1929611246, 1936250153, 1910475145, 1909326368, 1451464080, 1919695702, 1923167380]"
7475602744,刘恋 |The woman in green is so dangerous,"Miss Lian 2022-

新上传的歌会在歌单前列挂上一周（个专前）

歌单整体以个专、热门音综（浪3、乐海）、翻唱/邀约演唱、组合专、Live收录、其他版本版等板块排序，结合发歌时间顺序、热度进行排列

浪3、乐海音源暂以时间正序排序，其他会按时间倒序放置

多听听，惊喜蛮多的…

最后，希望无论因为什么原因喜欢着她的人都能好好爱她、善待她，即便有一天这会成为过去时，也请记得她的好、她为我们带来过的精彩与感动…","['综艺', '翻唱', '爵士', '翻唱']","[2081481444, 2095190431, 2095190432, 2095190433, 2095190434, 2095190435, 2095193736, 2095190436, 2095190437, 2095193737, 2095190438, 2095190439, 2095193738, 2095193739, 2095193740, 2095190440, 2095193741, 2095190441, 2095190442, 2095193742, 2095193743, 2095193744, 2095193745, 2080479223, 2082115996, 2080385142, 2071926351, 2071476421, 2054278148, 2042033012, 2028284989, 1941246316, 1839439912, 1443650130, 1361430090, 555821021, 474925584, 2064514249, 2001479144, 1999965893, 1957220132, 2000115691, 2003244862, 2012396844, 2004906892, 1956990053, 2017515161, 2015001221, 2015003225, 2001592845, 2011836617, 2015302288, 2015334686, 2015013041, 2015016157, 2021204446, 2017931482, 2017690346, 2017945941, 2017718744, 2014409243, 2008708985, 2035548729, 2033641492, 2032813016, 2029396937, 2023876522, 2032286533, 2014406941, 2011512033, 2011364235, 2011111696, 2014748296, 2022762129, 2022470102, 2043018260, 2015042386, 2013655638, 2015713484, 2006955387, 2002752120, 1991554433, 2001541307, 2002970911, 2002752122, 2000103268, 1957725971, 2000207564, 2000207586, 2001480061, 2002753099, 2004902182, 2003278562, 1999965976, 2000134022, 2004950449, 2018124712, 2018976661, 2018976658, 2018976648, 2018976653, 2018976640, 2018970871, 2018976639, 2004902184, 2002753083, 2013972861, 2013966648, 2008865344, 2012309899, 2004906007, 2012201626, 2012396477, 2018992950, 2009520506, 2012396487, 2008864747, 2002752577, 2009178510, 2012307290, 2008864708, 1975352406, 2008864762, 2017173176, 2011834845, 1975370173, 2001478971, 2004902391, 2019044802, 2005020835, 2006440930, 1983506395, 1983506396, 1983506397, 1983507184, 1983507185, 1964142524, 1983506398, 1983507186, 1983507187, 1979988776, 1979988777, 1983507188, 1970434322, 1983507189, 2009484341, 1960672634, 1951481667, 2001478763, 1849649834, 1489065919, 149006, 1840594341, 555828943, 1490220192, 1490199337, 1424475852, 1424479961, 1379410357, 1379416070, 1370871533, 1370869698, 1370871537, 1370871494, 5233013, 1382596860, 440464473, 440411515, 440464472, 440411514, 400579059, 436355260, 440464471, 440411513, 416531478, 440411492, 423406843, 1308818971, 1325898530, 1320098121, 1414122706, 472070575, 472071393, 432511769, 418326148, 28234187, 1859630690, 1859630691, 1859621340, 1859621341, 1859621342, 1859630692, 1859630693, 1859621343, 1859630694, 1859621344, 1902203059, 1311319425, 399341222, 1960671867, 1383729739, 2028284020, 2042030298, 2003048182, 2010591951, 2010593735, 2011511839]"
5319528054,【宋亚轩原声】是宋亚轩唱的歌鸭！get✓,“爱所得，得所求”,"['翻唱', '华语', '流行', '翻唱']","[2045332424, 2045332426, 1345688305, 2045333443, 2027235525, 2010563609, 2002751774, 2010563615, 1348548042, 1348548040, 1348548043, 1348548046, 1348548048, 1348548047, 1348548051, 1348548052, 1348548041, 1348548044, 1336871683, 1345688303, 1357842118, 1345688301, 1345688302, 1345688304, 1345688300, 1367329132, 1334818601, 1336789217, 2018145484, 2018725249, 1919430638, 1997546209, 1966155263, 2000959931, 1862298235, 2010563518, 1862296245, 1969867048, 1948184152, 1968718702, 1866168411, 1940362135, 1862296246, 1948182427, 1955658706, 1948184173, 1864052113, 1976725240, 1862296250, 1841222069, 1953861610, 1868201440, 1862296247, 1862298237, 1819635674, 1862296244, 1862298236, 1978029154, 1862296248, 1447967617, 2005993572, 1975019579, 2004369060, 1976724895, 1976724882, 1976724877, 1976724825, 1976724099, 1976724051, 1976724385, 1976725126, 1976725130, 1976725173, 1976724449, 1976724441, 1976724444, 1976724450, 1976724457, 1929983243, 1860853296, 1860856207, 1306000175, 1490865941, 1953864289, 1835558644, 1501661510, 1348548049, 1860856208, 1345688299, 1348548045, 1938436551, 1953864292, 1942878138, 1860856209, 1501661514, 1835557389, 1490866449, 1938436191, 1916761568, 1897393364, 1859979159, 1854095015, 1824656727, 1483832152, 463759179, 463531564, 463759197, 559498267]"
