2193933106,芭蕾舞音乐｜基训&表演,"此歌单收集了古典芭蕾舞的教学、基训常用到的音乐，以及部分芭蕾舞考级的音乐。会不定期更新。
此歌单的置顶：芭蕾舞里的绝技——32周的挥鞭转Fouetté。
本人4岁起学习钢琴和芭蕾舞，钢琴和芭蕾舞的特质已悄无声息地浸润我和影响我。
感谢大家对此歌单的喜爱，欢迎交流和补充。
一起享受指尖和脚尖上的艺术！","['世界音乐', '舞曲', '轻音乐', '舞曲']","[563051393, 26090133, 1690727, 464736722, 464736720, 464736717, 1458530, 1295212133, 1369767662, 1369767664, 1302022491, 1302023501, 1296666310, 865798932, 1324500419, 1302041977, 1311100654, 1302023496, 1374585795, 1339317859, 465045025, 465045055, 1318201051, 1318200618, 1318227130, 1318200623, 27182195, 566220085, 542645209, 465630736, 465110766, 504367984, 1397651569, 511679271, 1374581850, 1369768514, 465631117, 511817867, 1374580749, 1374581838, 1318249122, 1318249126, 1342705, 5164954, 20768920, 5189655, 4430273, 1374585796, 3413046, 511666710, 511817857, 22006389, 19715682, 1926683, 5164972, 1374587707, 440310701, 5189652, 1060914, 28692661, 465713138, 1374581832, 1366133685, 511666705, 516181426, 516181424, 865799384, 1302023504, 22536603, 433103923, 2299135, 1374582206, 538832334, 2299147, 1220315, 1610898, 22627396, 1318200606, 1318200604, 1318200607, 26731546, 430685404, 2703940, 1375838, 488902370, 2299150, 1501606, 29553189, 1887428451, 511675523, 516181428, 1374580745, 1297629289, 1297629290, 1374580746, 1342658, 22474724, 5165021, 27200546, 22471876, 22627402, 492950578, 1415438, 26294503, 5276819, 26090135, 173395, 1380277354, 488919853, 26090119, 26090122, 25830123, 25830127]"
720054415,荷东的士高&皇冠一刻钟italo伊泰洛香港DJ,you are my heart your are my soul+brother Louie+Atlantic is calling 的混合真完美，如果我还少了，请大家补充下。喇叭裤、双卡录音机、 猛士、 荷东、 霹雳舞、曾经的少年时代.............青春不再，经典旋律依就。,"['舞曲', '怀旧', '经典', '舞曲']","[5224528, 5285401, 28129862, 4176726, 25783075, 33916945, 19362736, 36827954, 25783072, 5122702, 31918157, 4175444, 34200607, 5283118, 5283119, 5283121, 5283122, 5283123, 5283124, 5283125, 5283120]"
99064840,【深圳酒吧街】西西里SOLO电子说唱Trap舞曲,"TRAP/EDM//HIPHOP/R&B/RAP/BASS风格舞曲精选。
最新最潮还有最经典的夜店嘻哈说唱+TRAP+EDM舞曲。
这不是一个单一曲风的合集！
西西里，一个深圳人都知道的酒吧，专辑超过800首来自该酒吧的舞曲。面对近几年几乎到满大街HOUSE和Electronic。无论喜欢电子乐还是说唱，这个专辑都能满足于你！跳舞的就更不要错过！
","['电子', '说唱', '舞曲', '舞曲']","[1445940086, 1451292437, 1356795124, 1366387229, 17405587, 456175957, 416531642, 33211160, 27610318, 487190511, 34033783, 1329737812, 572829263, 467320100, 522444756, 1374306715, 1347616520, 506094983, 1313052359, 1321390602, 574926602, 407840326, 20742160, 5173436, 26877048, 1371924626, 407002042, 428375822, 486489561, 476323590, 1347236910, 1347240280, 448316067, 1371440195, 2002832, 549664585, 1335033369, 411213332, 500684680, 426026472, 480097114, 403012498, 549321165, 410519087, 544000322, 545589200, 438466043, 461518867, 508917864, 481537659, 555974038, 533367530, 477823111, 30612316, 541130898, 531777461, 415792287, 456175701, 507795469, 526093083, 467390097, 866019227, 574602459, 502691470, 530986444, 518012142, 413740230, 28819957, 36307932, 434550675, 36190949, 36190947, 518896516, 531728616, 544246743, 491955237, 424262559, 507116128, 493688368, 420500848, 494410830, 547973098, 524152297, 520458396, 451520625, 469744130, 520459311, 427542599, 525241367, 407889370, 466795467, 493551030, 507134171, 495542941, 511229039, 524231262, 504487164, 514055255, 514206680, 513357480, 513541607, 495542699, 524178802, 479979295, 525122105, 525241796, 475072470, 544151488, 427542583, 463842204, 573588198, 512377271, 863164273, 467595230, 420154655, 17779840, 421203674, 508319112, 405597629, 520242067, 428642135, 28658371, 19056044, 5047632, 26862234, 501220080, 480768639, 33085859, 18803404, 16411983, 19279266, 16969713, 29984255, 491943369, 426026473, 33404351, 463157154, 493551093, 506932409, 419254691, 509728827, 456175956, 406924282, 447296411, 516750166, 467692996, 28478418, 449578743, 405630357, 523008862, 28310830, 31284005, 485595221, 503127084, 472361096, 399406217, 472045054, 34999435, 515143483, 512613693, 519265383, 31370275, 463840905, 436245131, 422790154, 30474373, 29849337, 469699305, 399343768, 430062849, 427542143, 473873632, 506416786, 460764435, 459078798, 443650128, 427595745, 21679669, 460298975, 466122659, 26427515, 30854196, 28856305, 499465409, 484311531, 488641324, 468517609, 475264030, 493752343, 445144779, 431534069, 428375135, 32640268, 399555081, 423227301, 420513023, 461864796, 36307830, 404784550, 37722383, 427542546, 427139917, 38014500, 478731126, 400162379, 31517813, 436147423, 446557811, 436046329, 454698348, 445844723, 452608733, 453176892, 26470192, 36668180, 34169018, 407459441, 424155395, 424155394, 441120471, 466126524, 424264294, 461519782, 435289278, 468517607, 28651949, 36308366, 421870224, 28586029, 28916045, 27003906, 28060381, 37095998, 39324018, 424262313, 420922937, 399552081, 435948709, 417596512, 19793111, 440411849, 36664613, 405377641, 32639274, 33684304, 444269151, 28120477, 401723096, 27913273, 21968164, 29037820, 34497172, 414826528, 403012245, 28617455, 5151840, 21615181, 29728154, 31152152, 31851308, 34497204, 26256175, 27114228, 433018368, 433018366, 431610325, 415185953, 20189495, 5052247, 28405125, 31370259, 29343310, 28863144, 411921329, 33223594, 17314671, 403820001, 419646988, 31928206, 28864204, 430053801, 34144652, 415792530, 419837182, 31273448, 420922944, 31134525, 419373545, 29600209, 419254228, 440464255, 440464254, 440411301, 22333133, 428350723, 25975515, 440464257, 412785957, 21799576, 36921410, 29560606, 407002478, 31370949, 35514026, 26225782, 33340303, 39940044, 26342427, 27999233, 405372228, 29544349, 28482391, 37853831, 32450288, 27999264, 27988059, 34169035, 28163078, 419250857, 399341481, 29716125, 41636335, 32312313, 36198031, 36587465, 35023286, 32526603, 27725570, 28577122, 405564120, 422094553, 20249684, 402070458, 27127557, 18922323, 411314681, 410654472, 416552314, 417833139, 415185958, 419254873, 26598172, 17793549, 26570479, 29593184, 26430725, 26429084, 26633398, 16158638, 26710707, 26232957, 1142089, 27206226, 1232658, 33190314, 17572398, 17572311, 27853227, 26905726, 18614153, 19823147, 22583455, 2417668, 16802101, 21799520, 21799569, 21799521, 2113762, 19197272, 3877684, 3895506, 27354980, 28733379, 1243217, 2660162, 2896395, 1676145, 16576881, 3196409, 1996455, 27593705, 409647411, 32317001, 412187894, 32272650, 416700951, 416890194, 21130085, 16967945, 19804903, 409325148, 401382115, 24197365, 5249256, 1630985, 5044246, 414105095, 35539137, 20978818, 16158641, 31311320, 17747273, 20780763, 26598174, 19277100, 18613871, 20978885, 34892481, 1224060, 1224088, 22065203, 21215447, 22621869, 27238226, 5143203, 32147413, 3452857, 32405166, 3452999, 21281935, 2714994, 4038417, 36509927, 26509873, 28701910, 28250237, 5143198, 22236302, 36509916, 17640753, 20752004, 17725647, 3030173, 29349446, 27834380, 17640761, 41666511, 21793190, 5042283, 17239693, 26869750, 27147622, 1620588, 32035005, 407862103, 32337418, 26367449, 28413830, 16158580, 16861199, 27353720, 18803411, 26440982, 5100423, 18602022, 26676219, 41647611, 27578929, 19170027, 3323941, 399411865, 405089420, 31517757, 17239640, 31997691, 26460815, 17739793, 5143197, 404724137, 28427423, 31311940, 407000354, 34928023, 399406223, 29567001, 399405315, 27867882, 29816302, 29755274, 28324538, 30706128, 35090709, 29966980, 399406222, 26343218, 16141160, 1481503, 36095137, 28739254, 33497607, 28996039, 31789268, 28996038, 36990253, 27108022, 36025545, 36924066, 19083369, 26293015, 1003783, 27318270, 28639839, 35955727, 28094526, 28977818, 33791649, 26961410, 36025556, 28296274, 26672669, 28126740, 28116894, 27837008, 402070862, 36587456, 32450283, 33937174, 23068703, 27781131, 36492263, 28850753, 34532883, 29732234, 28083137, 30706123, 37853856, 33522329, 28562527, 26348273, 28959074, 29740004, 29485888, 21154311, 29559680, 1936725, 5150329, 21780013, 26951336, 36872103, 18862708, 17106687, 19082073, 3027136, 1682478, 29497337, 27903815, 30798545, 33111753, 37095762, 26568496, 33340188, 28819955, 28722537, 38391256, 4391320, 17252811, 28722540, 34766079, 34228534, 32201898, 31134518, 32070505, 29544385, 28166799, 27948499, 26223536, 29037183, 29544386, 28302225, 31010788, 37091383, 32803822, 29775431, 34516303, 35847922, 34497181, 18943535, 29535349, 29717089, 26231137, 30496957, 29722268, 22551706, 34033788, 1003696, 31928203, 404184272, 1399131, 19293290, 27181809, 36025646, 28717827, 29746398, 26783159, 30953009, 27181798, 27271769, 26938237, 31827907, 26524153, 37853743, 20753018, 17314706, 18969202, 27001670, 18922260, 29777031, 26782536, 31284010, 28701228, 29802605, 32227562, 32639263, 28606082, 28116895, 32019368, 32857756, 21119506, 26723896, 16883050, 1346963, 26683795, 5141036, 27838697, 27583168, 18803405, 17618269, 19679979, 5110741, 27364639, 16642137, 17578671, 2003601, 26788833, 21799590, 18651395, 17618272, 19150802, 16984087, 26845072, 17793544, 16604777, 26784964, 2032356, 17525440, 20782620, 26668387, 27300948, 22458620, 17559998, 2100945, 17800821, 1378807, 26742725, 26685018, 21595045, 20782582, 1281898, 5093704, 26882441, 27662571, 1653357, 2871827, 18794244, 17386636, 18846176, 5088488, 26724624, 21233922, 3949593, 21033242, 19085885, 18589014, 26323796, 1232583, 5112817, 5173658, 1616998, 5180485, 17578783, 17269601, 17747316, 1347937, 1517319, 18622288, 4235549, 26877047, 26676221, 1217933, 16158507, 19197192, 3324584, 27559666, 1630379, 22495836, 19815247, 38752992, 17525442, 19053688, 17694686, 1658876, 33991779, 19851815, 27030500, 4391372, 18614116, 19170167, 17208842, 1224970, 34497298, 16778473, 27086088, 3206881, 21803488, 33522770, 26496865, 27907577, 17739900, 29809873, 32299561, 35444268, 25443968, 17063462, 18614115, 34998311, 26388957, 29004254, 34142993, 26723886, 22294673, 22369239, 25483121, 22288854, 29365626, 27353713, 19033438, 27877237, 27472733, 16211363, 26813812, 34497177, 20538313, 5148533, 28306220, 27825305, 36734176, 5141015, 17647204, 16642169, 27888500, 33510921, 33916256, 31560324, 18613976, 17227586, 28267144, 5151144, 2002841, 29032090, 28007474, 23039474, 20978981, 23228807, 28871702, 1819646, 28447041, 30621578, 478324, 28716105, 33937616, 33785706, 36572714, 33599620, 17572184, 28529536, 22673499, 16672224, 29729118, 24779286, 17618268, 26736028, 2052444, 26878498, 21799801, 5045314, 26736027, 31370975, 18614254, 35955004, 21268913, 18613876, 29544358, 25443971, 26969630, 30284807, 29789842, 5051095, 21562976, 34228719, 1643530, 21407327, 29414651, 33544875, 32019370, 34913345, 34913347, 29357015, 34913348, 21117974, 21117923, 28166800, 29746394, 28832363, 33035837, 26716090, 32165733, 27646979, 29953001, 28803995, 27781128, 27035400, 20166635, 31838182, 28832245, 28878808, 32312276, 34218777, 1232426, 33308952, 27526334, 21117922, 31877241, 19762498, 19375094, 26286812, 21536745, 27007636, 28251037, 27919541, 29750100, 33789256, 27538468, 28591776, 28306460, 29932696, 26489589, 30212890, 31134514, 29783867, 26395227, 30394905, 30621925, 28569078, 33678760, 30951464, 28821735, 30798540, 30798543, 30798542, 30798547, 30798539, 29483366, 26430726, 31090993, 33469356, 28095006, 33469354, 28387591, 32165730, 29037734, 31234519, 1782745, 29561431, 28315036, 28703389, 26592471, 25793404, 1847235, 4405379, 26072697, 5143207, 26393117, 28773382, 29115321, 29716138, 29732253, 29755279, 29818223, 29808799, 30053958, 30051435, 27994339, 31514030, 30612327, 26365078, 30780344, 31365584, 28256223, 33916463, 29732263, 33737809, 30870836, 32196089, 28071899, 28344032, 33469355, 26153914, 32717112, 31835059, 29713855, 26354166, 28302781, 27903813, 31185015, 30612314, 30798541, 30798544]"
5084651681,「致幻·意境」Trance迷幻舞曲,"Trance舞曲是90年代早期从德国高科技舞曲和硬核音乐中分离出来的，它强调简洁的合成器乐句在全曲中的不断反复，只有很少的一些节奏上的变化和偶尔的合成器的干扰可以将这些反复区分开来——这样做的目的是为了有效地将听众带入一种接近宗教本源的“出神”状态。尽管在90年代中期的时候人们对出神舞曲的兴趣大大减退，但是到90年代后期的时候，它再次受到了欢迎，甚至取代浩室舞曲（House）成为全球范围内最热门的舞曲音乐,Trance可以从字面理解为出神。","['电子', '舞曲', '放松', '舞曲']","[27859398, 1448496392, 1444186167, 509098579, 4442898, 32574900, 732128, 1389983954, 30148997, 1334830521, 411500758, 1473886565, 535603869, 1333128472, 28389631, 34248957, 1294608839, 1357946340, 535577305, 514162244, 1431773049, 1424406347, 1895863587, 1894230124, 1892288170, 1890438513, 1887005214, 1878586189, 1866454435, 1868837883, 1870817120, 470759607, 557623077, 26342630, 529557599, 473742042, 1863090380, 1400229089, 536128898, 1389979385, 33911581, 1850012132, 1819257, 31191040, 29402292, 1378617855, 1321621623, 1846330615, 5073358, 1834329434, 1823297848, 1818025712, 540888009, 1338635142, 1355814875, 1399770854, 1407713543, 1326076845, 514162249, 1471948262, 1470302803, 27980550, 1361144802, 456185537, 1380022093, 21617145, 513336216, 459720202, 501066339, 463840176, 1379416484, 554258464, 34770369, 535548361, 1294843166, 476630950, 29794523, 504685449, 36496851, 530986263, 456175193, 470736714, 32223271, 1306357792, 406096857, 535342025, 28884228, 415793613, 494410222, 419250648, 41654399, 459720229, 525517569, 27977937, 31986257, 417833382, 440208827, 413812489]"
8793238138,穿越时空 | 沉浸古典华尔兹的舞曲之旅,沉浸古典华尔兹的舞曲之旅,"['舞曲', '古典', '舞曲']","[1463342481, 542722084, 1436537435, 1341310712, 27708293, 1457360219, 16314609, 28838008, 472997496, 542690090, 465683214, 22284789, 465683219, 1355833225, 1450612483, 1365826582, 1365830094, 32685216, 473114572, 1341311043, 1846180227, 467344054, 1408275324, 1856055659, 27708285, 1409990306, 18000417, 1874120983, 16314603, 399357657, 16314612, 1309483382, 1487705726, 2123344, 1409990310, 22412767, 1408276343, 1302485551, 1846180228, 27708281]"
2092244409,亦喂亦精选04：PSY-TRANCE,"☠该歌单创建于2018-02-08，并保持随时更新中，因此任何拷贝行为都会瞬间暴露

Psychedelic这个单词正是”致幻剂，引人幻觉”的意思，本来就已经Trance了，还要在此基础上进一步增加致幻剂，所以大家Get到关键点了嘛？诞生于20世纪90年代末期的Psytrance在传统Trance的基础上结合了Psychedelia、Goa Trance、Eurodance、Hard Dance、Acid Trance以及Techno等多种音乐元素,BPM通常定为145(其余左右浮动)。
然而它的结构反而比传统Trance要更加反复和洗脑，并且有在急促节奏下突然一顿的标志性特点，通常也融入一定的民族风情在其中。

代表人物：Astral Projection、Infected Mushroom、Astrix、Vini Vici、Berg、Liquid Soul、Yahel等等

PS：该歌单可能是PSY系列的综合歌单，所以有关Psy-Trance及其分支流派都会纳入进来，诸如：Goa Trance、Full-On Psytrance、Progressive Psytrance、Dark Psy / Forest、Psychill / Psybient / Psydub、Tribal Psy、Psycore / Hi-Tech、Nitzhonot、Suomi 等","['欧美', '电子', '舞曲', '舞曲']",[]
22472683,记忆中猛士的士高杂集,一代人的记忆。,"['欧美', '舞曲', '70后', '舞曲']","[2647410, 4309425, 18055952, 4219805, 5224512, 5224521, 4175432, 3545867, 1858903, 17936422, 1284987, 4309421, 5224520, 21254871, 5284942, 18055948, 5283118, 3021182, 5284948, 1922825, 5283121]"
6818888761,2023最新越南鼓DJ,越南鼓DJ,"['华语', '舞曲', '酒吧', '舞曲']","[1454458450, 2095856415, 1881337257, 1890455471, 1348816112, 1434241607, 552257337, 1465797889, 1314751313, 1998880941, 500566556, 1352897394, 1810119905, 1825998212, 1815030237, 1809029003, 1840509122, 1498364078, 1470129356, 1490313971, 1420745339, 1489666363, 401246013, 1461637594, 1459744888, 1402818475, 1349198586, 35331692, 1407705293, 1997624150, 2005240791, 1473654934, 1481902866, 1892343290, 1833282874, 1338425074, 1458181174, 1475630614, 1436359941, 474581010, 469410926, 449577299, 1857634869, 1384450197, 1443777076, 1808446350, 1838737719, 1320544645, 1451396791, 1360879897, 1446769091, 1477668955, 1300272319, 1314458568, 419115204, 470736678, 413074272, 1403685144, 1481643224, 1406794620, 1840167888, 1494536044, 410042416, 862731506, 438306530, 512834513, 31081299, 26722580, 41653495, 1306735870, 1338060349, 1318827940, 1335033369, 31165227, 539907313, 1353531132, 31918131, 29849094, 533461159, 26342649, 547851303, 1440871051, 1397132439, 1309491534, 1464806480, 1379139246, 447649192, 1451660554, 1401844271, 1327314182, 1385449449, 437250569, 1481623526, 524149106, 1405557785, 512834459, 1295225294, 1481348711, 518094151, 446557472, 1443220872, 1452626758, 1476237644, 1451796381, 1844478886, 1393121310, 1450003641, 1811456278, 1474621868, 1840993607, 1845467662, 450343464, 467214860, 36019599, 441835452, 441835451, 442314695, 442315635, 442314692, 442314663, 447663648, 450345495, 1813095466, 1821306330, 1390291265, 1856901406, 1856901410, 1856902314, 1856901400, 1491893431, 1839173964, 452804123, 26591511, 469410278, 464377947, 30070682, 33710179, 473880245, 466332789, 486837237, 555430256, 1309496106, 525935284, 544274399, 1361270742, 535388128, 1367253982, 863967331, 1380302307, 1387417791, 1395792912, 1342566625, 1411007864, 1387418450, 1403501534, 562434582, 1452046983, 1411994881, 1396541187, 27318155, 1363551021, 1296611108, 1409843998, 1454959067, 1431669558, 1441860073, 1432632388, 1386505715, 1835797603, 1473560238, 1473704094, 1493966857, 1814081142, 1804381836, 451123788, 450966298, 443291547, 451123864, 451124576, 443194722, 451124570, 454055521, 451124708, 454057225, 451123114, 451123148, 452534013, 443194723, 443291548, 452531938, 454056378, 451121683, 452532516, 443205755, 451123822, 454056413, 443205756, 454055483, 452532422, 452531761, 451123165, 451122735, 454057227, 410042432, 410181151, 448003375, 29709381, 450669301, 33922164, 456683996, 449551743, 458821566, 419877289, 452601901, 1399697984, 446557725, 1825951726, 1500199748, 1835900509, 1497813366, 1497810999, 1825988546, 1483577523, 1456580117, 1805364032, 1817052105, 1817052104, 1817053885, 1830300331, 1814875522, 1829149743, 1823183297, 1822299389, 1458180971, 1487531062, 1487528925, 1837818553, 1836911044, 1808150072, 1811838008, 1429945855, 1494527798, 1477342781, 1465991644, 1422220540, 1474411303, 1838203053, 1826347148, 1477769124, 1828766995, 1837267734, 452823054, 1840509131, 1836826760, 1497796826, 1495845516, 1849410367, 1454443154]"
428243810,采样奇才t+pazolite的所有音乐,"t+pazolite
男
真名：浜田知幸（Tomoyuki Hamada）
生日:1985.10.11
职业：音乐制作人（DJ）
从2004年开始以前用艺名topazolite的作曲曾为HARDCORETANO*C厂牌第4弾「C.F.S」（CompleteFloorSpecification）以t+pazolite的艺名作曲
主打前奏欺诈的音乐
+加速硬核
+HAPPYHARDCORE
+SPEEDCORE
+BREAKCORE
+GABBA
++++++++++++++++++++++++++++++++++
自身又为同人音乐社团C.H.S（Cutie&HeadshakingSounds）创始人，参加过许多音乐社团玩过街机音游的人应该认识，他用他的速核鬼畜音乐赢得的很多魔王曲的位子.比如:《GarakutaDollPlay》t+pazolite也为《SOUNDVOLTEX》《maimai》《GROOVECOASTER》《太鼓达人》献上过很多音游曲，
常与RoughSketch合作

与C-Show组成组合Lite Show Magic

曾用名:
T pazolite
DJ Pixie
AAA-β
とぱぞらいと
Edamame
最速（UltimateSpeed）
InfinityLovewn☆
tpa:pbr
现用名：t+pazolite，缩写:tpz
混音用:t+pazolite Remix
tpz Despair Remix
tpz Overheat Remix
tpz Overcute Remix
tpz bit remix(这个不常用)
开办的社团(两个)：
C.H.S( Cutie & Headshaking Sounds )
（原名：Club Hyper Speed）
和Movement on the FLOOR
个人网站网址：http://c-h-s.me/

不定期更新，欢迎收藏，！！","['舞曲', '电子', '运动', '舞曲']","[22645267, 22647071, 22647085, 707086, 36025522, 22707466, 27582388, 41416644, 27702550, 1300452298, 41672479, 34204536, 707090, 41416618, 35778397, 32857806, 35779396, 26092124, 453176638, 528273111, 27672441, 2072618608, 41636067, 26092123, 480583014, 28461210, 1416321175, 1472340928, 40915644, 1300594253, 1810057184, 528270118, 40915652, 528273110, 40915642, 40915656, 1810055414, 40915646, 1300423311, 1416312932, 1388172299, 2040919735, 2040919738, 1388173058, 1300594252, 2063852358, 528272115, 1962018759, 1364342456, 1904518653, 34557364, 2063851429, 2063852356, 2040919541, 2040919540, 2033304041, 426881736, 2028816025, 2024882092, 2009247277, 1995503518, 1995504441, 1995504442, 480410003, 528271137, 1975294859, 1975294796, 2022319245, 1969884941, 2013388156, 1994300138, 425280667, 453176645, 1969874516, 22728052, 1964053896, 22707469, 1956135417, 1967064613, 36578589, 2009154721, 1967064624, 1964053895, 1969876306, 1904500916, 1867921543, 26115982, 1346787651, 480583068, 707075, 1810331472, 2092630399, 1965624744, 1969876307, 1965624743, 1965624741, 1965624740, 1965624739, 1965622798, 1963991504, 1964294685, 1962799593, 1962484641, 1962484639, 1962484629, 1962425051, 1962445707, 1962445302, 1962446272, 1962488951, 1962431233, 1957290684, 1961873485, 1939334395, 33737390, 1948717610, 1937736300, 1838034554, 1838041931, 1959683005, 1939689649, 1942042317, 1939334396, 1939591459, 492999436, 1915307902, 35504086, 1472340927, 1838041933, 1364343338, 1915307002, 1810057185, 1915247843, 1904512384, 1810055407, 1915306947, 1448482897, 1448482902, 1915307031, 1810055411, 1416321176, 1914658942, 1915307807, 1915306883, 1915307710, 1915307682, 1915307634, 1915298504, 1915307798, 1915298452, 1839172925, 1459038427, 1904515402, 1904518650, 1904518652, 1904518649, 1880710728, 1904515399, 1904515400, 1904515401, 1904518654, 1904518655, 1904500761, 1897954788, 1903327066, 715995, 1887457505, 1883156123, 1824724650, 4941116, 1843284095, 558560558, 1838041932, 1810055406, 1929622429, 1815052674, 1822509619, 1815054640, 22707470, 26303330, 477215174, 1378085476, 1403793171, 1376159183, 1302953104, 717374, 1461286900, 1374648015, 1810055404, 475207188, 1810055412, 1810055408, 1810057182, 1810055410, 453185511, 1808064852, 1807609754, 1499904349, 1491225722, 1472338017, 22707480, 1333413337, 1472340939, 481691545, 500665523, 22707476, 426194643, 1838034551, 1371060466, 1416312935, 426194052, 31460405, 22707481, 1448482896, 33556989, 1388172300, 1448482899, 1416312933, 28461207, 1388173059, 1329981018, 492999437, 33367548, 1416312931, 1838034553, 1416312936, 1333413339, 1443145767, 4941123, 453185510, 1416312934, 470601181, 1346788555, 475207193, 691549, 691540, 544151187, 480410004, 502242366, 1454965720, 686338, 1429954353, 1416321172, 29222489, 28524808, 22707474, 26458715, 32857348, 686045, 28461214, 479764555, 426194046, 1388173061, 1400031214, 22728033, 558560412, 1401853225, 34528359, 1448482900, 453185502, 529391644, 1384351731, 454224226, 852746, 33187044, 1402449333, 1388173064, 462612844, 26454097, 22707484, 4941118, 479764543, 1368712292, 35779399, 479764552, 1416321173, 22707482, 691555, 26370837, 22728078, 480583074, 22647020, 29156080, 26107807, 1416321215, 33728164, 36492095, 408140644, 1451206271, 502242398, 2090856096, 497223835, 497223838, 28959323, 687291, 34204539, 31545686, 707139, 22728118, 502242382, 573154812, 440403486, 425280774, 1838041637, 1388173063, 22645252, 1388172301, 707032, 4941117, 22728026, 453176653, 428203478, 34557365, 22707483, 36927643, 685928, 33187042, 750190, 26107809, 1413780864, 869197, 28524807, 1388173060, 1399642096, 1300423307, 453185551, 469073635, 26454099, 1416321174, 22707471, 26454096, 419596566, 480583067, 480583012, 497223837, 434981101, 707464, 434981102, 34204010, 497218853, 497218851, 22645277, 22645260, 31460422, 31546327, 480583049, 22645251, 685918, 22645254, 22707489, 2096451605, 686358, 571339841, 686791, 22728170, 479764553, 412016081, 425280946, 686343, 707472, 411928045, 22707467, 1401894266, 687086, 479764551, 26107811, 453185497, 28178238, 686086, 22645259, 502242592, 686626, 22728055, 479764545, 479764558, 22645257, 479764549, 34557362, 22707488, 32803116, 477215129, 1490929247, 479764542, 22728210, 707265, 528271138, 526464686, 480583016, 747052, 28561989, 1429951588, 40915650, 22645089, 686071, 686060, 1367406378, 27702545, 453185499, 35778393, 500392095, 500392101, 412178611, 480583018, 27702548, 37091593, 2040919544, 33187048, 36024548, 37091595, 707028, 407862754, 491294536, 502242281, 453176637, 28866593, 470601212, 40915645, 1346053467, 707072, 1337226091, 1300595145, 22707477, 499793179, 34179074, 34179073, 40915651, 36025518, 1401894261, 27912093, 22647044, 36024550, 28461211, 35617058, 454711362, 453185498, 479219249, 480583011, 36025520, 1333413335, 34204542, 453185505, 427419415, 1445891786, 869176, 26370841, 469104148, 716700, 40915653, 707041, 428203480, 707082, 686347, 412785306, 22645287, 22728059, 434974431, 35779196, 1405914416, 479223257, 399342131, 426881729, 746623, 1338643360, 1313104177, 479223256, 528273109, 477215173, 34204549, 40915654, 707511, 22647098, 479764544, 479764550, 686396, 707496, 515647376, 707044, 33414664, 528271136, 686334, 1851248855, 691545, 479764554, 26092125, 22707485, 22707486, 22707479, 31587315, 33728163, 1388173062, 1316375536, 864107645, 1449365548, 686107, 715044, 548145286, 22707468, 34852527, 558560549, 1838034550, 574908761, 747167, 480410008, 544166188, 480410006, 518088335, 707135, 526091103, 707114, 707131, 475207840, 477215171, 707115, 477215077, 707119, 707181, 707132, 26092122, 1481148882, 707481, 707122, 26092117, 1361005175, 32857887, 22645253, 707190, 707251, 4941119, 30398779, 4941120, 4941126, 22645272, 707176, 1455974449, 4941122, 1396955084, 707183, 27702543, 707188, 707173, 26092121, 2063851427, 477215088, 707170, 477215079, 707179, 707268, 707192, 31546026, 707185, 707290, 707279, 730996, 22645284, 4941121, 701011, 22707472, 1382596105, 1824724655, 22645261, 707140, 707258, 22645283, 480583050, 707262, 707054, 480583048, 22645265, 474932696, 474932720, 709350, 474932678, 502242532, 28109891, 1401887020, 22645291, 1378213309, 707038, 707059, 1838034552, 34179062, 4941125, 707049, 480410005, 707254, 480583023, 480410007, 480583047, 1448483879, 1815054641, 480583046, 428203470, 479764559, 480410002, 479764547, 41629283, 476598820, 477215083, 479764556, 477215177, 40915657, 686063, 26370845, 31546056, 469065598, 479764548, 707124, 686384, 22645256, 479764546, 479764557, 1448482893, 22728021, 22645268, 707136, 707126, 453185500, 751195, 1460673821, 31587336, 28229917, 22728230, 35618371, 1448482894, 707486, 22645293, 477215131, 425137386, 686331, 707272, 34179071, 32857893, 687025, 26099421, 22707487, 707276, 638995, 4941124, 686326, 35040086, 475207105, 477215091, 1350517668, 1388173065, 32857890, 1446568821, 33187046, 34179069, 1859618589, 36927651, 1451207236, 707128, 22760357, 22645270, 31545726, 707036, 707282, 22645288, 22645271, 22645295, 709454, 22645286, 22645290, 31587300, 709422, 2090333680, 686408, 22647051, 1303027485, 33527237, 22728030, 28576329, 1366515472, 480583010, 480583072, 28714886, 501133593, 22647015, 35345496, 836959, 26126379, 1373847064, 561307108, 399343137, 500913352, 451703812, 436305252, 518088781, 37091597, 1809422704, 480410009, 1301572742, 1346788557, 1849909528, 502242412, 558377354, 562675983, 1414054592, 1384296094, 1494549623, 27702552, 36871993, 492999476, 558560100, 399342055, 474932706, 1346788558, 709430, 1446568062, 1378207834, 1378212201, 1374653546, 716573, 474932681, 505474731, 480583069, 22647046, 497218850, 497223836, 529391610, 453185509, 1367988835, 1424516785, 1369973330, 453176693, 1346788559, 443070044, 1416321178, 526904431, 691547, 1369971787, 1369971788, 1388172298, 691543, 691558, 410536, 497218855, 526904536, 1400030391, 497218852, 41672475, 502228654, 479223258, 497218854, 686363, 686091, 1810057186, 717109, 441835217, 28186232, 22707475, 480583019, 27702547, 477215178, 22707478, 22707473, 22707465, 22638606, 28461205, 36025521, 453176646, 31545509, 34204550, 40915643, 34204544, 1346788556, 1346787652, 558377272, 558377285, 443070106, 31594030, 480583021, 1346053469, 526904490, 2047063639, 1346053468, 480583053, 37091596, 34204548, 479223259, 1459271440, 27702553, 707078, 34179067, 412016080, 35778396, 453176654, 35618063, 35778395, 477215169, 428203474, 34179065, 36025519, 477992342, 707093, 27912096, 36024549, 31514983, 428203476, 26092119, 31594029, 479219251, 707097, 1401060935, 526464680, 31594031, 36024546, 707024, 1401060936, 477215166, 1384356326, 40915655, 558377282, 27912092, 453185512, 1333136221, 558377271, 1975295770, 707095, 451991170, 500392099, 412016086, 528270119, 40915638, 26129479, 528273107, 428203472, 1300423312, 1300452300, 558377277, 558377280, 1300595289, 412016089, 32857896, 528273108, 479223255, 571339430, 1399643357, 35778394, 1323301252, 40915639, 428203481, 28187275, 558377275, 1364123115, 453185503, 40915649, 500392096, 41416839, 471403120, 34002676, 1300594248, 558560667, 1300595287, 1300594254, 451703834, 40915641, 453185504, 35779397, 1333413330, 453185514, 528116054, 40915640, 1362828217, 1364123114, 1472328952, 1464182869, 1904491623, 1400031206, 480583024]"
2073875819,Hiphop练舞歌单,个人喜好的style，随缘更新,"['舞曲', '舞曲']","[1849257931, 1347882, 1091884, 1920212709, 2058087622, 1307957782, 19644380, 1341722986, 1335422996, 26819537, 1186023, 1475505, 17572251, 19375093, 1320329093, 17796648, 21252561, 21268933, 3818257, 20225886, 26788829, 26654463, 572868391, 20189494, 17541740, 3315196, 20963217, 567468294, 5143232, 26669707, 19150790, 18353584, 414118739, 574922416, 1850385536, 1432446940, 18050061, 5221922, 1970470648, 2051453106, 1989126104, 19085764, 18353639, 2041104775, 2011601742, 425298947, 28482391, 1989323136, 1941492, 21252400, 18936244, 1464315507, 1499367781, 1965392316, 1946639029, 1885119607, 1393503278, 33599623, 1917033035, 1460837, 18922323, 18536743, 1326194, 1620588, 27238226, 26654468, 1385288364, 5189835, 1924258689, 546237767, 494865700, 22495832, 5051095, 3315200, 21562972, 29559706, 413812874, 465921783, 1335483321, 5222572, 17405589, 1420282244, 420220846, 1917599630, 548890828, 18651395, 20277781, 17541743, 3873194, 1805964161, 1831738177, 1374235047, 1359661825, 21803488, 1455028078, 1867828273, 17739900, 541832291, 426434123, 1862798317, 1498629583, 1401816525, 1468946798, 1385764230, 422790572, 1361320879, 1837440628, 412016846, 1343995316, 1343981000, 1343989499, 1425285430, 1474824926, 1807673901, 1387519449, 542871130, 17747181, 1847901477, 572074926, 513502787, 21918138, 1491247961, 1808181107, 26330210, 1821458900, 1465500717, 1481784187, 1459355847, 1468716104, 1406153160, 1406438197, 1351411740, 3040237, 459954439, 18536812, 1838776441, 501214201, 504425722, 1364185780, 26661549, 21799566, 1320819721, 26998657, 550566629, 1305254878, 417859041, 1374044612, 1367326171, 1403134808, 1823214115, 472952427, 1861126812, 1817995541, 1811853695, 1384311234, 1399981601, 1399054581, 1473064354, 1370099900, 1377465760, 16330722, 16330682, 16330749, 522444178, 2781191, 864608856, 1394442243, 1380427873, 1470304236, 26653596, 1821116250, 554392032, 28923020, 524152595, 1397334078, 1397620019, 1406427925, 17572398, 25350599, 1458224876, 415086151, 28339110, 1393311654, 16642176, 1091871, 19449971, 20963056, 20963065, 1394436630, 1447715649, 1468951054, 1470533679, 32405165, 431085421, 1415805511, 26754553, 27990542, 525063635, 1351833399, 19122561, 21799560, 1415326933, 2417246, 1388561737, 4405374, 26930398, 524104991, 473134207, 21268731, 573387452, 18050063, 1307304187, 16666251, 1313325999, 1299167264, 17269697, 2009373, 1305666486, 496619601, 407459157, 504755723, 399353045, 33544507, 27221991, 1455101010, 1357775302, 28400914, 27787650, 1451352785, 1394155764, 1385288945, 1394155760, 1353376669, 28040130, 1345023, 36961173, 439122381, 1478066027, 1345916942, 428116478, 36578914, 19375545, 415793917, 5143200, 21722634, 32405137, 21225230, 1351910962, 5048278, 1429478797, 16642169, 17525440, 5053659, 542685206, 16861199, 1311689462, 1320819724, 560795021, 478351182, 426291312, 1408331588, 16822625, 21225246, 20166635, 37115766, 568771807, 26676219, 574763367, 465973760, 493662496, 449793631, 19170190, 450222826, 1320591737, 1323302690, 542501753, 19277005, 28253436, 4006273, 22455561, 19719211, 20978885, 26089355, 4177344, 1106423, 467289077, 430062060, 503214231, 458496467, 466611591, 20752004, 538975793, 1320747432, 1323830968, 862098298, 1320697257, 1320695311, 542501782, 21215263, 1331766971, 16724716, 554200153, 554200163, 557561537, 16642162, 2436443, 1379100063, 21225229, 1381754523, 30854238, 2003605, 36587457, 28909345, 28535072, 1320818950, 26543439, 424262559, 862100518, 534952091, 29485888, 504783676, 17859742, 1320819701, 1316628678, 1320821036, 1320695458, 1320818952, 1320819819, 1308595498, 1393694110, 21215623, 4909215, 1390691600, 27532912, 26870587, 467068, 1320819715, 19805601, 1320697256, 1320747351, 1320819734, 26620555, 5050301, 1320695172, 422427477, 1349215186, 438466569, 29810075, 5051590, 2890139, 3030170, 4006285, 3464493, 405079611, 498320388, 36872045, 33255655, 2433342, 35407367, 28045417, 2121956, 29950290, 32405089, 36664786, 32823276, 520676541, 1091685, 36621505, 22406357, 3955391, 3046096, 1694104, 27164642, 1363534728, 559787702, 28676706, 17447694, 26788798, 513966148, 27210348, 1357828297, 514054270, 478269694, 26509873, 5143207, 2067839, 27222019, 16158611, 533767143, 29932696, 1309262767, 28701910, 461306793, 17578670, 23039472, 3453008, 1320818942, 1320819823, 3030166, 1320695456, 1320749216, 417915719, 476655914, 1091683, 448917035, 17616858, 26806273, 2076634, 525239517, 1353090088, 18674736, 27135824, 26788792, 5042283, 17112345, 423776933, 521302773, 476657456, 20944762, 467595295, 514054272, 1321382251, 27128619, 1316900604, 32405162, 460482953, 481620425, 27497416, 28158075, 416700721, 36586467, 21215609, 3030173, 1299550748, 531163175, 33495564, 27985790, 26483905, 460782369, 474152818, 447925566, 514052307, 407459592, 493664218, 32405087, 489114930, 422428024, 427606657, 437250195, 427606659, 433103744, 415793693, 409646138, 26223536, 491098552, 411347970, 17082935, 399340392, 463183598, 28094278, 541812473, 28573939, 1317201738, 406846838, 412911554, 565792892, 31460003, 26654475, 21252418, 2317271, 26957253, 34169489, 26869743, 2116712, 33682727, 459529924, 502242131, 501326928, 21154311, 431794393, 423849834, 573651755, 422427702, 17112356, 20489831, 17533630, 424474704, 423776930, 468003362, 17405604, 22495831, 26788800, 1224832, 17112374, 5143203, 1460813, 18602022, 1142089, 34142993, 437387388, 462079236, 34892481]"
8912436703,运动流汗 | 内娱唱跳女歌手合集,适合运动或刺激的神经时刻，一起跟着节奏动起来,"['华语', '舞曲', '运动', '舞曲']","[440464173, 519909850, 2007326056, 1878297614, 1854169917, 1340412152, 1821292148, 1410653879, 1313052664, 25985018, 25985015, 1336789331, 1854172864, 1456620425, 1813795008, 1296419802, 1815649033, 1317420283, 503207186, 1988842860, 1883725410, 469744949, 1409157146, 1351802471, 28068517, 1879881780, 363170, 251590, 436346373, 363110, 1891632934, 1329734286, 251596, 1382796921, 1501170230, 1889418187, 1868541623, 33166517, 522631763, 1333414673, 1874683826, 1386093316, 451126434, 428375535, 436355213, 251586, 251588, 251585, 251584, 25731610]"
931481958,Core⚠ACG⚠Trance/V家/東方/音游 の日推,"本来只是个人听歌的歌单，很意外能有这么多同好收藏！歌单内歌曲主要按照个人喜好收录(基本来自日推所以有其它风格的歌曲也不奇怪)，欢迎各位收藏。随缘不定期添加歌曲~本人使用列表顺序播放~
20220801
经过每首歌曲的重新试听，尽可能删除了早期创建歌单时大部分与歌单主题不相干的歌曲，以及编曲较模板化的、旋律不好听的音乐，本次删除歌曲数量约600首。保留了少部分听感较好的歌曲，为什么这么说呢，日推的一些旋律实在太棒了a忍不住塞进来(我摊牌了ACG占比更高一点)
20230213
更新了简介，本人其实对曲风的知识未曾了解过，歌单也是某一年开始想着去尽量收集特定曲风的(往上翻能翻到很多陈年老梗)，非常开心能得到大家的认可
20230218
现在的日推和屎一样，不得不刻意去翻找几首
20230723
regulus的曲子真不戳，初音殿下永远的神","['电子', '舞曲', 'ACG', '舞曲']",[]
2276461395,阿根廷探戈 Tango歌单,"阿根廷探戈 tango 一些常听tango曲子

欢迎关注：TangoUnion 阿根廷探戈俱乐部，现有北京大望路店，West知春路店两家俱乐部。","['舞曲', '酒吧', '浪漫', '舞曲']","[1443342150, 472814938, 568639354, 1450245766, 1450252320, 559272666, 566983283, 563424701, 537766475, 1922660676, 1922660669, 1922657135, 536518236, 1348239126, 1921504161, 1921503308, 1347236733, 1347240106, 535759717, 1472766153, 1307471628, 1882256786, 1451836149, 549611171, 1487806331, 1882256790, 560571809, 1443342364, 564029646, 561007715, 565012423, 1921503310, 533345739, 571224090, 571235890, 567611164, 17787967, 1302146868, 571237644, 553787340, 1902083383, 865253160, 1345666773, 1430376144, 1302141378, 555462499, 1302448457, 569575463, 574457227, 1334358072, 1430374319, 1304506576, 541305350, 1360194215, 1427889832, 1463069974, 531478224, 444297800, 1347180484, 1866715778, 1495984213, 1495984214, 1345195582, 550880845, 574452624, 1421668226, 1421668224, 1421664915, 559971551, 568161354, 1432673539, 556121199, 1448272969, 1444132572, 444297796, 568331312, 569770511, 559104650, 562880585, 563423700, 565325221, 549647845, 549647843, 550910964, 550910966, 550912273, 548656278, 561761297, 563150940, 569235835, 1301549147, 1302055628, 17787956, 571016786, 1306740793, 1489497986, 561143566, 543332873, 543018467, 567195916, 567196481, 1307437045, 543018468, 1331246218, 553953937, 473007447, 562926315, 563191138, 1302102771, 1443335919, 568600455, 561379016, 552960841, 1302058363, 1302058364, 1364075802, 1301597927, 533536972, 568331304, 552718565, 560396471, 559604346, 1305213045, 570805477, 565092961, 1428449085, 1428449093, 529263199, 563136347, 22520995, 1302079886, 1302079892, 562374334, 562375110, 562374331, 562375107, 1302063100, 1294200194, 1303084306, 568431704, 550885574, 568432212, 568431703, 564502480, 569639467, 1319122793, 565325217, 1428568138, 1311256222, 1311256219, 1311256212, 1311254304, 1311254303, 1311254308, 569653166, 563158153, 563156601, 565060277, 536843116, 1301164025, 1301149918, 568075953, 568074791, 568074789, 568074773, 563223688, 568075910, 559104640, 1481509587, 1481509583, 568801044, 568800278, 559104629, 559104638, 559104630, 1443342363, 1443342263, 1446214190, 1443342261, 1443342353, 1443334875, 1350243713, 564959437, 564116899, 557305742, 541985514, 533554204, 531234382, 557115180, 562277925, 555467478, 555467476, 555467474, 552648131, 1361531571, 568068094, 568068089, 557491837, 557491834, 557493548, 557493546, 569756917, 16203986, 561761292, 561761291, 1345372824, 557389055, 1303084411, 568075927, 1347180339, 1303083345, 1303083342, 1303080877, 22439001, 565599155, 549234383, 1372286944, 531237266, 552975058, 1345372851, 1443342149, 21669561, 1451832836, 1301536045, 1301536044, 1301536043, 1301535553, 1301535552, 1301536038, 1301536041, 22626044, 866019546, 866019545, 1301119422, 563151403, 563151399, 563151398, 563150935, 563150937, 1343452168, 1343449624, 1343452167, 565378278, 565378276, 565378275, 531025057, 541677563, 16203977, 541677551, 1324344711, 553535236, 558756780, 558756779, 562306885, 533358615, 491369510, 533358609, 18173253, 562836191, 1302121472, 1367303278, 548961317, 532676425, 1374183673, 1374183670, 1374183671, 1374184409, 532677378, 563455682, 564758329, 1334849746, 532677374, 558626225, 1331598899, 567565439, 865253165, 556463282, 865251220, 865251224, 865251218, 568851475, 568852075, 564105595, 569311109, 532965668, 565343202, 565343200, 549747751, 549747744, 549747742, 549747739, 531471999, 561290267, 561287874, 561287873, 569311107, 531912497, 558822547, 565292558, 558823512, 558823510, 558823508, 558822545, 558822544, 558822541, 558822540, 535989370, 558822539, 558823503, 22619476, 568802435, 566646203, 566645826, 566645825, 566646194, 566645816, 566646191, 566646189, 566646188, 566645813, 566646193, 566645818, 529189659, 561944352, 550307761, 532269151, 561350542, 561349935, 1344340133, 1344340127, 1344339304, 1345175840, 1345195269, 1345195266, 1345175834, 1345175831, 1345175830, 532300820, 556969065, 538635957, 1348431926, 533239876, 22626036, 532676428, 493731559, 1316795388, 1316795384, 564002070, 564001093, 564001094, 564001089, 565932263, 22619474, 1348435310, 1348431614, 1348435311, 565918727, 569403761, 564786239, 563136346, 563136345, 568476929, 569434655, 569434653, 569433780, 569433779, 569770510, 571237852, 571235967, 563015126, 557370879, 1307654020, 1307654599, 1307654598, 562250313, 564278069, 564278068, 564275440, 36992092, 36992084, 569311112, 559632601, 559632598, 567501198, 559632600, 559632597, 559632592, 559632590, 559632586, 559632583, 564001220, 561581710, 561581709, 561583278, 567815450, 567815447, 567816255, 564032716, 564032715, 565677448, 565676865, 565677445, 565676863, 561058863, 561491267, 563565129, 563564432, 563564430, 563564429, 562880588, 562880584, 562879984, 562879983, 559750396, 562880589, 562879989, 554953042, 569749030, 568476926, 568256238, 562145374, 561583279, 562399752, 562399751, 560506482, 566066349, 565505981, 563941350, 36992075, 559103666, 559103664, 559103667, 569770503, 563124922, 563124921, 566162269, 565899085, 565036299, 555701596, 555700579, 558857882, 562945340, 563635664, 565795779, 565795780, 565930971, 565930974, 558526475, 558523872, 558523865, 559284642, 21323351, 21323384, 562512436, 561541271, 561541272, 561541268, 563789581, 563789580, 563789577, 563789575, 557372291, 563564759, 563485210, 563484009, 563635667, 557370876, 553300486, 552713860, 553274942, 555934231, 532965655, 565724198, 565326056]"
898444902,复古Dj慢摇舞曲|爷青回,"
我点了一根烟，听了一首歌。
听完之后，我点了单曲循环。
抽完了一包烟。

80,90后的共同记忆","['舞曲', '90后', '怀旧', '舞曲']","[32465166, 1923489, 24127661, 33541391, 5098480, 3545662, 26063697, 28300165, 1457416374, 5218172, 4346391, 30590652, 26633698, 3797859, 26867115, 1293694, 2701391, 34880251, 5220601, 1321680, 572932030, 25825136, 29498108, 26255419, 21274655, 1901836547, 4440643, 31273185, 426852294, 2771984, 27946938, 27174945, 1064173, 34280999, 27946929, 27064082, 27781222, 4454967, 5242683, 5150312, 26974448, 4158505, 550313516, 17088590, 27901134, 22535163, 1290465, 27901665, 27876986, 402070506, 27946796, 401723106, 28644437, 5188687, 2177028, 19362736, 1414841, 2177010, 25862796, 26783793, 3950909, 26668987, 19123407]"
28015691,「异域风情」驾车精选/车载必备！！,开车的时候打开音响，听了这张为你精心整理的歌单，保证让你精力充沛！！！,"['电子', '舞曲', '驾车', '舞曲']","[1983428325, 1982769672, 1804474238, 1432582503, 1850292932, 542264741, 1359357320, 1985790068, 1917275481, 1979949372, 862801342, 1981446300, 1996735920, 1956421174, 1805370821, 1313051610, 540861945, 1332935255, 1861763425, 1996049468, 1314889752, 1343260101, 1309375593, 1335968138, 1987305195, 1367218534, 1952136668, 1458429634, 565268162, 1371031716, 1320588469, 464647249, 1926906696, 2000415187, 1997356218, 1433945451, 1432363733, 415966240, 526464448, 1432426916, 1956420613, 1339220974, 1449530549, 1929198715, 1333058656, 2004347514, 1322689245, 1367963507, 1372686671, 487192529, 36303715, 1818994226, 1886929966, 1365610248, 1974496415, 1380017818, 1449805839, 1339003085, 1361964743, 551638872, 1500105414, 1368711082, 2002596636, 481537785, 510052498, 1972855165, 1999596714, 1996724054, 1448027899, 1817318453, 1951971119, 1975583469, 1897551860, 550514842, 533329307, 554200772, 1373248443, 524466764, 1293950889, 1348083656, 1375203855, 540365408, 1356504401, 28704812, 2001418285, 2005087693, 1953039552, 1388634685, 561524329, 1368704253, 1923651493, 1830603426, 1368266816, 1404378881, 547210817, 1323832710, 500264582, 437605986, 1335349527, 1984956792, 1296637501, 1323631439, 534541185, 532275807, 538360260, 1938163258, 1424520794, 531452896, 1336864989, 1348792326, 548025908, 1294089814, 1934616581, 2005484418, 1457912835, 454224214, 1295814353, 1336864991, 1960827181, 509501467, 1355164760, 1867677688, 1340473914, 476638351, 1327202456, 1360532828, 1337982482, 456175898, 503061453, 511365964, 531746183, 1948346226, 1359686761, 1990220755, 1940209331, 1426495961, 1408152685, 569870187, 1361101252, 1345708726, 525025846, 1987132775, 1333433026, 1990599068, 1379444951, 1294842406, 1403134808, 1419283456, 548785184, 574648438, 1418040742, 1433266348, 1426795192, 535443809, 1405161394, 492127594, 1295588172, 28406726, 480097163, 27526066, 488641795, 569385286, 1319700177, 1925015419, 1992548074, 408845537, 1295064258, 536243108, 531413261, 1988180267, 1408302578, 534067078, 1806397128, 504016381, 525239007, 531416556, 1925508044, 1996944017, 1882105943, 469137224, 1348964999, 1384660197, 1318524739, 27786650, 1993335558, 1950029158, 36303699, 1453504034, 1427771816, 1991314888, 1356285325, 532249823, 2006929790, 1890453514, 439122347, 1999568878, 1379496446, 1849503028, 1423230944, 564459157, 478229653, 1935704756, 1421572523, 1975620821, 1942611504, 442315393, 1921413600, 1831469091, 1868699959, 1456033296, 1987472121, 1449258723, 1995587930, 28152545, 1987478375, 1936197074, 1415638435]"
5318783513,走秀｜大牌秀场背景音乐,"动感、节奏、氛围…
专业模特儿走秀曲库，持续更新ing～
喜欢记得关注+收藏哦！","['酒吧', '舞曲', '性感', '舞曲']","[2030352489, 1921231161, 2060079092, 27911819, 26568457, 27714136, 1812467989, 1937575528, 1904993484, 28806332, 1307442720, 1914772861, 1870890884, 1371043278, 1409070884, 1902119935, 1361450505, 500786400, 1294861279, 1430572459, 1466131456, 1313615108, 1495990731, 503609768, 28772999, 27870611, 1832411280, 1897894491, 5099290, 27797214, 1447531666, 26327830, 26327828, 1877143075, 28137180, 28365143, 28363285, 27716092, 566443236, 862134817, 1933590, 19549261, 1483116202, 479422510, 4403041, 424849025, 1323446097, 1485734643, 31568987, 485347664, 26461935, 28071896, 29594973, 1368511631, 507806246, 1443402832, 1296871260, 1449269293, 27893728, 29389616, 27878046, 1396054361, 28817582, 508925362, 26461953, 26455349, 25106364]"
5001735271,经典语录/励志故事,社会语录 ★爱情语录应有尽有,"['华语', '流行', '舞曲', '舞曲']","[193535, 1372968974, 1360807404, 1401082038, 1864384305, 1884255722, 35040955, 1403937764, 1451396871, 1414242195, 1461590689, 1806117612, 1830722977, 1829059518, 864639228, 1333056611, 1383552505, 1390585046, 548823381, 549941731, 1342191057, 1337212768, 1334817319, 1331143963, 1327411362, 1326069476, 1320881371, 1320882289, 1320887946, 864647225, 864639245, 865021104, 550461486, 552691183, 550453774, 1394476740, 1388615085, 452601611, 1307216159, 1327372544, 1389040586, 864099079, 1351819580, 1443565952, 1358658357, 1315122248, 1805894082, 1812462300, 549941732, 546035454, 1343136921, 1337385071, 1329519709, 1324242191, 1411846325, 1440234726, 1348999813, 29812495, 1368001387, 1348999816, 571642030, 1344515108, 543553040, 1333051741, 1322595108, 1315121303, 1314031694, 1314033381, 1320741605, 1314488406, 1315122240, 1313719112, 1316062000, 1315795842, 1316068039, 1315802266, 1315118587, 1315794924, 1314811712, 1319520806, 1320742339, 1314029978, 1314479969, 452986475, 863967116, 863967117, 864107704, 864107690, 553310772, 561511013, 553061015, 559110774, 533670105, 530558362, 1339162409, 553753393, 1383069340, 1374990134, 1388006700, 1298463160, 1348587772, 1326179425, 548823373, 549941733, 1346923934, 1351452162, 1345929925, 1336956581, 548823374, 1334482538, 1343549416, 1341812729, 1323581107, 1334805564, 1343173314, 1327361054, 1341405412, 1337348906, 865021111, 1330059120, 1329524607, 1327687800, 1327696481, 1327397720, 1327314729, 1324334070, 1324320587, 1324322575, 1324317569, 1322104789, 1321980855, 1321311601, 1321148501, 1321142116, 1321056470, 1320865941, 1321140460, 548823382, 549941725, 548823372, 548823377, 865021131, 549941728, 549941721, 549941722, 865048026, 864647210, 548823379, 549941735, 865021121, 864647205, 864647200, 864647212, 865048035, 548823370, 548823369, 549941730, 549941726, 865021107, 1321672283, 1340364791, 1326179403, 1324985138, 1320995800, 539372197, 1318847667, 543551131, 543539993, 543542695, 543551170, 543542747, 543539975, 543548217, 543543564, 1308255444, 1354545436, 1305485558, 864993835, 558155565, 1305365657, 1305365659, 1305367653, 1305366659, 528823450, 451520311]"
6803344874,Bounce&Vina House。全网最骚连环炸,"“Vina Bounce”曲风如其名，是Korea Bounce与Vina House两种曲风“喝多了”、“…了”所诞下的结晶。
从直接听感而言，目前的“Vina Bounce”主要有两种形态，呈“龙凤胎”症。占首位的是以Vina House的特色越南风味Bassline为基础，加入大量Korea Bounce的音色配器，这是最主要的形态，即“不纯的Vina House”，这也是Vina House苟活于世的象征之一，这种形态尽可能地压榨了Korea Bounce仅存的少量热度与价值（也是Korea Bounce仅存的少量热度的价值体现所在）；次位是以Korea Bounce近似标准化的Off-Beat Bass为基础，加入Vina House的“西游记”等音色（但其实是Tom）配器，这种形态的占比相对较少。","['舞曲', '酒吧', '电子', '舞曲']","[2062679259, 2046943767, 2016324037, 2066926968, 2046628649, 2070847109, 2088390325, 2034166320, 2052293266, 2054506884, 2016324656, 2037014395, 2026382097, 1922358581, 1928035111, 1925377660, 1925404909, 1928421549, 1928457400, 2082080138, 2052741374, 2082103523, 2093709802, 2090386247, 1963910893, 2037739525, 1952759851, 1990154980, 1991278179, 2001353661, 2077527620, 1961534456, 2067449985, 2036224323, 2084747067, 2084749716, 2084749763, 2080003258, 2079936822, 2079018360, 2075401374, 2072929607, 2041147610, 1976009193, 1830491670, 1945241328, 1831399901, 1981803581, 1981836700, 1982155734, 1984634786, 1984663377, 1985788588, 1992985915, 1992991632, 1994141192, 1997180457, 1997212856, 2041898742, 2041691206, 2041676554, 2042050706, 2045600398, 2050460167, 1981494919, 1958876112, 2003576333, 1458380345, 2003368326, 1823304760, 2055029604, 2055031382, 2055031381, 2028318638, 1977597946, 1961852949, 2039835327, 2015205862, 2003579658, 2022695519, 2035973419, 2020525135, 2046676421, 2049767735, 2025188727, 1986336230, 1861664279, 1910948626, 1868000486, 1490469805, 1975398501, 2034572120, 2045897020, 2039510648, 2036601916, 2036293100, 2036287329, 2021188807, 2026934935, 2021186348, 2021186361, 2021188684, 2017433654, 2017433769, 2017441828, 2017434065, 2013209783, 1989833773, 1939474509, 2003081902, 2006567636, 2015082076, 2015082083, 1986057911, 1917587667, 1911402577, 1971171603, 2001015080, 1953772782, 1991516888, 1983330090, 1960991086, 1945502438, 1853355911, 1916577224, 1896055391, 1891712371, 1932129894, 1901171100, 1907094976, 1928517142, 1951328760, 1896340109, 1984407348, 1993939628, 1988886585, 1980419677, 1977949285, 1980964776, 1922962572, 1908174663, 1841809546, 1867815153, 1878379931, 1970212607, 1950429648, 1828111156, 1834109620, 1910018201, 1919774234, 1963131896, 1874376551, 1863419119, 1935347696, 1919555997, 1913887392, 1913586600, 1929611312, 1959454997, 1974391060, 1974201411, 1972670495, 1973065128, 1962180731, 1971144960, 1970849262, 1969565111, 1969332881, 1968035745, 1964890076, 1963994974, 1962338187, 1961749637, 1960587356, 1958358609, 1958509170, 1953418683, 1956142879, 1955423702, 1951959954, 1950906415, 1950906339, 1950609992, 1920223087, 1948842148, 1912980912, 1944973429, 1946242709, 1944795141, 1939523601, 1938686742, 1936831966, 1934336266, 1934338127, 1870842877, 1888924536, 1897351366, 1921881050, 1932373316, 1874802920, 1909126448, 1931441224, 1930713931, 1927170206, 1927169360, 1819979408, 1909939259, 1841978534, 1886989588, 1844984318, 1922918825, 1922764862, 1924146031, 1922663494, 1919737832, 1922481386, 1918644188, 1913812942, 1913533235, 1912691221, 1912409858, 1915000813, 1915313715, 1913945605, 1911054653, 1904518686, 1907012533, 1837359737, 1835727361, 1806772853, 1827996831, 1901845260, 1901754847, 1893892269, 1896208868, 1897818358, 1899484200, 1864969239, 1869728233, 1867735388, 1868230115, 1872204431, 1878802682, 1885954275, 1856628195, 1501788529, 1872124907, 1479281395, 1864964301, 1822321202, 1821669348, 1856104325, 1880293502, 1831540613, 1839570797, 1863437620, 1878305312, 1867242249, 1877266250, 1873284176, 1878038902, 1878032221, 1877702486, 1845443847, 1854638962, 1444008910, 1458378129, 1458375632, 1849462966, 1851188093, 1844083061, 1808575009, 1835335475, 1498317819, 1452734499, 1414095697, 1485216496, 1816328350, 1823661629, 1818633289, 1816325017, 1814670242, 1820356178, 1444897526, 1497616067, 1428895693, 1444981572, 1472307262, 1408069140, 1452530251, 1419232664, 1397698075, 1414109565, 1421601779, 1418992712, 1420768354, 1418889482, 1419147582, 1393383613]"
2182636617,Vocal Hardstyle触动心弦的人声，令人沉迷,"春风十里，不及相遇有你，

晴空万里，不及心中有你。

至此，沉迷于你，

不醉不休！

2018/04/13","['欧美', '电子', '舞曲', '舞曲']","[1983572980, 1449181414, 1444442276, 1450061151, 1408854393, 1329311606, 1398963403, 1345663525, 1401281761, 1384135150, 1401728522, 1398727882, 1377501548, 1391925825, 1390286892, 1386949287, 1391644750, 1385290135, 1384893423, 1384290583, 1384132497, 1375828378, 1379727530, 1365194999, 1381069844, 1376926359, 1378284696, 1370007864, 1359180804, 1329517316, 1324131595, 28730941, 28930652, 33705049, 508319010, 1294899294, 525240787, 1325896474, 478029095, 408277075, 429482282, 30987921, 425828880, 1314453683, 554245274, 1316563378, 1295179396, 572847507, 865916405, 433018336, 571339329, 571336357, 443876851, 443875860, 574351915, 862099069, 572757317, 571960647, 571338340, 36872090, 31981760, 425295656, 529659113, 29481805, 529814772, 572847503, 31053579, 408532393, 34690429, 409646733, 32219599, 423406019, 478049101, 462516466, 408522523, 409646541, 27218912, 497218108, 28621332, 404784482, 484730995, 528272746, 489302248, 32003257, 426850093, 409872072, 409060169, 407450236, 29357541, 32301061, 443876863, 36872072, 516827263, 486194682, 437860007, 443875875, 407677023, 28371008, 26273247, 32526962, 28102196, 29525263, 443876932, 33346299]"
487812847,「Minimal」极简主义者的孤独之旅,"极简科技舞曲（Minimal Techno）是科技舞曲（Techno）下的一个子风格。它是科技舞曲的一种极简主义表现方式。随着House和Techno的发展，越来越多的音乐人在其之上加入各种层次点缀。极简科技舞曲则是一次向最初简约的回归，并吸收了极简主义音乐的“渐进”美学。90年代初，一些底特律音乐人如Robert Hood和Daniel Bell将其推进。
Minimal Techno是属于孤独人的一种音乐。你进入到自己的世界，自己的思绪，在那些音乐流淌的地方，你经历了一段旅程。Minimal就像是一颗行星，在那里有一个属于自己的世界。当我来到那儿，就像来到了一个地方，而我是那里唯一的居民。","['欧美', '电子', '舞曲', '舞曲']","[3477212, 26980447, 1899327, 17631798, 21414305, 19151108, 29769972, 3096502, 16967622, 1885225, 3684013, 3356562, 2138190, 26593453, 1287706, 1540463, 2020842, 1542717, 26325320, 17433947, 2993397, 3101085, 27679593, 17150834, 28803924, 1305388, 2364312, 27509661, 1884390, 2990072, 26066455, 1362437, 28023388, 26546187, 21248775, 2375095, 2042302, 27145527, 27931700, 27693213, 462997127, 27054534, 26607923, 18036656, 2042507, 27193174, 440403703, 19159480]"
4880342494,超燃炸裂DJ.,管他那么多，嗨就完事了。,"['舞曲', 'KTV', '舞曲']","[1986749278, 1984174895, 28878559, 2077280756, 2075908288, 2076147288, 2076559120, 2076855819, 2079639453, 1922663366, 35031728, 535535062, 444356238, 451701103, 490416045, 36117850, 1338275480, 1314794977, 534281036, 452804088, 557137326, 1391453782, 41656808, 419837717, 29429831, 463634844, 465675733, 862731506, 399552273, 562693273, 32312332, 27781349, 26486187, 416552423, 32317081, 477936681, 27919267, 1320544645, 27691471, 526099041, 485595221, 1329439016, 1401844271, 425684780]"
7399954501,陪我一起听 高睿,高睿 GRUI 99 926 165 哈尼 重庆 天秤 浙江音乐学院 黑色,"['欧美', '舞曲', '电子', '舞曲']","[2101789305, 2092248880, 2101452536, 2093235523, 2089742458, 2085088814, 2082416887, 2005552816, 2069006728, 2067796497, 1948817707, 2065926924, 2060792857, 2060619042, 2060079945, 2011512106, 1947667039, 1981557398, 2024224462, 1942701947, 2010669141, 1979417838, 1830388946, 1957782205, 1923195633, 1969603746, 1981021117, 1972402301, 1955978278, 1967786753, 1952285390, 1952012268, 1940943649, 1908016281, 1947077839, 1901554847, 1886416691, 1950396622, 1941900423, 1938315233, 1942701950, 1933965583, 1496923461, 1883959220, 1884860899, 1448276620, 1408711341, 1449599159, 1932578668, 1336789766, 2011550481, 1376706212, 1336789767]"
5311299797,ॐPsy Trance致幻重剂/独特精神宇宙,"恭喜你成功破解Goa/Psy Trance宇宙密匙•穹宇启示录
所有领略过Psy Trance的人都在赞美这种音乐“迷幻而友爱、和宇宙能量连通、抵达了非物质的精神世界”。它是宗教、大自然与科技融合的结晶，代表的是宇宙万物。

Psychedelic Trance简称Psy Trance，90年代早期从Goa Trance发展而来，音乐速度较快(Goa Trance是一种结合中东神秘、虚幻缥缈、强悍的电子舞曲，可以说是电子舞曲中，最迷幻、最high的一种)

Psy Trance复杂的音层，宗教感十足的神秘
快速节拍的135到150BPM电音弦线
令人亢奋的音色与旋律，连续迷幻振动的频率
带领所有参与者的精神
冲击交织成一个复杂有序的异维虚拟空间
其独特奇异的精神体验
成为Psytrance引人入胜的致命魅力点
灵性，疗愈，自由，无限，多元......意识电波，神游太虚
指引我们寻幽入微，洞察天地不会迷途
布满星星的宇宙和我们被包含在其中的精神宇宙
快乐品尝，遐想或乐在其中……

主涉Goa/Psy Trance、Full-on、Darkspy、Progressive、少量Psy-chill、Psy-bient舒缓氛围，高质精选更新。","['电子', '舞曲', '放松', '舞曲']","[1374970353, 26202777, 28154917, 28195671, 1317151036, 28186960, 1500622961, 1307080502, 19522847, 464563063, 27567650, 27641882, 33752354, 469073378, 406737820, 549411765, 515392529, 546480565, 466332606, 27986480, 532777522, 1296503275, 464563082, 440207043, 1401945176, 481535561, 502706963, 1921054224, 487192887, 1465984970, 1988649, 1068327, 16443297, 26663396, 1310329796, 26456261, 503083759]"
2158599884,化茧成蝶‖melodic bass,"☠该歌单创建于2018-03-27，并保持随时更新中，因此任何拷贝行为都会瞬间暴露

【音乐标签Melodic Bass】Midtempo与Future Bass的完美融合，以illenium和Seeking Blue厂牌最为代表。特征：旋律动听且起伏大，兼具Midtempo/Melodic Dubstep的Drum Beat(鼓组节奏)和Future Bass的Bass Chops/Wobble Lead，画面通常绚丽多彩，唯美神奇

PS:只选取最典型的曲目","['欧美', '电子', '舞曲', '舞曲']","[2088391804, 2057116555, 2024512612, 1917262314, 1918557248, 1886456269, 1851993382, 1496242642, 1488678413, 1479472933, 1483378454, 1474811373, 1474810916, 1476219294, 1441322676, 513357631, 1434225661, 1426290107, 1431057281, 1428156508, 1419406523, 1418510709, 1397317114, 1416675110, 1420650860, 521415476, 1405030781, 1396311319, 1392408337, 1384888377, 1384492900, 523041028, 1300595094, 1351431669, 1348326272, 1341903396, 1341919894, 1340143947, 1342679434, 1341503663, 1331563279, 1336558007, 1331711868, 1329164028, 1315141918, 1313102200, 1305085949, 1307739706, 1303026280, 1304727771, 572104437, 573577439, 571966425, 571967383, 571338898, 565848012, 557581550, 560032574, 553814190, 550946717, 549321169, 548649025, 549308520, 403711528, 507585221, 403710535, 473940907, 495220827, 546724457, 546722489, 543608295, 542697103]"
8788489414,2023十一假期Golden Age黄金年代主题秀,黄金年代Golden Age主题秀节目单歌曲,"['爵士', '蓝调', '舞曲', '舞曲']","[1929263297, 1220372, 1301610148, 1299800, 1347702133, 1479634099, 1436781000, 1297994, 26696151, 1480274777, 1373589230, 19550016, 3571692, 2309712, 27153989, 1981239966, 17059130, 1879770446, 28805460, 1836947916, 569830121, 27331274, 1405225899, 5131397, 1998595278, 555933678]"
7688812301,日喀则猩猩地堡 堡主们的最爱,戴好耳机,"['流行', '舞曲', '酒吧', '舞曲']","[27514865, 2089556604, 26244135, 1997646, 26418815, 26695092, 32922450, 29849018, 1090226, 525238797, 28403111, 572513381, 508533732, 1309746357, 27907741, 29849115, 37240341, 22845457, 1361879852, 1991103289, 26389052, 2043998072, 2025199179, 2060936144, 560404179, 1356657765, 26393755, 1962262602, 1315205459, 1468264790, 2042841789, 1368656060, 31165183, 1981032246, 4037474, 1890633419, 28885440, 1987739215, 1956133784, 555841311, 1494813957, 1877991905, 484447473, 2038285664, 2025524596, 1424460203, 1804648011, 1817053885, 18811081, 506043450, 28154629, 33404135, 1321532050, 1965507938, 1975505546, 1958041054, 2003472053, 1310241345, 490096847, 1825950470, 1848185007, 564168270, 481537753, 24912405, 1909137124, 2067795733, 36307815, 2019597717, 1388363478, 1318521631, 1454322899, 864099977, 1300509521, 1895793287, 5047777, 2055231019, 1947575679, 452814335, 1813618993, 1830500753, 515601126, 479219553, 34072216, 422073926, 21563197, 487068513, 31192469, 404276349, 409736083, 1378945858, 32526226, 27514846, 5093516, 26704926, 3205047, 21407145, 2031230775, 21407213, 28240407, 27804336, 1384496555, 1868355418, 1383205794, 1950479970, 1310038796, 1436379536, 1340901602, 502238300, 1912116077, 1943964204, 1848446037, 27924340, 1955960639, 2011993773, 1867350854, 1295814353, 2009531476, 2009233274, 481241369, 464315137, 1395041140, 572648157, 460112850, 1955601664, 1998340112, 1301449145, 28308797, 1418311471, 571241644, 1928366192, 26643898, 514865417, 5120438, 1340890767, 1494818131, 1902451431, 1883632847, 27753604, 20631060, 33527358, 428350859, 27017925, 1892409985, 1456096563, 17917224, 18801855, 5101915, 490381400, 1313308133, 490637273, 451981574, 428375694, 432821778, 449577297, 2529176, 27691911, 28524666, 572932030, 27962678, 31010788, 34040551, 5079635, 28117329, 29747524, 515455078, 1965392316, 514206680, 1912396084, 1391251513, 1454664682, 1398909869, 1323548207, 1341759077, 1334059163, 28551589, 521657275, 420482025, 16158582, 1417855727, 1390072974, 1424447865, 476324207, 26342437, 1470129356, 1417126178, 442518567, 494000589, 1476106763, 26722580, 1447966613, 1401302505, 1442987013, 1398523729, 25781158, 1428211824, 1299818, 5052317, 530995221, 2749004, 1498066118, 1835009703, 22495836, 1844977096, 1493234770, 1805372258, 1384265008, 445845868, 1352968942, 1845467662, 1835688919, 1839056676, 1426022018, 1856265847, 1840728251, 526904859, 1862317951, 1836406553, 1840260019, 1840058484, 1861343859, 1456947748, 1869728598, 30854084, 415792901, 41654301, 28277612, 1811288654, 1803685545, 31356045, 20319952, 1444908687, 1313703287, 452608930, 28798835, 1698391, 1410339379, 1460639054, 1823305772, 1434309751, 29345642, 1403529083, 1297532278, 1475862560, 1877996649, 30953009, 513397791, 1346907833, 1882114750, 26173033, 1356248365, 1390417252, 560747983, 1461558799, 1438791041, 1464494195, 1449539197, 139808, 3982885, 27823817, 33789036, 1362819703, 1340498213, 1460726361, 1420939910, 1323272445, 1396644165, 1426032478, 429089613, 1884951604, 28465264, 464015456, 1407753683, 567098859, 1860841540, 26936976, 1342945970, 1446855406, 1458224876, 1307789419, 1462875616, 480575052, 1401413082, 1378849616, 30212890, 1293668, 1501224950, 1439283327, 443622012, 1491556957, 554097041, 464674782, 21614604, 3880252, 464373274, 1921720553, 37455265, 1831811380, 427322410, 1344969914, 1805273210, 1824622772, 21038564, 27044369, 29758353, 468851927, 1815228598, 1302066306, 36067338, 1304565112, 485410433, 1816148967, 26933374, 1313705627, 1407767517, 522429802, 547227880, 21178422, 36303719, 554169191, 1957732826, 1393800989, 1483979868, 5301152, 5135721, 1390389257, 1419079977, 566295511, 470211564, 1359742003, 1451869672, 28722674, 516927257, 29816078, 2184119, 1349951141, 29829151, 411213332, 4079512, 1497632403, 1380149119, 28825862, 1400110511, 1809285746, 35785564, 464192646, 569040126, 1881955916, 35721607, 1444095167, 1389848908, 1814589914, 1853278001, 1367325524, 1491388168, 514279050, 550594137, 1499989691, 19033666, 1401832504, 16776660, 1852234574, 349892, 1852370571, 1855014510, 459078774, 1804346563, 1482975180, 27203936, 1321708996, 1464325108, 1453241969, 1463059465, 27080407, 1410128354, 33544806, 1438733855, 1393738426, 1486631924, 22789462, 1859245776, 40237792, 1446938492, 35513027, 1371411107, 1824927085, 1831695341, 534541185, 509654281, 1407767518, 1406633327, 1817995541, 29722263, 3406393, 1923188036, 542220158, 1399891218, 534542183, 32431987, 1818567964, 1896102097, 17541774, 32358587, 571059274, 29391011, 29748745, 36509745, 1318941061]"
372077780,【千篇一律不厌其烦】DeepHouse深邃之美,本无意与众不同，怎奈何品位出众,"['电子', '酒吧', '舞曲', '舞曲']","[1851577056, 1361838342, 1357927146, 1903281001, 1422634614, 1444322507, 445144563, 554909153, 1327681896, 1872152016, 1297773823, 34228273, 1468921898, 1484982315, 30148372, 34364366, 508177456, 1490789915, 544479984, 1302168985, 1443244007, 1474535141, 1419876362, 1302168986, 1411718848, 1461049408, 505807103, 506170726, 35617718, 477332816, 535142586, 1379931671, 417859523, 1296860072, 1391234038, 865309738, 543741899, 1314487514, 1381717995, 1386505494, 400690290, 406086791, 439915341, 507856231, 541687772, 1404954562, 1415849199, 1393789519, 491686787, 441491208, 448520282, 468877990, 503206433, 405485702, 32639453, 1386988788, 1377289570, 558356370, 508407689, 1356657763, 1385125103, 536128597, 480427357, 1370162678, 1394501096, 488256357, 1393224508, 1353414217, 1379034534, 427142579, 1325897262, 492014019, 526468423, 538836528, 1352279782, 862763655, 1381473507, 1379998940, 1379813924, 1325356977, 546864290, 1368181721, 501266889, 1348598758, 499789372, 1295837553, 545966400, 1331996746, 538955681, 1349198586, 507081434, 501798884, 543006228, 480426459, 536711346, 485607248, 546722490, 1296067267, 553762288, 26621243, 862417811, 562007484, 427542261, 472219715, 546458084, 1323967761, 472821147, 1335001495, 483809895, 458238631, 436305367, 1325125720, 462523430, 486837494, 1325898542, 435665268, 546686232, 506569058, 458238596, 505207871, 493408022, 422419902, 535434809, 522444237, 400690202, 573428766, 523001049, 411921067, 451521612, 571974404, 1325896666, 507906161, 1321480786, 528272294, 511214787, 553764951, 488649958, 1334059163, 529814986, 526468826, 506977968, 499876621, 402073582, 458507255, 458231709, 465921225, 534539202, 504186992, 507866480, 28651259, 441489215, 1322990685, 454966248, 441489216, 528270554, 1294641425, 1311616171, 470759584, 417250672, 464674986, 459062906, 500282677, 501778106, 499768484, 508014467, 33332992, 499789367, 506586028, 35443148, 1332721267, 407862825, 508410560, 508342413, 417833611, 485612218, 406737812, 487003153, 541635246, 451113381, 487003072, 567183978, 27942950, 35443009, 1309496106, 491955101, 488611386, 529814427, 34532176, 28115742, 529824411, 528270567, 431853775, 543927569, 420069044, 529834398, 539240712, 524270865, 519111223, 501214040, 427542187, 531842654, 32640251, 459733825, 514765104, 519112175, 556832728, 504312403, 28876192, 518896909, 414938676, 573233948, 476324541, 486837145, 493551152, 464674726, 479029412, 422094684, 458711387, 35345031, 456381024, 425137975, 26745462, 409647998, 437752704, 469272841, 31370592, 35314089, 28543993, 410518078, 431610281, 451981209, 506092958, 29822770, 33394356, 448707084, 29564556, 463268246, 451701018, 416700960, 487379080, 28382481, 406730982, 402843123, 28975820, 29807564, 417250186, 458711465, 438466473, 476324907, 458496375, 504501945, 427542188, 546582225, 459733269, 486999237, 516765174, 456381023, 427139659, 435552610, 448316067, 443277286, 409646404, 28673350, 458995957, 34033274, 431853270, 416385572, 491955257, 411921893, 27772096, 466333576, 504017347, 439137129, 28745945, 448672999, 35447639, 36924105, 432821776, 33486106, 33314033, 427595196, 404783592, 27587296, 411907426, 36924485, 441489289, 27991924, 403711245, 420500475, 412911784, 28154885, 458496599, 32209158, 35331832, 32035599, 428591658, 33544190, 456175873, 28170923, 34923092, 30212159, 461518866, 421423800, 446875547, 437859387, 28383551, 447925185, 451981574, 29540122, 407450207, 29600805, 41631512, 33692905, 407450336, 427595526, 28013207, 405485701, 422419011, 29493924, 26259203, 36586455, 41667573, 41647009, 28677729, 409931883, 32544347, 35331822, 427595529, 26301139, 26154799, 36668154, 35448742, 28621429, 27672266, 30212340, 32432599, 400074050, 36921761, 32432598, 28777443, 427542063, 28261298, 400689186, 35443144, 35443143, 34690580, 31719354, 403710248, 29563737, 39227081, 38392583, 400291010, 35448722, 32432608, 32432606, 32432607, 33541927, 39227534, 33291690, 33291686, 32432008, 39224583, 5218078, 2591686]"
2313401837,广场舞歌曲大全//节奏劲舞版,舞动青春时尚，享受音乐，享受生活。,"['华语', '舞曲', '流行', '舞曲']",[]
5348079449,Marshall 小马哥有氧健身舞蹈歌单,持续更新小马哥的fitness~~~尽量选免费的,"['欧美', '舞曲', '运动', '舞曲']","[1393271356, 1373168742, 1959621839, 1416661696, 1473533288, 1378627129, 1454322895, 1933450100, 1371505537, 1416661689, 1833092613, 406388034, 1315364177, 1331708850, 2026782756, 1302384060, 1352932041, 1386002736, 554146736, 20036077, 1304848875, 1363901171, 1832570236, 574935156, 23212487, 1341922345, 1975611443, 571504508, 1404819615, 1857965826, 28987659, 1482100057, 1935212861, 1352929812, 1839964972, 1953022141, 1302301520, 1883632847, 1470909184, 509512476, 1325075989, 440208187, 1863982278, 509464921, 479198379, 1856962224, 1806922562, 1359286588, 1446222575, 466285697, 464035801, 451981614, 442016542, 1885112802, 1370930, 513502966, 438904311, 401712016, 29753473, 401712013, 1470920021, 1429197270, 1876989252, 1314693164, 437856040, 28295185, 2528958, 32432502, 21974887, 28671688, 1822296798, 33584986, 1855475139, 1851465379, 1818819974, 1852227283, 2923152, 1847537001, 1844006141, 1845769376, 1846390196, 1486913214, 1842299252, 1816148967, 1809627079, 1842279571, 1479677849, 1818818808, 1813701439, 1822725827, 1804773061, 1490999365, 1493182888, 1485310759, 1499823574, 22441762, 1496225354, 1498254220, 1489257173, 1497961344, 1809627246, 1470303180, 1472218784, 1476078732, 1494713319, 1465472746, 1461062039, 1806490301, 1494713214, 1467337924, 1458205550, 1450982169, 1485569935, 1461510462, 1817311776, 1428582854, 1485569933, 1436320656, 1442439757, 1421372915, 1420888258, 1409279779, 1475792065, 1431769243, 1424955092, 1383876093, 1428718206, 1454323017, 1805277766, 1433933823, 1456124558, 1413988070, 1453242972, 1394330937, 1391216242, 1341311400, 1420911867, 433223653, 1476079719, 1386693744, 1388961961, 1407767519, 1371440195, 1805266467, 1368725399, 1371721991, 1344807562, 1309264107, 5249265, 1295861930, 1417055850, 1324144823, 27258168, 1487199125, 1478321214, 1340513045, 1298038155, 19550018, 2189252, 530082728, 1320325796, 23034011, 415792773, 1803542535, 529070578, 484620658, 18672611, 27288593, 513704672, 437290932, 460043702, 441489088, 5097744, 1435972732, 466332664, 477742304, 411236375, 424262063, 461544134, 411921480, 461544119, 1313280606, 1311807154, 28190433, 425684645, 404543632, 5173429, 428591064, 1492524025, 554322566, 34228719, 437605912, 419596617, 31838112, 21562963, 25058288, 31831269, 422790343, 1426857034, 1421441984, 1403429047, 1400386133, 1366846011, 1415895712, 473092476, 1359230768, 1382670266, 1399802979, 473073433, 27725207, 415904451, 1368437167, 1368270133, 1363046691, 1362795226, 1356221591, 1356160808, 1351904513, 1351582818, 1343146025, 1379161, 1318524155, 1335483321, 515453360, 1321382251, 1304399711, 26362125, 1293886113, 2923504, 554391703, 1296271236, 563078797, 548649021, 539250965, 547708521, 541687309, 1338734551, 459733716, 520460201, 512648032, 33510937, 509728806, 21178391, 447296411, 4436574, 422790346, 17559974, 28738275, 451520789, 430208464, 17269696, 426901131, 36947916, 29789838, 21215577, 407679604, 26787051, 30706012, 28111071, 31814163, 30212890, 419254882, 461544502, 424155395, 31719696, 27804941, 441116520, 29809873, 1343492095, 20515593, 31721599, 427546458, 20515834, 20515939, 23068726, 425280654, 28870174, 27646979, 27804050, 29000887, 26593078, 28411005, 484314211, 27005825, 26327302, 28029013]"
2976956482,拾叁先生强荐最火Bounce歌单,总有人把bounce曲风归结为”土嗨“，实则这只是一种不专业的表现，bounce曲风之所以今年再次大火更是其音乐魅力的体现，在韩国夜店风靡的弹跳节奏已经重新开始席卷世界各大Club，收下拾叁先生为你准备的歌单，感受bounce音乐瞬间上头的神奇魅力！,"['欧美', '电子', '舞曲', '舞曲']","[1438038739, 1821027880, 1820173068, 1452530290, 1495109553, 1482128471, 1460273727, 1454458450, 1481623552, 26895023, 1312718236, 1423067814, 31517505, 1329181051, 552257337, 26489703, 493540171, 1397803392, 1374245983, 1389704154, 1295179397, 496369081, 1418914754, 1419181569, 1360018469, 862731506, 462997837, 1379582349, 503958486, 1393291978, 1340392869, 427542060, 28912996, 28473348, 27246960, 28215286, 399552077, 34014648, 399410194, 26389052, 34152715, 1318622654, 1323631439, 27704582, 34324003, 23259227, 34040551, 28303867, 29497334, 399410672, 35755750, 29593115, 505506302, 507421090, 1318519704, 28930763, 566435435, 31165165, 547537788, 26626772, 28854938, 32073614, 405599094, 29004278, 30432162, 415793655, 28870241, 521816583, 27523431, 520458061, 27993087, 34834972, 31284084, 35331592, 37240360, 426009041, 31654123, 412911838]"
8852005198,唯有土嗨懂我心,不是原唱听不起，而是DJ更有性价比,"['舞曲', '驾车', '华语', '舞曲']","[2099322941, 2103449899, 2056811636, 2090848228, 1942294424, 2071245730, 2043280720, 2028724069, 2040311116, 1981614837, 1939721553, 1877520070, 1986475655, 2037680323, 1827005828, 2034941872, 1852742951, 1997543887, 2096388752, 2045102720, 1939427593, 1867155226, 1955034207, 1984840132, 2073343087, 2088492993, 1437339583, 1808475152, 1854553480, 1826992895, 1977421269, 1953405033, 1931519386, 1991052799, 1441841007, 1883162792, 1315187049, 1454224158, 1432778655, 1807999149, 1883577809, 1868380897, 1378336559, 1969062600, 1992337748, 290840, 2068681152, 2043055047, 2076482499, 2031204954, 2062674649, 2058688293, 1925112269, 1904128480, 1928277018, 2037219155, 2019170749, 1996528422, 2021804524, 1948145102, 2052092037, 1964130619, 1905088919, 2022362651, 2031661620, 1385896762, 2027687920, 1959217039, 2066628581, 1998374989, 1927192521, 1960308037, 1830754383, 1971000451, 2019707871, 1981968708, 2028725018, 2093562275, 2029902719, 2070261075, 2035560317, 1451699240, 1335244546, 1369285767, 2033809600, 2031904244, 1480329206, 2021087324, 2039574791, 2027557355, 2032721696, 2021088244, 2030542374]"
5347812547,网易云今日推荐‖伤感的爱情歌曲☆,维吾尔族民族舞是世界上独一无二的舞蹈之一，此歌单包含的都是合适维吾尔族民族舞，婚礼必备的歌曲，希望大家喜欢听.,"['小语种', '经典', '舞曲', '舞曲']","[2079689338, 2061659238, 1377861916, 2092581149, 2040103075, 2050126261, 2056414795, 2097581187, 1391643951, 1492198625, 1856326960, 1869757854, 2023797552, 1923219640, 1907241392, 1984561779, 549754777, 2054294510, 1297104621, 2097155812, 1297104610, 1349708836, 1906568114, 1922657249, 468819048, 532854699, 468819051, 525241042, 1310009281, 450048098, 1483651092, 1905083529, 425137084, 2101517522, 26581121, 466332567, 2031355414, 2081548785, 2080625350, 2085396119, 2022920019, 1864638464, 2046274499, 2089079701, 2094625221, 2015850353, 2095058066, 2017028625, 1870442414, 2072562543, 2042398329, 2084376714, 2067483064, 2030296585, 2028500065, 2040008221, 2045830618, 2035560073, 2053334843, 447076485, 2080995093, 2084053068, 2092518992, 1945885820, 29777858, 2073773504, 2072648006, 1471128964, 1986538904, 2056711960, 2045702175, 2079702295, 2097923397, 2002913207, 1970982548, 2034657715, 468817050, 2090974658, 1865240731, 2092177656, 1965718855, 1912784198, 523250118, 2069797157, 1880886636, 2098112856, 2008746306, 2042630564, 1975972025, 1349687865, 1410833098, 1903546795, 1809466795, 1838976033, 436675501, 1902523224, 1447067961, 1880909462, 1953116075, 1895243053, 1472794688, 2085245785, 1996686226, 2046159923, 1984807296, 1938011302, 1816801950, 2057068155, 1350874392, 1893138818, 1925413632, 1398084972, 2003461208, 1841884017, 2086314797, 1998168054, 2021424727, 1808738479, 1956919232, 1884020859, 2031835136, 2070423325, 1423232357, 1852326001, 2079969397, 1886192269, 1407080408, 436675500, 1863485214, 2062668587, 1903206657, 1497607774, 2078669525, 548433725, 1928456972, 1468259237, 446875114, 1985946582, 1899202190, 1962317672, 1922661400, 1470175556, 1997598017, 1884020658, 2051803822, 1411774791, 2018089702, 1985950816, 1452798124, 1891311376, 1942011218, 17263308, 1992108400, 1902198994, 1878597955, 2065681651, 1965537576, 1812267589, 441489124, 1998339144, 1804896879, 2060848343, 1944487856, 1996312116, 1891085840, 1497908942, 2035212204, 454435058, 2062199340, 1999573593, 1985593540, 2047454135, 2047036404, 2045846669, 2039629482, 2037336912, 2036484842, 37091092, 2023222885, 2019383101, 2029188482, 1897016316, 2022014572, 2077305406, 1982987137, 2003645183, 2018105028, 1953334681, 1420395675, 1977777988, 2009233274, 538883755, 1350408575, 1837799443, 2043903410, 1352400799, 1436961790, 498308017, 2061952638, 1406885231, 1987834515, 1376426941, 1996290517, 459968978, 2035540065, 1316695167, 1993858398, 564493634, 1998649655, 2005030811, 1372845945, 1371639232, 1363724793, 1466632478, 1996994970, 567577026, 1810819124, 528273144, 1332903116, 2042914190, 1396001551, 1858901361, 558229954, 2069282467, 1306887189, 2003696423, 1946872348, 1345205638, 1464913965, 1962110210, 1421271201, 1920497009, 866218284, 1804633017, 1405422161, 425136112, 2027591602, 1312878812, 1951031031, 1301810106, 1383201985, 1977632128, 2014781407, 1909126238, 425137103, 1996740889, 1933383200, 1948548511, 1332775492, 1467519501, 427142439, 515482526, 1354428433, 1970905696, 451991545, 1820376138, 1872833737, 545368133, 483891347, 487272992, 2016683021, 1357485851, 1308913300, 1482051, 1379628879, 489335086, 1422516403, 1381724651, 1393789519, 2024008258, 1390127979, 1313119394, 1806096142, 1920306254, 1419506800, 472153452, 1464319535, 1399582398, 1497796979, 1452798123, 1454975044, 561970665, 2043114870, 1939534695, 1316608750, 1474259725, 1297104612, 2068175527, 1323329190, 1893138708, 1927378038, 2031330068, 1469834946, 1403232287, 1346818316, 1483210530, 1982456460, 1807172290, 1438179956, 1848897829, 1352430536, 1406312268, 522906950, 531479092, 2013058347, 495328884, 538115904, 1407630032, 1391246588, 1483280216, 1854389910, 1354010124, 1398451663, 60209, 515436737, 1303056288, 1973031213, 1907537133, 1362208479, 1407637898, 1845813535, 1833624822, 1970891771, 1406277357, 41646089, 1313117219, 41646086, 472154491, 472154380, 472152611, 36703310, 517048269, 35476658, 405253960, 1302696908, 1423974259, 2035897415, 463159948, 1417183121, 1465036486, 556949777, 1360818905, 562463668, 541572346, 1350354026, 1362494403, 1387322026, 562457947, 1416761267, 1374288574, 1417183662, 1350491566, 1392141284, 1433228164, 1411856979, 1411849339, 434923188, 556269349, 1452796294, 2091038176, 2091227417, 2092789171, 2092425931, 1895330088, 1974443814, 1397345903, 1398283847, 1303027499, 1403318151, 2049512697, 1456890009, 1842728629, 1482867143, 2041799838, 2085709355, 1370047789, 2089114345, 2092227301, 2093249629, 2094124321, 2094817741, 2093298773, 2092511716, 1891469546, 553755659, 2093242207, 1459261754, 479979440, 2089113495, 2091964232, 2091986168, 2092281171, 2090894063, 2093592212, 1463973565, 1988034260, 2013190930, 1966605127, 1901891202, 1987913484, 1970505144, 1940706415, 1975303225, 1938645833, 1394808588, 1466926542, 1445047883, 1406885252, 533089993, 1379076639, 1426313017, 1337623375, 1806071157, 1465784153, 515827388, 1320265222, 1400440274, 1412414502, 1498736446, 515435637, 1401032470, 1805068975, 1380957289, 1495326458, 1465518740, 1826335389, 1424011071, 1465428114, 1424007877, 1462579502, 1471641920, 1396020150, 1308909403, 1381145893, 1841933043, 1830411473, 1415455436, 1501823892, 1805586350, 1463342605, 1422013353, 1805636008, 1831955100, 1434572988, 1419661773, 1866042148, 1455463060, 1497306570, 1456233435, 1434572993, 1447101672, 1872684006, 1825390015, 1814360723, 1388896089, 289596, 1437260911, 1832167715, 1421380623, 1809763775, 1811730395, 1916160037, 1450193986, 1916908922, 1497618912, 1926307147, 1458510731, 1819422739, 1803615182, 1497061943, 1931943638, 1839469433, 545084839, 1821623423, 529848879, 1409263709, 1500887012, 1810842081, 1995468876, 1473224453, 1961499952, 1848218618, 564810826, 1803629382, 1811753464, 1916918334, 1416638320, 1313839364, 1899928859, 497556648, 1849049823, 1834078052, 1363635230, 1894085904, 1495121501, 1465093554, 1378509207, 1808282354, 1465245459, 1845208551, 1835096760, 1818819559, 1468821293, 1814698463, 1820354249, 1806341232, 1829901946, 1395993213, 1410017947, 1468826276, 29810922, 1497523285, 1430310599, 1458516859, 1422004986, 556424863, 40257044, 409941840, 107881, 37853634, 36150605, 38582705, 33791416, 61974, 29795741, 29795688, 36080784, 29795734, 29922264, 516761065, 405253744, 36897093, 38576304, 36080786, 36080792, 409931889, 515831907, 1366450426, 1349750578, 1375368120, 516095987, 414611218, 1358647507, 1306414622, 1318140642, 1309645701, 1318917275, 1318125320, 547793796, 516142818, 1315048467, 534288312, 1313659996, 862203637, 511938589, 1309910061]"
4901059770,上头土嗨DJ『中文dj舞曲』,快乐星球 永不下头,"['流行', '舞曲', '快乐', '舞曲']","[1970659815, 2092581699, 1905088830, 2094537012, 2088492993, 1939763110, 2070261075, 2051200680, 1973051222, 1974992370, 2057987964, 1896732310, 1895125195, 2056811636, 1831400466, 2052092037, 1981606073, 1923128078, 2042564741, 2029436453, 1831242478, 1833267726, 1883571439, 1832380029, 1833516949, 1833192402, 2036820074, 1444442646, 2017918595, 1370933067, 2029658369, 1448372779, 1397307772, 1349964242, 2032646147, 1919491528, 1935482175, 1807339743, 1839768443, 1889211693, 1944543775, 1441270521, 451376072, 464377931, 1989090242, 1830705768, 2042603003, 1898565141, 2040213322, 1804381836, 1830730206, 34228409, 1976981574, 2000754326, 1379910808, 1953876924, 1997543887, 1397135224, 1477342781, 1965890617, 1829058853, 1962900804, 2018770269, 2007996299, 1853828483, 1473704094, 1811456278, 1910122452, 1907043780, 1814249592, 1854553480, 1831783579, 1927192521, 1340992499, 1413270757, 1808475152, 2013133400, 1997386866, 1962847910, 1928055945, 1936856786, 1936856781, 1996065378, 1950407766, 1822315690, 1908254711, 1820754999, 1808452988, 1831482748, 1961736717, 1923560, 1937201874, 1874353307, 1816587820, 1924084125, 1814121588, 1867155226, 1493944539, 1899679162, 1856728513, 1827009604, 1386946642, 1436761205, 1424007956, 1364018912, 1431047283, 1836116900, 1827003738, 1887051680, 1899738082, 1898773699, 1804353567, 1449559688, 1399869580, 1831476765, 1395189311, 1929093477, 1931519386, 1827008860, 1830735683, 1499114481, 1812239209, 1403230889, 1903247868, 1911408044, 1843149600, 1830754377, 1337138716, 1393638594, 1823015837, 404460987, 1335386173, 1830164547, 1923262485, 1335247915, 1810372473, 1855739286, 1877060483, 1914595161, 1436422972, 1816838227, 1893308058, 1887308039, 1892377726, 1437339583, 1480350899, 1852742951, 1808475040, 1808234650, 1830735966, 1826992895, 1808857113, 1321520668, 1831409174, 1460666492, 1828350556, 1857873055, 1437996778, 1300276124, 1831430950, 1825960539, 1879037241, 1855070318, 1831771482, 1466242414, 1386946638, 1399705823, 1474336599, 1437204306, 1831454619, 1876710002, 1854210439, 1831454536, 1831404599, 1836109240, 1831404595, 1836108197, 520208520, 1332401547, 1351664561, 1365033004, 552456418, 1396564734, 1399366732, 1398514493, 1405557785, 1323395755, 1395429080, 1339591054, 1375107890, 1323724758, 1332728385, 1840450583, 1451699240, 1333696655, 1335256229, 1322962225, 451123864, 454057225, 451124708, 443194723, 1318031730, 1351618529, 1388617974, 1403501534, 1302953359, 1391509011, 1312836830, 1391902971, 1357587673, 1399112265, 1351225950, 1351655672, 1386946548, 1390213552, 1349973367, 1415382837, 1425463866, 1412897599, 1443845605, 1401275077, 1496362981, 1807550736, 1835421501, 1839173964, 1401909362, 1840743456, 1845703002, 1829246777, 1399998658, 1849219408, 1868184566, 1329372855, 1826987938, 1868128971, 1481657185, 1451660554, 1396953490, 1396953496, 1416913929, 1399705341, 1378085161, 1834062600, 1427709421, 1335244546, 1398452463, 1397288794, 1353163845, 27890325, 1398467990, 1351500426, 1401232417, 463262742, 450966298, 451122737, 453185720, 1358574707, 1382572506, 1397513510, 452804131, 1336526373, 1409329186, 28528785, 1387591269, 1364800274, 1399697984, 1401925005, 1341845810, 1379323009, 1339736974, 1310413658, 468270904, 1373881557, 467595978, 1398516521, 1359553799, 1353550048, 1334276631, 1353910466, 1361945033, 1315187049, 1403501539, 1401905446, 1352875031, 1335383540, 1364660919, 1395189310, 1333693792, 1322056403, 1335033369, 451123788, 1310412434, 33922164, 1355095007, 1373689600, 1372369848, 1368001385, 1392986529, 1392990134, 1386949334, 1376776705, 1361270584, 1363433965, 1368327803, 1340128424, 1370897193, 1410635261, 1426666131, 1424258741, 1423514371, 1413085131, 1399156635, 1308258228, 1422511054, 1396923495, 452601901, 1412212796, 1410210989, 1367280230, 1334717237, 445845230, 1371056767, 1373881554, 1361535707, 1348066360, 1369285767, 1368327788]"
6720863672,夜场专用蹦迪歌曲【宝藏歌单】,"蹦迪是蹦迪斯科的简缩，指到舞厅去跳迪斯科舞蹈。
是几十年前由“迪士高舞蹈”演变而来，由于它节奏感强、简单易学、富有感染力和激情，极符合现代人的情趣，“蹦迪”的场地有两种。
一种是震动钢板（在钢板下安装强性弹簧），一种是木质地板，“蹦迪”时，人们在场地内自由自在地发挥。
可一人蹦，也可几人同时蹦，随着节奏感极强的音乐。
舒展全身筋骨，只要不到一会儿，“蹦迪”的你便完全忘情地投入其中。
再冷的天，也会蹦个大汗淋漓，“蹦迪”使你享受浑身释放后的一份舒坦和惬意。

","['欧美', '电子', '舞曲', '舞曲']","[1834123831, 1994660566, 1834123832, 1971026117, 1985112078, 436487056, 2923152, 19567986, 20515813, 409916250, 20515814, 25704014, 21038756, 484614820, 407000354, 427142481, 433018366, 419594258, 500410102, 1600454, 506092035, 407839677, 465920775, 1384450197, 1304402380, 1910018047, 436514455, 534066482, 1371456748, 1300576781, 529557738, 506726178, 1498631639, 1397148113, 476324207, 30780175, 27918303, 1960136321, 27710345, 1482036625, 492144544, 1346042672, 427542188, 1348920001, 1362811720, 864564034, 1466865078, 1496599995, 28273424, 1349279194, 1399636757, 28002674, 1352934812, 507134227, 517891055, 1312104048, 522631666, 1377174597, 428350510, 1379959210, 550297837, 28086326, 28105082, 16336407, 401246013, 573583453, 1446637483, 514162244, 490381947, 511236067, 462997816, 410801514, 501347105, 1361394480, 456185577, 862771205, 1396888017, 1320269066, 1416670784, 1384296696, 431853811, 1352734671, 1449269293, 539250721, 1348936851, 431610321, 32835377, 1451384962, 543006188, 420922950, 515453363, 461347998, 1320185104, 520458061, 31594436, 416700305, 544483346, 21606440, 427542445, 445844720, 410519492, 480426313, 419254878, 427542186, 427542143, 29747517, 863929482, 482988471, 863086338, 431855355, 21606454, 26399701, 33296933, 33248151, 33916254, 30569420, 39227099, 411921818, 415792860, 27282768, 415904278, 26625049, 1850020827, 1501430873, 1850891762, 1356657763, 1376075781, 1403438860, 1303019671, 453176993, 481859310, 451126971, 431855270, 31477433, 1371508067, 1406083634, 439076364, 1438038739, 483671668, 1411519719, 1449051024, 1300159228, 1336866360, 1315963154, 449577863, 1809852319, 1438388757, 493551129, 19192331, 863493139, 1313652128, 41644553, 480579259, 1361724855, 32019386, 29713705, 451703193, 451110087, 27946796, 30590645, 30590652, 429411119, 26066912, 417595252, 34766106, 546730469, 1317370142, 33682933, 557584485, 515269424, 466794339, 1316045592, 1331724190, 1345048152, 512358366, 420069116, 410802708, 28303867, 32035006, 1338275480, 1329891159, 1331800077, 1332792934, 1305367506, 1305365503, 452986813, 30590630, 1354221816, 1334363199, 33991463, 27985245, 1335230397, 1367736403, 1358164956, 1361270742, 1328794172, 28953308, 427542060, 28568286, 1333186383, 1320068128, 1298111608, 1326200623, 863967331, 1363616015, 544274399, 35032663, 28557184, 468517640, 464377947, 446154202, 428391758, 418603097, 32639368, 569870379, 442315372, 33166857, 567145750, 1331996746, 1352068979, 1361137858, 1343425409, 522510373, 545655045, 36102468, 27583305, 1338490248, 35090549, 417859039, 1301572562, 2918954, 1313033482, 410801222, 415793214, 407677516, 431080915, 1342743919, 404716896, 1303046498, 34179870, 414979630, 519020592, 467166600, 507795190, 1395041190, 505686239, 491277010, 31370949, 28696073, 29808917, 428350863, 1843033683, 1847742209, 1851056325, 490416092, 402070862, 1848456401, 30854130, 411314681, 26422070, 399552364, 454698348, 1318611025, 34057469, 483156032, 29550185, 32046918, 27485088, 28212619, 451981574, 33340503, 454698356, 17559974, 1300273120, 507134152, 864417970, 2313544, 440208814, 32019002, 21038694, 30212890, 552145020, 33291435, 24051365, 399405313, 1844056877, 1842753801, 1841534746, 1842718504, 3313334, 476323620, 28095742, 21562970, 481630431, 5109858, 37993252, 29009706, 1320067248, 405599648, 1990836, 27555455, 16345145, 16808826, 421423245, 27607233, 408277809, 456175020, 460043372, 549800783, 26145007, 415904450, 31010788, 29771432, 406142516, 466126510, 1804789138, 26565006, 28306554, 33668983, 29129632, 29561077, 543987451, 1843889342, 475072054, 1442332360, 1441860073, 1297498908, 418602088, 28729445, 403710528, 1832198841, 554110222, 1837915446, 1833881861, 1839123521, 1409693925, 565202998, 864455704, 1826238238, 496298478, 1434517889, 1340498213, 1444318106, 1832196410, 862618282, 529824982, 1331505365, 1419079977, 1321104642, 26722580, 862862104, 33955898, 27946723, 1331058293, 1354296120, 1378614886, 1498428296, 409647737, 411921480, 494865824, 571465322, 1473453780, 1496933208, 1820173146, 1805741494, 1817052105, 1458670521, 1828486217, 1495630349, 1482128471, 1821027880, 1446137658, 1449654244, 1479536243, 1468606865, 1454458450, 1479112481, 1398824875, 1817681582, 1465797889, 1805803036, 1495109553, 1804746342, 1805980671, 1808109506, 1452530290, 1446849752, 1426783088, 1470365074, 1409241133, 1440530002, 1448058597, 1470200543, 1399075236, 1458321116, 1399524758, 1464216786, 1406934628, 1460273727, 1481623552, 1481998102, 1466823955, 1426367562, 1389446838, 1458830753, 1443220872, 1410874048, 1429869766, 1458957812, 1433578753, 1454762023, 1460681681, 866117225, 1450445206, 1401905950, 1450160147, 1409062293, 1446769091, 1440871051, 1432027255, 454438938, 542965929, 1399781608, 1444095167, 1426218000, 1407387852, 1421613771, 1404158400, 1395781474, 1379582349, 1410039348, 1334678889, 1390816930, 1389704154, 1394731586, 1318519704]"
