5375061309,「格莱美」历届最佳说唱歌曲全收录,"格莱美设立于1958年，原名为留声机奖，由美国国家录音艺术与科学学院每年在颁奖典礼上颁发多个类别的荣誉，以""表彰录音行业的艺术成就、技术水平和整体卓越表现，而不考虑专辑销量或排行榜位置""

2004年格莱美最佳说唱歌曲奖开始颁发，首次获奖的是Eminem与Jeff Bass和Luis Resto，获奖歌曲是《8 Mile》原声带中的 ""Lose Yourself""。
根据第54届格莱美奖说明指南，该奖项颁发给""新录制的说唱歌曲(包含音乐和歌词)，不过杰出的说唱歌曲同样也有资格获奖""获奖者除了歌曲的表演艺术家外，还包括提名作品的词曲作者。

以下为获奖次数最多的艺术家:
6次获奖:Kanye West
3次获奖:Jay-Z,Kendrick Lamar
2次获奖:Drake,Rihanna,Pharrell Williams

以下为提名次数最多的艺术家:
15次提名:Kanye West
12次提名:Jay-Z
10次提名:Drake

歌单分为两部分:
1——18为历届获奖歌曲
19——92为历届提名歌曲","['欧美', '说唱', '榜单', '说唱']","[5052317, 18969136, 18969101, 20978818, 18969071, 20943187, 18613899, 18613900, 18969206, 18614254, 25677984, 29418533, 31010336, 411349777, 472045054, 531777461, 1334811366, 1496819213, 22208019, 18613956, 16158562, 21215284, 21614772, 16808722, 16808799, 18613869, 16158507, 16808546, 2003468, 21215577, 20742127, 20944182, 16969754, 1311695402, 16158547, 1311689737, 18969072, 1940933, 17793545, 21614571, 1650677, 1311694397, 2426826, 18938438, 1311692553, 18613898, 1297729, 1297699, 16509573, 18613902, 19762453, 2416737, 20553835, 18614255, 20944084, 21268461, 2099513, 27733972, 17386606, 21614000, 27526333, 26598172, 26524150, 27725568, 29775040, 26524156, 28935266, 28815860, 30830906, 30621578, 29796951, 34892577, 448147986, 409736434, 414118705, 409736431, 550566630, 486069587, 508068702, 488654973, 536870483, 1306386506, 1298432425, 573540546, 1379778924, 1382757571, 1345852966, 1349215186, 1485826940, 1407895557, 1470964359, 1441183869, 1848206937, 1499823574, 1876360199, 1873876280, 1844671635]"
892794935,中文说唱|做个HIPHOP的人,不允许有人听完还听其他歌单！！,"['华语', '说唱', '说唱']","[2104343497, 1984760612, 1847686058, 2104362715, 2086852049, 2085753346, 1303273411, 2085691091, 2100324936, 2102076538, 2070647995, 2100558978, 2100624065, 2099907912, 2099778087, 2099605759, 2100329027, 2096457201, 2096458224, 2096457205, 2099625932, 2086554453, 2096066604, 1991926735, 2041130473, 2096139509, 2006229677, 2030930953, 2095550186, 1995502665, 2094791869, 2093851998, 1806331544, 2085441503, 1897964593, 2003038042, 2044853934, 2090363143, 2090663445, 2038210407, 2058922705, 2072614148, 2090271489, 2064865933, 2061966700, 2089688490, 2088508216, 2047741848, 2064641999, 2085729140, 2074440239, 2085859568, 2084366052, 2010567820, 2040912570, 2058920966, 2073463008, 1970392508, 2079361476, 2080198314, 2065998863, 2064460819, 2048335360, 1988949475, 1922388876, 1397330334, 1918979108, 516323265, 2019561128, 1892938288, 1447896452, 2081283289, 1397217704, 2008006122, 1462875616, 1426022013, 1885943375, 1948756998, 1948754196, 1970396863, 1970396859, 2079429445, 2075593054, 2061621151, 2062252391, 1986770808, 2028898313, 1967273681, 1933659329, 2072296583, 2077750463, 2077467984, 1939655574, 537287450, 2061966698, 1921262347, 1850235304, 2059788206, 2071177415, 2065413348, 2061966702, 1961990684, 1960903012, 2061964448, 2064480028, 1923482420, 1919898662, 1874153817, 1922361937, 2061684613, 1452484710, 1906145486, 2019561436, 1954524453, 1839698566, 1975253870, 1392817007, 1429271401, 1970610329, 1846273697, 2065930376, 2065168318, 1995495110, 1964696171, 2042350565, 2061964449, 2013291289, 2006948925, 2057539364, 2061994387, 1973433042, 1988564487, 2061626302, 1958429133, 2046764828, 1483240166, 2059242568, 1973056947, 2055146189, 2055934628, 1423211040, 2053388648, 2051580537, 518904087, 1471768384, 1969908030, 2054300084, 1969846922, 1971680417, 1827060628, 1971679477, 1822070073, 1836808752, 1971679465, 1971680387, 1920644078, 2045117743, 2049069696, 2049502613, 1405430726, 1957476476, 1968791287, 2048840125, 1453159461, 1890168000, 1906015714, 2035965862, 1907765990, 2006789426, 2024814812, 1822070829, 1976864277, 2046148061, 2046187944, 2041799838, 2008473288, 1988565274, 1460674563, 2026377639, 2025204306, 2035924573, 1987851631, 2042856159, 2043248542, 1897102251, 1934751987, 1975754570, 2045943936, 1909987577, 1969049532, 1977946820, 1900612032, 1899450446, 1359451515, 1892366186, 1976129446, 2027616448, 2021403505, 2025206505, 1965091487, 2020321971, 1975658515, 2034158413, 1377738781, 1842909699, 1361384409, 2008776081, 1466921545, 2038507779, 2043165394, 1943355484, 2041981130, 2043112316, 1923581177, 2018096932, 1992130982, 2031084821, 2041962331, 2033673832, 2026829874, 1979932589, 1973112886, 2037202513, 1951316797, 1979276359, 1930052616, 1992727103, 2024654768, 1450783455, 509508037, 1952839443, 1983518470, 1992695240, 2032173388, 2031085185, 2029931224, 2021120691, 2027170192, 1942821682, 2024556390, 2026224214, 2025235505, 2026187426, 1982763983, 1342808239, 2021434589, 1921502874, 1974976095, 1973113519, 1995496604, 2004405832, 2004405836, 2013290415, 1999019262, 1994539113, 1995496144, 2000116218, 1866548054, 1978661277, 1982721303, 1872131792, 2005911797, 2010555919, 1948478077, 1934271259, 2009011359, 2008986078, 1835778465, 1444101384, 2006792775, 1965664416, 2004904642, 2002753297, 1995502657, 1995339655, 1995339511, 1995339514, 1928453797, 1847534609, 1992698886, 1989402883, 1909082622, 1985107004, 1951314927, 1982987386, 1928162447, 1934233831, 1980472718, 1501414559, 1948572170, 1967457117, 1876179147, 1961792088, 1449822900, 1818081648, 1940352356, 1939457329, 1941659161, 1927467754, 1851652156, 1872095376, 1908049566, 1882427042, 1868708210, 1906009576, 1909023363, 1903349476, 1901319106, 1872024726, 1433285800, 1385602822, 1456522402, 1893737693, 1814636483, 1894316939, 1894317092, 1887012942, 1874965163, 1882441484, 1885800438, 1470634503, 135026, 1321929928, 1881518999, 1880499714, 1880886636, 1875283517, 1848204640, 1848204639, 1358276770, 1877996649, 1873344487, 1309833126, 1872071235, 1826189041, 1855784425, 1868901275, 1868852479, 1465401249, 1441227257, 1815958650, 1418252001, 1433064869, 1405264283, 1426385535, 1423764390, 1379743266, 1332506643, 1820317915, 1416680616, 1498464670, 1488990357, 1346519228, 1385495457, 1463741292, 1439453030, 1382233420, 1467266360, 454955323, 1407408803, 1493362269, 1310469265, 1390825173, 1828999221, 1457782823, 1481961792, 1501446873, 1417103092, 1846290436, 1841252641, 1841243647, 1466958043, 1833804846, 1849705903, 1813658553, 1813590062, 1837758344, 1827591485, 1394847699, 1474157584, 1433413470, 1429624646, 1849102231, 1321631043, 1480054189, 1422994400, 1818906634, 1453341330, 1383242859, 1859414071, 1844891808, 1858171393, 1806926222, 1495888737, 1449821007, 1449821006, 1446978541, 1863450032, 1426022012, 1815414181, 1352615722, 1447595404, 1460673845, 1857097212, 1811251941, 1493474588, 1462221832, 1425042907, 863515347, 1855014510, 1852370571, 1843221913, 1853520283, 1842123929, 1851258433, 1847219367, 1841293335, 1436511992, 1454375616, 1836438977, 1483221816, 420386024, 1454714271, 1821777513, 1821778105, 1834206179, 1827600686, 1830066193, 543987768, 1834075703, 1496237784, 1379157330, 1819136314, 1477850679, 1488250378, 1828108919, 1818153740, 1831321734, 1492638304, 1814195720, 1459013506, 1456711878, 1466327559, 1475940477, 1818844744, 1818831320, 1405341257, 1471010161, 1824025894, 1318887806, 1397096044, 1494283005, 1821514039, 515493921, 1444414980, 1408944790, 1823050844, 1392638120, 1501938644, 1408941728, 1823305772, 1499989691, 1323763133, 523981270, 1819970423, 1815276219, 1811102198, 1415566662, 1388846714, 1381550594, 1417481103, 1397298823, 1447848928, 28234987, 1441214181, 1810711312, 1805377890, 1804374628, 1494959074, 1492700023, 1447966613, 1498066118, 1494279248, 1484874915, 1469258098, 1492886323, 1407866988, 1486671424, 1483716801, 1483496004, 1475637391, 1487009099, 1487212156, 1405135261, 1325896303, 1481688537, 477442521, 1380132655, 1492049185, 1486672308, 1337115647, 1365922104, 1416454957, 1473349013, 1390440146, 545308792, 1472142718, 1411157152, 1462875618, 1365915822, 1477911057, 1443838552, 1297889374, 482056804, 1359570581, 135052, 478006478, 1300199978, 1461668749, 1426022018, 474099732, 1307040991, 1407866354, 1383053757, 1373387741, 1449416554, 1441576958, 1441581262, 1320100116, 1462923102, 1455101010, 510446573, 538920912, 1432778698, 1322261402, 1458783781, 553258598, 1441097880, 1428166904, 1441285050, 558408053, 1376125188, 862180619, 1432491214, 1456704300, 1410783936, 1397096659, 516818285, 1454988821, 1365209928, 1470703871, 1470190560, 1472945318, 1456659704, 1462879179, 557633694, 1459971692, 1367030280, 1431941680, 1406881700, 1408930588, 1446396353, 1392170171, 1434293617, 135025, 1436076578, 1347300594, 1375640677, 1448553177, 1369034061, 1395632515, 1429276515, 1402598184, 1408941727, 1387581250, 1351560886, 1396141677, 411347427, 1314885103, 1426233208, 1411990343, 1386259535, 1408941731, 1369073414, 550138197, 505128973, 1381754523, 1386582919, 1389394944, 485508366, 553815245, 454966913, 1353428264, 574551420, 1334473377, 1383954630, 1383219407, 546722653, 509781266, 1294467974, 1357991044, 1357985446, 1323302253, 547533709, 1361386899, 1377785184, 528326686, 1355292203, 485859298, 1326219439, 1320100120, 1358213922, 527163711, 562118482, 1318571230, 470228466, 1325896661, 1347297663, 557415175, 1295500178, 528273299, 553814079, 497034035, 864647456, 864614515, 864136661, 496107851, 546279760, 554244265, 480580003, 557581893, 440355344, 468856479, 528270630, 551338635, 454281462, 520173647, 536622918, 524240197, 525238797, 481278566, 506397534, 450440017, 480682497, 477912700, 458943753, 528751756, 520448416, 458679017, 516657177, 41651193, 31260603, 490595927, 500684014]"
6859445434,不知名选手au,u的直播唱的歌单 电台里有其他翻唱,"['流行', '华语', '说唱', '说唱']","[2052441038, 2106355966, 2048786994, 1964306225, 2103698560, 2060793573, 2060756274, 2057528111, 1918576268, 2043112316, 454954048, 1974459985, 1919226883, 1465056677, 1947107407, 1979073915, 1924314361, 498710786, 1934233831, 1958418180, 1922362038, 1819970423, 572980533, 1922629725, 1941613282, 417595727, 1958954228, 1972429393, 1950027446, 1908083436, 1970396862, 1925471535, 1983445273, 1968662854, 1464011690, 1962368708, 1922888354, 1896102097, 1895330088, 1483221816, 1377221956, 1921626141, 1909021556, 1405888465, 1894316939, 1831454051, 1396005548, 1497588709, 28864697, 1846653916, 1895385833, 469998923, 1836406989, 1923458630, 1457248123, 1908554420, 1490611167, 28977772, 1908081373, 1905356619, 1475637391, 1936399142, 1944798036, 1890983702, 1857540321, 1900176561, 1849533216, 1909082622, 554899366, 1432491214, 1365915822, 1814636483, 1433537265, 26524701, 1340535891, 1860882643, 1832674733, 1456890009, 488249475, 1426032481, 1331364073, 1874158536, 532601703, 1887917182, 1428835774, 1499989691, 542691145, 1853520283, 530986052, 1875283517, 536622918, 1488796175, 1849998058, 1474624165, 482056804, 1408941731, 1498364464, 1829828597, 546279760, 1392705090, 1329538017, 1406813532, 1387183835, 1368412778, 1886366510, 1422825792, 1384527426, 1815105886, 1877996649, 1394155242, 1342196539, 1486631924, 1861175954, 1296583188, 1872177206, 1426233208, 28892418, 1491071724, 1352615722, 515493921, 1840808119, 1859660047, 571832692, 1490689567, 470164051, 174956, 554242503, 1416560550, 516929058, 1307987861, 525418534, 1852863133, 554244265, 1482494784, 1388005009, 1443838552, 1385867213, 516766954, 1331625256, 1428825747, 1376125188, 1846972054, 1431853746, 1462875616, 543987405, 135026, 408943384, 1855898494, 1867183963, 1391676490, 1371046568, 1374083689, 1492584510, 1824025894, 1314885103, 1805310491, 1851258433, 496370620, 446627373, 862460559, 64561, 1408220694, 1357425794, 1429393388, 435306293, 1396141677, 1432968475, 1462875618, 1827600686, 135025, 1328944824, 553817982, 497034035, 1826189041, 465372165, 450385960, 573843002, 489514978, 460225644, 528326686, 430793721, 1487528112, 525875177, 1362414284, 434070719, 1362404737, 1848204642, 533259686, 1841356713, 1414704336, 1394997085, 534542490, 864647456, 1350460585, 1374617481, 1369034061, 502960453, 467138867, 1377519495, 1300747962, 1307591526, 1841002409, 28784206, 471158821, 1322261402, 1427444926, 1498066118, 518725853, 549187372, 435307908, 1473349013, 1436076578, 1441758494, 865048685, 1426385535, 1358276770, 1474861444, 490595927, 1375640677, 1387600215, 1466062636, 1449416890, 1343731992, 1472142718, 1321391025, 1383954630, 496107851, 518682659, 516642884, 1320421668, 1456659704, 462769331, 523251474, 1321929928, 1310469265, 1408941727, 1823305772, 571472967, 525086802, 562118482, 1320100120, 1426022018, 483364570, 1442320451, 505128973, 1308818967, 1492049185, 1811408619, 1309823003, 1361832292]"
8849344175,父辈爱情freestyle｜一个有品位的Rap歌单,这是一个有品位的Rap歌单～,"['说唱', '兴奋', '清新', '说唱']","[2104008755, 2088616396, 2098231553, 2094791869, 1983456716, 2087597164, 2013290415, 2063864551, 2049512697, 1886371885, 1310728498, 518682659, 1895330088, 1899705498, 2041974276, 2031085185, 419374860, 28152182, 2060079395, 2041799838, 1903876057, 2061626302, 2052441038, 1432491214, 2050620264, 1988565273, 1983464993, 1456704300, 1975753397, 1807890552, 2085440786, 1918576268, 2023953384, 2085729140, 1908049566, 1294924894, 2051864691, 1986771025, 1458239198, 1899473139, 2001583051, 2046789314, 2021434589, 2045117743, 2025533834, 2059268179, 1441758494, 1456890009, 28219175, 1992695240, 1939898238, 1958755090, 1450922180, 1827059566, 1921626141, 1958418180, 28853096, 1426022018, 1935103129, 1959097677, 1887270927, 1813590062, 1868901275, 1825987896, 1470817407, 496107851, 1950528144, 1846653916, 1428835085, 1836033745, 1948478077, 1950525404, 1857337996, 1879384161, 1846292840, 1892972698, 480579336, 1851652156, 1908554420, 1472844061, 1898528954, 1925471535, 1929062437, 1890733342, 1872177206, 1929062435, 1929065855, 1917129657, 1929065853, 1930112814, 1832622179, 1851110396, 1922362038, 1303273422, 1831443880, 1919218299, 1472142718, 1483221816, 1924314361, 1909660296, 1884162805, 1872137984, 1909021556, 1466062636, 1454140144, 1480966620, 1899668483, 1906009576, 1905356619, 1889498324, 1900176561, 1867183963, 1895386442, 1886366521, 1877996649, 1867476351, 1391252896, 1886366510, 1886366517, 1886366505, 1886371887, 1499989691, 1886371882, 1844152730, 1864554578, 1886371881, 1831454051, 1837758344, 1874158536, 1354333551, 1472308044, 1413325391, 1454903427, 1496643716, 1841289612, 1841002409, 1480848896, 1459911348, 1861140606, 1345023437, 1818537097, 1859660047, 1853520283, 553258598, 1488796175, 420386024, 2071177415, 1960619630, 2066816683, 2054294503, 1981933754, 2036171787, 2055808604, 2036809488, 2036171786, 2050453744, 1994172748, 1965928052, 1941062013, 1950306317, 2025185099, 5103312, 451991086, 1424937021, 1950521684, 2047647727, 1371064210, 2015383368, 254285, 1411849804, 1809750825, 1958106154, 1454659226, 4909229, 2063648124, 2056170674, 1461669613, 455869, 1969845255, 2006570469, 1983500362, 1969845258, 4909215, 1988565276, 1976501328, 2012956740, 2043579207, 454231736, 2041764149, 1962013539, 1931919870, 1341375397, 2022700137, 1357815628, 1969908030, 32711052, 1407076810, 1833804846, 1939227363, 1859400862, 461343463, 1882054679, 2002753297, 1836406989, 1887440391, 2006533898, 1938102763, 1325711347, 1920376742, 1425839194, 1462123689, 1462923102, 1981932083, 1421256285, 1959739546, 1903990038, 135025, 1979732476, 1903991886, 29371264, 76899, 2005793752, 1317457750, 1901319325, 1496237784, 1298655068, 1960619634, 1993067492, 1938019211, 1876179147, 1409154509, 135026, 1960613382, 76881, 2020832634, 1954982673, 1335715032, 512357642, 1843026857, 1336871435, 1318284115, 1969845253, 1964443044, 1318080515, 1969813282, 1306507665, 1965646815, 1964306225, 1898171868, 1922927508, 1843026858, 1879183417, 1922296918, 408055928, 498880674, 1294924497, 1456659704, 28160039, 1852333164, 1956558909, 864647456, 1886288675, 1868670878, 1850219401, 1868669258, 1501511201, 1868669260, 1408941731, 1841230354, 1334297124, 1852333162, 1861392222, 465721397, 1833700223, 1393207685, 1392328089, 446581681, 1805842261, 441612583, 1363520851, 1829880207, 1823305772, 1488990357, 1826286039]"
8860793398,伤感的歌总是动人心弦,歌唱的歌词如自己的故事，求而不得，思之若狂，终是离别。,"['说唱', '伤感', '孤独', '说唱']","[2013122965, 2018096932, 169185, 1449678888, 1414782720, 1907766514, 1442651706, 2032293645, 1962963326, 2074070772, 1976414586, 2032201620, 2091372062, 1973665667, 1851652156, 1912562885, 1992695240, 1903876057, 1827600686, 1967086957, 1958429058, 1417125661, 2073463008, 2061022992, 1389865597, 1992091256, 2063864551, 2078383612, 2032201541, 1810711312, 1979276359, 2029470264, 1952823230, 2028570351, 1814119049, 2035924573, 1967082575, 1923581177, 2050058466, 2045117743, 1990833263, 2005492126, 2022590278, 2008776081, 1818153740, 1987841994, 1975754570, 2041981130]"
5441305930,AR刘夫阳-说唱校长的炫技歌单,"AR刘夫阳，中国国内公认顶尖说唱歌手。
被陶喆誉为“华人Hip-hop”的希望。为人低调，在说唱文化圈被尊称作“校长”。
由于歌词总是充斥着punchline并带有极具变化的flow，被粉丝尊称为wordplay king。他的歌词总是能够针对当今社会现象的弊端提出具有极具思考的建议。
-------歌单持续更新中-------","['华语', '说唱', '说唱']","[2106055465, 2099939531, 2096131914, 2096130987, 2091668949, 2089112893, 2089113688, 2069020272, 2055024607, 2007375727, 1994172746, 1976514434, 1976514435, 1980813703, 1980812012, 1980813707, 1980813706, 1980812015, 1980812022, 1980812014, 1980812023, 1980812026, 1980813702, 1980813709, 1980812016, 1980812021, 1980812013, 1980813704, 1980812024, 1980813701, 1980813705, 1980812018, 1980812017, 1980812025, 1980812020, 1980812019, 1980813708, 1908049318, 1920623044, 1923210030, 1912875128, 1906294641, 1895455276, 1895455272, 1895455279, 1895457149, 1895455278, 1895457175, 1895457162, 1895457179, 1895455274, 1895457177, 1895455267, 1895457166, 1868562512, 1872721021, 1876454702, 1874632354, 1870413663, 1855788035, 1857546423, 1859408324, 1819103976, 1807782912, 1837255429, 1824480118, 1835624688, 1844252209, 1845989926, 1806354130, 1501247106, 1811456505, 1832459359, 1809332560, 1820802170, 1814932892, 1832171932, 1804380176, 1817125668, 1830176275, 1812856480, 1822764804, 1826199739, 1499310958, 1847534609, 1840752015, 1838999268, 1449873468, 1449873493, 1449873498, 1449876055, 1449871980, 1449873567, 1449873414, 1449876047, 1449873500, 1449876050, 1449873488, 1449873564, 1449876056, 2002726652, 2002725742, 2002726657, 2002726656, 2002726653, 2002726655, 2002726651, 2002725744, 2002725743, 2002726654, 1338789234, 1338786808, 1338789276, 1319854361, 1338786786, 1338789241, 1338789272, 1308631043, 1338786843, 1338789274, 1338786897, 550198956, 1858696232, 1480189910, 1480188842, 1827059566, 863514494, 1418906318, 507364459, 520274146, 1912642443, 523951941, 1470156417, 1398237657, 1855761600, 1488560699, 864644278, 1381368357, 1914684365, 574639897, 1496538234, 1296645941, 532405678, 434052706, 493713126, 1422651894, 1382492177, 1833610455, 1460643095, 419374826, 536570055, 1477562583, 1443109511, 1366115031, 539380175, 406037106, 406347942, 408055475]"
2432682294,中国新说唱 『说唱精选』,中国新说唱 精选♡,"['说唱', '快乐', '说唱']","[1383211741, 2104033958, 1481101175, 1460682463, 2102191717, 1491231632, 1478384763, 1487528112, 1306507052, 1384570306, 1396141677, 1383219381, 1377519537, 1371516993, 536623284, 1332424898, 1311347345, 1323302972, 1311347342, 1309903082, 1311347344, 1320427386, 534542490, 1306498831, 1304920094, 1313107926, 1313107929, 1313558596, 1313052974, 1313102808, 1306498829, 1296833312, 1296583188, 1306498832, 1306496848, 1311346362, 1311346364, 1311345342, 1311319387, 1311345365, 1311347372, 1308818967, 1308818968, 1306498830, 1306498048, 1304929088, 1297743782, 1294924176, 866018154]"
5230609294,Melodic rap——带着旋律的flow,"周更3-5首！！！喜欢Traviss，thuggy，Saint JHN，Trevor，Polo G，Tyla，Lil Baby、Keed，JAKE HOPE和Roddy Rich的进来准没错！！精选Trap，R&B，Melody rap，hard core rap

欧美Rap各大王牌rapper的精选音乐 什么风格都有，但是主要偏旋律哦！大家一起交流 lets lit this up！","['说唱', '说唱']","[1844562193, 1491536057, 1393345031, 1448424188, 1839474215, 1837190523, 1837758836, 1419464698, 1832571846, 1301823643, 1429864793, 1407894766, 1829684565, 1833751894, 1831695340, 1353374397, 480426388, 1449991561, 1446764935, 514172930, 514172932, 1819813844, 514172931, 1347136355, 1454875568, 1401831968, 1814947062, 1401832621, 1474571331, 1470964359, 1423211934, 1458207645, 533392790, 1317445252, 1430553559, 1325711622, 1322239347, 1417510141, 1384492671, 1446642047, 523048429, 1489273301, 1489273298, 1444959705, 1444959697, 1496226368, 534544913, 1449990598, 523048449, 1490285711, 1353374400, 1477443410, 1347135444, 1474571326, 1460801818, 1461826584, 1309797316, 1347136349, 1454875569, 1347136354, 1449990594, 1347512928, 1371451682, 1447509652, 1448424179, 1449990599, 1805325298, 1442170830, 1396036015, 1442450407, 866019220, 1500063731, 427373952, 1455890940, 1459889319, 1447509656, 1449990596, 1449991559, 1491133001, 1488901580, 1408883757, 1450885099, 493623863, 1468976483, 1493094032, 1468975833, 1329612763, 1470042890, 1474571325, 1401832617, 1318845756, 1429589266, 1468976482, 1468946801, 1468951051, 1414782746, 1485890554, 518894660, 1347702315, 1489250519, 1476410048, 1313744568, 544311216, 1480114356, 1298432439, 1482312949, 1485431951, 1483012281, 1325949099, 559735081, 1457876703, 1298432428, 1347702313, 1430531174, 1427574418, 1410785818, 1465322346, 1301822996, 1474555996, 1351392159, 1449991560, 1352105595, 439076170, 1441261306, 1347702308, 1380832257, 1420971901, 1420437973, 1396162005, 1396162013, 555974040, 1302070214, 1335483321, 1376091996, 1322227243, 555974032, 1322227242, 555974037]"
8744910739,AYO！音乐节成都站 2023.10.04,根据今年各音乐节艺人演出曲目整理的预测歌单。,"['华语', '说唱', 'R&B/Soul', '说唱']","[65903, 66164, 65739, 5268113, 65808, 65777, 65795, 1814769698, 1929065855, 536622918, 1462875618, 1426022013, 2036171787, 2036167451, 2061966699, 2061964449, 2061964448, 2061966698, 1995339514, 1989402883, 465721397, 1355292203, 1858696234, 2045943936, 1488990357, 1336856498, 1862018054, 2028595793, 1969846925, 1389065683, 2046867420, 2065168318, 2050722054, 1436705009, 2061935517, 1399399850, 1988565274, 2043579207, 1988565273, 1442320451, 1980472718, 2006789428, 1487009099, 1307980965, 1306567319, 440208643, 1839812377, 459925763, 532275366, 1306498831, 1396141677, 1962364527, 1877996649, 1396005540, 546279760, 1927412811, 1976794036, 2033889024, 1449416890, 1432491214, 1456659704, 1958727888, 1811251941, 1895385833, 2083775119, 2065214491, 1964696171, 1492864083, 1909536722, 1909082622, 1907868691, 2008721795, 1449822903, 1853520283, 2004904642, 1449822900, 1971679465, 2046187944, 2084368335, 2050101529, 2061626302, 2055146189, 1391842107, 571832692, 1987986734, 1847422867, 496107851, 1846809416, 1460073302, 525238795, 1957494309, 451169473, 2036830577, 1953333106, 1988564487, 1970396862, 2023954033, 1970396860, 2081888691, 2081888689, 1434293617, 2081888690, 2079558244, 1915561458, 1952066137, 1869124056, 1910738837, 558766471, 1839449600, 565794655, 2018701611, 1883578970, 1390072974, 2042362105, 2056123606, 2040572199, 2031077379, 2012487919, 2070261069, 1932907154, 2077254575, 1968791287, 2075838903, 1876136615, 1874100232, 1313740689, 2081819322, 1878315612, 1386380050, 1816964380, 1426828806]"
7393769542,二次元说唱 /new wave/emo/hyperpop 亚计划,二次元 亚比 说唱 hyperpop,"['电子', '说唱', '00后', '说唱']","[2032798800, 1486774524, 2091188729, 1838388285, 1500660631, 1839480931, 1820980492, 2091478700, 2086930549, 2073799265, 1448611746, 1933221561, 2067915612, 2046817081, 1495913535, 2039121147, 2044106818, 2057277688, 2008627216, 2020642903, 2042392037, 2043453170, 2017604707, 2015544669, 2000748196, 2024998334, 2010621700, 2007653515, 1836462679, 1990557583, 1835123581, 1830231508, 2005050397, 2023798126, 1898194975, 2003751213, 1992604454, 1961632331, 1991600152, 1853461703, 1986371923, 1987602686, 1988388754, 1869252289, 1388793526, 1999568549, 1983761163, 1981533682, 1944951876, 1869405094, 1983837466, 1448289735, 1884458700, 1938297382, 1956476036, 1926242731, 1830565770, 1947510856, 1952384372, 1859982865, 1939941450, 1947645819, 1431866634, 1501224698, 1476347051, 1875893988, 1884245766, 1477578382, 1859186198, 1901654624, 1931317456, 1915600755, 1835080453, 1390255360, 1450916385, 1873400795, 1880782477, 1866304487, 1394997085, 1939655002, 1835009703, 1842636456, 1888875528, 1813849539, 1846516560]"
8833210568,伤感说唱| 真挚纯粹的愛 却成了奢侈品,可以跟我说说你们的故事…….那个让你最忘不掉的人...那一天....那一句话....你最想对他说出的那一句话....,"['华语', '流行', '说唱', '说唱']","[1978038849, 1806634682, 2061317416, 2093298773, 1456890009, 2023954033, 1827600686, 1992698886, 1903876057, 2049529248, 571472967, 1482845417, 518682659, 2090385921, 1924314361, 1849998058, 1951314927, 1934233831, 1832088781, 1948478077, 1295009639, 2090350703, 2045117743]"
3180399705,爽死你的说唱精选/beet♧,每天持续更新，内容覆盖作品和伴奏.,"['说唱', '兴奋', '酒吧', '说唱']","[2061684613, 1969585074, 2009226782, 2009233274, 2051980983, 1817971994, 28892408, 480580003, 1308599495, 454966913, 1417529110, 1988564487, 1440403436, 1876179147, 465721397, 1482864953, 1439503244, 1877996649, 2054298885, 1416193722, 1443740451, 1469041281, 1449416890, 1958954250, 1375241843, 1920904437, 1890468580, 1357815585, 1929065855, 1961990684, 1969845254, 523251474, 31260611, 474099732, 1477850680, 1862806599, 1464142961, 1961990680, 1960619631, 1923482420, 1922358401, 1976848374, 1850218629, 1824801580, 1878620327, 1873344487, 1922361877, 1957091437, 1821623185, 1824977062, 1823029551, 1922361937, 1970610329, 1809667099, 1947125887, 1938029347, 1941900429, 1872177206, 2015577167, 1972975002, 1995495094, 1899473139, 2013742015, 1994503249, 2023954033, 1995496604, 2004403913, 2022147586, 2021450910, 1954909440, 1316578004, 1438977227, 534917810, 1950306317, 1473507558, 1960619636, 1936282940, 1381365416, 1994863874, 1970396860, 1983456716, 1970396862, 1481752238, 1347026812, 1400309272, 1402289285, 1414685207, 1340787987, 1417021129, 1473909703, 1433285800, 1454238281, 1349806330, 1450030919, 1960619635, 1960619633, 1462875618, 1824045033, 1836406163, 1456224739, 529659097, 1294924894, 1355046569, 1813329499, 1411790451, 1883967738, 1922888354, 1887917182, 1859660047, 1914692581, 1848527508, 1313107926, 1819213600, 1922362038, 1471753720, 1920025919, 1904640517, 1461900345, 1394808796, 1808877128, 1453084875, 1394700927, 1873375147, 1388005009, 1473703216, 1377298179, 1361598203, 1428835085, 1417914324, 1432259316, 1501113172, 1410090585, 1445202338, 1349806689, 1371733239, 1845582447, 1406286086, 1448851124, 1838580804, 1496643716, 1810913610, 1472308044, 1448337568, 505128973, 1410192664, 1853307882, 1350460585, 1395957825, 1867183963, 1456890009, 1427999207, 1410192662, 1294924890, 1294889948, 1472307132, 1391258643, 1453599920, 1329475622, 1393575868, 1809843323, 1432763104, 449818593, 1416628573, 1339066481, 1294910929, 1336856498, 546279760, 1336259464, 493784861, 474909514, 1312027665, 532601703, 1431666078, 1378639867, 1302401401, 1304915531, 439665556, 33894142, 552732495, 1401894212, 1814639091, 1313105189, 1492049185, 864647456, 1406538102, 33894141, 1488990367, 1474861444, 1822326765, 1861343859, 574808875, 1805310491, 1457248123, 1409312564, 1806110581, 1442320451, 1426385535, 1298655068, 1826189041, 1466062636, 1479482875, 866018154, 1384734622, 1308818967, 435307908, 1390644161, 1434800877, 1432808138, 1830085780, 1805842261, 1480360927, 1387152205, 1492886323, 1475637391, 1823305772, 1407594567, 1450569070, 1488990337, 864498975, 1333897358, 1326020548, 1416566350, 1415751248, 1352830437, 1463941362, 1463366777, 1356147224, 1303079913, 447388167, 1432491214, 1337478018, 1484023237, 1323091971, 1360642994, 1394847699, 1461669605, 1393610915, 1340535891, 1457351233, 1444832632, 1471802555, 1315616232, 1457069087, 1408941727, 1308818966, 1426703445, 1338983053, 1394369626, 1456659704, 1433537265, 553702717, 547812462, 1378886621, 449793631, 1356147383, 1390825173, 1322261402, 534542490, 1406881700, 1383954630, 1321929928, 1396141677, 562118482, 444323757, 427614503, 1355292203, 1392070505, 1441758494, 1400806851, 1408761970, 1301706965, 1355292217, 1412575419, 520448416, 1362172653, 1474342935, 1426022018, 1388366084, 1471049184, 1354360132, 1361384409, 1395632515, 1395577272, 1416202180, 1378141820, 5052317, 550798509, 1340986684, 1305366486, 1314885103, 1397448153, 459925763, 488532353, 527335918, 1429624395, 1359205811, 1414783972, 1362404737, 1427444926, 1386946644, 1350412646, 1392705090, 1361002221, 1370594539, 174213, 460225644, 1328944284, 1321526784, 1298898548, 1424838823, 1294910938, 1416193723, 1387183835, 1414783970, 1377700890, 1418572871, 518682659, 1434184031, 1382189565, 418603410, 456027, 1350172603, 26931099, 1431376570, 1397096044, 1310469265, 1358276770, 1314309285, 1313955511, 1372492109, 1386302922, 1305620458, 1422141796, 1334300195, 1334351248, 551433849, 1397631459, 1414420192, 1416761510, 559014253, 17405610, 17405506, 27216032, 27216044, 491225619, 506842310, 17405504, 4177355, 29414118, 1300465, 26908855, 1297689053, 27926038, 1372584534, 26831927, 22574330, 440767029, 19153322, 26694050, 27403813, 27853894, 518986031, 550449638, 26564451, 538975793, 27116136, 474484015, 475073717, 1320100120, 523822307, 491686193, 27306195, 16158611, 401382115, 461308843, 1318571230, 1418602229, 1377785184, 1315952365, 27210834, 548589040, 509106079, 423228015, 1351219081, 1321385074, 1377519495, 1380123262, 1381380484, 1378479700, 1383219381, 1386079854, 498710786, 1362172651, 1299604534, 1405135261, 1296419802, 1387629743, 465183718, 1408930588, 1405207289, 1400047602, 1411990343]"
6616769279,艾志恒Asen,从小镇里走出的传奇 --Asen艾志恒,"['华语', '说唱', '说唱']","[2075583674, 1989402883, 1995339514, 1909082622, 1403756319, 1492864083, 1483522952, 2061966699, 2095550186, 2059246226, 1995339655, 1437031801, 1995339653, 1885800438, 1413149967, 1964696171, 1437030961, 1474181053, 1907868691, 1907532649, 1356846289, 1832633339, 1928395420, 1909082618, 1909536722, 2095495614, 1437174920, 2104024724, 2085860430, 1995339656, 1840736349, 2061966702, 1948754195, 1995339511, 2036830577, 2055215378, 2047034266, 1995339652, 1995339510, 2002813505, 2036809581, 2057539568, 1933645327, 1995339512, 1995502665, 1909081625, 2013290413, 1909081601, 1909081618, 2061966700, 1909081616, 2042350565, 2061964449, 1909081614, 1909081612, 1909081619, 1909081615, 1973015438, 1909082617, 2061964450, 2061964452, 1909081610, 1909081613, 1909082614, 1909081603, 1909488696, 1846105507, 1892852501, 1832630614, 2032192601, 1832633298, 1865698995, 1832633321, 1857349153, 1356846507, 1832633290, 1969101201, 1832630615, 1387179876, 1356846189, 1832633340, 1995339654, 1832630622, 1811225291, 550119706, 1362566964, 1437030883, 1437176781, 1832630626, 1377911144, 550121607, 1491228587, 2013290411, 1437030925, 554065188, 1437031850, 1356847007, 2061966698, 1995339515, 1356842901, 1415464382, 550123408, 1328592815, 1816089650, 1356867037, 2061964447, 1356096218, 1437174958, 1911915837, 1981932083, 1921262356, 2061964448, 2061964451, 2061966701, 2061964453, 2061964454]"
8777107891,极度悲伤的说唱集｜带上耳机 听完瞬间释怀,"我早上给你发消息，中午给你分享视频，你隔了很久才回我，有时甚至不回，其实我都明白，我对不喜欢的人也这样。

————————————☆

『持续更新！喜欢欢迎收藏！』

·祝喜欢听rap的你
·快乐加倍 好运连连✨
·优质旋律/说唱
·各大rapper的收录
·欢迎投稿 欢迎评论₍˄·͈༝·͈˄*₎◞ ̑̑

封面来自★网络","['华语', '说唱', '流行', '说唱']","[1903876057, 2045117743, 1358202573, 26428032, 2031085185, 1488077114, 1387600215, 1871084722, 1843674644, 1917818990, 1383954063, 1822798322, 1815405092, 1808281999, 1806965973, 2050620264, 1331625256, 1307170652, 1855784425, 1950027446, 1984488541, 1893321527, 1460874108, 2041974276, 1936399142, 1806634682, 1927693793, 488249475, 1827600686, 436346833]"
5445415954,极致运用AutoTune,带上耳机效果更佳,"['说唱', '说唱']","[1480871455, 1338408078, 2065211309, 1499658212, 2060037861, 1459888395, 1996476772, 1904847620, 1896445456, 1822483520, 2097514675, 1819036135, 1974876289, 2062751867, 2068068584, 2004563446, 2068068579, 2068068577, 2068068576, 2062751870, 2062751590, 2063378636, 2068069291, 1383219407, 1995339511, 2094995270, 479029252, 1899161028, 2032192601, 2092801154, 1336886640, 2096457203, 1464801825, 2095550186, 2085859563, 2085860433, 2085860434, 2085859564, 2085859565, 2085859566, 2085859567, 2085860435, 2085859568, 2085860436, 2060037019, 1979685109, 2085859562, 2083775119, 2085860430, 2085860429, 2085860428, 2085860427, 2086184920, 2030930946, 428591256, 2026224214, 2020651040, 1899129643, 1917411376, 1918979108, 1441581261, 2042362102, 2042359275, 2042359270, 1500171058, 2030930952, 2030930947, 2030930956, 1989674769, 1970396860, 2028898313, 2036495323, 1977959195, 2013291284, 2030928581, 2030930954, 2000455200, 2013291289, 1921261565, 1979685110, 2021434589, 2008721563, 1864871516, 2013290417, 2030930949, 2030930953, 2028333006, 1475637391, 1403756318, 1397097122, 1964696171, 536622918, 1907797858, 1836462679, 1959446770, 1394997085, 1909081625, 1909081616, 1909488696, 1909081613, 1307040991, 1355084711, 1332475584, 569669280, 569667299, 1334117369, 569683071, 1409578905, 1310789716, 569667353, 569669346, 1413149967, 1441576938, 1441576939, 569684149, 1409683468, 569675466, 569683013, 1410683698, 1368887170, 1362566964, 1823050844, 1811250981, 1811251941, 1465948772, 1297558590, 1407818818, 1810727849, 1330099260, 1407866354, 1304401067, 1476455405, 1441576952, 1441581225, 1909082622, 1454978489, 1868852479, 1475337186, 1387646127, 1500167452, 1933906851, 1933906848, 1933659329, 1492864083, 1441576903, 1811250965, 1832633339, 1338265198, 1441581243, 1392638120, 1436511992, 1847219367, 1907868691, 1891750925, 1431044575, 1907025488, 1345877199, 1906281210, 1922629725, 1895385833, 1882029821, 1885800438, 1298432427, 1298432438, 1298432432, 1298432428, 428642135, 1394994862, 1351560887, 1397096659, 1839695115, 1441576904, 1424596480, 1441581259, 1441576957, 1376125188, 1441576951, 1441576958, 569675522, 1298432425, 1489269061, 1480361528, 1441576907, 1411157152, 1403907086, 1478381001, 1320100116, 1827139091, 1405334280, 1476449942, 1387179876, 524290443, 1298432439, 1449416554, 1351560884, 1383053757, 1441581237, 1441581262, 574822099]"
8862643837,少年，你也感觉自己不是主角了吗,你已经长大了，不再是以前那个哭鼻子的小孩子了。有的事情自己知道就好，给父母说也只会叫他们担心你，早点休息吧……,"['怀旧', '00后', '说唱', '说唱']","[2051358625, 2046548484, 2037903749, 1916909342, 1981638263, 1830967910, 2010941301, 2006188038, 1954972403, 2087267185, 2022700137, 1979417838, 1946206163, 2033673832, 1985358071, 1441758494, 2010941299, 2027251452, 2020033539]"
8298010237,说唱 | 明明很想念，却不敢再去打扰你,"明明很想念，却不敢联系

明明很牵挂，却不敢打扰

明明很在乎，却装作无所谓

明明放不下，却装作不在乎入了心的人，忘掉真的好难,嘴上说不联系，可心里还是惦 记，思念的时候忍着不联系，却思念到发疯，不打扰却心痛到失眠，不能相见，只能怀念，有些人，不在身边，却 在心间！

或许喜欢并不一定要拥有。把彼此最好的模样留在心间， 在此后的岁月里默默想念，深深牵挂,何尝不是一种别样的 厮守!各自安好,也是一种幸福。 那个人一直近在心头","['华语', '流行', '说唱', '说唱']","[417595727, 2085441503, 2078383612, 1948478077, 1950027446, 1895385833, 2038535985, 2041962331, 2041974276, 1827600686, 1851652156, 1441758494, 496370620, 1426233208, 488249475, 2026224214, 1849998058, 430793721, 1370047789, 1353428264, 451169473, 571472967, 1811408619, 1318571230, 1909021556, 1363205817, 1927693793, 1992695240]"
2673281124,超炸英文rap,"收藏歌单 顺便给我账号点个关注呗 谢谢大家
接推广！！！","['欧美', '说唱', 'R&B/Soul', '说唱']","[1399139960, 2068069294, 1425000868, 1923900774, 2090591978, 2090591975, 2090591974, 2090596749, 1500412898, 1873876994, 1365873821, 1347702312, 1347702308, 2074705384, 2074706960, 2074706955, 2060037859, 2060037858, 2056074915, 2056074912, 2059139500, 2068076464, 2068069291, 2068068580, 2068068579, 2060037853, 2060037023, 2060034069, 2062751871, 2062751869, 2062751868, 1315374651, 1415775597, 2044499883, 1942196870, 1833751890, 1947055155, 2049952162, 2049954979, 2049952168, 2049954983, 2049954976, 1354430301, 1347704225, 1415767465, 18969202, 1988471483, 2037034508, 2037034513, 1844671637, 1483967215, 1989363906, 1444961259, 1875234103, 1989363907, 2003577236, 1444959712, 2025157224, 2023195746, 2003577234, 2003576553, 2003577233, 2003576554, 2003576548, 2003576547, 2003577232, 1837935499, 1991508458, 1941642662, 1997453199, 1987477580, 1989032109, 1990698799, 1990698358, 2002600237, 1855444731, 1996801195, 1969463070, 1950506476, 1995410677, 1995409597, 1995410678, 1995409589, 1340017031, 1987481846, 1987481845, 1987481844, 1987480910, 1989363909, 1975494693, 1868424125, 1940135067, 1974876289, 1874559857, 1382733070, 1948682218, 1961662236, 1470042890, 1313104057, 1927098294, 1927100154, 1927100151, 1487440786, 1899264385, 1322227243, 1422610052, 1913837331, 1909962083, 1396037442, 523048429, 1401876457, 1371451686, 1876325947, 1902120091, 1891783790, 1305062645, 1473031834, 1883313040, 1380428082, 1302269502, 1875171772, 1876862451, 1873250619, 1871081089, 1832604805, 1869096362, 1806940165, 1861599186, 1497732932, 1862710350, 1855456629, 1856255781, 1852234576, 1851560383, 1851559373, 1852248948, 1850893449, 1851937745, 1468951051, 1831695341, 1465226333, 1836808982, 1839404801, 1837758844, 1837758834, 1456598691, 1456599789, 1833751894, 563394933, 1494501444, 1494501442, 1454906749, 1830053786, 1821438553, 1829684565, 1493183839, 1410206491, 1814072756, 1474571325, 1298673459, 1422652903, 1459889157, 1500064517, 1805777948, 1817938768, 1814065778, 1491171638, 1338448059, 1493093147, 1408202559, 559647903, 1806940159, 1805273002, 1495016212, 1459584257, 1491113510, 1495030916, 1349215186, 1491247960, 1347136356, 1465322342, 1485321594, 1481358522, 1355362521, 1347512927, 1483396064, 1455861217, 1441088240, 1483404202, 1483967213, 864639843, 1393575498, 1396036015, 1467335322, 1475719362, 1476436331, 522431891, 544311216, 1466054654, 1454339450, 1450064460, 1454914391, 1449957836, 1460770825, 1343259183, 1401832504, 1374617484, 1463346953, 1318845753, 472045119, 566254174, 1341743704, 1461610278, 1451666514, 1428834843, 516320081, 1442170830, 1454566946, 1441183869, 1451645028, 1441179616, 1457693236, 1442450410, 1442448976, 1442448975, 1442450404, 1437794495, 1385303248, 1361118138, 1315374652, 1451670145, 1447010727, 1350638618, 544198929, 1447011348, 1334809689, 1382666583, 464188621, 1380277418, 1298675089, 1446630021, 1443299706, 472045052, 1412222871, 1437204419, 1381491073, 1378374097, 1313826365, 1426868760, 1329942858, 1399952552, 550068550, 1315373748, 1431485341, 1400230089, 1339698744, 34383207, 431357532, 463159103, 1940680, 1434259593, 467590594, 1398524923, 1365013523, 1380091396, 549498714, 490381400, 1384265008, 1421434285, 1428834845, 1412468948, 1371924626, 1412468947, 1431636877, 1431484447, 1412469551, 1340385567, 1429857522, 1430468620, 1383143892, 1355841730, 1375853444, 452608821, 1389015614, 1348783672, 1430595638, 1430595636, 1426269981, 1337013833, 1298432426, 516653127, 1407528554, 1428835774, 1428835773, 1428834847, 1404629875, 1427574416, 1298432428, 1426872210, 416011172, 424060134, 416011170, 519373710, 1373140124, 1408891101, 1421716060, 480097968, 533392781, 1295070445, 1373197178, 1413200427, 1414316142, 571340146, 1407895557, 862099084, 1378420797, 1373153588, 1373097027, 1412468966, 1410786551, 1409247806, 1318611101, 557557186, 1391371658, 1401080685, 1400357302, 1399140738, 1394994862, 1381290206, 1393575501, 1383131870, 1382835194, 1372474076, 1346093156, 427595614, 1378624951, 1367172233, 1367289588, 18614254, 32752229, 504425722, 1372365265, 574935156, 1318211489, 540865840, 1367326171, 1299709949, 546860026, 525178946, 1340514154, 1329922054, 415793672, 1319805087, 438466205, 400075204, 1317446143, 27580705, 513502778, 513044388, 536545776, 513502782, 1334811379, 1369723560, 1300423698, 1362232777, 1318733599, 1335483321, 1362232213, 26556350, 522429287, 565966097, 525157432, 437290882, 501133805, 1331880361, 405089420, 1357425794, 574926602, 1351219081, 1329612763, 1355147933, 1340015126, 574945270, 1355167631, 1339699716, 1347704220, 473964537, 27853227, 1301262201, 1349215061, 1345838496, 479403037, 554200153, 561279085, 428642135, 1317089738, 1298432425, 462857201, 515627753, 1340266806, 533392780, 1308737094, 513363680, 551970097, 1341722986, 1338149101, 30953009, 514172983, 425008183, 557623644, 465920154, 1331064067, 459078774, 29849334, 551970086, 1340757822, 1340759130, 1340759125, 1340759132, 1331881138, 1313325998, 1323303678, 1319893733, 543612324, 545350942, 545350938, 501133802, 545350936, 545350934, 501133804, 544553108, 542667209, 501133800, 501133798, 489037224, 489037214, 1334811380, 1334811366, 1333335583, 518177873, 531777461]"
8514978348,【流行/说唱】日落尤其温柔 人间皆是浪漫,"光终究会洒在你身上 绚丽的灿烂一场

爱意如晚霞 渐晚渐浓

生活需要情绪的存在

让浪漫至死不渝 温柔夹杂在空气中

有相似风格的歌 可以在评论区推荐噢！","['华语', '流行', '说唱', '说唱']","[2068535047, 2022931518, 1849998058, 1996890796, 1472142718, 1847268504, 1996890172, 1908083479, 1950528144, 2008015051, 1345823867, 1391252896, 1908083476, 1965890511, 1304922104, 2008986078, 1948229070, 469998923, 2020450026, 1818581946, 1838505400, 1427267083, 1401526878, 1833804846, 1954511657, 1881992362, 1983456716, 1834080786, 1819970423, 1899129849, 1970514994, 1975332387, 1892972698, 1834078281, 1451762098, 864647456, 1390299802, 1983620193, 1420502983, 1919218299, 1881993361, 1851685536, 1405430728, 1995065198, 1983464993]"
4967772776,Jazz Hip-hop/爵士浪漫,Jazz Hip-hop爱好者,"['爵士', '另类/独立', '说唱', '说唱']","[29343276, 2099907912, 22738188, 27681765, 22802363, 1365875459, 35345721, 22819219, 36025351, 28976438, 1309903431, 27867183, 31452039, 22703965, 1988564487, 1467115424, 525300266, 29563496, 76862, 496540, 22821105, 76848, 1327627461, 1788862, 4909214, 33984980, 76851, 1978114721, 1867253176, 22743822, 406497, 711209, 813652, 22706366, 22738180, 1898315900, 91297, 511921483, 592699, 22778418, 22844574, 29343277, 420008093, 28360697, 22703968, 76852, 1988302067, 76899, 76821, 76881, 453268367, 29498543, 1465257758, 20563220, 26126396, 496585, 32477907, 420008090, 524913830, 22743819, 1358088603, 547033571, 1874507916, 22743812, 275449, 590924, 22717915, 22777580, 547033568, 22717918, 1832265861, 405502, 22811478, 32405921, 704304, 3234806, 704317, 26303743, 16330732, 17721782, 771794, 750328, 26093085, 1859129388, 1694104, 1995198, 19074442, 35403441, 415593062, 698346, 36317877, 35345737, 1797334, 691478, 22703959, 22743828, 4891460, 22764865, 17983179, 19074435, 503269, 29810225, 481535921, 22821107, 1797354, 29498551, 1797336, 475714, 1797352, 22717916, 41632487, 27585434, 29803287, 498880671, 414118217, 3494468, 27621672, 32405920, 1294924497, 524148990, 1334055502, 26127308, 1367979603, 524150429, 22821099, 29803283, 4909217, 453268366, 3494557, 41632482, 39324826, 3234771, 4882137, 460043667, 3494482, 547685642, 3494546, 1307674532, 32272734, 1374083689, 451703259, 1294924494, 1418460, 20563376, 22675756, 20563204, 31179061, 476990596, 30482471, 3976698, 1355057, 1833277602, 467952147, 1788776, 475073719, 1391393736, 27724046, 1375957163, 1786298, 1384484354, 41632480, 1212025, 1863518, 27724044, 3494560, 26082948, 1294910521, 472362005, 1617269, 1638489, 414118219, 499793274, 406494, 1364369214, 3494509, 445845235, 28339952, 1297743473, 22778420, 1788835, 22802176, 31835933, 28805649, 1423251, 1788804, 1788814, 22821100, 451701899, 26082899, 453268368, 26094121, 357220, 32272728, 698330, 4909215, 18055774, 454924572, 27599592, 419250237, 459733369, 453491467, 19139773, 489997969, 36019539, 29049506, 18055767, 463852, 437250505, 1797332, 22777571, 1386852181, 26093076, 38689014, 481537371, 3494665, 28302616, 3494549, 17721773, 1068717, 26541124, 408250835, 1418282, 421423452, 1399139817, 26082898, 1407950973, 1788006, 1600220, 1327620855, 17336460, 29091871, 26089355, 1834649, 446874989, 1290394, 2926323, 444267532, 37169627, 16330740, 17721777, 33599387, 736570, 22762854, 1383691496, 22811989, 484462, 38689016, 18618184, 2591860, 4901453, 1395952930, 22737169, 1378968106, 22703974, 22811480, 37169626, 782837, 4909213, 4909229]"
7022370295,夜半emo情绪说唱,,"['华语', '说唱', '孤独', '说唱']","[2041974276, 2102191717, 2072725456, 2045117743, 2076817870, 2070157008, 1971943409, 2063845448, 2066280116, 1827600686, 1851652156, 1423212003, 1902905887, 1360493223, 475148347, 475146872, 863244058, 458996006, 565794655, 1359548601, 1453243808, 553817982, 1465609757, 1453639261, 1451826146, 1307591526, 1470170093, 574808875, 865945742, 1415654512, 1852665376, 1814181722, 1885323015, 1885151322, 1409211182, 468585482, 1349051673, 413074253, 1404596472, 1359554406, 462769331, 1382592787, 1326345574, 1356322638, 1465948772, 1351560886, 1449416554, 1389865597, 1452979629, 1818153740, 1386038739, 1449416890, 1456659704, 1818581946, 1387600215, 1421789705, 1405888465, 1465310744, 1806340649, 533259686, 1396141677, 1310728498, 1432632134, 1339420560, 1474157584]"
6951131153,豪情在天on the beat,外网实时更新建议随机播放,"['R&B/Soul', '说唱', '欧美', '说唱']","[18969076, 1483967214, 1394994862, 1334460598, 1942540212, 1926450493, 1334811366, 1409247806, 1407408137, 1459889162, 409736432, 461544611, 2088228224, 1432728045, 1895693222, 516320081, 1298432425, 1298432433, 1855922731, 1298432440, 1334811375, 2003576548, 2003577234, 2003576546, 2003576547, 1845803534, 2090596750, 2090591976, 2090596752, 2090596748, 472045116, 472045114, 2088229114, 533392780, 1806939257, 1969463070, 1322227240, 480097968, 1908867852, 1444959596, 1842944055, 559647898, 1806940165, 2088229124, 472045053, 2003577233, 2088228240, 2088229120, 2088229116, 2088229107, 1873876997, 1407895561, 1995410676, 1374617482, 1483967215, 1875234101, 34280327, 1496226353, 30621578, 1317089738, 1400345607, 1829937441, 2082501295, 1324235507, 1878097116, 1322229104, 2060037023, 34364062, 1304688996, 1350625616, 1432456846, 463159103, 1432456851, 1468972695, 548785555, 2065837569, 568413102, 1892507065, 469104548, 534445858, 1822725831, 1334809687, 1844109436, 2018551492, 1808465872, 1431946612, 1814065780, 1936227616, 1430595641, 1413200427, 1844949868, 1365875711, 2060032162, 1483968023, 1322229106, 445666478, 2004563446, 428642135, 1888818524, 2068068584, 2068068576, 2068068579, 2068069291, 18969325, 2024279523, 2068069290, 3818257, 2068068578, 2068068577, 2068069288, 2068069287, 32252807, 2062751869, 2062751874, 2062751873, 501351931, 501351929, 2062751590, 1309728506, 1428834843, 2062751870, 2062751867, 567101163, 1869846175, 1382835194, 2058029385, 1301662605, 2060233715, 2058298093, 2053248343, 1308737094, 1340015126, 2058139099, 1876325947, 501351936, 2058108131, 2058108127, 425008183, 2058108642, 2054330241, 476598254, 1310836545, 1315373749, 555974038, 1995091635, 1909926107, 1909927738, 1909927740, 1424460203, 18969075, 2052348113, 552406004, 1381290206, 1369908737, 1405042080, 2052349049, 520458166, 2052349052, 1956743787, 465920154, 18943538, 1388960670, 1875234105, 1875235689, 1428835774, 1995089745, 1347702308, 519373710, 2046096661, 1298432428, 1447010727, 1362232777, 2049952165, 472045048, 1444959593, 1459888391, 1298432427, 461544309, 21918425, 559647890, 2040961321, 1497732932, 1377467851, 17572184, 1384440289, 1407524660, 400690473, 2044734734, 1322227243, 1334809689, 1483967019, 1875235686, 1483967213, 1996476772, 1313326625, 472045056, 442869471, 548785553, 442867526, 1855922195, 1432456848, 1993379826, 2020156414, 2037034337, 1318733599, 489037214, 466343445, 1369908740, 1295013281, 2003576550, 1415767465, 431610014, 32337668, 441491167, 466343449, 1947055155, 426194882, 1347752825, 442869469, 1365879365, 491943377, 2035086155, 1909926106, 1303019276, 1320618153, 1350625617, 1444959597, 2032727489, 2003577237, 427595614, 531777461, 1382666583, 1346093156, 566254182, 1387568735, 1407895557, 545350935, 2003576549, 529987765, 1861599190, 1496779213, 1500339213, 1917787641, 1459888395, 1480871455, 1298432438, 18943484, 2002600237, 1824933351, 1464110287, 1490285711, 1850311064, 26524134, 1387574066, 17112374, 464509002, 561279085, 1299571011, 1812193782, 537407686, 1851006899, 1470929099, 1461609749, 1844671637, 1943077793, 1399140739, 18969206, 18943517, 1481317654, 1994386494, 1430482222, 1460801818, 1447010726, 1946639029, 1388960663, 1300595676, 1462557776, 1492224134, 1380269941, 1300287, 1319893733, 445702209, 1955978156, 1420972635, 1406633327, 1904180140, 1839418993, 1394672719, 1918269169, 1349213621, 1350625610, 862099084, 1373172794, 1995409588, 1407524661, 574926602, 1927098294, 1932734854, 1470964359, 1473031834, 1333336513, 1836005435, 461544911, 1444959590, 1845777613, 1862710350, 1357425794, 460043667, 557557186, 548823873, 1839812377, 549320263, 1833751894, 426194887, 1385303248, 1944896413, 1350625613, 1868424125, 1454912004, 1909926053, 1427574418, 1454556038, 1389812429, 1947052600, 1437204419, 1909248796, 1972899649, 1965392316, 1970752895, 26524156, 1960642479, 1814815481, 1822887674, 1364369443, 1388961671, 1442170830, 511332133, 1485775288, 1304849691, 1294924438, 534542159, 1819036135, 1844116777, 1427160525, 1461061408, 1336856180, 1490987790, 1501639416, 1396658021, 1380239197, 1342945970, 145214, 145217, 145225, 501133800, 1299867, 1315698167, 1313102149, 526093093, 1297743363, 1853776842, 1400227689, 28661564, 1495275351, 34229234, 401249910, 451703096, 537407969, 1457218736, 1417797814, 1465310721, 1388961676, 1367172233]"
8767904405,华语说唱丨超炸超甜的hook rap,“你相信网恋吗？”他说“我不相信网恋，但是我相信你”却始终败给了1548公里，我好羡慕那些每天可以见面的情侣 记得你说过娶我,"['华语', '流行', '说唱', '说唱']","[479979029, 519913462, 1882029821, 1407599748, 516642884, 1864587949, 571472967, 1432491214, 1833804846, 1468977017, 1497575214, 1846292840, 1840808119, 1396141677, 1350172266, 1492584510, 1872024726, 1869943939, 1876179147, 1872464634, 490595927, 1487528112, 562118482, 1922888354, 496370620, 1469041281, 1355896807, 1320100120, 1417862900, 1456890009, 1397674264, 26524701, 1951314927, 1983464993, 462769331, 1948572170, 1313107926, 1391252896, 1983456716, 1474621496, 1908083479, 1381755293, 1899705498, 1979276359, 2010289927, 1814636483, 1476455405, 1970396862]"
8849440660,EMORAP：致郁外壳下的治愈内核,"EMORAP情绪说唱，由于欧美丧文化的流行，逐渐走进了大众的视眼，不同于别的嘻哈音乐，ENORAP初听起来是很悲伤的旋律，但如果是资深爱好者，反而会感觉到一股治愈的力量，像是找到了知己。 封面来自网络
播放全部收藏更多
","['欧美', '说唱', '说唱']","[1948935865, 1949162946, 1969344746, 1924731971, 1909742217, 1918857339, 1936293997, 1941921717, 1942861995, 1936905364, 1896347407, 1940413740, 1936609689, 1940408858, 1936634429, 1936309983, 1864041113, 496370620, 1454435988, 1906037773, 1910738837, 1896763616, 1902523332, 1464878326, 1443070081, 1890785600, 1890751610, 1394576052, 1456731648, 1816482082, 1837402115, 1901711541, 1454556038, 1854144337, 418603177, 1912350688, 1907494178, 1901713845, 1433478919, 1358188478, 1391607519, 1400369968, 1355841730, 1415713092, 525157432, 1374358814, 467166541, 16842857, 1405251556, 1405042081, 554375832]"
638864394,国产HipHop从地下到地上,个人喜好歌单,"['华语', '说唱', '榜单', '说唱']",[]
8787091871,流量嘻哈▶︎播放破亿的顶流热单,这个歌单收录的2010年后在说唱领域最为热门的一些歌曲，这些歌曲都已经在各大音乐平台上播放量突破亿单位次，成为了备受追捧的顶流热单。,"['欧美', '说唱', '说唱']","[1819036135, 1490987790, 1463774251, 1947052600, 1410815174, 1437204419, 1946639029, 1956743787, 557557186, 1373153588, 1357425794, 1495016209, 425008183, 1803563681, 469104548, 480097850, 1370108104, 1317089738, 1412468947, 472045048, 1446630021, 1339481620, 515627753, 18969210, 472045056, 1384420814, 454730428, 428642135, 1393575498, 1415767465, 551970086, 1394994862, 1373835581, 405089420, 1367289588, 514172983, 1349215186, 555974038, 461544309, 548823873, 490381400, 574926583, 489037214, 1298673459, 1298432425, 29007425, 18969283, 1340015126, 19762504, 18614254, 33599620, 531777461, 533392780, 574926602, 545350934, 544553108, 501133798, 1334811366, 1969730171, 1969728536, 1969730180, 1369908740, 1851006900, 1804346563, 1891581638, 1416661690, 540596309, 1362232777, 1470964359, 1389016149, 516750167, 1464325108, 1835514122, 1396347452, 1459889162, 1381290206, 501351942, 1308737094, 1459889156, 1407895557, 1298432428, 484365842, 1406427925, 1449991601, 1384265008, 1341722986, 1441183869, 1382835194]"
602046634,【HipHop是生活】欧美说唱精选,hiphop是生活，hiphop不是做作，hiphop是自由，hiphop是改变的开始,"['说唱', '90后', '欧美', '说唱']","[1909873009, 2002600237, 1959987984, 2024502479, 1451670144, 1803508048, 1886631697, 1856286738, 1498629583, 1948682218, 1850311064, 1868357725, 1443050044, 1939760349, 1433622389, 1922779061, 1926137866, 1491171638, 1806003364, 1459821806, 1891581638, 1338565343, 1445389313, 1881282701, 1431485341, 1878097116, 1805328673, 1873267825, 1865122658, 1487436323, 1860977067, 1497779414, 1809911034, 1831695345, 1487720556, 1861599184, 1379270747, 1814219433, 1481317654, 1422652910, 1374617482, 1829554297, 1495018290, 3209505, 1459888394, 1842671753, 1299725, 1449991561, 1372723796, 1376078580, 1464110290, 1330893514, 1815598991, 1464325108, 1495016212, 1313897192, 1446219771, 1805777948, 1804476466, 1459889156, 1440279534, 1427574418, 1388793526, 1501412260, 1461713456, 1430481475, 1498389744, 1464110291, 1380269941, 1425270381, 1493307919, 1459889162, 1459888395, 1494223274, 534540045, 1485781687, 1396036021, 1493062727, 472141564, 1489212605, 1437419368, 1383148786, 1477998240, 1422652903, 1483179351, 1481987827, 1357775302, 1486613844, 1483967213, 1393187641, 1481358522, 1383162840, 1368694732, 514774235, 1475513356, 1475493686, 1475513411, 1472211283, 1371924626, 1385303250, 1469113646, 1470275865, 1446738508, 1296419866, 1470916205, 1457730993, 1348783489, 1468622516, 1449949759, 1463343871, 1378845686, 1381550629, 1364977424, 1460086922, 1459376184, 1452407886, 1454134020, 1354213211, 1454906749, 1375199698, 1387574067, 1361788649, 1398843169, 1449307712, 1405498338, 1444344457, 1442467815, 1403449493, 1440902570, 1320476016, 1382592786, 1434485142, 1299558018, 1430560060, 1425271313, 1430482222, 1430511696, 1373843421, 438204401, 1425271311, 1425271312, 1425940895, 1426269981, 1385739670, 1424954806, 1424976529, 1424947230, 1374083811, 1424955699, 1421716060, 1393575498, 1421434686, 1419175402, 1355063543, 1415551860, 1418228198, 1388528465, 1516895, 1407538641, 1417057522, 1330525150, 1413491968, 1413200427, 29717112, 1333336513, 1394954769, 1401365403, 1334327108, 542871130, 1347702308, 474739567, 547229434, 1395972873, 1376091278, 1400165972, 1384484847, 1384464119, 1404827994, 1398399255, 1405041776, 1399368351, 1323302262, 1363818998, 1351702312, 34913672, 1383001486, 1391603612, 1402886784, 1399310828, 1293953852, 1387555989, 1373835581, 1396658021, 1394340423, 1374235047, 1388530323, 1393962770, 1338569000, 1342007124, 1391587379, 1392078934, 1338587863, 1322227240, 1308027110, 1348992709, 1336866633, 1358178891, 1370099895, 1369915071, 1359486601, 1375853444, 1347702316, 1336856509, 548103517, 1351921667, 1362857140, 1334431749, 1377236657, 1327490900, 568976120, 568976115, 1347124451, 1331064067, 568976114, 1338605191, 545151967, 1329942788, 1309831752, 1334297047, 1362232777, 1368694731, 1313744568, 1367172233, 1346242725, 1363819002, 1363126809, 1303027689, 1345651037, 499474265, 1347375302, 1334328291, 27572991, 28031807, 478159961, 1355167631, 1349215290, 1346069739, 529150773, 1347183587, 1313323346, 1338528043, 520460849, 1351923527, 1336871429, 1344291088, 1349256929, 1329122081, 1345659038, 1345485772, 545799380, 1305703336, 1296626431, 1340533650, 1295070446, 864639843, 1320818854, 476598254, 1340514154, 462997200, 1319650362, 1327162991, 532711108, 1295973760, 1319003965, 460043222, 1306496138, 1305076553, 1313188582, 467166849, 1320159292, 1334762640, 1334811366, 1334811380, 1334329149, 1298111716, 569992138, 499465029, 1334297046, 534292498, 473740569, 518895737, 1311611004, 567817825, 1294629036, 571340146, 520532362, 1311366198, 1311319070, 1313348880, 472045228, 515101101, 1308737094, 1318807674, 27572985, 1320065267, 1323291774, 29775428, 1329612763, 1293904724, 1315129887, 1325843788, 501456603, 463160011, 1321384621, 514449197, 1306507802, 514053484, 1320099852, 522510051, 513502787, 543612324, 482988577, 559647258, 1323965088, 1323965085, 1305364063, 569501275, 469065095, 1319003963, 428350827, 497755784, 445666478, 1311079043, 464192274, 509472337, 543798133, 29718122, 485354030, 550684505, 460323076, 489037221, 557557186, 1299709949, 505818489, 533017753, 458270106, 495848596, 511332130, 524003411, 570164716, 863967263, 480768033, 480768726, 31545573, 29717076, 545350934, 460112624, 544198929, 563394933, 1643530, 559647257, 528603926, 544311216, 477823178, 479422846, 477821182, 552448560, 414979436, 476990495, 551970097, 513363680, 504685421, 546730550, 522431891, 522429287, 458496717, 531684107, 516320081, 536870477, 540865840, 448917452, 451113505, 484365974, 504264115, 542667209, 544553108, 472045224, 545161282, 29717079, 520242067, 34528840, 456185162, 536545186, 431259901, 410446766, 438803564, 478159962, 480575078, 439121901, 460099545, 473571699, 16332705, 33322008, 37169642, 443875069, 417953784, 467692996, 426850164, 2099513, 464674325, 448742240, 437856738, 499474258, 409646916, 35470336, 34601534, 525178946, 28124774, 400876139, 28124769, 29849337, 409646757, 412175695, 432792513, 464451695, 458231407, 425008236, 439121372, 462523342, 439122727, 515601986, 27612027, 451521890, 453268655, 416700590, 399342470, 432509133, 466126354, 516610048, 443875311, 471969448, 515549780, 477992214, 473817509, 427595290, 515483729, 421807034, 456185313, 477332020, 476323573, 435549010, 437605299, 411928387, 512639836, 466122693, 482999591, 494865824, 489037214, 512377121, 428095802, 445844611, 509313040, 507986111, 478203536, 504265764, 505828531, 490602014, 475279167, 480648184, 18969181, 472045056, 499675132, 501133525, 412902469, 466343950, 439122719, 29932951, 32198908, 498577487, 34601590, 500684076, 493705354, 489037213, 404182316, 440464202, 430043627, 476245479, 476598931, 427595479, 469699305, 469744187, 427139263, 29719820, 427142987, 28473146, 494858347, 495218278, 493752343, 459720871, 463160056, 29828359, 491695335, 454698364, 433681748, 452986852, 480769019, 473870351, 490602355, 481523558, 486785753, 484716724, 485607091, 480579064, 439121670, 431826014, 440207574, 446508532, 34892780, 28850753, 463160019, 408332041, 18943535, 19279266, 27594293, 422419131, 405089420, 459078774, 460043667, 464188621, 458697805, 460112239, 33681175, 428591546, 464674134, 450385960, 451126590, 417911175, 420134785, 29732095, 428642135, 448742169, 34509588, 422104620, 410100384, 17314706, 422094276, 415792936, 438466205, 421203276, 41666888, 410925860, 38392885, 29792950, 427595614, 415793917, 35847285, 400074031, 32477981, 28126126, 19170167, 31179310, 34828314, 28591776, 17572305, 1298232, 27222019, 36190947, 406846501, 18166315, 33723333, 29007425, 415904453, 34468074, 16158404, 33469355, 19027628, 401722039, 1224335, 34528838, 27520969, 35497984, 2187322, 26592451, 16672224, 16321682, 18943527, 26788800, 26740205, 32341842, 407450292, 400074252, 1591910, 19082254, 409931337, 420134609, 28935269, 41636456, 33510921, 414979439, 32431099, 409060433, 29717089, 407002042, 19851810, 17572078, 1992810, 33083023, 36357185, 2101471, 1259323, 32145548, 33346173, 1300287, 2416737, 409302287, 40188466, 28094315, 425008183, 445666488, 28105359, 34743376, 407679603, 411314896, 401723096, 28828160, 32364573, 26861200, 30706209, 32922029, 1934807, 407889708, 29717094, 31426084, 447079304, 28620407, 418550479, 26224047, 420397124]"
970951616,中文说唱歌单（就那样）,没优越感，麻烦你naocan别评论了）,"['华语', '说唱', '90后', '说唱']","[2034554735, 1902242699, 2071177415, 2100329027, 2096457199, 2096457197, 2071242783, 2071249161, 2071249160, 2090271489, 2009588049, 1975332386, 2091668949, 1956519418, 2080479160, 2080478923, 2084368335, 2085860427, 2083775119, 2059788206, 2072610413, 2072614086, 2061964449, 2061964454, 1361002219, 2059246226, 2006789428, 2057999676, 2019562352, 1960619634, 2055934628, 2051582458, 1881971790, 1407590866, 2052782758, 2051555814, 2006789426, 1974961080, 1959438832, 1460674563, 1294910051, 2046187944, 2046864095, 480579336, 2008721563, 1886872549, 1407594572, 1988302067, 2040920101, 2042891132, 2045332156, 2042671069, 2042671444, 2042671176, 2041764149, 2042583534, 2042588398, 1967273681, 2034198522, 2036167451, 2036171787, 2036171786, 2008721797, 2027170192, 2031946213, 1950525423, 1969813286, 2032192601, 1917411376, 1495969252, 1495865235, 1959438830, 1970396863, 2015003326, 1961262000, 1918576268, 1988564487, 2013291284, 451008218, 1960613382, 1499560899, 1961982258, 1961990683, 1926917530, 2013290417, 2013291285, 2013290415, 1976841628, 1339969220, 1940363977, 1488796175, 2008986078, 2004405838, 2006948925, 2006789423, 1924072773, 2002753297, 1962142222, 1918964614, 1995339511, 1995339656, 1995339655, 1995339514, 1928757038, 1976842123, 1983464993, 1969908030, 1989402883, 1990732303, 1976848374, 1982669297, 1983456716, 1984828530, 1980027717, 1981932083, 1979684119, 1399927775, 1974459985, 1952888114, 1980472718, 1978173961, 1887660812, 1909023363, 1832385010, 1832388742, 1970392506, 1976485113, 1967743980, 1970392508, 1970396864, 1970396862, 1953333106, 1970396860, 1973329590, 1844152731, 862102679, 1961264284, 1969922569, 1915308361, 1921261572, 1921261522, 1969813282, 1969817975, 1965113625, 1965121881, 1917380040, 1942821682, 1965121741, 1964696171, 1964306225, 1964443044, 1876179150, 1932830324, 1304922104, 1956445571, 1885943375, 1921261593, 1921261567, 1449416890, 1944673333, 1881993363, 1930949186, 1372035141, 1950528144, 1948572170, 1948756996, 1948754198, 1947949506, 1946802010, 1918979108, 1492864083, 1441576958, 1933659329, 1921262342, 1929062435, 1929065853, 1929062437, 1929065855, 1929065858, 1411157152, 1928162447, 1832633298, 1464212389, 864648032, 1929386352, 1929391798, 1929391823, 1922361937, 1922362038, 1926887192, 1921262356, 1888363877, 1886371887, 1809015760, 1832656022, 1909955412, 1908083479, 1899161130, 1909082622, 1899129643, 1908083426, 1907532649, 1907526912, 1908081373, 1908083432, 1908081402, 1908081372, 1908081370, 1909536722, 1906038438, 554322674, 1847219367, 1381791666, 1460643095, 1835038615, 479979029, 1895455276, 1895455272, 1892850946, 1849060926, 1895457177, 1895457179, 1335841187, 1890225680, 1881992362, 1863318127, 1876179154, 1886371885, 1886366521, 1389394944, 1885800438, 451017216, 1882029821, 1826189042, 1857569888, 1877996649, 1876480955, 1472142718, 1876179148, 1876182019, 1876179147, 1856297177, 1871803683, 1849059963, 1869184072, 1857097214, 1856735170, 1861084149, 1853520283, 1848523731, 1858696236, 1379907700, 1858696234, 1858696232, 1426022019, 1857107568, 1851308210, 1852318490, 1852318484, 1826189041, 1851081805, 1847496771, 1844355272, 1847534609, 1847059460, 1818844744, 1403176771, 1811251941, 1830395345, 1487212156, 1408763453, 1823050844, 1487212142, 1815954387, 1407866354, 1827060628, 1827059566, 1824559928, 1372033344, 1487527157, 1491303510, 1493721315, 1411790451, 1440429367, 1823305772, 1822737323, 1819970423, 1395632515, 1820802170, 1477850679, 1366750657, 1454988821, 1454978489, 1818844740, 1818844751, 1814258639, 1813172538, 1816099246, 1814990049, 1449871980, 1441576951, 1444101384, 1804101327, 1494259745, 1352004629, 1808038253, 1491279921, 1808039988, 1499056345, 1499056346, 1808039974, 1808039978, 1808038252, 1501420863, 1396141662, 1444186180, 1496237784, 1469041281, 1424523644, 1488985556, 1492049185, 1477850683, 1487009099, 1489357873, 1462875618, 1426032472, 1366098515, 1405135261, 1482864955, 1355896807, 1396005540, 1476449942, 1453491600, 1376125188, 1327060656, 480579332, 1455739580, 1477563424, 1441581262, 1449822900, 1476455405, 1426022013, 1320100116, 1302813759, 1468021479, 1396141673, 1462097900, 1461879093, 1461875960, 1442320451, 1466349163, 1465948772, 1462923102, 1377785184, 1459971692, 1453739303, 1358675646, 502477353, 1347300594, 1437325334, 1453786940, 1403510842, 1396005547, 1449876055, 1449822898, 1362172653, 1372035143, 1422651894, 1432558849, 1449416554, 1449873414, 1446553067, 1426022018, 1408944786, 1408941727, 1352800684, 486447838, 1437240854, 1406230619, 1407594571, 1406230620, 1431941680, 1411536848, 1413554207, 1411536850, 1411990343, 1409329965, 1378082440, 1410852600, 1407594589, 1408941728, 1408941730, 1408941731, 1381368357, 1396141677, 1403756319, 1404479816, 1375450585, 1401090698, 1398237657, 1396005548, 452835304, 1362172651, 1380123262, 1386582919, 1380689048, 1383954630, 1382492177, 1353428264, 1375525315, 1366356907, 1357816155, 1347134784, 1378715605, 546281866, 485859298, 420386024, 1352801249, 1374646027, 1323302253, 1372033288, 1352801256, 1364400401, 1355233359, 426291165, 1366112405, 1366115029, 1365053361, 41651206, 473787107, 451015636, 1357447470, 490595927, 1347300598, 1352565652, 1354265120, 1351564259, 1336856498, 479979885, 482699518, 1347297663, 1351560882, 1351560884, 1351564253, 434550921, 507646248, 1347297665, 1311346763, 1321929928, 33894142, 1336864844, 1347050737, 1311346765, 1305366486, 525238797, 1338786786, 1338789234, 1338789241, 1339066481, 1337032503, 1334473377, 1329475622, 1302318066, 1334296108, 1307615585, 1334596367, 472331212, 562598516, 1321382056, 1325896318, 1325898283, 1323303769, 553813241, 568207984, 1318284115, 1297747297, 1297747298, 1297742314, 527335918, 1318877072, 1317145723, 1318571230, 1317145641, 1317596339, 445154882, 481801981, 1313052974, 1298898548, 423058210, 493345278, 1306496848, 1306497504, 1306497048, 546279760, 498935288, 1302194105, 511920566, 519467971, 449235912, 466023457, 546282750, 424495429, 532311394, 1294899582, 507795186, 493713126, 542906780, 490675663, 545020367, 26200639, 516766954, 546722653, 534542319, 485967984, 473786407, 473785561, 536623942, 536622918, 536624919, 34017447, 534064047, 519709769, 517665135, 452945534, 26524701, 454966913, 501529541, 503656412, 516400404, 405253317, 472632315, 480579337, 513429400]"
7375446105,✧得了二次元亚逼emo病✧,得了二次元病,"['说唱', '伤感', '华语', '说唱']","[1992604454, 2103160159, 2104368124, 2084125965, 1983230711, 2097843176, 2086678081, 2079378195, 2042773792, 2069409203, 2066521022, 2052879853, 1996044174, 1459655178, 2041824029, 2041207383, 2101303611, 1954872529, 2016981011, 1952287580, 1472818291, 1841356992, 1914849898, 2031757213, 2030817405, 1997017905, 2000157853, 2069987749, 1993176512, 1939685452, 1984561674, 1972802645, 1966850260, 1965379311, 1959724768, 1952597673, 1956535573, 1987603382, 1959446770, 1962903457, 1443366752, 1953178881, 1952534855, 1948478077, 1907797858, 1490313647, 1407135144, 1819177036, 462625606, 1449513045, 1404475798, 1897304369, 1417373976, 1901879191, 1808052994, 1847486051, 1910974620, 1915561458, 1820980492, 1817828073, 1867483016, 1901101270, 1939235908, 1493362269, 1924949109, 1936336544, 1371830093, 1898194975, 1438592165, 1363470527, 1866304487, 1449539074, 1449851140, 1844891808, 1410653502, 1453385254, 1860506709, 1394997085, 1420491128, 1936609689, 1880356541, 1878896934, 1405506312, 1895385833, 1909668079, 1882417545, 1856802562, 1386475229, 1836462679, 1453606277, 1397957150, 1321468755, 1858148792, 1379728692, 1453244814, 1933585493, 1830565770, 1869405094, 475148347, 2003244664, 1803629897, 1933221561, 1835009703, 1390255360, 1912975879, 1822098040, 1811250981, 1907814085, 1892938288, 1804947861, 1903723819, 1904263601, 1483896246, 554322674, 1859384491, 1862103137, 1389751073, 1377090355, 1458975317, 565794655, 1813849539, 1927919741, 1853520312, 1846029865, 1922629725, 1891312681, 1385243547, 1425372775, 1453607421, 1486774524, 1846516560, 1931672340, 1840193025, 1810729670, 1873400795, 1910341343, 1835080453, 1831538967, 1442626842, 1813162431, 1808051024, 1830231508, 1448674699, 1465424031, 1981114372, 1889199317, 1485690984, 1884458700, 1880983734, 1808052992, 1857577140, 1442919088, 1852303040, 1856702085, 1854204350, 1890531585, 1846537777, 1475802496, 1839480931, 1498349155, 1906359470, 1838388285, 1892149254, 1932078364, 1856032412]"
