8794455362,钢琴｜独处时  黑白键下的灵魂指南,"一个人的时候，在外人眼里，好像一座寂寥的孤岛；
只有自己会知道，那一刻的灵魂是多么的欢喜。
像一朵流云，在天空下自在的舒展、优雅；像一株墙角的月季，吐着悠悠的暗香，兀自开落...

也许这就是一种名为自由的恩赐吧","['流行', '轻音乐', '放松', '轻音乐']","[18495509, 32046502, 1988839580, 28941070, 28941461, 74505, 20952182, 1293032, 418550, 5302852, 28468136, 429459844, 31452733, 127779, 3552454, 445844775, 3204387, 487864613, 543022, 27669599, 20110049, 26215042, 26224540, 1648647, 1002661, 18495512, 31134633, 436668736, 1293028, 1614370, 675470, 5331446, 471942, 455102872, 29753390, 5309891, 32719782, 21725725, 5330830, 1091773, 1231938, 28853537, 20952200, 408814993, 30431455, 27836174, 22762111, 32337018, 1992459, 1002367, 28785043, 33004714, 1237111, 150084, 32548062, 536239, 460605, 28661570, 431610359]"
7653452504,舒缓治愈 轻音乐纯音乐 放松,人生如画，仔细欣赏，恬然静美；岁月如诗，用心聆听，痛并快乐着。微笑，展示的是一种自信，坚强，透露的是一种性格。,"['轻音乐', '治愈', '放松', '轻音乐']","[25942063, 471942, 30245064, 29816791, 541853, 28466105, 443899, 836406, 28151052, 499692, 477931, 1936421764, 1971413172, 1967341562, 1971413060, 1850250390, 1858159729, 1851048056, 1858867039, 1963963575, 1963966152, 1963966144, 1967222653, 1967222652, 1967222633, 1967215304, 1892621029, 1899080329, 1891408549, 1889488651, 1955426554, 1955426555, 1968052953, 1951755709, 1963353995, 1967222677]"
438226309,班得瑞经典50首轻音乐,瑞士音乐公司Audio Video Communications AG旗下的一个新纪元音乐团体。其作品以环境音乐为主，亦有一些改编自欧美乡村音乐的乐曲，另外还有相当数量的是重新演奏一些成名曲目，作品的成功也导致了不少盗用版班得瑞乐团名义的唱片出现。主心骨奥利弗·史瓦兹是一位多才多艺的音乐人，不但专长各种乐器，更熟稔先进的录音工作。他特别率先采用先进的数字采样技术，将自然界的声响，运用后期母带24bit数字录制，钜细糜遗地记录下清晰无比音质。奥利弗史瓦兹更曾与亚历士·克里斯坦森合作为莎拉·布莱曼制作《告别时刻》（《Time to Say Goodbye》），热爱新音乐的他最终选择了将音乐才华献给瑞士山林。,"['轻音乐', '经典', '安静', '轻音乐']","[3950526, 3951324, 3951353, 3951150, 3950050, 3951362, 3951384, 3951154, 3951306, 3949506, 3951449, 3949477, 3951396, 3950105, 3951024, 3951437, 3950034, 3951408, 3951441, 3951167, 3951405, 3951020, 3951145, 3951336, 3949511, 3951175, 3949490, 3950692, 3949502, 3949496, 3950531, 3949493, 3951351, 3951197, 3950639]"
636959747,设计师累了想休息了听这单,画累了，就歇一会儿吧。,"['轻音乐', '放松', '安静', '轻音乐']","[20110049, 4010812, 1879266, 26401461, 1431553111, 1855221502, 1834879944, 1457729624, 20744076, 399367379, 1479328705, 1370344196, 1479528586, 1449457497, 1816835537, 1411689154, 1435580740, 1463138364, 1453907054, 1441732084, 1429934718, 1481948267, 1439138913, 1428348753, 28957127, 1479371572, 1437950311, 1422226119, 5208206, 1467593658, 1351183637, 1423232262, 506026326, 1422013737, 1427925579, 1419005113, 440354029, 1379150012, 1824435199, 1435649250, 1455155272, 2584598, 1091083, 1458542247, 1443974744, 36198994, 1341188304, 22712173, 1351182680, 1442295822, 1442518161, 1906391, 1428348120, 1314627214, 27575585, 480353, 1302910002, 1617987, 1818353446, 139774, 1426567262, 1441514657, 1992360, 17691347, 1091088, 439142564, 139718, 1277076, 491228673, 577760, 509313150, 16343386, 495565956, 20744853, 1419095174, 5194082, 454035505, 1428343940, 761319, 40249986, 1351182678, 116493, 27669599, 28302653, 1091837, 5267808, 28164935, 1817349, 485670619, 4346205, 1449808251, 410161058, 586299, 18070949, 16494139, 27580007, 5264840, 26243492, 18468021, 524148423, 874229, 31134621, 34014168, 16343146, 16310529, 28405261, 483384358, 468176711, 1206866, 1849246, 1605317, 1418603358, 1144365, 19934751, 3020449, 36953776, 489612139, 1614370, 1428343758, 16139404, 3972593, 1645108, 1091047, 3934963, 28692588, 5220639, 26237342, 1793275, 690469, 19781667, 26635189, 32743519, 17691341, 1293032, 410802205, 785902, 19475695, 528309, 1925203, 1369989, 18001009, 36897723, 27562775, 817880, 28240909, 1642632, 1091289, 28377210, 26224535, 252184, 422429425, 19934760, 2201368, 31917682, 448065, 1144474, 16967712, 27909216, 28445796, 34341360, 1234572, 32857776, 1793243, 5220646, 1285772, 1602694, 574356336, 5095311, 18137545, 20744782, 28273865, 5188112, 2428474, 1312925, 27562761, 27514120, 27552967, 27550452, 409302035, 4010884, 32431663, 17737041, 139730, 3037049, 20110046, 1925200, 3301896, 29391481, 22625546, 29391492, 1992707, 1369986, 1220993, 29586026, 17691338, 1805729, 4279458, 4079122, 1876909, 29027341, 4153067, 20952182, 18495538, 2424840, 3882876, 18927580, 578090, 29774796, 2185832, 28425237, 34364417, 1091873, 28491294, 1219506, 5064939, 29047169, 1817328, 1925208, 33166161, 444312, 4006059, 1234266, 1234298, 28699005, 31356792, 1992391, 4010873, 543022, 1948665, 1926723, 26484066, 28850316, 17241428, 1236863, 26224540, 28410241, 1237121, 30780595, 4095245, 1369984, 29103348, 19781585, 1237111, 32574693, 29774728, 29586027, 1237329, 33162184, 32574634, 1491163, 3950116, 22315521, 1625515, 2062603, 28912659, 3204370, 40249114, 30031471, 1605671, 33715167, 40157211, 28699443, 18057481, 40021474, 1091773, 5308028, 32924110]"
401081631,脑波音乐，助眠放松。,"选了一些阿尔法脑波音乐和纯音乐。戴上耳机，调暗光线，定时关闭。多听一会，放松下来，好好睡觉。

封面来自《穿越时空的少女》，我看的时候就觉得，想要陷入蓝色大海的睡眠中。

希望你听了这个歌单后，能拥有一夜无梦酣眠。更希望，这世上没有人听歌催眠，人人都能拥有好的睡眠，睡梦中，甜甜的笑。

———2020年3月1日明明要早起，却还是天天睡不着的小蓝。","['轻音乐', '轻音乐']","[1324938326, 28798229, 442493386, 32507376, 5268323, 5268346, 717160, 28798228, 5268347, 536734, 35032655, 536516, 5268335, 717170, 1220817, 22724729, 536637, 536639, 5268343, 536227, 5264600, 32507377, 32507370, 32507371, 32507373, 32507378, 32507372, 32507379, 32507375, 32507374, 34690914, 34690920, 34690917, 34690918, 34690915, 34690922, 34690913, 34690919, 34690921, 5267457, 1091873, 5214973, 5214974, 5214977, 5214975, 5214976, 5214978, 5214979, 5214980, 536251, 536225, 536239, 5264597, 5264598, 5264599, 5264601, 5264602, 5264603, 5264604, 5264605, 5264606, 717223, 717226, 717229, 717233, 717237, 717242, 717247, 717251, 717190, 717194, 717198, 717203, 717207, 717211, 717150, 717152, 717154, 717148, 1934074, 1934077, 1934079, 1934081, 1934083, 1934085, 1934087, 1934089, 1934091, 1934093, 1934095, 1934097, 536534, 536716, 536720, 536718, 536723, 536725, 717162, 717164, 717166, 717168, 536714, 536243, 536235, 536229, 536247, 5268327, 5268326, 5268325, 536231, 5268324]"
2748706205,音乐治疗～缓压，提高睡眠质量,提高睡眠质量，提高记忆力！,"['轻音乐', 'R&B/Soul', '轻音乐']","[5268325, 5268326, 536637, 5268346, 5268327, 5268335, 536639, 536642, 536643, 536640, 536644, 5268336, 536641, 5268337, 5268330, 5268328, 5268338, 5268340, 5268339, 5268341, 5268342, 5268343, 5268347, 5268344, 5268329, 5268333, 5268348, 5268349, 5268331, 5268334, 4910529, 5268332, 5268351, 5268350, 4910530, 5265956, 4910531, 4910532, 4910528, 4910534, 4910527, 4910526, 5265957, 4910525, 4910533, 5265960, 5265958, 5265959, 5268324, 5268323]"
3101837684,与小萝莉相思相爱/相思相愛ロリータ,"BGM收录整合

包含：
《与小萝莉相思相爱》
《与小萝莉相思相爱的生活》

日语作品名：
《相思相愛ロリータ》
《相思相愛ロリータの生活》","['ACG', '治愈', '轻音乐', '轻音乐']","[1316376017, 1316563953, 1316563955, 1316562914, 1317145256, 1317145255, 1316562917, 1316562915, 1317145257, 1316563954, 1316563956, 1316376018, 1316562919, 1316562918, 1316562916]"
388521975,寂静宁和 ~ 心灵的琴音,"＂可堪孤馆闭春寒，杜鹃声里斜阳暮＂。
＂寒波澹澹起，白鸟悠悠下＂。 
有无之境裕如也！","['钢琴', '安静', '轻音乐', '轻音乐']","[1378122, 1280120, 5188107, 5095311, 1378678, 28941070, 1378324, 5188110, 5095310, 1378334, 1280123, 5095307, 5095296, 1293003, 1378262, 1280126, 1293058, 1378126, 1378354, 5095309, 1378137, 1293024, 1378352, 5188109, 1378190, 1293040, 1280129, 1378280, 5188111, 1280135, 1378356, 5188112, 1378301, 5188116, 5188114, 1280142, 5141636, 5077383, 1378307, 5188113, 1378376, 1293032, 1280146, 5188115, 5141610, 1280138, 1293048, 1378305, 1280149, 1378196, 5188117, 1378338, 5188106, 1293028, 5188118, 1378250, 1280132, 20936390, 5188119, 1293055, 1378130, 5095297, 1378332, 1293072, 1378134, 5095298, 1378320, 35416347, 5095299, 1378562, 5095301, 5095302, 1378360, 5095303, 1378330, 5095304, 1378144, 5095305, 1378219, 5095306, 1378158, 1378174, 5095308, 1378312, 5188108, 1378576, 1378583, 1378346, 1378591, 1276100, 1378695, 1378315, 1378447, 35416320, 1378444, 1378685, 1378690, 1378705, 1378710, 1378715]"
5330536260,儿童宝宝智力发育提升轻音乐,派拉蒙婴幼儿智力提升法，专注于提升儿童宝宝的智力发育，开大宝宝的大脑。循环播放音乐有助于宝宝开发大脑提高智力，身心健康！,"['轻音乐', '轻音乐']","[1824415657, 1824939796, 1824939802, 1824937995, 1824937996, 1824939797, 1824937993, 1823984498, 1804918801, 1804919100, 1804919500, 409649183, 1477214325, 1456661860, 564407600, 1375319198, 1443765074, 30413344, 1459038833, 1449116812, 1463366746, 1486160735, 1471837370, 1481489124, 1423993282, 1474630247, 1434078371, 501220969, 551842546, 1495090790, 28411782, 1372933064, 35504047, 1455273374, 28306743, 467163300, 423058573, 523045068, 1380637956]"
2129327191,纯音乐的辉煌！,这是我的宝藏精选纯音乐歌单，一定要点开系列，绝不让你们失望！总有你喜欢的！喜欢请收藏一下哦，编辑不易。,"['轻音乐', '榜单', '轻音乐']","[2101994492, 2101995949, 2101548289, 2101567046, 2101708391, 2101040052, 2101311501, 2100593239, 2100680501, 2099877805, 2092989048, 2062144348, 2062361476, 2061440971, 2061850445, 2060500059, 2060775185, 2060161233, 2050877152, 2039495212, 2039896019, 2035719444, 2036216548, 2036917572, 2037613358, 2037885360, 2038551851, 2023748219, 2023748262, 2023754820, 2023812408, 2023820679, 2023820706, 2035529933, 2020091560, 2020096025, 2021682236, 2021694650, 2021696701, 2021696735, 2021863633, 2023202201, 2023207174, 2019644368, 2019802821, 2016388340, 2016497776, 2016520634, 2016343166, 2016385435, 2016221592, 2016070268, 2016052858, 2015967801, 2015966198, 2015965637, 2015698054, 2015697669, 2015697277, 2015647952, 2015698446, 2015697470, 2015690483, 2015577638, 2015424450, 2014821428, 2014888729, 2014888948, 2014602184, 2014746336, 2011582583, 2012177977, 2012994689, 2013665961, 2011073983, 2010792092, 2010233583, 2009513781, 2009155165, 1975644459, 1881098781, 1882485103, 1882483200, 1882483155, 1882129426, 1882129029, 1882127430, 1882127141, 1882120136, 1882120112, 1882485124, 1880621027, 1880550727, 1880550629, 1880548082, 1880241148, 1880239392, 1879945490, 1879945426, 1902742298, 1909136960, 1908834265, 1908500430, 1908223729, 1905420691, 1904834828, 1904061181, 1904061167, 1902750630, 1887085750, 1887079293, 1887079292, 1883950904, 1882489804, 1882489533, 1882489505, 1868112976, 1878960204, 1878368965, 1877946636, 1877900077, 1877730873, 1877710886, 1877710855, 1869085357, 1878960651, 1868112729, 1868008495, 1868002230, 1867990389, 1867974812, 1867965086, 1867945244, 1867944751, 1879387498, 1879879458, 1879878961, 1879871687, 1879871643, 1879871353, 1879859142, 1879777001, 1879540580, 1867932524, 1879386721, 1879384043, 1879291059, 1879275926, 1879275754, 1879175646, 1879168101, 1879156280, 1885294742, 1943808096, 1939380373, 1939215270, 1937052029, 1887075558, 1887075546, 1886507800, 1885523132, 1885197596, 1885291613, 1885265615, 1885235127, 1885215340, 1885214292, 1885200696, 1918040772, 1944410309, 1940210175, 1937065681, 1935924866, 1935434631, 1935193904, 1919017374, 1918963928, 1918425251, 1918104320, 1910295232, 1917678641, 1915801470, 1915675225, 1915630322, 1915499768, 1915307624, 1915082386, 1914332505, 1913456777, 1913456128]"
8614891083,【纯音乐】放松自由，聆听自然,"在自然的状态里
去繁就简
回归本心。","['流行', '轻音乐', '清晨', '轻音乐']","[38018486, 509720124, 20110049, 578090, 2019035410, 535056564, 554308724, 29129889, 1982285682, 29803287, 1377642003, 2009974513, 5308028, 434871406, 2004668241, 427606780, 518894020, 139774, 434902428, 468176711, 34341360, 1415706303, 28371121, 478507889, 1474400749, 541326593, 1384026889, 1433584979]"
643257670,轻音乐 班得瑞 催眠 治愈系,治愈系 希望你安睡一整晚 世界上总有人偷偷爱着你 你一定是某人翘首以盼的惊喜 ！,"['轻音乐', '治愈', '放松', '轻音乐']","[3951384, 3951154, 3951396, 3951437, 3951441, 3951167, 3950692, 3951197, 3951324, 1975434454, 16852216, 16852198, 469838125, 1421276877, 1397266500, 1399083828, 502238179, 1432442803, 463520687, 131149, 1359121261, 30413334, 1358275554, 30413351, 131231, 30413353, 522468052, 30413272, 1376142711, 30413271, 1388015205, 131245, 131235, 463521911, 444075744, 30413342, 131274, 1377819322, 522467506, 522467588, 30413338, 131230, 131229, 522467321, 522468278, 1360627605, 1857863304, 30413275, 522468463, 1362790003, 443967908, 30413352, 1846043932, 444075742, 451146483, 451170173, 451146065, 451149683, 451148072, 451170240, 451145781, 451171164, 537794911, 451131188, 451131134, 451149654, 451170100, 451143886, 451148970, 543800189, 451150481, 451145001, 451169594, 451145002, 451131441, 451170255, 451127051, 451169007, 451131280, 451127357, 451146038, 537801174, 451132410, 451125955, 451130694, 451144829, 537511207, 451145095, 451160406, 451161172, 451162062, 537220678, 537221648, 537222773, 537223437, 537223857, 537223889, 537228102, 537229192, 537824639, 541393198, 537225460, 541393209, 1407268967, 16851950, 16851952, 16851953, 16851954, 16851956, 16851957, 16851959, 16851960, 16851961, 16851962, 16851963, 16851965, 16851966, 16851967, 16851968, 16851969, 3949930, 3950096, 3950110, 3950113, 3950119, 3950140, 3950144, 16852173, 16852177, 16852179, 16852180, 16852182, 16852183, 16852185, 16852187, 16851944, 31234996, 31234971, 31234995, 31234998, 31234993, 31234999, 31234994, 31235000, 31234997, 31246010, 31246018, 16852087, 16852223, 16852220, 3950931, 3951061, 451147416, 3949934, 16851955, 3951238, 3951210, 3950776, 3949916, 31246019, 31246013, 450518399, 31134628, 1220993, 1220792, 1234572, 5023099, 1219327, 5182262, 5022877, 5023382, 5022906, 5182260, 5022869, 5022889, 5022838, 5022846, 5022837, 5022840, 5023397, 5022841, 5022944, 5023327, 5023391, 5022867, 5022885, 5022844, 5023157, 5023166, 5023162, 5023165, 5022842, 5023164, 5023160, 3314859, 27785692, 5023167, 5022839, 5023169, 5023171, 5048054, 22494654, 5105901, 22478856, 22482642, 5105911, 22478640, 22494653, 22494682, 20521925, 5105927, 22486827, 22421318, 5268746, 5105937, 20521915, 22314865, 22314862, 22314867, 22314855, 16954666, 22314863, 22225138, 22225121, 22225118, 22314872, 22314883, 22225135, 21659286, 22225139, 22314884, 22314892, 22225137, 22314887, 22314920, 22314924, 22314925, 22314919, 22314927, 22314922, 22404680, 22225146, 1217838, 5023433, 5022522, 5022573, 1218815, 1217859, 1217850, 1217853, 1217832, 1091873, 5214973, 5214974, 5214977, 5214975, 5214976, 5214978, 5214979, 5214980, 5264597, 5264598, 5264599, 5264600, 5264601, 5264602, 5264603, 5264604, 5264605, 5264606, 717223, 717226, 717229, 717233, 717237, 717242, 717247, 717251, 717186, 717190, 717194, 717198, 717203, 717207, 717211, 717150, 717152, 717154, 717148, 17269860, 1934074, 1934077, 1934079, 1934081, 1934083, 1934085, 1934087, 1934089, 1934091, 1934093, 1934095, 1934097, 17709093, 381169, 139286, 717160, 717162, 717164, 717166, 717168, 717170, 1011172, 1011168, 1011164, 1011160, 1011156, 1011152, 1011148, 16348256, 16348254, 16348242, 16348241, 1010882, 1010878, 1010874, 1010870, 1010866, 1010864, 1010862, 1010860, 1010859, 1010850, 536239, 536243, 536247, 536251, 535493, 535497, 535503, 535507, 535511, 535515, 535518, 535521, 535525, 535529, 535533, 535537, 535541, 535545, 536555, 536557, 536560, 536563, 536566, 536569, 536572, 536575, 536516, 536519, 536522, 536525, 536528, 536531, 536534, 536537, 536539, 536541, 536543, 536583, 536584, 536585, 536586, 536588, 536590, 536592, 536594, 536596, 536598, 536600, 536602, 536656, 536657, 536658, 536659, 536660, 536661, 536662, 536663, 536664, 536665, 536666, 536667, 536687, 536688, 536689, 536690, 536691, 536692, 536696, 536698, 536700, 536702, 536704, 536675, 536676, 536677, 536678, 536679, 536680, 536681, 536682, 536683, 536684, 536685, 536686, 536668, 536669, 536670, 536671, 536672, 536673, 536674, 536767, 536769, 536771, 536773, 536776, 536779, 536782, 536785, 536788, 536790, 536793, 536796, 536734, 536735, 536736, 536738, 536740, 536743, 536746, 536749, 536752, 536755, 536758, 536714, 536716, 536718, 536720, 536723, 536725, 5267456, 5267457, 5267458, 5267459, 5267460, 5267461, 5267462, 5267463, 5267464, 5267465, 536637, 536639, 536640, 536641, 536642, 536643, 536644, 5268349, 5268350, 5268351, 5265956, 5265957, 5265958, 5265959, 5265960, 5265961, 5265962, 5265963, 5265964, 5265965, 5268335, 5268336, 5268337, 5268338, 5268339, 5268340, 5268341, 5268342, 5268343, 5268344, 5268327, 5268326, 5268325, 5268324, 5268323, 5268348, 5268347, 5268346, 5268334, 5268333, 5268332, 5268331, 5268330, 5268329, 5268328, 465301792, 16851945, 3951043, 16852190, 3951030, 3951028, 16852226, 3951037, 3951040, 27571238, 3951227, 3950892, 444524445, 16852186, 3951056, 3951033, 3949910, 3951114, 3951051, 16851937, 444524446, 16852224, 3951083, 3951066, 3951036, 3949900, 3950148, 31234956, 3949948, 16852092, 31234979, 31234978, 5214114, 28590162, 30413349, 20744788, 29999506, 27946141, 3951477, 18565939, 28718069, 201975, 5263584, 1220787, 1374348, 3949473, 3949498, 133567, 304901, 426341501, 29401808, 29544794, 30413344, 5222768, 1615339, 3949481, 410715534, 467554091, 34341358, 18782895, 3951150, 3951353, 3950050, 3951306, 3951175, 3949477, 3951449, 3949506, 3951408, 3951024, 16852172, 3950034, 3951311, 3951145, 3951336, 3951405, 3951020, 3951362, 3950531, 3949502, 3949490, 3949511, 3951351, 3949493, 3950526, 3951388, 3951392, 3950053, 3951380, 3950639, 16851958]"
4939361765,催眠纯音|暖心音符伴你入梦,今夜星光灿烂，好运随时来。疲惫的身体带着倦意慢慢入睡，愿你做一个好梦，梦中流星滑落让你愿望成真，晚安。,"['轻音乐', '夜晚', '放松', '轻音乐']","[2050385967, 1868549124, 1885506934, 1988773175, 2067700532, 1868547463, 2091906353, 1880767956, 1983455456, 1868547125, 1990750238, 1868548997, 1880765387, 2091906354, 1840006711, 1995454140, 1813277307, 1813277408, 1840007643, 1486458511, 1880764882, 1331173824, 1813277305, 1813278494, 1486458510, 1439432418, 446819, 1498464, 565932027, 28411043, 1370001, 506092288, 537616, 31134633, 623451, 543295646, 16964052, 1300720350, 521418982, 1091611, 28692852, 1367106261]"
7424227421,『纯音乐』安抚烦躁思绪的有声良药,"这世界没有我们想象的那么美好
自然也不会像我们想象的糟糕

打开内心世界深处
接受美好生活状态","['轻音乐', '夜晚', '安静', '轻音乐']","[1996687319, 1906978052, 2017736476, 1842865092, 1354451973, 479374667, 467744316, 1430898876, 31997954, 1432728152, 1407389699, 1319512631, 538154718, 549193995, 525872609, 1437807056, 538394140, 535331509, 432430709, 498083657, 439142564, 1356738951, 428391474, 456310390, 1351936553, 1832606560, 523902194, 1356157853, 427017519, 523696075, 1335796886, 1884876631, 1847786316, 1856089194, 1863476702, 857896, 1479371572, 496071832, 527957820, 475584898, 445505913, 116493, 494992638, 475311996, 1833298690, 1361694864, 527354000, 419877515, 492086826, 864634875, 439139134, 1313474211, 1352120191, 1479688462]"
704712255,⛱[纯音乐]安静又不失节奏,走心的歌单走心的人听,"['轻音乐', '旅行', '清新', '轻音乐']","[523863496, 541432715, 522202385, 38018122, 490687121, 454638104, 3932159, 5086081, 1316184355, 1355298898, 557850882, 1346528158, 489270820, 865943142, 1379095133, 1377303563, 1378654702, 1377911700, 1378757130, 487864613, 862732021, 1366031349, 491365293, 1373264980, 491489972, 1315824155, 1342019912, 561876887, 1345071204, 488490964, 1348892301, 1351936553, 1364400123, 520665023, 1333365172, 1338923417, 1366078677, 1364370947, 1362183461, 1336027101, 1333961618, 1324663531, 1299030701, 1366523296, 1335298872, 1368028534, 1361371434, 1341978267, 1319520140, 510309106, 1348625075, 1361962557, 1374167514, 1357704341, 1363207246, 1364649891, 1300726769, 1375128636, 1375423468, 1375741505, 1371780128, 533084692, 863548937, 1355079681, 1359613968, 1320860898, 28287116, 1362352434, 1348456770, 1301861946, 429769986, 33850506, 418326230, 1336487436, 27575583, 27575590, 27575585, 526294901, 430053309, 26524343, 408814993, 410042366, 423058573, 416388365, 491363930, 1308678577, 496349294, 537721600, 512753473, 450245437, 509720124, 458696351, 540042, 1330023854, 416966064, 522994016, 1314975701, 33715168, 28160235, 28160231, 28160230, 30569879, 36872363, 422977895, 1302193713, 1306093088, 1304960504, 1307063992, 1298651651, 1298135870, 1297333319, 34014163, 22802198, 864885422, 1296816863, 1297940270, 864634875, 865320957, 865283011, 866032176, 1294219906, 863884847, 1294799290, 1295248577, 864094867, 1295843182, 1295989412, 863464857, 503519084, 407679367, 862149590, 574296614, 572719808, 573795673, 573633797, 572296319, 572182643, 571533390, 570463424, 570303859, 564349308, 568110909, 563762640, 559332460, 556673324, 555110156, 28054760, 551029940, 552935325, 555168700, 555516605, 554618922, 528414846, 553750304, 553748329, 546912061, 487093203, 542818195, 490267528, 509313150, 515635175, 538559837, 538394140, 537948037, 467744316, 535120899, 33035427, 535331509, 533343413, 506646198, 520849195, 492292805, 479641409, 515384475, 530325654, 530113170, 527305648, 495626744, 38592319, 464863017, 477417503, 517346741, 526118754, 422419646, 454757785, 496774187, 506650377, 467163300, 404459321, 523157861, 519286594, 518540371, 455382413, 465239256, 777951, 515516330, 403012374, 452392270, 458026683, 511040995, 462177081, 1992391, 18861490, 139774, 32217265, 27580009, 31789196, 848290, 760058, 406232, 434871406, 472256897, 492926375, 478830981, 502218792, 479494742, 30245064, 496071832, 490991569, 403012108, 406238, 29378656, 857896, 30780440, 29544794, 4946902, 5364950, 5365169, 5079881, 454035505, 357126, 698479, 5101648, 26125533, 28838936, 28089959, 480353, 28889785, 487089933, 488077597, 451543833, 485327917, 477844082, 5308028, 139177, 139268, 28748337, 34040337, 5322513, 28830584, 28941364, 28941461, 28161223, 5293138, 425684875, 432698278, 433107499, 155847, 437752427, 437752156, 461074907, 476625725, 409649038, 40257799, 36897723, 406070435, 450686151, 41669234, 475584898, 22688487, 26624714, 28949390, 25731432, 2060546, 29747816, 27903692, 475311996, 462375091, 453843751, 474579829, 441532, 420602, 22822502, 1993749, 27580689, 26328682, 28188702, 63486, 410042763, 409649183, 410181618, 410715788, 413829862, 415807032, 468005471, 450532725, 413392314, 453749183, 423104199, 420401226, 448365344, 462199987, 435305831, 416385581, 440355946, 456274369, 412493366, 412493365, 438903643, 459357455, 411988490, 426832063, 430062504, 423776494, 445505913, 5307982, 26127161, 5307932, 5308003, 36190361, 5308001, 33495597, 26127163, 30398875, 33495598, 26127160, 5307891, 35729185, 412911352, 26127162, 28713838, 28713834, 34033473, 28713832, 404744068, 5308068, 5308040, 33495599, 5308070, 5330831, 5330992, 5330971, 5330889, 33233415, 5330747, 5330847, 5330830, 5330707, 5330813, 5330997, 5330843, 5330908, 5330850, 5330814, 5330805, 5330730, 33233413, 5330924, 28838922, 5330994, 5330868, 5330885, 5330844, 5330922, 5331044, 5330974, 5330686, 5330837, 5330995, 5330659, 5331001, 5330936, 5330999, 5331039, 5330852, 28838921, 5330842, 5330990, 5330800, 5330978, 5330836, 5330976, 5330854, 5330692, 5330812, 5330807, 5330711, 5330750, 5330833, 16846089, 16846088, 16846091, 4010892, 4010720, 4010717, 4010873, 4010721, 16846084, 4010734, 31830769, 16846096, 16846093, 4010902, 4010726, 4010796, 31830765, 4010905, 16846082, 16846092, 31830774, 4010799, 16846086, 4010884, 4010718, 16846083, 4010896, 28458258, 4010822, 4010756, 28458269, 4010761, 28912659, 28957127, 27770993, 28912653, 5323063, 28912657, 28912654, 28912649, 28912651, 28912656, 36496671, 28912660, 27770989, 29133637, 32823994, 5310869, 32857001, 32823999, 29139996, 29220121, 29194509, 5310868, 430685732, 434902428, 451319227, 427606780, 427015054, 444003269, 437753541, 427015197, 459957117, 410042522, 421934070, 419373060, 34364762, 409654798, 428391249, 137780, 137763, 439138622, 32717171, 32717167, 32717170, 440355309, 32717165, 32717172, 439142564, 32717164, 32717168, 412319416, 439142571, 424495344, 32717169, 32717166, 425570055, 448596416, 453130276, 461090506, 455861120, 469889836, 436668247, 464841478, 28828076, 28828074, 1606099, 28828078, 39635710, 34183387, 34183386, 34183389, 35031784, 34183391, 34183388, 34183393, 34183385, 34183392, 34183394]"
470052671,大提琴的悲伤… ,"问风赶路…… bz 波仔
路…总是遥遥无期 ~ 暗河jin","['轻音乐', '治愈', '安静', '轻音乐']","[1905895878, 1905895225, 1365731161, 1365730529, 1365731160, 1365730551, 1366552397, 1716317, 190098, 341843, 82284, 1004124, 1625383, 1717673, 1419120, 29999285, 26395629, 26500531, 1070784, 1070785, 1070786, 1070789, 1070792, 1070794, 1070796, 1070798, 1070801, 1070804, 1070807, 1070810, 1070815, 1070818, 1070819, 1070820, 1070821, 1070822, 1070823, 1070824, 1070826, 1070828, 1070830, 1070832, 1070834, 1070836, 1070838, 1070843, 1070845, 1070847, 1070848, 1070849, 1070850, 1070851, 1070853, 1070855, 1070857, 1070861, 1070865, 1070869, 1070873, 1070877, 1070896, 1070901, 1070905, 1070909, 1070913, 1070916, 1070918, 1070920, 1070922, 1070924, 1070932, 1070934, 1070936, 1070938, 1070940, 1070942, 1070945, 1070948, 1070951, 1070955, 1070959, 1070963, 1070967, 1070971, 1070981, 1070983, 1070985, 1070988, 1070991, 1070994, 1070997, 1071000, 1071003, 1071006, 1071008, 1071018, 1071021, 1071024, 1071027, 1071030, 1071033, 1071037, 1071040, 1071043, 1071047, 1071050, 1071054, 1071091, 1071093, 1071095, 1071097, 1071072, 1071075, 1071078]"
5082890743,成为更好的自己,"歌单原作者:满地星星碎
这是她如今的极静歌单最初的版本 现在的歌单有了一点调整 我不是歌单的编辑人 当初只是音乐歌单的变化 个人又较为喜欢之前的才重新添加的这个歌单 后来看到收藏的人越来越多加上询问过歌单主的意见所以也就没删 原歌单编辑人:满地星星碎","['轻音乐', '轻音乐']","[1351183637, 1369034842, 1399286389, 1351182680, 528177111, 1351183481, 1379150012, 1413374282, 1380556360, 1314223132, 1421898899, 1406160105, 1351182678, 1394371988, 1416209502, 1409406543, 3204370, 1399858567, 1317736524, 28035148, 1300140490, 28273864, 139730, 22459471, 2640842, 31081015, 1401353320, 1378992061, 473740152, 20744076, 1395381349, 1367368222, 4919977, 2640823, 499675131, 1341188304, 1381179698, 456980344, 520055579, 28853538, 1380689372, 1766269, 3204387, 5353847, 475584898, 500684082, 487093203, 28445796, 4010229, 28491294, 494858498, 1403355980, 22712636, 1397360744, 2640850, 1342815755, 28273860, 1413361244, 539092392, 515796242, 31168282, 2640838, 1335150405, 19934757, 419508, 461520205, 29535887, 1393932768, 22712637, 29498708, 557969575, 1405765616, 461520268, 1379215363, 475255968, 22822581, 461521083, 5300007, 28273863, 863764232, 675470, 461517063, 1386406165, 473940855, 1311347835, 29535888, 427419091, 28468136, 28138579, 461521111, 28679463, 535056564, 5268324, 1362449544, 19475692, 5268327, 5268326, 1332786201, 1362391375, 27784332, 1335709515, 1364780564, 89125, 287077, 1299233269, 497037989, 461517747, 439138110, 475774775, 26189480, 453924661, 1393674271, 22822506, 28679460, 1369828, 461521046, 1295212133, 28699005, 454698092, 32320821, 1924496, 26135477, 1351183584, 5326483, 468800, 28457785, 22822602, 1294706, 535093555, 17737799, 2640754, 1366031349, 864892593, 4882895, 19676629, 622847, 28481658, 31168242, 481859544, 404746107, 458711013, 442545, 32857653, 22701033, 19934753, 527573, 607402, 17953719, 28445575, 27853871, 699946, 468882321, 520812801, 460099339, 29534015, 1306448973, 547580245, 28568076, 97342, 525930084, 1337350239, 19934751, 523046025, 455568962, 422429426, 459071553, 866059719, 427017519, 450461372, 461515533, 541844, 4946902, 28679448, 28786024, 428391474, 487864613, 20110046, 484716293, 448126, 28245304, 3954291, 721061, 28679461, 28679453, 28679451, 498372619, 498373298, 498371679, 405377983, 493752060, 757587, 32337165, 523248153, 864473442, 463790, 518896967, 28679438, 507585626, 507585627, 507585635, 507585639, 28482935, 409020696, 1304476581, 5321940, 486194200, 28679440, 3204385, 32320833, 757761, 26131499, 26212426, 4010213, 28679465, 1294691, 1294724, 29713218, 485533647, 757757, 431610359, 36199955, 486194197, 34125092, 502238173, 473742686, 1925200, 18057482, 18057481, 1299550147, 757546, 29137874, 29535895, 853591, 480426470, 1309814583, 28578667, 28226052, 458238812, 4010201, 1116723, 34509603, 28072725, 4064279, 5299077, 2640782, 1116683, 1116693, 1116719, 1369959, 4079122, 441552, 1116688, 18057484, 1645112, 1369832, 1716303, 22712635, 1116698, 1116721, 29391487, 29391498, 2185832, 29391499, 1116725, 2324453, 17117239, 28381573, 1648647, 28226057, 1341831738, 5371075, 22636850, 5302492, 541008, 540531, 540899, 35403113, 150084, 635467, 442458858, 28699006, 4079181, 458238835, 28245308, 1924530, 420602, 28062403, 32046502, 30245042, 36024246, 532802, 26901123, 453185518, 5326431, 31168164, 31514653, 32303027, 28482936, 5331106, 31168186, 31168312, 5346453, 34892888, 437752156, 5268325, 536251, 471986831, 32102186, 1925242, 35416347, 488388701, 411356494, 468626279, 31168237, 1924518, 36953777, 758092, 1237366, 22829926, 28912653, 5392068, 5268323, 20952174, 19781623, 1369934, 1369861, 1369955, 18057493, 3204379, 35747716, 527194549, 5299097, 1337858073, 3572198, 5027088, 5027094, 29404691, 544027483, 32680241, 29404703, 527194536, 544027484, 520459255, 1298591298, 475521, 1307045, 5064939, 28838975, 27876628, 28838912, 1286699, 28097233, 5310505, 443246, 3572190, 26635189, 31370102, 512983678, 441532, 404744109, 554974969, 4346235, 17241428, 408140415, 475563, 19498811, 1645108, 29137868, 1943186, 410654440, 4064255, 4064247, 28411043, 28411059, 778277, 757567, 89089, 5293155, 1236863, 28692588, 413831772, 5321979, 494992638, 440355309, 422429425, 1312176810, 29137870, 139227, 29137871, 139238, 139221, 22663110, 5022593, 22663118, 28679464, 28679445, 28679466, 28679455, 139235, 29137873, 139229, 139232, 29137869, 29137872, 578080, 1300133020, 414706265, 139202, 5334429, 5371821, 1220993, 29819388, 1784227, 541853, 22712639, 482823, 1091088, 864598943, 536239]"
5034150501,温柔治愈★愿你总有不期而遇的温暖,"一定要看歌单指南↓精选极致温柔治愈纯音乐。可放心食用，建议随机播放收获每天的小确幸✨

––––––––––––分类介绍––––––––––––

✨1.欢快小调 <欢快却不嘈杂无鼓点>
「解压 运动 调整心情」

✨2.节奏小调＜有鼓点＞
「解压 温柔 调整心情」

✨3.舒缓小调 <舒缓放松无鼓点>
「刷题 学习 作业 休闲 零食 瑜伽 下午茶 冥想」

✨4.助眠小调 <助眠无鼓点>
「晚间 午休 温柔哄睡」

––––––––––––极致温柔––––––––––––

愿四时平安 万物可爱 万物皆可期待☀️

愿你如 春日 日头出现 光辉烈烈☀️

–––––––––––––––终–––––––––––––––

愿你总有不期而遇的温暖，愿你幸福，愿你一生努力，一生被爱。—2021.7.7","['轻音乐', '治愈', '放松', '轻音乐']","[22688487, 760058, 454435578, 103301, 1463138364, 1319520140, 1487756298, 1378566303, 1483533107, 523660700, 434871406, 1436600583, 1843577172, 1314223132, 1826254048, 1823909341, 1384026889, 1492668093, 468176711, 1352045760, 467744316, 5307932, 1843285799, 26111937, 1824990660, 1478276986, 1816835537, 434902428, 1407389699, 1445299762, 1816490536, 427606780, 1469911254, 1803321138, 1341912654, 1355394867, 1404314180, 1501212520, 1377145337, 1811965944, 1463366813, 1820074977, 1808317463, 1428342331, 1348456770, 1453907054, 1426087185, 22688472, 471589421, 16846084, 1345821920, 1366031349, 1370771358, 757567, 1425586358, 1351183637, 535056564, 1321947842, 22829926, 41664610, 1455273374, 32337030, 1413571582, 1221117, 1357049958, 1991292563, 4200605, 21725725, 1293003, 477982, 439142564, 40021474, 17234626, 22653254, 1418698236, 709380, 478507889, 20110049, 435305771, 3950892, 28160230, 1398014749, 1420218751, 1850504595, 1877526024, 31134627, 578090, 1483741960, 442760, 480353, 28411782, 420602, 4990883, 757761, 1614370, 590619, 29172654, 1383011259, 28838922, 541131, 477913, 465301792, 26908739, 1348688293, 1855221502, 29137871, 408140415, 1452647935, 1428038847, 29498694, 520849195, 454698092, 1428243647, 3552458, 5352904, 408140418, 1356220549, 1351182680, 41462333, 139730, 4877541, 785902, 866059719, 5268323, 19185828, 1452083740, 1382441642, 37132787, 1840372811, 5362099, 183046, 1413374282, 1380556360, 1428542159, 16139398, 26135471, 31134621, 4988618, 28411043, 468800, 22829933, 1401235723, 1873575452]"
8802418437,治愈心灵丨开一间小店 听一些温暖的歌,"别人是会离开的，但你自己一直都在。所以每天好好吃早餐，房问里常备鲜花，偶尔给自己买礼物。生活的秘密不过如此。
那些平静之中留在你生命里的，就是你想要的，也是真正厲于你的。不必多，但要好。","['轻音乐', '治愈', '放松', '轻音乐']","[2077577441, 519870772, 468998937, 2078371054, 499058987, 1925336574, 1302972298, 1988592859, 2020671125, 26401461, 1914485227, 1341188304, 1286699, 427419091, 461515533, 1455273374, 427017519, 442545, 422429425, 1808229490, 28411592, 492390949, 1351183637, 40257799, 427606780, 555422283, 2065179112, 448316625, 760058, 488388722, 557581318, 1424084968, 1379215363, 1456933785, 1450273773, 1352004027, 36308043, 1427725543, 3552454, 526445, 488388726, 479422045, 1387098939, 33166122]"
2758204920,轻音乐 | 心动的旋律㊀,"【珍藏纯音】

我的挚爱，已经分享给你了。

“做一个寡言，
却心有一片海的人。”

“听纯音乐的初衷，
是只为将尘嚣抛掷一边，
静静感受一下这个世界的美好，或许，
我们会遇到很多不幸，
但，失败的背后隐藏着成功，
这些不幸的背后也隐藏着幸运。
或许，我们都应学着静下来感受
这个世界所带来的美好！
希望在我们到达终点时，
我们没有丢失最初的热忱。”

“有些很美的纯音，却被人冷落
有些世俗的音乐，却被人捧高
有些不满999的音乐，很有意义
有些超过10W+的音乐，没有意义
有些音乐，听着听着就凉了
有些音乐，唱着唱着就火了
有些音乐，落下冰冷的大海里默默无声
有些音乐，站在巨人的肩膀上胡作非为
有些音乐是故事
有些音乐是傻事
挚爱纯音”

2018.4.3","['轻音乐', '电子', '流行', '轻音乐']","[1441498700, 1392084470, 1381814494, 1921683713, 1463342798, 522320364, 27770125, 1601704, 557850882, 744376, 26212420, 1390225775, 1384450377, 410654440, 2007819, 22688493, 4078631, 434871406, 421934070, 1926723, 444323667, 29207817, 34468798, 27511133, 444324, 22822547, 440353010, 5101648, 2061452, 20110049, 28718066, 32341772, 528284, 857896, 103301, 5267808, 1614642, 1091088, 444312, 3932159, 19934757, 443242, 34341360, 34341349, 34341351, 29802386, 22829933, 451319227, 20113376, 5308028, 4879342, 430685732, 139774, 19287485, 443521, 165132]"
2103424623,【伤感纯音乐】催泪，勿轻试,,"['伤感', '夜晚', '轻音乐', '轻音乐']","[2056228066, 1899059719, 1883815843, 1842865092, 1427423448, 1812298055, 1836274365, 1844005658, 1843020926, 1896892542, 1496136100, 1407389699, 1447982480, 1874973491, 1334363758, 1416992539, 1421710362, 1427725543, 1412209212, 28699446, 1368929450, 1346387715, 534397180, 2584598, 1807757, 863464857, 139177, 319354, 28762986, 819664, 16494139, 468176711, 28907016, 785902, 22707008, 1817328, 26137944, 535517304, 493950499, 426342468, 491365293, 407450660, 546723298, 527354000, 485856132, 454035505, 495626744, 451319227, 139774, 468645171, 509313150, 5330990, 5293155, 5330992, 5308003, 28853536, 586299, 27534035, 31562026, 41660056, 28535311, 511040995, 491363930, 445844775, 3932159, 444003269, 448900804, 475331474, 801827, 478384, 5370960, 32823994, 28912659, 4990618, 415085696, 28160235, 20110049, 28160230, 31134621, 480353, 786262, 434902428, 5038302, 5330831, 356587, 28160231, 625568, 22829933, 26127163, 31134607, 433107499, 28606052, 578090, 430685732]"
8756275052,寂静星球｜纯粹轻音 悠然美学 寂寥星野,是黑夜带着封缄的密讯，进入了你沉默而古怪的心,"['流行', '轻音乐', '孤独', '轻音乐']","[28072725, 1860578477, 19077283, 27484589, 29406314, 498286033, 473740152, 2640546, 28679453, 36199955, 28245302, 4079181, 1342614840, 410518622, 437480722, 3204379, 500684082, 487680021, 1430360, 522320785, 1221307, 28447219, 26540790, 469249625, 2429720, 27740974, 480613632, 2640850, 458238835, 28699005, 2429825, 22366620, 1063381, 539046125, 17341060, 26243495, 26540787, 1218517, 2640836, 29774804, 19077289, 2640565, 29809369, 37132783, 1924496, 468626279, 1924518, 4064268, 409020677, 4064279, 1931799, 409020696, 28850314, 4010229, 3917917, 20714042, 28273865, 16600423, 2640740, 1002247, 1252288, 1414997, 442458853, 442458858, 442458859, 442458868, 442458869, 442458870, 5090878, 1829395, 28226057, 1002353, 1002276, 34468536, 4346240, 28692661, 419923, 28841792, 18049775, 1808877, 34613844, 1924246, 28240908, 28273860, 28273864, 26502165, 4346235, 34057043, 37820398]"
5067719283,超好听 流行歌曲改编而成的钢琴曲,安静而优雅的旋律，适合安静的时候听。来自一位上了年纪的大叔内科医生。大家若有内科方面的问题需要咨询，可以私信董医生获取免费解答哦。,"['流行', '轻音乐', '安静', '轻音乐']","[101856, 1331623931, 1451300623, 40257926, 5247932, 1378690818, 27902107, 174462, 470293207, 502642860, 1310373560, 480442286, 36117014, 459944978, 5267808, 1451960107, 451191964, 197599, 476205417, 1883997763, 5264688, 31134635, 40257916, 1452433507, 459549985, 465814047, 428390664, 428390666, 1429250568, 27836621, 27836619, 428390681, 1416690352, 418326961, 31066723, 31134613, 1416028091, 1433385512, 1341439580, 1418251897, 1318050752, 1335705760, 1338308263, 1346891725, 1417907315, 1384400446, 1430380259, 428390694, 428390668, 1418260201, 1416262723, 1416245849, 1416071618, 1416262721, 1416261931, 1416243791, 1416243763, 1416072416, 1416072418, 1398534879, 1416072417, 1406015186, 1407096365, 1407096374, 1416014633, 1416015382, 1416015378, 1390970761, 1310373595, 1406279643, 27836622, 500021206, 569192906, 420397305, 31134630, 1394028986, 430787671, 1394096977, 1335803246, 1336741475, 459536716, 481598409, 428390661, 1383923544, 459583720, 1388357084, 1383925359, 1363608231, 1337355023, 1386685779, 1293945068, 1310361916, 1385388013, 1356847009, 571534968, 1378212454, 1374358269, 1377508505, 1315276772, 430787676, 418257164, 555318652, 1363197077, 1325621601, 1353060356, 470322325, 530412216, 1366552724, 463909292, 1364780564, 1362958947, 1377883164, 1342815755, 1341852473, 1337349630, 1346962706, 862309003, 421110801, 568442050, 500598890, 1346889945, 1333779308, 1338706412, 1340272715, 1333779309, 1306899526, 1318053644, 1330686486, 1335709515, 862921811, 525445240, 1305048085, 548554162, 409654818, 464445531, 31134620, 1314690329, 127779, 1315524595, 522749811, 571521911, 1302910002, 556481954, 475824663, 541259816, 1303346561, 552796649, 862202537, 574491384, 1317933864, 570074358, 549781979, 535611367, 454209064, 542476198, 520888569, 572912887, 535609870, 515527133, 31260221, 552912938, 531860665, 526363592, 451178208, 427015279, 41462173, 535608819, 433107684, 424498706, 430685560, 424496693, 444356509, 428387629, 428390561, 197591, 526365474, 508509937, 447646544, 454183375, 454182276, 454211060, 489589025, 472741069, 516216897, 464094484, 512983678, 451194075, 513335304, 862328081, 421885199, 27836630, 89032, 420397868, 488967083, 864368874, 34125820, 430062246, 415807353, 415090639, 478936125, 465753071, 462363945, 458742881, 453924661, 488522051, 487822841, 197626, 197572, 428390660, 428390672, 27836628, 492108875, 489164587, 470292516, 464619766, 489409746, 484999615, 483515581, 483515543, 483515502, 482095429, 481724507, 470293191, 464619680, 464619699, 463114907, 462914288, 454549889, 454549870, 461151653, 452124973, 449870969, 464620388, 502760682, 501329207, 501064940, 497037989, 489589850, 489594129, 454551439, 424498708, 433107689, 411259048, 427015168, 482029454, 501918528, 504400703, 89091, 423104923, 421870091, 421137559, 463114920, 206713, 863096848, 447185276, 864643315, 413830191, 422428452, 451070286, 451194230, 451425457, 451427046, 470320896, 468403475, 468403593, 451425355, 482909617, 483110472, 472537879, 451170173, 473782031, 434070882, 36897723, 421110780, 411988743, 413392199, 415090425, 415085073, 411259891, 40257952, 41500101, 41500098, 27902103, 89137, 41500114, 41500108, 41500104, 404460650, 41634363, 27836625, 27836623, 89077, 31048423, 31048359, 31066448, 451066372, 31066535, 31081019, 31081064, 31134605, 31134606, 31134609, 31134610, 31134615, 31134618, 31134621, 31134623, 31134628, 31134633, 31066541, 31066529, 31081025, 31066469, 31134611, 31134629, 31134607, 31081030, 31081044, 31134608, 31081015, 27836620, 27836624, 409649086, 41640182, 407764465, 407764471, 41500103, 41500102]"
380871484,『助眠纯音』极致静美，安详入梦,"都市纷乱复杂的快节奏，带来长期慢性疲劳和精神紧张。
本歌单旋律轻柔、乐音委婉，营造特别的安然气氛，帮助失眠者克服不利于睡眠的因素，是提升睡眠质量的最佳音疗选择。

","['轻音乐', 'New Age', '安静', '轻音乐']","[28445798, 22676839, 577879, 4946902, 28481826, 29106885, 29848757, 32823793, 29586027, 32857643, 28481646, 532802, 27571806, 1645108, 425008278, 27488647, 4010229, 22816429, 22822602, 22829926, 26243936, 603952, 22722861, 578090, 5193299, 2062603, 32640779, 28445796, 501867, 1614278, 1934083, 22829933, 28699443, 2424859]"
8748450070,轻音治愈 | 日落承载晚风和浪漫,"早上上班看运气，起得早慢悠悠，起得迟急匆匆。听听轻音清醒清醒吧!
播放全部收藏更多
","['轻音乐', '夜晚', '散步', '轻音乐']","[1422399476, 2063718207, 494858498, 18931078, 1413374282, 36953776, 39227633, 1427725543, 1384026889, 529824983, 474484015, 1848630191, 1880562045, 1821787672, 1930584962, 535056564, 1423764350, 1909414208, 29535887, 1463366813, 1457681678, 1451971579, 40249973, 1821390815, 1354451973, 515788042, 520126220, 29137871, 28699005, 471986831, 1442191755, 18057484, 1806540575, 1395381349, 1401353332, 1311864778, 1440588145, 1458184212, 28273864, 1865240766, 17241428, 3204385, 2640782]"
