8874824850,林耕佑，郑敬儒和文艺片,"2023年的冬天，与2022年一样漫长。在这个漫长的季节里，我活着短暂的一生。
又是一个失眠夜，希望能少些，胡思乱想吧。","['夜晚', '孤独', '酒吧', '酒吧']","[449677255, 1966593489, 2044211206, 1921870401, 2061686380, 297969, 1937146069, 1993555716, 2026259394, 1991671300, 2069139950, 2081013258, 2057270221, 1991128040, 2091388038, 411315634, 2056284313, 1989610466, 1989246810, 2049608737, 1989634844]"
5049893630,土嗨神曲 ♪ 车载抖腿~提神醒脑,听最嗨的歌 开最快的车 住最好的医院 打最贵的石膏 玩最炫的轮椅 睡最好的棺材 挖最深的坑 埋最好的土 烧最厚的纸 长最高的坟头草。,"['驾车', '酒吧', '兴奋', '酒吧']","[1872318630, 1847112677, 1357785909, 1474157407, 1399706232, 1485220909, 1437030804, 1467373355, 1399156635, 1437204306, 1395189061, 1428534431, 1433498790, 1399705341, 1416416427, 1371258414, 1350517771, 1377530437, 1397288794, 1398452463, 1397513503, 1399706233, 1399837875, 1353745355, 1365401062, 1353288660, 1361270584, 1340128424, 1371056767, 451521293, 1335107272, 459068807, 864639243, 1359156131, 435307398, 1306908061, 1325634817, 1298376316, 1305183372, 404459886, 442518206, 427017685, 35032232, 41500234, 36897440, 451521140, 562597324, 5232822, 544836294, 562727012, 469613898, 35032223, 2873679, 520460051, 34775342, 34183068, 445845230, 25889217, 28953651, 432464011, 436147765, 34773075, 1400376395, 1399112265, 1454386087, 1410635261, 1387418447, 1385408331, 1398514018, 1386946546, 1401435344, 1415382837, 1403221990, 1392986530, 1397513510, 1412248805, 1399112663, 1390213552, 1420908558, 1370933087, 1373553416, 1401460654, 1398843537, 1403501535, 1349028677, 1393983638, 1401909293, 1401905777, 1401434038, 1401434036, 1401433235, 1401434039, 1368324900, 28362056, 1397021895, 413074398, 410715470, 1320544645, 1384356831, 1396223163, 1396564667, 1395808061, 1369576999, 1432180644, 451372123, 1309635754, 1401460648, 1358934778, 1391471589, 1399837896, 1386946646, 1386946638, 1392986529, 1401710635, 522510202, 1431636454, 554027878, 1390151947, 1415453081, 1396564877, 1361975987, 1368327788, 1415446154, 546723063, 1368001385, 1396568386, 1386949334, 1385929681, 1375512782, 1399694814, 1396186820, 1398622352, 1411994881, 1424258741, 1401707672, 1385408332, 1403501534, 1302953359, 1404904558, 1356109538, 1380294757, 1386946637, 1387591269, 1413156651, 1409136775, 1399697984, 33922164, 448317040, 1296550835]"
2944181038,（中文车载DJ）不怕新歌有多潮就怕老歌带DJ,摇就完事了,"['流行', '酒吧', '驾车', '酒吧']","[2048969894, 1996896352, 1941118380, 1454443152, 2023942564, 445153436, 404459886, 1361270584, 1446241549, 1979288099, 1939141537, 1982523817, 1970517260, 1984357232, 1993366853, 1957747946, 2018288933, 2021695201, 1851100365, 1933614856, 1922155364, 1927476546, 1441048750, 1928277018, 1966522198, 1898756473, 1939641688, 1977612625, 1970076801, 1369285767, 1952515298, 1952429492, 1826015875, 1491556957, 1896651786, 1831476765, 1914149649, 1923294576, 184652, 412519570, 41500234, 41500236, 1830702468, 1830749806, 1884255722, 1893308058, 1877435148, 1892775762, 1831435917, 1341960210, 1449176306, 1493894658, 1499114481, 1437996778, 1485466057, 1399706233, 1399705341, 1386701957, 1413156651, 1391209374, 1436760610, 1811132941, 1499892276, 1441841007, 1436422972, 1449560408, 1480070624, 1438821588, 1393638591, 1471064193, 1351664561, 1466242414, 1329372855, 1442466164, 1393638594, 1443765633, 1312645501, 1412897599, 1412212796, 1371258414, 1433498790, 1394183939, 1435291547, 1336526373, 1385757429, 459067922, 1357278354, 1368327788, 1412223905, 1353288660, 41462396, 1334276631, 1382549144, 544836294, 445845230, 1294572031, 1332577084, 439142409, 1318487480, 1335252112, 1335379784, 1312836830, 1335251582, 1360714051, 1333700745, 27901092, 1353910466, 1367465035, 314779, 5232822, 561876350, 460017536, 1315236328, 1380412735, 459069298, 34381835, 1368327803, 1386151345, 1355487077, 1333705578, 1341924632, 1384526779, 1350149178, 1360714068, 1313902625, 1334717237, 1340128424, 459068807, 556207199]"
8825953894,酒吧前奏后场（微熏必备）,在用生命蹦迪的年纪 千万别说你只喝绿茶,"['电子', '酒吧', '快乐', '酒吧']","[2052405677, 1961424750, 1904024362, 2068495672, 1885213813, 2006205521, 1963716429, 1959757577, 2092584938, 2052949751, 2040404239, 2061434869, 2078490351, 2055888702, 2043168708, 1851188093, 1859172049, 1859172048, 1859453929, 1807359159, 1475830816, 862148867, 1449654244, 2007385004, 2004584150, 1851393312, 2057987964, 2058131341]"
549916138,欢迎来到Vallhalla,"是时候调制饮料 改变人生了

我能为您上点什么","['酒吧', '放松', '游戏', '酒吧']","[1349927601, 1349927607, 1349929271, 1349927611, 1349927614, 1349929273, 1349927606, 1349929265, 1349929275, 1349927612, 1349927603, 1349927602, 1349929267, 1349927615, 1349927610, 1349929268, 1349927609, 1349927613, 1349929266, 1349927604, 1349929274, 1349929272, 1349929270, 1349927605, 1349927608, 1349929697, 1349932421, 1349929717, 1349929718, 1349932444, 1349929704, 1349929706, 1349929705, 1349932441, 1349932462, 1349932416, 1349932367, 1349932369, 1349929672, 1349932422, 1349932418, 1349932445, 1349932368, 1349929696, 1349932461, 1349929712, 1349929707, 1349932386, 1349932419, 1349932420, 1349932443, 1349929719, 1349935193, 1349935227, 1349937455, 1349935235, 1349937365, 1349935202, 1349935240, 1349937456, 1349935228, 1349937457, 1349935238, 1349935268, 1349937454, 1349937453, 1349937451, 1349935216, 1349935239, 1349935236, 1349935252, 1349935237, 1349935267, 1349935192, 1349937484, 441491893, 441491892, 441491891, 441491890, 441491889, 441491888, 441491886, 441491885, 441491884, 441491883, 441491882, 441491881, 441491880, 441491878, 441491895, 441491914, 441491913, 441491911, 441491910, 441491909, 441491908, 441491907, 441491906, 441491905, 441491904, 441491903, 441491902, 441491901, 441491898, 441491897, 441491877, 441489948, 441489927, 441489926, 441489925, 441489924, 441489923, 441489922, 441489921, 441489920, 441489919, 441489918, 441489917, 441489916, 441489915, 441489914, 441489913, 441489912, 441489911, 441489928, 441489929, 441489947, 441489946, 441489945, 441489942, 441489941, 441489940, 441489939, 441489938, 441489937, 441489935, 441489934, 441489933, 441489932, 441489930, 441489910]"
2798999868,2022酒吧工体日常歌单-Jump up -嗨到天亮,摇头不迷路,"['欧美', 'Bossa Nova', '酒吧', '酒吧']","[1487564236, 1810264325, 506610418, 1814457652, 1851188093, 2045194409, 39443463, 1858674349, 488359748, 1492755441, 1813364045, 1377830798, 521417857, 1452530290, 1810187929, 1490558117, 1853066886, 1494527798, 557584485, 491277010, 1817052111, 34892203, 1894328148, 512834478, 1902022583, 1335350266, 1861946303, 33051903, 1979146957, 1501587268, 1806361420, 1919347736, 865868057, 399366200, 28747134, 405599094, 523249067, 1855961011, 1812112147, 1814915363, 409031328, 405372109, 1857038952, 1936342401, 30212373, 1927666223, 30474550, 1374044628, 1879680138, 1326987219, 1433121692, 1874404426, 1841548050, 1475871197, 1929311519, 1351271630, 470996986, 1814505448, 1348816112, 1823356122, 1496199618, 1842561393, 1430090611, 1904424859, 1839138409, 1808453285, 1822880871, 1840355001, 1852277649, 500858310, 1822880065, 1449369065, 1446637483, 1294166184, 1843875153, 1835347142, 1891769616, 1850028848, 1358277007, 1438333434, 1421613771, 524461994, 509726140, 1808615616, 1870879319, 1847081686, 1462715443, 1870406824, 1481848627, 32358948, 1838776474, 1809852319, 544808832, 37240360, 1379959218, 1843319489, 1297841, 1397573144, 1318531024, 31789010, 541534367, 534670763, 1410579548, 1483672581, 1452479008, 1821027880, 29497334, 1451252258, 29593662, 538509082, 34614763, 426009041, 866117225, 33955935, 506326329, 28461771, 1295493663, 1487246612, 1407880738, 399410672, 1399694841, 1470365074, 1409062293, 1458181174, 1379959210, 549800595, 550297837, 28120657, 1322134423, 1393315856, 489770397, 1395041190, 1323821920, 1398880002, 1423030096, 1417126178, 1446769897, 1362603770, 409941528, 1406067418, 561075247, 571059901, 33307539, 1487528112, 31517427, 493283657, 1339221426, 1350656778, 1364530152, 555974147, 1369930486, 467595255, 1384296696, 410519492, 421423251, 412911838, 34916927, 1322313549, 524300631, 1429105869, 438803460, 509531925, 462997816, 1396599845, 1383992461, 1466823955, 411314055, 1397803392, 1402686725, 434974226, 531051600, 1424134646, 537854251, 1413368277, 453268024, 1418889482, 553933113, 1423067814, 548823382, 1448658697, 507794753, 445844720, 1398309529, 1360018469, 1458156468, 1449539187, 1436359941, 1439793509, 1386505715, 33728276, 475072054, 1449654244, 1415209829, 1351448140, 28734045, 456175022, 548101912, 409031047, 1343512099, 498440265, 493394429, 1333186383, 419837717, 546722490, 862731506, 27704582, 1334059163, 1347653953, 28473348, 552254864, 535029678, 862881959, 503958486, 1394731586, 1367303646, 31081097, 408332215, 572513381, 553764951, 535147191, 464373438, 1325071476, 473742924, 1365419622, 501220676, 486814490, 486837107, 452804131, 546723063, 415090632, 417859039, 1368324900, 1347214184, 539980206, 1345674839, 864417970, 1382078069, 417250045, 437859387, 1360018468, 865749777, 1297799895, 1318827940, 1397021895, 401246013, 1335033369, 27714206, 34532176, 1306496090, 496871009, 1352897394, 541364972, 477936681, 456381024, 1378387388, 473940881, 463842536, 565202998, 526099041, 555430256, 864804414, 534541185, 546488667, 1314751313, 543006228, 1325125720, 1323631439, 487387212]"
8875748570,▎INFP ▎城市冰雨，微醺旋律,"在这个冰雨覆盖的城市里，微醺旋律穿梭于寒冷的街头巷尾。这个歌单是对都市生活的一次音乐探索，融合Jazz-HipHop，R&B,city pop，纯音乐等多种风格，呈现了一系列富有层次和情感的音乐旋律。琴韵回荡，如同城市的霓虹灯光，映照出生活的复杂和美丽。从冷漠的城市景象到微醺的心境，这些曲目将带您穿越繁华喧嚣，感受音符的温度。让城市冰雨中的微醺旋律，成为您独特而深沉的音乐体验。","['R&B/Soul', '酒吧', '孤独', '酒吧']","[1364370190, 1407950973, 642460, 41666481, 1403699842, 32405920, 29732275, 41666485, 1430425278, 303365, 1333341557, 33984675, 4291796, 18828737, 1358088603, 479422172, 1442431916, 299514, 33367534, 26243170, 1324066307, 1830664231, 1365898307, 26165963, 1459128908, 454224236, 1894245282, 1813036755, 1394155884, 571175220, 4102785, 483378334, 463001178, 22663832, 424995410, 26381906, 427142034, 22782651, 1431946612]"
388146269,暴露年龄的土嗨系列、全英文DJ Remix,网易云能找到不容易，每一首都是10年前自己的最爱。还记得那些年的广州花都活力城 ，凤舞九天，深圳838，DJkk，DJ波仔。。。。。,"['欧美', '舞曲', '酒吧', '酒吧']","[28493985, 27951575, 401382297, 29715156, 27074779, 408307526, 408307524, 23598846, 408250680, 27946948, 408250706, 421885263, 27557628, 27043104, 27043098, 27043096, 27043092, 27043090, 27043087, 27043083, 27043108, 30590645, 30590652, 28678883, 5171416, 30590616, 28820112, 1414841, 3417073, 3417060, 4127876, 26633710, 26633721, 26633735, 27946929, 27901175, 27876986, 4346391, 3950924, 17792411, 27109103, 17058031, 5103212, 27946796, 34880251, 27946938, 27901134, 27946949, 27955231, 5188665, 27949067, 26633759, 26633753, 26633751, 26633750, 26633749, 26633739, 26633732, 26633724, 26633713, 5188687, 26846140, 19562004, 4083619, 18098592, 3417069, 3416986, 1340892, 5193628, 33314155, 27890932]"
6879499947,House rap（摇就完了）,感谢大家支持 此歌单持续更新,"['酒吧', '兴奋', '说唱', '酒吧']","[2064506679, 2063662149, 2045402137, 2047010221, 2046226039, 2040599560, 1976547329, 2020321833, 2026224205, 2026224203, 1995502655, 1470877549, 1981595940, 1972407483, 1972409215, 1972409195, 1972407465, 1972407462, 1972395435, 1923188036, 1976840919, 1942614188, 1953816264, 1942642603, 1939138574, 1491303742, 1896571062, 1459038548, 1461418000, 1908487538, 1898745893, 1417673385, 1419079632, 1459156599, 1346713177, 1485304262, 1831454051, 1868183776, 1876654302, 1476185665, 1854544330, 1450718554, 1451169489, 1850219404, 1474861444, 1418357544, 545350059, 1390072974]"
7598873801,『收藏』Hip-Hop 瞬间内心翻起波澜,Hip-Hop风节奏感带动全身神经，好好感受这种感觉吧！,"['说唱', '欧美', '酒吧', '酒吧']","[1351702312, 1412469551, 1309728506, 1412468947, 28482391, 474791885, 516320081, 1331064067, 549320263, 1430553559, 476598932, 473964294, 533392780, 1830300406, 1401302506, 1466523553, 1451589990, 1447311477, 1373340822, 1430531174, 1852234574, 571854265, 473964560, 1377304534, 1397226690, 1458646350, 1443013532, 1838776441, 1484759462, 1354527707, 447079586, 1463774251, 453268655, 1465500717, 1460776912, 1461875960, 1479562506, 513044388, 1378371552, 540865840, 1397620019, 1397613451, 1404651686, 475207058, 1424197833]"
7051009378,夜店风 | 韩国Bounce 越南VinaHouse,Bounce/VinaHouse 最全夜店江南风,"['舞曲', '酒吧', '快乐', '酒吧']",[]
79124926,【英国夜店精选】周末家里High起来,"甄选英国夜店NightClub Music，包括电音、DeepHouse、摇滚、Pop、桑巴舞曲等 持续更新, 如果你也喜欢, 那就马上加入收藏, 现在就High起来！","['酒吧', '舞曲', '欧美', '酒吧']","[2063757843, 1817133337, 1812112147, 1806127919, 1813978439, 1406273234, 1476079713, 486219079, 1462773453, 3407159, 500410102, 1391251513, 1424955092, 553941843, 1390390112, 33358004, 518896605, 516654116, 1374061239, 1366775011, 557274978, 406072775, 26233082, 418602088, 1409425242, 1393008523, 1390313374, 574304194, 552145020, 1332722033, 1356223326, 28598118, 1343454593, 445666806, 426493465, 1324088624, 499222719, 409181575, 1309262768, 1309264108, 484365338, 445666246, 1298797871, 515816187, 541687772, 33579017, 36587647, 399343795, 552084318, 523671051, 549800783, 442562907, 412785191, 27845437, 427542416, 521558853, 482988102, 508989537, 28443150, 3432381, 36605857, 487753742, 458238093, 488953716, 28573628, 467344119, 404184362, 24777928, 27043636, 484314332, 484716978, 28923332, 481537678, 481630427, 35307062, 479198379, 465920775, 20554026, 467952465, 463081289, 461518953, 458697808, 472361096, 460298237, 449824663, 31273679, 467692996, 451703096, 439076364, 439047211, 20553785, 411907124, 412902094, 19567986, 431695194, 29460065, 445666559, 445845072, 33367859, 417859611, 441491066, 418602111, 437909145, 436487056, 419485264, 425298057, 444324153, 430114453, 441491712, 27164028, 22607859, 29021802, 421203680, 28923901, 5110741, 34690249, 5131595, 30064263, 34274429, 26438707, 28077398, 417243910, 26472903, 41631926, 411236594, 20553838, 420922950, 432698444, 29592053, 27395526, 430297325, 412951708, 28852641, 423227295, 27211838, 31806496, 408277809, 403710388, 418603082, 409916250, 33085046, 28432135, 28695685, 423228325, 419646988, 422132237, 423314487, 409031711, 415904450, 28671688, 419250128, 37993252, 402070862, 405089420, 404276447, 26366307, 34722449, 16411988, 33486135, 30590811, 412785159, 36307789, 407000483, 410802190, 30474546, 24912412, 39224884, 35539137, 411314681, 402431988, 409031076, 402668045, 29572501, 33223655, 30706209, 36734673, 17259895, 33599620, 27770610, 21799154, 405080007, 37115900, 26625597, 18614254, 4226232, 28059264, 36990266, 28694864, 34077706, 35847559, 31168421, 31704047, 19196451, 31517427, 400876358, 34228719, 30903239, 399511913, 30830919, 28738227, 32785200, 28443230, 36664750, 23245803, 36731191, 38679667, 29809963, 29436939, 28786057, 27630615, 26496942, 36990578, 32299821, 28930168, 28416935, 35253632, 26618551, 28041963, 37955131, 37240903, 31719088, 29747517, 399354433, 36199582, 35283132, 32102384, 31827952, 33248874, 29476782, 31301088, 28640158, 27607217, 33024146, 32451694, 28174944, 32320175, 35618599, 34586518, 35737692, 35955946, 36067028, 26334154, 4128666, 35345184, 33916256, 29460466, 21264133, 34280921, 35448924, 33705488, 32063903, 32196314, 24309705, 25674380, 28639839, 5106486, 27202342, 29553975, 32477438, 32835849, 29836692, 29771432, 28461430, 29307038, 28747134, 29593662, 28754298, 28702080, 31527580, 32196550, 32823800, 29593105, 29382788, 28850212, 1869271, 29561039, 30212890, 30798545, 28302225, 30854130, 28949345, 3313334, 26231732, 1143278, 27713940, 28306798, 28571467, 29771146, 29722263, 29129632, 25706382, 29561077, 24051365, 29460066, 28359082, 28095742, 29378212, 30903196, 26180793, 22978649, 19196450]"
2714468101,车载DJ/记得好好爱自己.,中文DJ 车载持续更新｜始终不明白没有结果的人为什么要相遇.,"['欧美', '驾车', '酒吧', '酒吧']","[2006186340, 1830730206, 1977421269, 2063530271, 1993675690, 2090225610, 2015499286, 1895871919, 1951273698, 1988347728, 1953405033, 1988103179, 2099683749, 2090855477, 2083565827, 2093599055, 2097432657, 1996909693, 1897256092, 2096457716, 2043168708, 1995874408, 1969804979, 1973051222, 1993080984, 1957292147, 2001552365, 2017510173, 1955954251, 2029091923, 1967684420, 1931210157, 2011947990, 2011258793, 1992442362, 2057590289, 1940637673, 2040068689, 2031625009, 2071790486, 1978034722, 2060939196, 2030064135, 2027640152, 1929014968, 2038935289, 1857154355, 2015047009, 2055176977, 2011374192, 2045140962, 1924454277, 1356658022, 2047985543, 2040871555, 1862507836, 1989845851, 2031698276, 1959619410, 1815725297, 1991806163, 1493333482, 1992027518, 18228464, 2025482493, 1830775773, 521416693, 2000179232, 2008585099, 1995673566, 1988163085, 1985112078, 1919684213, 1890128737, 1992859765, 1948643297, 1909563226, 458231428, 1951069525, 458238609, 1963132367, 16957723, 1896502024, 2003336381, 1990198864, 1969098089, 1995750306, 1867023326, 1998880941, 1951533067, 1834356697, 1329938686, 31654490, 1313584359, 1402801982, 1930107573, 1958934123, 1967998969, 1943507966, 1856270902, 1884668957, 1869031258, 1435828582, 1897255962, 1861101583, 29498727, 544056373, 1878429485, 1353531132, 1924995800, 26296227, 1913533235, 1472999659, 1895439853, 1428894593, 1901238237, 1317592682, 28411642, 1372188635, 1893483243, 1391281655, 1838081036, 1929311519, 1459232593, 1325973356, 1293913379, 1435797580, 1911908568, 1859982992, 1829059571, 1413491975, 1461637595, 1493816591, 512640295, 1401522756, 1496770948, 1350601781, 30212221, 1456677611, 1335330283, 1829060327, 1868108285, 28160720, 1828197974, 1854365608, 1497360131, 1808388545, 1830799856, 1859245776, 523003357, 566295511, 39443927, 1849849486, 1407640126, 1398309529, 1438009730, 33538897, 1489666363, 1454644626, 480426313, 35617718, 4172700, 1464325108, 407699604, 1468590757, 1843319489, 1839768421, 1449935588, 17939827, 25975566, 405089094, 475264037, 31477895, 525285106, 519367069, 1378697371, 1452654249, 1449539187, 33522489, 1836124865, 1819417062, 1373577001, 1413623471, 28838835, 1385763267, 1824903243, 1489648209, 1368945415, 1491893431, 1425886590, 26342437, 1459793953, 1466215198, 1436266173, 1343454593, 1396304601, 28593175, 505668158, 1397021895, 543943676, 33522511, 495311013, 1365398014, 1320071850, 421423245, 1342566625, 560770305, 35331935, 22778416, 1329745252, 487379597, 1294843245, 546488667, 1323631439, 1356511474, 1328910929, 1340196417, 442562229, 538470558, 405226741, 1303019503, 509728804, 558550631, 404716896, 862731506, 1321451531, 417250672, 469699314, 555004907, 543006228, 488256357, 1336856186, 406730982, 1309262308, 407007703, 1335033369, 573233948, 467394056, 546458084, 520928254, 1309496106, 496871009, 1318827940, 486837300, 443292138, 27714206, 472219715, 487387216, 497616880, 493551152, 458711387, 34532176, 452814467]"
2471243241,布鲁斯.蓝调爵士乐,蓝调，老牌摇滚布鲁斯,"['蓝调', '酒吧', '放松', '酒吧']","[490963279, 1162753, 2188349, 21152976, 27215122, 1306401, 26961953, 1958224509, 560543642, 1431093013, 26740183, 27756752, 27949589, 3879500, 1334366, 26988741, 434981618, 1194728, 16813214, 509781617, 509781605, 570553700, 1090113, 1870796, 2431244, 2777630, 1696925, 5187410, 27011766, 432457258, 1466588552, 28155407, 1300712094, 1430963393, 1150018, 31062984, 27456150, 26763661, 1347541675, 21013129, 2902715, 21935963, 472789999, 17239795, 5218499, 3602400, 1387914020, 1937070, 2203397, 1499310564, 862392325, 5057892, 1847878443, 1396336888, 1841182759, 1451301389, 1384095, 551577956, 1346640277, 17514526, 458496129, 5057818, 195281, 26923371, 18774561, 562405843, 1294769335, 5153671, 3085303, 3961490, 479343384, 420480903, 20849874, 1301802, 17513572, 18317676, 21355933, 473602850, 2195534, 27863687, 5041862, 1305016160, 406271002, 441489378, 27756736, 27044369, 16782924, 21674910, 18961921, 26675801, 18320441, 2421028, 21635547, 27697414, 1787862, 1142443, 18615294, 29388973, 1375888667, 18214772, 5055675, 1938277, 4878292, 16491295, 17078846, 16942880, 5103420, 561133017, 2319813, 1360101, 28728996, 1674192, 21000386, 28164561, 41658280, 2207037, 22077317, 20998002, 2762229, 989371, 18212778, 28377346, 5139826, 2865411, 2865408, 2865424, 16942867, 27756753, 3880720, 1338846282, 21615771, 1868486, 521731469, 519342278, 521731473, 22078171, 28455013, 421807497, 29415965, 29418950, 29415953, 5120817, 28413830, 3879508, 26837670, 452608422, 29415950, 26936976, 16873556, 463001178, 1776238, 28341216, 3648784, 18059829, 17104394, 5172910, 27686631, 1087292, 3952752, 26399296, 26762279, 16660836, 21615671, 28680438, 26470542, 28280555, 17950342, 16660840, 21234398, 26598987, 16942877, 31789305, 18643748, 20954450, 17318076, 5159455, 2594596, 1384671, 28864234, 473602859, 29599569, 17146678, 1701102, 473602855, 22080575, 22078173, 1098827, 20954632]"
504431035,要的就是这感觉❌蓝调酒吧❗,"要的就是这感觉❌蓝调酒吧❗

人生不应该是一场物质的盛宴，而应该是一次灵魂的修炼。用不了多久你再也懒得去把自己喜欢的歌介绍给别人听！放着这些歌，坐在地下酒窖暗暗地色彩灯光下，摇晃着红酒杯，看着水晶杯里沿着内壁慢慢往下流的红酒，像是天使的眼泪……那感觉，你不懂❤","['蓝调', '酒吧', '浪漫', '酒吧']","[28280555, 16644118, 17746174, 18961921, 26641661, 404166555, 18961980, 1925234, 18643651, 19291485, 1744793, 17075950, 16660836, 1359823, 2808120, 2037741, 18673196, 16942867, 22482555, 3234007, 1890531, 21635547, 18533521, 16660840, 18184352, 21224431, 3424963, 3747113, 17416985, 27047031, 21793929, 17075943, 28279354, 2851093, 31789305, 17950342, 19077136, 26598987, 4378118, 16660834, 28280550, 18214724, 5183847, 3863368]"
372077780,【千篇一律不厌其烦】DeepHouse深邃之美,本无意与众不同，怎奈何品位出众,"['电子', '酒吧', '舞曲', '酒吧']","[1851577056, 1361838342, 1357927146, 1903281001, 1422634614, 1444322507, 445144563, 554909153, 1327681896, 1872152016, 1297773823, 34228273, 1468921898, 1484982315, 30148372, 34364366, 508177456, 1490789915, 544479984, 1302168985, 1443244007, 1474535141, 1419876362, 1302168986, 1411718848, 1461049408, 505807103, 506170726, 35617718, 477332816, 535142586, 1379931671, 417859523, 1296860072, 1391234038, 865309738, 543741899, 1314487514, 1381717995, 1386505494, 400690290, 406086791, 439915341, 507856231, 541687772, 1404954562, 1415849199, 1393789519, 491686787, 441491208, 448520282, 468877990, 503206433, 405485702, 32639453, 1386988788, 1377289570, 558356370, 508407689, 1356657763, 1385125103, 536128597, 480427357, 1370162678, 1394501096, 488256357, 1393224508, 1353414217, 1379034534, 427142579, 1325897262, 492014019, 526468423, 538836528, 1352279782, 862763655, 1381473507, 1379998940, 1379813924, 1325356977, 546864290, 1368181721, 501266889, 1348598758, 499789372, 1295837553, 545966400, 1331996746, 538955681, 1349198586, 507081434, 501798884, 543006228, 480426459, 536711346, 485607248, 546722490, 1296067267, 553762288, 26621243, 862417811, 562007484, 427542261, 472219715, 546458084, 1323967761, 472821147, 1335001495, 483809895, 458238631, 436305367, 1325125720, 462523430, 486837494, 1325898542, 435665268, 546686232, 506569058, 458238596, 505207871, 493408022, 422419902, 535434809, 522444237, 400690202, 573428766, 523001049, 411921067, 451521612, 571974404, 1325896666, 507906161, 1321480786, 528272294, 511214787, 553764951, 488649958, 1334059163, 529814986, 526468826, 506977968, 499876621, 402073582, 458507255, 458231709, 465921225, 534539202, 504186992, 507866480, 28651259, 441489215, 1322990685, 454966248, 441489216, 528270554, 1294641425, 1311616171, 470759584, 417250672, 464674986, 459062906, 500282677, 501778106, 499768484, 508014467, 33332992, 499789367, 506586028, 35443148, 1332721267, 407862825, 508410560, 508342413, 417833611, 485612218, 406737812, 487003153, 541635246, 451113381, 487003072, 567183978, 27942950, 35443009, 1309496106, 491955101, 488611386, 529814427, 34532176, 28115742, 529824411, 528270567, 431853775, 543927569, 420069044, 529834398, 539240712, 524270865, 519111223, 501214040, 427542187, 531842654, 32640251, 459733825, 514765104, 519112175, 556832728, 504312403, 28876192, 518896909, 414938676, 573233948, 476324541, 486837145, 493551152, 464674726, 479029412, 422094684, 458711387, 35345031, 456381024, 425137975, 26745462, 409647998, 437752704, 469272841, 31370592, 35314089, 28543993, 410518078, 431610281, 451981209, 506092958, 29822770, 33394356, 448707084, 29564556, 463268246, 451701018, 416700960, 487379080, 28382481, 406730982, 402843123, 28975820, 29807564, 417250186, 458711465, 438466473, 476324907, 458496375, 504501945, 427542188, 546582225, 459733269, 486999237, 516765174, 456381023, 427139659, 435552610, 448316067, 443277286, 409646404, 28673350, 458995957, 34033274, 431853270, 416385572, 491955257, 411921893, 27772096, 466333576, 504017347, 439137129, 28745945, 448672999, 35447639, 36924105, 432821776, 33486106, 33314033, 427595196, 404783592, 27587296, 411907426, 36924485, 441489289, 27991924, 403711245, 420500475, 412911784, 28154885, 458496599, 32209158, 35331832, 32035599, 428591658, 33544190, 456175873, 28170923, 34923092, 30212159, 461518866, 421423800, 446875547, 437859387, 28383551, 447925185, 451981574, 29540122, 407450207, 29600805, 41631512, 33692905, 407450336, 427595526, 28013207, 405485701, 422419011, 29493924, 26259203, 36586455, 41667573, 41647009, 28677729, 409931883, 32544347, 35331822, 427595529, 26301139, 26154799, 36668154, 35448742, 28621429, 27672266, 30212340, 32432599, 400074050, 36921761, 32432598, 28777443, 427542063, 28261298, 400689186, 35443144, 35443143, 34690580, 31719354, 403710248, 29563737, 39227081, 38392583, 400291010, 35448722, 32432608, 32432606, 32432607, 33541927, 39227534, 33291690, 33291686, 32432008, 39224583, 5218078, 2591686]"
8769504176,飙车党的激情 | 跟着节奏飞速行驶,网络搜集目前最潮流最律动歌曲。开车让你有种飙车的感觉 此歌单比较乱一点。因为自己喜欢的不同风格都会加入进来。喜欢听纯电音的可以看下面的歌单。,"['电子', '驾车', '酒吧', '酒吧']","[1350068282, 1483338247, 2101590045, 2068275478, 1979371307, 1909776265, 1398761905, 1422367923, 1890251978, 2086876464, 2093397128, 1499394992, 2094684203, 1389189221, 1810095126, 1314900127, 1989846276, 1959968400, 2057031639, 1901683493, 1867027490, 2030353604, 1844653457, 2084513135, 2085520377, 2085520556, 2083595394, 2041149714, 2042198235, 1480785929, 2003164607, 2039241541, 1861253631, 1861468388, 2036122673, 2036122754, 2037218116, 2033917326, 2033268532, 565307842, 1938018403, 440411818, 1464917586, 1336866078, 2035230505, 399367483, 2032860273, 2033273011, 2033180807, 1808696157, 1809378999, 2032835354, 2029108094, 2030088161, 27523334, 417595254, 1488931093, 432506398, 1833120337, 1408329447, 2030009715, 1411916059, 1812306206, 1497491436, 1456677611, 1985097144, 1814151144, 1814569102, 2024444462, 1842614137, 1848583642, 1820314802, 1810834564, 1461150974, 1971928293, 1899448839, 2020599004, 2022745426, 2022745315, 2022288004, 2013199364, 2013196566, 1404378881, 2016156236, 1890366514, 1497521868, 1497523777, 1417855727, 2021525513, 1818028136, 2014028823, 2012213618, 2012290137, 2016832636, 2020780529, 2021297298, 567453626, 2018814183, 506726178, 1875402308, 2019087464, 1992107987, 1398894495, 1446710546, 2010446940, 2011581666, 19098254, 1421393949, 2015749068, 1946921610, 2008602426, 1808870330, 1808685622, 1809393526, 1808512692, 459954421, 543067802, 2011456007, 2009710602, 2009711436, 2011556683, 2010631002, 2009808116, 1849941422, 1996319757, 1992556827, 16336779, 1501587268, 2008964635, 2003461208, 1971291768, 1874895765, 493283297, 1320544645, 1426233344, 1968137699, 2005746871, 2005976415, 1491388168, 1359694143, 2004857142, 1347541716, 1882889137, 1356284746, 1882651497, 473964502, 525239062, 1931768048, 1356285325, 33035611, 1883632847, 1463024237, 1448355588, 2002799033, 1994491579, 1889879084, 1992371073, 1832551032, 2003764789, 2002933627, 1425542860, 1348770762, 2002798000, 1400440186, 1833987902, 1298747090, 1842677540, 1946966820, 476324874, 1318471110, 425828105, 1322694360, 1987567924, 1963541745, 1960689442, 1959088156, 1951044007, 1950078986, 1450464206, 27607217, 31912054, 1473966737, 1336866077, 1933822487, 1926258529, 1925921617, 1916780405, 1916598559, 1916087890, 1914072498, 1913879466, 1910873472, 1375203539, 1846098261, 1458927406, 1403114800, 1361960791, 1902078782, 1901476048, 1495065284, 1900562626, 464009616, 1892409985, 1888335604, 38745833, 1852191630, 1332935255, 1887416693, 1884737185, 27901665, 1824236851, 1856177778, 26295849, 1814850659, 1884149453, 1851858957, 1856713048, 1325711491, 1837192468, 1431932227, 1298189522, 1428275175, 1433121540, 1383843603, 1405439790, 1496869765, 1449884570, 1315869224, 1495838510, 1495838571, 1485037368, 1398272716, 1497632403, 1388877768, 1361378989, 1494536044, 1379685397, 1875744, 28819113, 1384035268, 1383858908, 1383858911, 1383863639, 1383844548, 1383843964, 1383857950, 1383858020, 459925736, 1388161932, 1485034640, 1377530926, 1454066326, 1443111735, 1467073728, 1353928850, 1383843724, 454231171, 1387611138, 1369658060, 1402818475, 1410021450, 1408969603, 1426087089, 1479430523, 1432160937, 1471956161, 26786170, 1479896923, 1426665742, 1477419915, 541031727, 1360674812, 1391251513, 1391101082, 1401671692, 1459922551, 1407684636, 1407684635, 1407685562, 1374056302, 467590271, 467590241, 467595189, 1471192211, 1471184353, 1409944941, 1471192200, 1358852626, 1379891612, 1379891275, 1336864914, 1368366174, 1379891201, 1417872116, 1368148290, 1379495574, 1346104089, 1357399610, 1393993440, 1399825195, 1378896599, 1350068280, 1350068279, 1350068284, 1368133232, 1412028756, 1362144858, 1351795585, 456185706, 472141449, 449577299, 1356246723, 1437189375, 1375527799, 1356285336, 1356248396, 1398390875, 1392021038, 1398393057, 1426262038, 1426256544, 1392022276, 1398393035, 1389946802, 1389172254, 1389173020, 1388974546, 1383847135, 1374044628, 1471200495, 1424760697, 1459271820, 1410185349, 1393121310, 1428026205, 532940368, 489768114, 862731506, 1399118663, 1400440159, 1448658697, 1325973356, 1396489565, 1396489560, 1396198104, 1393298206, 1393302027, 1369580871, 1356657761, 1379891909, 1379895185, 1379895800, 1379899395, 1379646351, 1379644568, 1379654662, 451981574, 1336856186, 1350125998, 500566556, 449577863, 1349062061, 1353568972, 1356928339, 1352575830, 1369576880, 1368143577, 1359286124, 1325897262, 1346105066, 1356285340, 1354814121, 1352810057, 1336856095, 545136652, 431855270, 447076645, 33111753, 474581010, 412785125, 478203384, 480426446, 461124441, 468802021, 472137142, 487190872, 470759584, 458725240, 458238658, 33791466, 452608930, 448316499, 409288229, 440411326, 425136124, 423776075, 456758015]"
8480585433,酒吧夜场︱今朝有酒今朝醉 跳舞忘记了心碎,"一个人蹦迪不会快乐，带上你最中意的人一起吧
","['华语', '酒吧', '快乐', '酒吧']","[415792881, 1480378513, 1486672308, 1994578153, 1950306317, 1833391733, 1938019211, 1971680387, 1840459406, 1939138574, 1476449942, 1985126304, 1862309034, 1970396860, 34497630, 1926220336, 25642952, 82532, 1487212140, 167870, 1923210613, 1987986734, 1414157538, 1886371882, 2034974673, 1395632515, 1964696171, 1836412740, 1498066118, 1948907975, 1984488522, 511229030, 1813590062, 353066, 2008222101, 86943, 32619105, 108263, 1436575829, 1901371647, 1970396862, 1492584510, 1436959181, 1462875616, 570340213, 1434062397, 1448284210, 1994863874, 1467957152, 1491231632, 2030500715, 1463165960, 1894094482, 108406, 1894316939, 2033922940, 1886366510, 36270426, 1869248652, 400162138, 1919430638, 66842, 2013290415, 1873374934, 1977929314, 108134, 1880165006, 209643, 1486095911, 191171, 1481100310, 1410647903, 25707139, 1902251868, 1948572170, 1979276359, 2021543605, 1955958008, 2032173388, 1967407573, 1456659704, 191254, 1937725093, 1973067211, 573968818, 1307822531, 1466643383, 1872074958, 1447966613, 1472945318, 1822834628, 507364094, 1315952365, 355992, 2014336709, 1883633155, 1886371885, 1914692581, 2031912194, 1490362193, 1830066193, 1951069525, 1895164923, 1838182645, 1897071064, 1940785796, 1925471535, 1919512240, 1950528144, 1853520283, 1851258433, 1822221871, 1888622459, 413829859, 2021168514, 1436076578, 2021379728, 1823305772, 2009531476, 2036171787]"
6803344874,Bounce&Vina House。全网最骚连环炸,"“Vina Bounce”曲风如其名，是Korea Bounce与Vina House两种曲风“喝多了”、“…了”所诞下的结晶。
从直接听感而言，目前的“Vina Bounce”主要有两种形态，呈“龙凤胎”症。占首位的是以Vina House的特色越南风味Bassline为基础，加入大量Korea Bounce的音色配器，这是最主要的形态，即“不纯的Vina House”，这也是Vina House苟活于世的象征之一，这种形态尽可能地压榨了Korea Bounce仅存的少量热度与价值（也是Korea Bounce仅存的少量热度的价值体现所在）；次位是以Korea Bounce近似标准化的Off-Beat Bass为基础，加入Vina House的“西游记”等音色（但其实是Tom）配器，这种形态的占比相对较少。","['舞曲', '酒吧', '电子', '酒吧']","[2062679259, 2046943767, 2016324037, 2066926968, 2046628649, 2070847109, 2088390325, 2034166320, 2052293266, 2054506884, 2016324656, 2037014395, 2026382097, 1922358581, 1928035111, 1925377660, 1925404909, 1928421549, 1928457400, 2082080138, 2052741374, 2082103523, 2093709802, 2090386247, 1963910893, 2037739525, 1952759851, 1990154980, 1991278179, 2001353661, 2077527620, 1961534456, 2067449985, 2036224323, 2084747067, 2084749716, 2084749763, 2080003258, 2079936822, 2079018360, 2075401374, 2072929607, 2041147610, 1976009193, 1830491670, 1945241328, 1831399901, 1981803581, 1981836700, 1982155734, 1984634786, 1984663377, 1985788588, 1992985915, 1992991632, 1994141192, 1997180457, 1997212856, 2041898742, 2041691206, 2041676554, 2042050706, 2045600398, 2050460167, 1981494919, 1958876112, 2003576333, 1458380345, 2003368326, 1823304760, 2055029604, 2055031382, 2055031381, 2028318638, 1977597946, 1961852949, 2039835327, 2015205862, 2003579658, 2022695519, 2035973419, 2020525135, 2046676421, 2049767735, 2025188727, 1986336230, 1861664279, 1910948626, 1868000486, 1490469805, 1975398501, 2034572120, 2045897020, 2039510648, 2036601916, 2036293100, 2036287329, 2021188807, 2026934935, 2021186348, 2021186361, 2021188684, 2017433654, 2017433769, 2017441828, 2017434065, 2013209783, 1989833773, 1939474509, 2003081902, 2006567636, 2015082076, 2015082083, 1986057911, 1917587667, 1911402577, 1971171603, 2001015080, 1953772782, 1991516888, 1983330090, 1960991086, 1945502438, 1853355911, 1916577224, 1896055391, 1891712371, 1932129894, 1901171100, 1907094976, 1928517142, 1951328760, 1896340109, 1984407348, 1993939628, 1988886585, 1980419677, 1977949285, 1980964776, 1922962572, 1908174663, 1841809546, 1867815153, 1878379931, 1970212607, 1950429648, 1828111156, 1834109620, 1910018201, 1919774234, 1963131896, 1874376551, 1863419119, 1935347696, 1919555997, 1913887392, 1913586600, 1929611312, 1959454997, 1974391060, 1974201411, 1972670495, 1973065128, 1962180731, 1971144960, 1970849262, 1969565111, 1969332881, 1968035745, 1964890076, 1963994974, 1962338187, 1961749637, 1960587356, 1958358609, 1958509170, 1953418683, 1956142879, 1955423702, 1951959954, 1950906415, 1950906339, 1950609992, 1920223087, 1948842148, 1912980912, 1944973429, 1946242709, 1944795141, 1939523601, 1938686742, 1936831966, 1934336266, 1934338127, 1870842877, 1888924536, 1897351366, 1921881050, 1932373316, 1874802920, 1909126448, 1931441224, 1930713931, 1927170206, 1927169360, 1819979408, 1909939259, 1841978534, 1886989588, 1844984318, 1922918825, 1922764862, 1924146031, 1922663494, 1919737832, 1922481386, 1918644188, 1913812942, 1913533235, 1912691221, 1912409858, 1915000813, 1915313715, 1913945605, 1911054653, 1904518686, 1907012533, 1837359737, 1835727361, 1806772853, 1827996831, 1901845260, 1901754847, 1893892269, 1896208868, 1897818358, 1899484200, 1864969239, 1869728233, 1867735388, 1868230115, 1872204431, 1878802682, 1885954275, 1856628195, 1501788529, 1872124907, 1479281395, 1864964301, 1822321202, 1821669348, 1856104325, 1880293502, 1831540613, 1839570797, 1863437620, 1878305312, 1867242249, 1877266250, 1873284176, 1878038902, 1878032221, 1877702486, 1845443847, 1854638962, 1444008910, 1458378129, 1458375632, 1849462966, 1851188093, 1844083061, 1808575009, 1835335475, 1498317819, 1452734499, 1414095697, 1485216496, 1816328350, 1823661629, 1818633289, 1816325017, 1814670242, 1820356178, 1444897526, 1497616067, 1428895693, 1444981572, 1472307262, 1408069140, 1452530251, 1419232664, 1397698075, 1414109565, 1421601779, 1418992712, 1420768354, 1418889482, 1419147582, 1393383613]"
381057756,半夜开最大声音邻居点着头敲门,喜欢电音的朋友们举起你们的双手，把腿和心脏交给我，我们，嗨起来！,"['电子', '放松', '酒吧', '酒吧']","[1451122329, 405599648, 34179870, 25677802, 570918885, 863515475, 433018366, 1344644402, 572763271, 28593175, 1327770543, 31789010, 1314637172, 432698441, 28306554, 470547655, 1368324900, 27804336, 555974038, 427542143, 1356511474, 496617158, 431791046, 433059656, 464863017, 538470558, 441489077, 29561077, 515453363, 1336866512, 403012527, 564006838, 435549010, 37091400, 522041157, 540583009, 448317566, 1331192365, 527699114, 1304402380, 482115760, 475072054, 28259118, 31066775, 21792987, 439076364, 864042197, 496298793, 31081097, 34057469, 27588920, 400161903, 517411583, 436487129, 410629778, 405377703, 431811484, 470547656, 34497095, 472752018, 540596485, 546730469, 437290280, 528597020, 29553031, 443876861, 501214048, 30148747, 28921656, 31421379, 34690185, 423104752, 399552364, 32431822, 446154202, 415792860, 493449812, 32620000, 437909145, 34218095, 29816437, 34040716, 506092035, 493551055, 410801521, 465920775, 424084954, 414979759, 424498740, 416552507, 405372458, 30064175, 424264294, 34690421, 427142481, 410519492, 432457570, 28413870, 482988471, 28143956, 29758487, 27761936, 31048144, 407678005, 419594258, 469410938, 29848221, 29535451, 28064059, 3570196, 31356499, 28473146, 447916006, 407839677, 17706562, 17149119, 26228759, 27733273, 440353010, 461347998, 26468286, 409916250, 411213332, 28283079, 29379952, 30064291, 28921655, 418602088, 30064263, 428350863, 28738227, 29747517, 29378378, 402070039, 33166666, 28830411, 36496695, 35331091, 30621361, 35416399, 33004506, 451703096, 17721274, 33251779, 444269135, 37653063, 28256499, 418602454, 423058418, 28443231, 412187353, 26228690, 34229976, 28306798, 409650142, 36990266, 28953308, 29554109, 29535483, 33024146, 33190009, 32166990, 27767847, 33051313, 3203127, 30798659, 36271181, 30780496, 28870241, 28103370, 1781643, 409647737, 421203901, 25704014, 415793214, 29600160, 28303867, 32897072, 2310348, 34964680, 29922416, 27583305, 26472986, 34998386, 30512731, 18284715, 400161902, 33937527, 21406135, 35845377, 30706279, 29802097, 405612290, 416011653, 415792222, 31234342, 25862810, 35956778, 31517427, 32807699, 26573727, 26609292, 404784490, 26496942, 35253632]"
7688812301,日喀则猩猩地堡 堡主们的最爱,戴好耳机,"['流行', '舞曲', '酒吧', '酒吧']","[1830734614, 27514865, 2089556604, 26244135, 1997646, 26418815, 26695092, 32922450, 29849018, 1090226, 525238797, 28403111, 572513381, 508533732, 1309746357, 27907741, 29849115, 37240341, 22845457, 1361879852, 1991103289, 26389052, 2043998072, 2025199179, 2060936144, 560404179, 1356657765, 26393755, 1962262602, 1315205459, 1468264790, 2042841789, 1368656060, 31165183, 1981032246, 4037474, 1890633419, 28885440, 1987739215, 1956133784, 555841311, 1494813957, 1877991905, 484447473, 2038285664, 2025524596, 1424460203, 1804648011, 1817053885, 18811081, 506043450, 28154629, 33404135, 1321532050, 1965507938, 1975505546, 1958041054, 2003472053, 1310241345, 490096847, 1825950470, 1848185007, 564168270, 481537753, 24912405, 1909137124, 2067795733, 36307815, 2019597717, 1388363478, 1318521631, 1454322899, 864099977, 1300509521, 1895793287, 5047777, 2055231019, 1947575679, 452814335, 1813618993, 1830500753, 515601126, 479219553, 34072216, 422073926, 21563197, 487068513, 31192469, 404276349, 409736083, 1378945858, 32526226, 27514846, 5093516, 26704926, 3205047, 21407145, 2031230775, 21407213, 28240407, 27804336, 1384496555, 1868355418, 1383205794, 1950479970, 1310038796, 1436379536, 1340901602, 502238300, 1912116077, 1943964204, 1848446037, 27924340, 1955960639, 2011993773, 1867350854, 1295814353, 2009531476, 2009233274, 481241369, 464315137, 1395041140, 572648157, 460112850, 1955601664, 1998340112, 1301449145, 28308797, 1418311471, 571241644, 1928366192, 26643898, 514865417, 5120438, 1340890767, 1494818131, 1902451431, 1883632847, 27753604, 20631060, 33527358, 428350859, 27017925, 1892409985, 1456096563, 17917224, 18801855, 5101915, 490381400, 1313308133, 490637273, 451981574, 428375694, 432821778, 449577297, 2529176, 27691911, 28524666, 572932030, 27962678, 31010788, 34040551, 5079635, 28117329, 29747524, 515455078, 1965392316, 514206680, 1912396084, 1391251513, 1454664682, 1398909869, 1323548207, 1341759077, 1334059163, 28551589, 521657275, 420482025, 16158582, 1417855727, 1390072974, 1424447865, 476324207, 26342437, 1470129356, 1417126178, 442518567, 494000589, 1476106763, 26722580, 1447966613, 1401302505, 1442987013, 1398523729, 25781158, 1428211824, 1299818, 5052317, 530995221, 2749004, 1498066118, 1835009703, 22495836, 1844977096, 1493234770, 1805372258, 1384265008, 445845868, 1352968942, 1845467662, 1835688919, 1839056676, 1426022018, 1856265847, 1840728251, 526904859, 1862317951, 1836406553, 1840260019, 1840058484, 1861343859, 1456947748, 1869728598, 30854084, 415792901, 41654301, 28277612, 1811288654, 1803685545, 31356045, 20319952, 1444908687, 1313703287, 452608930, 28798835, 1698391, 1410339379, 1460639054, 1823305772, 1434309751, 29345642, 1403529083, 1297532278, 1475862560, 1877996649, 30953009, 513397791, 1346907833, 1882114750, 26173033, 1356248365, 1390417252, 560747983, 1461558799, 1438791041, 1464494195, 1449539197, 139808, 3982885, 27823817, 33789036, 1362819703, 1340498213, 1460726361, 1420939910, 1323272445, 1396644165, 1426032478, 429089613, 1884951604, 28465264, 464015456, 1407753683, 567098859, 1860841540, 26936976, 1342945970, 1446855406, 1458224876, 1307789419, 1462875616, 480575052, 1401413082, 1378849616, 30212890, 1293668, 1501224950, 1439283327, 443622012, 1491556957, 554097041, 464674782, 21614604, 3880252, 464373274, 1921720553, 37455265, 1831811380, 427322410, 1344969914, 1805273210, 1824622772, 21038564, 27044369, 29758353, 468851927, 1815228598, 1302066306, 36067338, 1304565112, 485410433, 1816148967, 26933374, 1313705627, 1407767517, 522429802, 547227880, 21178422, 36303719, 554169191, 1957732826, 1393800989, 1483979868, 5301152, 5135721, 1390389257, 1419079977, 566295511, 470211564, 1359742003, 1451869672, 28722674, 516927257, 29816078, 2184119, 1349951141, 29829151, 411213332, 4079512, 1497632403, 1380149119, 28825862, 1400110511, 1809285746, 35785564, 464192646, 569040126, 1881955916, 35721607, 1444095167, 1389848908, 1814589914, 1853278001, 1367325524, 1491388168, 514279050, 550594137, 1499989691, 19033666, 1401832504, 16776660, 1852234574, 349892, 1852370571, 1855014510, 459078774, 1804346563, 1482975180, 27203936, 1321708996, 1464325108, 1453241969, 1463059465, 27080407, 1410128354, 33544806, 1438733855, 1393738426, 1486631924, 22789462, 1859245776, 40237792, 1446938492, 35513027, 1371411107, 1824927085, 1831695341, 534541185, 509654281, 1407767518, 1406633327, 1817995541, 29722263, 3406393, 1923188036, 542220158, 1399891218, 534542183, 32431987, 1818567964, 1896102097, 17541774, 32358587, 571059274, 29391011, 29748745, 36509745, 1318941061]"
634725991,『警告』开车被禁播,本歌单热血沸腾开车时被禁播,"['舞曲', '电子', '酒吧', '酒吧']","[2094510814, 2046991180, 2068671781, 504750257, 1898113522, 1948643297, 1448260853, 1847721719, 1968549916, 1924995800, 1855398597, 1872152160, 1901238237, 1461609533, 1836983674, 1815740745, 1813974308, 1467344475, 1436321616, 1401052362, 1411718674, 1368609741, 1402818475, 1412468947, 1320544645, 1386593207, 1360818791, 1406273234, 1318827940, 1411663276, 442562232, 1410849052, 1341359810, 1351096675, 1352548423, 1348321895, 1340196414, 1336864305, 558148812, 487387216, 1302680009, 541980442, 442562229, 1340196417, 1314751313, 1332463026, 1321995341, 1341190149, 1325071476, 1345531109, 1349062061, 521050960, 459936273, 526099041, 34179870, 1323631439, 27904055, 21974794, 548823382, 543006228, 18004021, 865592685, 512358366, 28443150, 28729445, 28411393, 516765174, 33789036, 33937011, 35331692, 518094151, 545136652, 29816297, 33085590, 405377982, 29544386, 33291435, 28856303, 437859387, 28730277, 478175619, 31273659, 29932696, 466126531, 456175873, 27210834, 467591002, 29716136, 31062664, 405612166, 423227267, 36587404, 29716138, 36024894, 30706070, 28939130, 28346463, 30284569, 486837237, 29497334, 33307539, 35806116, 481535757, 27706564, 480427338, 28941497, 27714206, 467394056, 26589605, 31674999, 34324003, 35755750, 409031428, 458496410, 474581010, 33051903, 464009642, 427542069, 28399944, 467595463, 29807512, 32063359, 427542060, 34516404, 16336782, 29418363, 998756, 27523334, 28796621, 29827001, 469410926, 419594258, 28247617, 38358820, 29953001, 403012245, 403820001, 30798539, 33255806, 30798542, 35956778, 28665224, 399552077, 27781349, 507134111, 31517427, 26613245, 30064263, 34167329, 30612320, 28060006, 32073614, 25648030, 28481950, 415793214, 29848221, 31284084, 28521965, 32958672, 29808917, 33579149, 36664731, 407679485, 32000771, 411314252, 421563673, 404184701, 428442780, 28202036, 432792463, 28303867, 29482938, 405597478, 30474763, 38018042, 33404154, 402073467, 29713854, 33391831, 34892203, 34248411, 37240360, 33728276, 32574697, 34766663, 32477546, 407450644, 3545717, 400162908, 409941528, 33726094, 28461771, 27771049, 404716896, 29414516, 28912996, 405599094, 31594436, 27607217, 28996325, 31081097, 35288209, 33955898, 27888500, 31912054, 28747134, 27492533, 31165227, 28870229, 34057469, 29922416, 31674997, 26193501, 28690875, 27542857, 427139469, 30780175, 40915432, 35447791, 34834967, 419594619, 420500319, 33765832, 35513041, 408332211, 404784533, 423119003, 410518072, 28283604, 427542033, 33211676, 34834972, 407007734, 400161908, 451520625, 399954221, 407459161, 33715934, 26321648, 31090320, 4278298, 39436867, 402070218, 29947420, 418550478]"
2881707381,西安[PLAY House][Super MIAMI] 蹦迪歌单,"以后会慢慢加的。献给所有喜欢电音的朋友。
推荐大家点随机顺序。

忙着生活了，暂时不更新啦，抱歉咯。","['电子', '夜晚', '酒吧', '酒吧']","[1995578647, 2069408863, 1998818357, 1501587268, 1890455471, 2020656823, 1901011580, 1929711615, 1895191160, 1478079861, 1947575679, 2007052110, 1857134137, 1467267395, 1960267822, 1911680618, 1858399793, 507134037, 1922678986, 1430572296, 1892487613, 1847081686, 1932426353, 567624698, 506092057, 525238843, 1848987619, 1888426982, 1909900861, 1901319159, 1368656060, 1426367562, 31838123, 1804984317, 1886240081, 1432632388, 1430568757, 1842290090, 1317416737, 572848663, 1449731920, 1490243934, 29600160, 479408872, 1444175607, 1387519925, 28461771, 1806212908, 1457416374, 1338433397, 1460544777, 1446637483, 1374313067, 500012200, 1359275203, 548648066, 572847635, 1391871112, 1342566625, 1348816112, 481853296, 1451252258, 415793655, 1401905950, 448157707, 507983352, 1397803392, 1421435479, 551923489, 1387299050, 1385569629, 1336864363, 531051600, 485347020, 1377652888, 1430444227, 1448655756, 865976343, 1372665762, 1389454261, 571336357, 1357807151, 1459861493, 1456542323, 565202998, 40915135, 407679577, 1357619231, 1309210290, 1345504240, 1374770649, 1381761140, 1385125103, 411213332, 36664731, 1334131579, 536623599, 1379959218, 544517844, 1325785804, 529824361, 1365106883, 491277010, 507421090, 503958486, 1329606657, 41667676, 563249986, 1386988785, 1306244024, 569090242, 865997490, 1420908558, 1378387388, 1401844271, 448916609, 488647312, 520044771, 1379083991, 496298013, 1305644204, 1378631855, 28852648, 412951120, 465675733, 28937926, 27588384, 29775190, 412951123, 31517427, 484314655, 469410926, 31912054, 27607217, 31594436, 496869523, 497745567, 419254878, 1313311122, 1318519704, 518895666, 1317370827, 571807453, 1346484358, 511404070, 552575458, 1305365935, 509726820, 417250045, 557584485, 445844720, 1384299504, 1341922601, 497131701, 557148051, 1405278951, 1330529290, 1401537643, 1402642101, 1402686725, 417859039, 524115031, 544208090, 1397050396, 29554109, 543006188, 541534367, 492144537, 1384296696, 1360018468, 407679019, 34586008, 1361391031, 34892202, 1370255068, 512613700, 462575843, 489302335, 28256499, 30474550, 529661123, 554245273, 543006223, 557723511, 475264043, 475264037, 29713705, 417595824, 1358178085, 532776339, 1297498894, 530995524, 507795194, 1297403468, 31081097, 33296950, 470547655, 422094241, 862100668, 865287965, 27713920, 29771146, 419646988, 495220278, 405599025, 514055266, 522444713, 467953317, 32196550, 865868057, 33223259, 475279147, 33955935, 562592168, 21606437, 514055298, 467595255, 410519492, 28411393, 493041493, 533943431, 410801514, 1319674226, 562598106, 1361159137, 28996325, 425828861, 571853856, 507134227, 507798041, 27685324, 512648466, 451981205, 544483346, 506094856, 463049020, 440208476, 570244389, 536624590, 550137108, 26756024, 34057469, 1320068128, 1319994608, 1321905919, 571339834, 437605681, 31529852, 35331592, 28382781, 1297743190, 571465322, 539250721, 546730469, 17057974, 409931583, 520458061, 31851308, 31134508, 530986653, 1296637369, 863290154, 32358948, 1325897787, 35955990, 404784332, 489506338, 37169837, 507134034, 29163477, 28870241, 33051903, 525112527, 473964650, 1298111608, 1302084123]"
8869428003,可惜你不听DJ 也不够懂我,高磁场硬曲,"['欧美', '金属', '酒吧', '酒吧']","[2102926588, 2099907912, 1812799126, 483061711, 550520580, 1821828328, 2013844769, 1895997113, 1951719819, 1988347728, 1825959350, 2016520779, 2024109979, 1960301331, 2038935289, 1803443499, 1961045957, 1958837137, 1958148146, 1944992842, 1897154962, 1858897067, 1910994242, 1378336559, 2072610554, 2040068689, 1951743583, 2048187599, 2034842816, 2062853835, 2064231394, 2021317887, 2068225193, 35661130, 2063156685]"
6811426848,Reborn跳舞俱乐部,"位置：贵阳市富水北路物资大厦二楼
实战歌单，个人收集，长期更新
Hiphop，Kpop，House，流行等等等等等等","['舞曲', '酒吧', '快乐', '酒吧']",[]
5067666016,Deephouse酒吧早场,"Deephouse
1、特点：深達的感觉，重在低频，更加宽
厚的Bass线条，成为乐曲中的主要演奏乐
器，勾勒出舞池中性感扭动的身姿。相似
曲风：Deep G-House NuDisco
2、时间：3-4min
3、BPM:120-126

","['欧美', '电子', '酒吧', '酒吧']","[1393789519, 1302171642, 502486293, 427595531, 28595297, 27587296, 513738981, 1399891888, 32432599, 519943217, 555430256, 1327126725, 1405135752, 27888764, 1452709573, 1336871747, 1303026274, 862417811, 541687772, 1306534099, 1398451663, 1425886590, 1340196417, 1324515024, 1452046983, 1382751305, 1370162678, 523899320, 1327427643, 1389840993, 864041038, 1391251513, 553764951, 1450952662, 1427710174, 1441860073, 1443162217, 1446673707]"
2650969021,DJ外文/纯音乐,,"['欧美', '酒吧', '流行', '酒吧']","[2096184715, 1932343898, 2071923152, 2088918099, 2076147288, 2103116113, 2097240698, 2091672942, 2088533983, 2094167610, 2092562743, 2077516323, 2095568364, 2094160471, 2086056881, 1937201874, 2048925220, 2020694814, 2085098616, 2077280756, 2085110497, 2053474555, 2017510173, 2046927810, 2013844769, 2035539262, 2061073932, 1969039908, 2052605599, 2065312337, 2045371182, 1987851778, 2050860979, 2045500501, 2018414761, 2060489065, 2058653674, 2052282179, 2022870788, 2060655180, 2063032744, 2043783122, 2067704799, 1951454715, 2037772776, 1403245503, 1968869187, 1940074698, 2047985543, 573230233, 2056957504, 2045102849, 1473560238, 1321593865, 1336425969, 2036894489, 1932769322, 2042559075, 1914893736, 2309221, 25862810, 1328428885, 1307763082, 19098254, 2016700540, 1939878025, 1825953018, 1827013665, 1929355537, 1928053564, 1393609651, 1466242414, 1816851633, 1824875296, 1470657694, 1409843998, 40915127, 1449539029, 399340150, 1401696931, 1826990540, 1855173729, 1946234565, 1907744768, 1831477767, 1848487159, 1964101541, 1966879517, 1442909910, 1357646934, 478419032, 1857154355, 1956558614, 1965893355, 1950839974, 1901458286, 1840748257, 435307398, 1961736717, 1865217234, 1932159063, 34986334, 1860506163, 1917380374, 1808452988, 1922297331, 1808532612, 1903192395, 1928800691, 1807165607, 1399849831, 1886189759, 1829062143, 1386946638, 1845164541, 1917393218, 1806183952, 1403129031, 1399998658, 1890804188, 1836586228, 1865706689, 1927844320, 1827005838, 1830736613, 1916849337, 1895871919, 23437228, 1334361669, 488571840, 1825950394, 1917344853, 1915770524, 1884601621, 28172671, 1897169975, 1849707221, 1903653287, 1498952599, 1914029451, 1888422187, 1819510820, 1430599019, 1856768983, 1812448072, 1433285563, 1432287927, 1398452463, 1340196414, 1422226631, 1406673720, 1359553799, 1369576999, 1416747872, 1377136927, 1378085161, 1377136935, 1368001385, 1399697984, 1396186820, 524152414, 529834282, 526099041, 1333211971, 1383954335, 1369614753, 1386973160, 1385811061, 1388167662, 547614214, 1386326352, 1388584222, 500949315, 1407795459, 1405855002, 1411994881, 1410416744, 1401707904, 1321478476, 1390276870, 1378273711, 1387435207, 1380957151, 1389431677, 1357785328, 1393205729, 1377271427, 1368001358, 1384543943, 1368002295, 565526603, 34057469, 1333376999, 1364800914, 1333454914, 1328045658, 1334279702, 490978924, 1373473226, 1373474114, 1347297905, 445124191, 454544352, 1308256434, 452814861, 1372369851, 541468568, 423104778, 472137142, 1370041231, 1380412735, 548412226, 1379873325, 1371798293, 1379910808, 1375512406, 490602642, 1344038671, 1355315653, 1358003394, 1358574707, 1363616015, 1358003414, 1362061413, 1362062167, 1361270742, 1346579711, 1335484824, 27504754, 448417977, 442503249, 442493683, 448030826, 1358109619, 865040324, 1335566894, 1361354803, 463159617, 399367137, 1374521275, 1353163840, 36897083, 1363712010, 499643338, 528285558, 419594258, 1379743691, 1352614154, 495311013, 497616880, 1327314182, 532156099, 1361535707, 29793282, 1355933807, 1365378273, 1365401148, 1322892548, 1322962225, 29095653, 399366190, 1343018626, 29829713, 424498522, 41656808, 1328545053, 407007703, 1335230397, 29567052, 5106470, 1509733, 484012216, 521549008, 27050980, 28095593, 16319502, 512640295, 482796783, 1319391514, 546035454, 451124570, 27130723, 30854948, 522746804, 1361598115, 1361658148, 1354553166, 1361384949, 1361391148, 1362049065, 1358003415, 1354553073, 1358003419, 1356936983, 1358255523, 1358803050, 1361386606, 1354553074, 1356953795, 1361272564, 1358987884, 534585142, 549941731, 440073294, 139774, 464373438, 447076485, 446177556, 417595824, 451981574, 1306111357, 543927569, 1322628331, 1336856447, 454129387, 475254553, 472361096, 30394891, 33211676, 38019092, 26092806, 440353010, 36990266, 29947420, 28875283, 28263911, 29533303, 407679577, 32358948, 461347998, 28830410, 30212889, 1338440150, 1354262577, 1355933695, 1360659427, 1355933698, 545994595, 1354491563, 863374337, 1304754139, 30590630, 546488667, 469410278, 1317705938, 1351225950, 452601378, 1335033369, 525935284, 27949696, 1300019038, 1322916647, 535535062, 5308028, 512376079, 1314031694, 452997169, 451701107, 467595975, 452814037, 28577877, 462516598, 452986168, 452997343, 452986340, 452986156, 452601399, 35476243, 1345359954, 29793413, 551540514, 1317922216, 1340461397, 549941729, 28530970, 32341324, 28730270, 554604068, 515453363, 1343549416, 28852648, 451123788, 27890604, 553753391, 1332792934, 1337341466, 1318031730, 554868583, 574908526, 574908525, 452986223, 550267509, 403711591, 1314794977, 1334199204, 409650459, 409654694, 450972348, 450972704, 547917908, 450669301, 463842531, 33392777, 1348706073, 420125961, 400876552, 1340842066, 522444713, 479717618, 433107530, 1318611237, 36095115, 418602088, 1304716261, 451991564, 471968795, 462516600, 446875036, 452804401, 487379597, 452608095, 451123864, 443291547, 1340993314, 538782194, 1302953359, 542479153, 487003371, 489998989, 452804405, 450972918, 33785193, 451521111, 482597551, 27901723, 467214860, 452814335, 38019810, 552456418, 1310413720, 1334717234, 474581010, 544208090, 411314845, 1322887959, 450680037, 419646988, 28738474, 1305425959, 491295065, 467394056, 564546272, 1329824611, 1332619715, 5301152, 436514415, 4341314, 863046037, 520928254, 1320683068, 1305271744, 1328723981, 534281036, 505449407, 417908641, 21792987, 1329076273, 525238081, 471565537, 865592685, 1335001495, 558148812, 1327781623, 1819889668, 1301572562, 34766592, 471969382, 1318089157, 464009811, 1317488947, 539983883, 569870379, 1334059163, 566434525, 452814334, 471969878, 541364972, 31356499, 427542187, 436487129, 500410102, 448317566, 33051903, 419837717, 517649150, 29807512]"
4937915970,打碟旋律网红说唱嗨摇,感谢收听,"['酒吧', '00后', '放松', '酒吧']","[1977421269, 2042856403, 1966700891, 1406201955, 1809294561, 1810187929, 2021188684, 1957818391, 1945589411, 1946892914, 1923281243, 2019302186, 1394009920, 1919359342, 2034869931, 2005767098, 1413565009, 2037050270, 1986506340, 1352024761, 2011991778, 2033854132, 2020832993, 1881030622, 542001126, 1969626476, 2001549797, 1825955064, 2008377036, 1892851004, 2012328830, 1345693361, 1927491783, 1927274880, 2001341167, 1989044000, 2001557011, 1986032349, 1991817540, 1808532612, 1974241527, 1957747946, 1953654255, 1824245447, 1811300525, 1908160547, 1869031258, 1952113522, 1831400466, 1854287469, 1977619787, 1982309371, 1836114571, 1951671518, 1886617154, 1366732136, 1921342763, 1413362292, 1959589794, 26992752, 554130624, 1943160599, 1937506314, 1951344424, 1911669793, 1912265725, 1895871919, 1922091377, 1931674290, 1903192395, 1852665097, 1907349372, 1937504646, 1929335868, 30212221, 1831467313, 1916849337, 1299818, 506043447, 1888942088, 1946488888, 1830737820, 1892377787, 1930969643, 1855739286, 1914986622, 1900793153, 1913874442, 1939408673, 1931652289, 1831796094, 1807165607, 1434495718, 1463774251, 1845409292, 1960595909, 1819828675, 1956565477, 1950031628, 1914166715, 1924084125, 1831768247, 1494536044, 1851695085, 1872747055, 1447573604, 1812178498, 1851182533, 1456677611, 1493816591, 1862756890, 1496199618, 490416045, 1332324163, 1826994773, 1303046498, 1369701289, 1472026362, 451981574, 477742336, 20050686, 1829060241, 1853863757, 1378697371, 1808600105, 1422680227, 1320544645, 500566556]"
4866799602,全网最好听咚鼓➕Dj,全网最嗨№【夏天的风、后才遇见他、还是分开、冬眠、心安理得】,"['流行', '酒吧', '治愈', '酒吧']","[2017918595, 1995456224, 1999626402, 1973223364, 1496812174, 1968390518, 2024627261, 1988034526, 1929131217, 1977421269, 1434429128, 1872009115, 1481657185, 1833994538, 1804353567, 1317410168, 1876425576, 1499694938, 1830731562, 1899679162, 1923458630, 1856728513, 2015499286, 1929099453, 1864387987, 1827008078]"
7512862013,DJ已就位♛汹涌炸裂，氛围掌控者！,"选曲方面以Bigroom House为主，搭配在表演效果上提色的旋律向电子达到保护听感，不枯燥的效果。

DJ的英文全称为Disc Jockey，可以翻译成唱片骑师。DJ的技术叫做打碟，也可以说这就是一个负责打碟的职业名词。他们以这种放歌的形式存在，绝大部分放着电音，但严格来说可以放任何音乐风格。打碟一般翻译为DJing，与职业分开。

DJ已就位♛汹涌炸裂，氛围掌控者！","['电子', '酒吧', '兴奋', '酒吧']","[1984406756, 1402642101, 1896763394, 1338634306, 1970918532, 1374173538, 1349279194, 1351730690, 493041493, 539980206, 520928254, 1344353899, 472141627, 558132121, 557584485, 400162908, 1317370142, 1318511442, 550033158, 421160355, 1303026614, 1322356135, 507134225, 531577860, 1318611025, 1317494886, 1315467584, 1316045592, 529834020, 1304757715, 34766855, 467320100, 27714206, 449577863, 401246013, 456381024, 35955926, 1302084123, 571853856, 574926618, 573261646, 571338993, 26262285, 35283889, 427416481, 428350859, 28930763, 31654123, 25683868, 524152463, 547706455, 29535040, 29774450, 28154645, 27770619, 34899094, 33307560, 28660082, 544483346, 28432556, 521416695, 28869867, 32073588, 462997837, 441120661, 530995907, 497131689, 404716896, 416700305, 411213332, 528597020, 514055266, 420125961, 479398112, 29378378, 34516404, 28852648, 28668205, 33955931, 28302789, 28302783, 29401287, 29758487, 18936069, 29418082, 26702638, 31365216, 522444713, 507134224, 28303867, 27698901, 401382115, 493551141, 456175956, 28531008, 28875282, 406096688, 33296950, 32823198, 454069927, 442314690, 33111443, 28443087, 28747134, 420069147, 26151657, 27929366, 30830919, 28315888, 421148326, 30284918, 407678005, 427595510, 404784490, 28690875, 29572179, 26326369, 410519492, 28411393, 32924081, 28285640, 28256499, 29572652, 29807646, 32166996, 411315805, 30903862, 16345145, 414979738, 419646988, 463268880, 491955255, 525112527, 482988029, 485347184, 403012474, 491277013, 448917386, 475264133, 487587926, 32640965, 481537655, 429450139, 418550591, 466794336, 492014010, 865868057, 1343452331, 1313420658, 31851308, 400690094, 491955380, 1341922600, 492144551, 415793280, 489770180, 493551020, 489768256, 36024980, 428350864, 422094552, 36664743, 427542394, 463842484, 463001833, 410801514, 29600160, 31912054, 34998727, 427542310, 30212373, 509726140, 524461994, 529557738, 550138093, 1317370827, 412187353, 28481962, 33307539, 28912996, 35288209, 435289138, 34072528, 404784332, 34144145, 29819621, 27888500, 38679666, 29807644, 405599094, 412951708, 412785957, 409931583, 417833273, 28481950, 32019002, 406846038, 519699769, 420500350, 440208412, 507134227, 407839677, 479219169, 27607217, 34057469, 516765174, 458238093, 31594436, 1320544645, 31081097, 509726820, 546730469]"
2794991853,dj-toxic顶级夜场嗨曲 ahli· Offical,是那段不记回报的付出,"['欧美', '酒吧', '摇滚', '酒吧']","[2052783297, 2074749091, 1450705475, 1910994242, 1874052374, 1459824791, 1434283990, 1812306206, 1840590033, 1896291112, 2020446266, 1882889137, 1864691169, 1988521762, 1897541487, 1841884017, 1866863430, 1924231877, 1852124027, 1810321371, 525239062, 1363046659, 1405908382, 1904476884, 1952560117, 440464456, 1942521019, 1842033421, 1969309355, 1977809319, 427546540, 1368945415, 1303026288, 20631060, 1457020357, 29414516, 1864768758, 501862714, 1501781966, 1388407475, 1825951465, 1436359941, 1390321258, 1460021032, 1832217863, 1470394443, 1407287755, 1309262308, 1808364919, 1488931093, 1325896808, 1439241591, 1401671692, 1428026205, 1854995349, 1831416925, 1480204501, 1303046498, 16432684, 1362746766, 1501468921, 1491893431, 1495845516, 1404746047, 557432827, 453268514, 1407432064, 1426087089, 427542249, 21719967, 485964417, 1475269159, 1436266173, 1424846513, 21719947, 1458181174, 504016388, 30590630, 5164246, 411213332, 491295065, 399552273, 33035611, 452608586, 29848221, 526099041, 1481623526, 1403125922, 1416612935, 421870511, 1420908558, 412951708, 1385303248, 27882657, 409931583, 1350694124, 1354813868, 1433285563, 1417042472, 1320544645, 1302680009, 1338060349, 33233669, 1473560154, 1475841456, 1410838647, 1399837897, 31010566, 498478880, 507803887, 1457312606, 5188687, 1360617341, 451521293, 1348999814, 1404743559, 1442466164, 1450707752, 1448233597, 27062529, 1404086756, 547725580, 512832155, 469272384, 489998989, 1399837896, 1403501533, 1392990135, 1396564875, 1425786952, 563542286, 1398452463, 494388076, 36117850, 444356238, 478419032, 1407536301, 1403501535, 1372369848, 28362056, 1440592517, 471968795, 1445577506, 1399891209, 1386946638, 445844273, 1398335654, 27959259, 1372712088, 33785193, 35476383, 438903741, 41656808, 452608867, 452986715, 451701609, 431855151, 402070862, 500684014, 467164327, 1359903052, 5413257, 1407432061, 463842536, 1433917333, 1433448874, 1401113891, 1446791775, 448706010, 543987451, 505449407, 482999243, 1416570735, 559110774, 1396920778, 1397513510, 1399697984, 1424520099, 1392580718, 1442545295, 1433927953, 430114655, 1386720440, 417595253, 432511391, 1355886184, 470759549, 27728632, 449577297, 1383011689, 415793655, 1349951141, 1378481211, 1424007956, 1387591255, 452608315, 452804061, 22834906, 1398451565, 30798581, 28263911, 1384543943, 1391509011, 1415382837, 1338760446, 1326641912, 1341628564, 1339589352, 1361558668, 1389865990, 548823381, 1377136935, 532572369, 1384327187, 1366016610, 548823382, 487590534, 417595256, 27901428, 471763663, 1317410168, 1370933087, 467595931, 541364972, 471763729, 1403221990, 1399706232, 1399112663, 1415446154, 487753742, 1360659427, 1398513971, 1396223165, 525935284, 451991565, 1388839670, 1392990134, 1361137858, 1375512782, 1388615085, 1351655672, 535907830, 465527019, 530284459, 29793278, 438903739, 462861081, 1338275480, 1365036566, 1380294757, 1361270742, 1367280230, 436514203, 1301861587, 864417970, 1314479969, 451783286, 486837237, 1334059163, 1353057784, 535388128, 1379464077, 435307398, 16375128, 1332324163, 1303046501, 435872103, 446154202, 408280523, 34248261, 865854699, 485612576, 1334363199, 1308256434, 1301573406, 27766187, 488256566, 522074286, 35726315, 28844278, 452602001, 452986223, 1346579706, 1296550844, 1331514800, 864777745, 1356119727, 1320115481, 1315177466]"
479180911,土嗨电音无国界 蹦迪857必备,只收藏高质量 小众 专属于你的土嗨与电音 我就是听土嗨你能拿我怎么样 血可流头可断 我的土嗨节奏不能停 持续更新 中 求各位老爷关注,"['电子', '兴奋', '酒吧', '酒吧']","[1901339542, 2073635459, 1481653769, 1925755504, 2094477723, 558368373, 2042083845, 554127269, 1826990514, 2048921731, 1909994241, 1932850881, 2059730235, 1915248056, 1445058374, 1914893736, 4208211, 863967331, 1996909693, 1376075781, 1923167380, 2007996299, 1896108091, 37240417, 1955110519, 444323042, 543943676, 1818096430, 1909137124, 439121234, 1935880624, 1328428885, 1943858497, 1348816112, 1394442586, 1874895765, 1963232440, 1983525079, 506726178, 1837168059, 1501489596, 1457416374, 1481392505, 30212221, 1852525802, 437250569, 1813994681, 1939474420, 1914892049, 1805803036, 1473704094, 1846110214, 1830720603, 1497571878, 512835042, 1910739095, 568932296, 1336866302, 421563924, 1384527192, 1831784095, 1902218437, 1916237234, 486757180, 1912337172, 1827008860, 1460273727, 1808595244, 1446054012, 1448260853, 1856353482, 1460666492, 1860214074, 1367358869, 1437204306, 862731506, 1824622772, 1448511868, 1863879017, 406300830, 1829060100, 1401696931, 558938666, 1805999761, 1835711337, 1840993607, 1852710848, 1840007742, 1825083444, 1830225972, 1847081686, 1830758157, 1468356038, 1451922516, 1397803392, 1452630158, 1450160147, 442562229, 1495109553, 1387519925, 1451252258, 1445927005, 1454959067, 1423067814, 1426733801, 1396354057, 865907026, 463200853, 1836826760, 1397132439, 1498428296, 1489074908, 446875037, 1474621868, 1805098879, 1367253982, 1360140171, 1493894658, 1498028417, 1343454593, 1414880792, 30375709, 452814815, 1401844271, 1439237452, 401246013, 1470243954, 1442332360, 1467448457, 1451156346, 1402862004, 1414765912, 1418055805, 1430989428, 478419032, 1449539187, 442867175, 1464494195, 36664902, 27896863, 428350523, 1301409077, 406072775, 1442121484, 1401863952, 1464216786, 473602603, 1323270550, 1362603770, 1323272445, 1323272440, 1377466954, 1392535512, 33111443, 1356511474, 493361636, 565202998, 1449654244, 1370933087, 1420407267, 1365398014, 407000933, 452804131, 1398843537, 1407432061, 33955935, 411213332, 1923483, 1358247909, 1382985443, 1397021895, 1328428886, 27691911, 26389092, 16963068, 1306735870, 34922517, 1350125998, 1326862369, 1314777725, 1300983302, 543927569, 1296523395, 431855270, 417833443, 1345693361, 506068947, 1347214184, 1314751313, 1305644204, 1341922601, 534756576, 462997837, 547973155, 507421090, 31517506, 1364210121, 1331192365, 1372471346, 451372123, 410042908, 552145020, 28300165, 446874038, 520591257, 529393824, 1365071885, 27222019, 1299818, 26758474, 27082740, 34468269, 506092035, 1379910808, 442562232, 38771760, 545729921, 32166990, 427542143, 564680003, 26613245, 442979301, 34040551, 421423245, 3989341, 548823382, 541364972, 1343756008, 517542039, 497616880, 471761613, 27949347, 493540171, 1336866360, 1334199204, 5110496, 27946723, 27685324, 33789036, 34324640, 32102871, 863929482, 415793655, 408277815, 1335694593, 507798041, 22834906, 30706070, 29525317, 450680037, 399366190, 29535349, 33471987, 551203021, 462523376, 29715156, 545515443, 574926602, 32507131, 2309221, 27955244, 27946929, 28852648, 29771215, 536082971, 26999060, 16935315, 436501923, 509654281, 28844278, 547917908, 28941497, 26063697, 27548687, 451521111, 3949444, 27630615, 29364808, 1293953446, 28738474, 28418572, 500566556, 30830919, 399552364, 27235711, 17917224, 407839677, 522444713, 474581010, 544483346, 26626772, 469243036, 36924481, 3982885, 27784957, 26295849, 4454967, 36117850, 16411990, 32897214, 2771984, 27951526, 424474398, 28644437, 32619054, 34324602, 26633688, 27946938, 471969020, 449412808, 471969786, 29001990, 26633698, 28113187, 27492533, 29713344, 440353010, 34998386, 26531283, 32334374, 28303867, 27876986, 26495538, 38673676, 28263911, 38018774, 29829151, 32958672, 28912996, 401382225, 5109858, 28854408, 29414516, 29922416, 30590630, 1923489, 1414841, 33937011, 31165227, 33404158, 36117857, 29849632, 31674997, 27609451, 17075871, 26365325, 26365326, 26365327, 26365328, 26365329, 26365330, 26365331, 26365332, 26365333, 26365334, 26365335, 26365336, 26365337, 26365338, 26365339, 26365340, 26365341, 26365342, 26365343, 26365344, 26365345, 26365346, 26365347, 26365348, 26365349, 26365350, 26365352, 26365353, 26365354, 26365355, 26365356, 26365357, 26365358, 26365359, 26365360, 26365361, 26365362, 26365363, 26365364, 26365365, 26365366, 26365367, 26365368, 26365369, 26365370, 26365371, 26365372, 26365374, 26365375, 26365376, 26365377, 27544802, 408943395, 27890932, 25862810, 27919267]"
3009713464,v摇乐yl-今天上头了吗,"日常蹦迪很nice的合集
蹦迪歌单 建议收藏 ! 记得关注 ！","['流行', '摇滚', '酒吧', '酒吧']","[2027884248, 1343179789, 2040643678, 1388901704, 1896710802, 1998722993, 27218154, 1929711615, 1361804415, 1389134268, 1948217270, 1946234565, 469272379, 1806183952, 1488749604, 1452626927, 33404130, 28443150, 1849608842, 409647282, 1377131157, 1409241133, 1501126567, 34964682, 1845568392, 1894326425, 1836838897, 1479536243, 1853338162, 1852710848, 1432160937, 1387592205, 1843364976, 1327492511, 1465797889, 1844721445, 1894320268, 1874404426, 1824277924, 1898033450, 1888426982, 1935906798, 1456542323, 1396535922, 1465016081, 1836119862, 1854553480, 1824622772, 1823015837, 452804887, 1808595213, 1808600180, 1836108206, 1840651416, 538795126, 1314453682, 1860260908, 1856791358, 1846651938, 1436422972, 1851243676, 452804088, 1820479059, 1365106883, 506092057, 1392049224, 1452418989, 1439513302, 1409091881, 1406091257, 452997446, 864107681, 1804896969, 1810190744, 1811335682, 2309923, 1835711337, 1818096430, 542965929, 450048436, 417595251, 409650792, 464377976, 452814012, 1462637539, 1826992632, 451126598, 1403230889, 1395852485, 1446054012, 452804402, 23598844, 16621540, 1449572738, 4346391, 1832122835, 1401696931, 1359232607, 436147765, 1475630614, 1448260853, 451703369, 5103212, 504587556, 1814312130, 1339593096, 27951526, 446732264, 464377930, 464553014, 1804132144, 1807550736, 1406498994, 1305644204, 1456239946, 1460273727, 451991547, 1351225950, 567958208, 1436778254, 1399891888, 1451401212, 1443221828, 1399705818, 1451156346, 1399705832, 1466823955, 1351135518, 514821885, 1377289570, 1472260280, 1472259454, 34057469, 1403094617, 1451396789, 1393018778, 1452228045, 1449559688, 1404743906, 1479206978, 38679666, 452997240, 1474589142, 1474587002, 1474336599, 1474586910, 1479677872, 1450445206, 553764951, 1430614376, 456381023, 406300830, 1481657185, 495220278, 1465230507, 451521293, 1452420613, 428350523, 1323304754, 1371331280, 1398880002, 36117852, 1404746240, 462861055, 452804254, 1369665782, 36117854, 1449839275, 507798041, 451703229, 561488093, 1316159758, 1444442646, 1450791349, 32317081, 1419407098, 1458314796, 486194931, 520928254, 1363303476, 1386072704, 553933113, 442562232, 1396536018, 1397132512, 1401271874, 464553013, 452608972, 1394176753, 555942991, 864099977, 863929482, 570918885, 487587547, 428442780, 1401434036, 1294184834, 1392476136, 501008676, 1401905950, 467590851, 1313402183, 1363553374, 1425786952, 862763655, 1393662384, 449824790, 541364972, 465973314, 523892018, 1391126583, 409941678, 545799876, 475279147, 1399072404, 1399368360, 488986816, 1384327184, 1377530437, 1329439016, 28060006, 412911838, 26494213, 1352807528, 539907313, 1405130828, 26613245, 414979759, 500858310, 37240360, 1361270584, 452608651, 31674997, 399552077, 26525833, 518763803, 34014648, 452986349, 452608652, 463843008, 451703126, 462857137, 864993835, 1369673850, 1401919570, 1358598113, 468517639, 864107718, 1410210989, 1391281654, 426342074, 1386973160, 471763516, 462523478, 441618754, 1367253982, 1380302663, 1349004565, 1399837896, 442493680, 1342566625, 1332398606, 445124191, 1333356738, 1333361383, 1413362292, 1371258414, 35030195, 452814193, 463840641, 451701612, 453185968, 462516594, 1316061937, 1365036566, 1398480253, 462523503, 451520116, 1368327803, 1315236328, 405568029, 452997692, 444356238, 28303867, 1314811712, 442493530, 1334276631, 452986223, 1368324900, 478419032, 451445556, 1398513971, 1364800274, 1400229655, 434871523, 1386946638, 469272365, 520242684, 468270904, 1349621803, 1328545056, 467595799, 1361975987, 1383615218, 459069298, 1340128424, 1363980804, 1347697257, 444323862, 1367465035, 25702234, 469410278, 863967331, 26021693, 512834513, 447925850, 451782675, 452997679, 462861083]"
8384444069,bbno$巡演歌单,按前几场的巡演的歌单排的序，准备看现场的复习起来叭！,"['欧美', '说唱', '酒吧', '酒吧']","[1428666410, 1349878972, 1828910181, 414980657, 438466205, 2026666937, 1449566876, 1935582993, 1813555900, 1861126812, 1884951213, 1368704646, 1410364201, 1983683125, 1884951572, 2022142345, 1373835581, 1957943027, 1984803898]"
