7687657413,【小众韩语】温柔女声，婉转旋律,"沉睡在喧闹的色彩里，
公交车载着夜色前行，
城市里阑珊的灯火温柔地铺展开来，
等到灯火灿烂，
瞬间绽放。

听听温柔的小姐姐们，
晚安～(｡･ω･｡)ﾉ♡","['韩语', '流行', '清新', '韩语']","[488388990, 5416794, 2001378750, 26121832, 2000672749, 409931677, 459139189, 431853906, 5382618, 5398877, 28253764, 5350237, 26130024, 1367377999, 31140082, 34324939, 31168543, 5407959, 5391985, 1333391866, 422094731, 421160568, 437856016, 1306000831, 407007748, 31545091, 33394013, 5351504, 446875882, 417859306, 473873535, 32431951, 1331805377, 32431947, 522429702, 446732133]"
33334885,东方神起❤出道到现在的歌❤【TVXQ】,"TVXQ！【♪从出道到现在所有的歌♪2003.12.26—】不断增加中٩(๑´3｀๑)۶
","['韩语', '日语', '流行', '韩语']","[2071238088, 2071238089, 2071238090, 2071237459, 2071238091, 2071238092, 2075466303, 2075466304, 1818073833, 22638343, 1485690289, 1969083084, 2044821199, 2045074875, 2009587799, 2009587801, 1955917591, 526470481, 526472438, 1906993355, 1906998207, 1906998209, 28188080, 28188085, 28188088, 1814846413, 1371382282, 1371378634, 1371378635, 1371382284, 1371382285, 1371382286, 1813219751, 1813219752, 1813219753, 1813219754, 1813219755, 1495077821, 1438260543, 1438261501, 1438260544, 1438260545, 1438261502, 1438260546, 1911608925, 1911609813, 1911609814, 1911608926, 1911608927, 1911609815, 1937694357, 1928767949, 1928767950, 1928765228, 1928767951, 1915904158, 1905165942, 1862847011, 1862846165, 1862846166, 1808317482, 1808317523, 1808319224, 1494262190, 1494261495, 1494261496, 1494261497, 1490655179, 1488270897, 1431918671, 1431918673, 1416567315, 1416566107, 1416566108, 1416566109, 1416567316, 1351253732, 1335661121, 1335661120, 1335661119, 1335661118, 1335661117, 1335661116, 1335661115, 1320101051, 1320098046, 864100287, 863515458, 548145533, 548145534, 548145536, 548145540, 548145541, 548145543, 548145535, 548145538, 548145537, 548145542, 548145539, 28590255, 26349278, 26349285, 22644168, 5373055, 5373066, 33361706, 22644264, 5373723, 5373724, 5373791, 5373826, 5373827, 543612296, 22644279, 22644295, 22644291, 5373879, 26158512, 543612295, 524003521, 509512432, 400291026, 400291025, 400291027, 400162977, 400162975, 450048364, 508905562, 26274027, 22644261, 5373722, 5373822, 27902198, 27902197, 27902199, 27902200, 22638333, 34324951, 589426, 26551819, 22638370, 22638372, 30830893, 30830884, 30830885, 30830886, 30830887, 30830888, 30830889, 30830890, 30830891, 30830892, 30830894, 30830895, 557251341, 28188087, 30830896, 25714239, 22644155, 22644157, 26349287, 33024129, 5372359, 22644145, 22644149, 22644153, 22644151, 22644152, 22644144, 22644146, 22644150, 22644148, 28188081, 28188082, 28188083, 28188084, 28188086, 28188089, 28188090, 28188079, 28590269, 28590272, 28590273, 28590274, 28590279, 28590281, 28590282, 28590252, 28590253, 28590254, 28590256, 411356973, 22644201, 22644209, 22644208, 5373067, 22644202, 25730854, 4896986, 22644207, 22644199, 447926689, 445153117, 434659704, 434550855, 434659703, 434550856, 433018441, 31654069, 409031105, 34916018, 412902559, 412911499, 410519083, 410519084, 412902560, 410518077, 410518075, 410518074, 410518073, 409647462, 417250274, 417247312, 417247311, 421148521, 414980360, 414980361, 414980364, 414980365, 414980366, 414979345, 414979344, 414979342, 414979343, 414980363, 414980362, 414979341, 414980367, 409647817, 34200540, 34200541, 34200542, 34200543, 34200544, 34200545, 34200546, 34200547, 34200548, 34200549, 34200550, 34200552, 34200553, 34200554, 34200555, 34200556, 34200557, 34200558, 34200559, 34200560, 34200561, 34200565, 34200566, 34200567, 34200568, 34200569, 34200570, 34200571, 34200572, 34200573, 34200574, 34200575, 34200576, 34200577, 34200578, 34200579, 34200580, 34200582, 34200584, 34200585, 34200586, 34200587, 34200588, 25694401, 414980743, 414980744, 411314521, 411315493, 409647268, 409646278, 409646279, 409647460, 409647461, 410518076, 410519082, 417247030, 417250033, 417247031, 417250034, 417247032, 417250035, 417247033, 417250036, 417247034, 417250037, 417247035, 417250038, 417247036, 417250039, 417247037, 417250040, 417247038, 417250041, 417247039, 417250042, 417247040, 411314515, 411314516, 411314517, 411314518, 411314519, 411314520, 411314522, 411314523, 411314524, 411314525, 411315486, 411315487, 411315488, 411315489, 411315490, 411315491, 411315492, 411315494, 411315495, 411315498, 22638375, 34578190, 37092432, 37092046, 35956096, 402073911, 402073912, 402073913, 402070937, 402070938, 402073914, 402070939, 402070940, 402073915, 402070942, 401250434, 402070941, 38673709, 38679698, 38673710, 38679699, 38673711, 38679700, 38673712, 38679701, 38673713, 38679702, 38673714, 38679703, 38673715, 38679704, 400690415, 400690416, 400689427, 400690425, 400689439, 400690418, 400689430, 400690413, 400690419, 400689425, 400689428, 400689426, 22644166, 22644178, 22644167, 22644185, 22644194, 22644190, 26215090, 26215091, 26215092, 26215093, 26215094, 26215095, 26215096, 26215097, 26215099, 26215098, 26215100, 26215101, 26215102, 26215103, 26215104, 26215105, 26215107, 26215106, 26215108, 26215109, 26215110, 26215111, 26215112, 26215113, 26215115, 26215114, 26215116, 26215117, 26215118, 26215119, 26215120, 26215121, 26215122, 26215123, 26179701, 26179702, 26179703, 26179705, 26179706, 26179707, 26179708, 26179710, 26179711, 26179713, 26179716, 26179715, 26179717, 26179718, 26179719, 26179721, 26179722, 26179723, 26179724, 26179725, 26179726, 26179728, 26179729, 26179730, 26179731, 26179733, 28590267, 28590275, 28590276, 28590251, 36664447, 36924477, 36198176, 37202436, 36867959, 35307425, 37206199, 36921540, 35617055, 35618020, 36924967, 37092040, 36924968, 37092041, 36924969, 37092042, 36924971, 37092043, 36924972, 37092045, 36924973, 35956090, 35955104, 35956093, 35955106, 35956094, 35955107, 35956095, 35955108, 35956097, 35955110, 35955109, 36496705, 35527495, 35527494, 35527492, 35527491, 35528478, 35527493, 35528479, 35527496, 33223394, 33255555, 33255553, 33255550, 33255546, 33497496, 33255578, 32922480, 34723961, 34723962, 33255643, 33255644, 33255645, 33255646, 33255647, 33255648, 33255649, 33255650, 33255651, 33255652, 32358410, 32358397, 32358398, 32358399, 32358400, 32358401, 32358402, 32358403, 32358404, 32358405, 32358406, 32358407, 32358408, 32358409, 31563252, 25721098, 30394053, 31168735, 30352432, 30352434, 29760022, 22814054, 22638358, 5397139, 22742550, 25638555, 28391119, 27906371, 29717150, 29717151, 28310855, 29713922, 28606369, 5390317, 5390300, 22843000, 22814085, 22808495, 22638383, 22638387, 5399726, 26420100, 26620574, 26620575, 26620576, 26620577, 26620578, 26620579, 26620580, 26620581, 26620582, 26620583, 26620584, 26584244, 28111953, 28111954, 28111955, 28111956, 28111957, 28095030, 5399728, 22843748, 777477, 5391921, 22842265, 22842263, 22842264, 22742576, 22638363, 22638371, 22638365, 22638367, 22638364, 22638373, 22638368, 22638369, 5380900, 5380901, 5380902, 5380903, 5380904, 5380905, 5380906, 5380907, 5380908, 5380909, 22638336, 22638334, 22638342, 22638325, 22638318, 22638321, 22638324, 22638320, 22638326, 22638322, 22638323, 22638319, 28854101, 28854102, 28854103, 28854104, 28854105, 28854106, 28854107, 28854108, 28854109, 28854110, 28854111, 28854112, 28854113, 27725206, 328706, 589418, 5397544, 28643014, 4897195, 22814066, 5390696, 5390678, 5390683, 22814032, 22814083, 22814068, 22814064, 22814059, 22814060, 22814050, 22814047, 22814045, 5390386, 5307911, 28798244, 26127995, 5334949, 22641293, 22641302, 22641296, 22641298, 22641294, 22641303, 22641299, 22641300, 22641297, 22641304, 22641301, 29005249, 28242309, 28288428, 28310869, 28590263, 28590260, 28590258, 28590257, 28590278, 28590261, 28590268, 28590270, 28590271, 28590280, 28590250, 28590277, 28590259, 28590264, 28590265, 28283439, 28283440, 28283441, 28283442, 28283443, 28283444, 28283445, 28283446, 28283447, 28283448, 28283449, 28283450, 28283451, 28283452, 28283453, 26110420, 26110421, 26110422, 26110423, 26110424, 26110425, 26110426, 26110427, 26110428, 26110429, 26110430, 26110431, 26110432, 5372350, 5372353, 26349277, 26349279, 26349281, 26349283, 26349284, 26349286, 26349288, 26349289, 22644162, 22644156, 22644158, 22644160, 22644164, 5372471, 22644180, 22644173, 22644183, 22644165, 22644193, 22644184, 22644177, 22644187, 22644169, 22644182, 22644171, 22644196, 22644188, 22644181, 22644191, 22644172, 22644175, 22644186, 22644170, 22644197, 22644192, 22644176, 22644179, 22644174, 22644198, 22644189, 22644195, 5373045, 5373048, 5373052, 5373057, 5373059, 5373060, 5373061, 5373062, 5373063, 5373064, 5373065, 5373068, 5373070, 5373071, 5373072, 26179704, 26179709, 26179712, 26179714, 26179720, 26179727, 26179732, 26179734, 26179735, 26179736, 22644247, 22644253, 22644249, 22644248, 22644251, 22644257, 22644255, 22644250, 22644259, 22644256, 22644254, 22644260, 22644258, 22644262, 22644263, 5373719, 5373789, 22644273, 22644266, 22644268, 22644265, 22644275, 22644269, 22644271, 22644276, 22644272, 22644274, 22644270, 5373823, 5373824, 5373825, 5373844, 5373845, 5373846, 5373847, 5373848, 28613131, 22644282, 22644278, 22644277, 22644284, 22644281, 22644283, 22644290, 22644286, 22644288, 22644285, 22644294, 22644289, 22644292, 22644287, 22644297, 22644293, 22644298, 22644296, 5373874, 5373875, 5373876, 5373877, 5373878, 26158508, 26158509, 26158510, 26158511, 22644280, 28211169, 28211170, 28211171, 28211172, 28211173, 28211174, 28211175, 28211176, 28211177, 28211178, 28211179, 28211180, 28211181, 28211167, 28211168, 26133844, 26133847, 26133850, 26133848, 28832319, 28640203, 5399729, 5392241, 27810683, 5307893, 25714263, 26133849, 26133846, 26133845, 5373788, 5373069, 22644267]"
2551687375,〖韩流〗 kpop流行曲风,"kpop人的专属
F(x):本命女团
歌单顺序：女团➡➡男团
（个人向）","['韩语', '流行', '韩语']","[2084732462, 1865938167, 2071243601, 2029927298, 2025242657, 2025240170, 1466916129, 1999817550, 1436264336, 1851682260, 2034781741, 508905533, 1407767394, 2011576114, 1827038717, 1844442254, 1844442265, 491950112, 1377137007, 27630288, 5381329, 35956186, 22735505, 27511866, 28768726, 22735492, 22735485, 22735518, 26562615, 5381347, 28768727, 28768730, 422094569, 27514438, 27514439, 22735514, 35956189, 28768734, 22735504, 22735515, 22735488, 22735508, 28768733, 35956187, 35956192, 27514442, 22735512, 22735484, 22735517, 22735509, 27511877, 27514437, 28768736, 30621297, 26082036, 22735051, 28274502, 34014848, 33035717, 495542095, 495220612, 5376351, 34014845, 26380151, 26135281, 26165928, 26165929, 33991953, 5376364, 31370498, 26136928, 26133356, 26082218, 1307601031, 1969327238, 28274503, 29428321, 34014847, 28274505, 28075465, 423997534, 35090760, 419115026, 1920339780, 1859122258, 1399689789, 1353010539, 453927747, 29378380, 5376238, 37856990, 29378384, 5376239, 29375001, 515647526, 1360662681, 1963067148, 1838203434, 2046058305, 1392772737, 1323035774, 410801515, 460514685, 551340976, 1856569828, 1805304924, 1452464694, 1490122066, 1843254547, 1951214168, 1927631485, 30569115, 26355212, 402070045, 30569116, 28306404, 22761600, 26259935, 475207742, 1294556650, 475207741, 423406116, 5348862, 522351083, 25655003, 5348853, 423406117, 28850659, 502238346, 502238344, 502228356, 34072520, 22843672, 27896639, 22843671, 1307374415, 1307376239, 500410198, 1820944399, 1863138476, 531295474, 1958105903, 1912898406, 1411709714, 437856612, 1324880131, 1899273995, 1877029917, 2035161156, 1827038716, 424477572, 424474635, 437856611, 485960255, 573577071, 1458482960, 1357116203, 1484052706, 1973633315, 1981813580, 573581048, 1484050926, 1357116204, 1352975729, 1321033921, 1357116205, 573577072, 1451492235, 573583072, 1484052704, 1484052739, 1981813581, 1981814200, 1981814203, 1981813582, 1474621418, 455311480, 1372796122, 34532022, 31010805, 28870222, 1411586102, 1869975831, 1297744010, 533455456, 1372796123, 1329719510, 519250358, 489037240, 429210072, 2045929603, 1962315917, 2045931417, 1885142049, 1845452960, 1496086378, 1885142050, 2045929602, 1952507458, 1905106688, 1962315919, 1958690911, 1909014356, 1380908251, 1429450801, 1343027757, 1927421969, 1989385007, 2063542252, 1435996622, 1811118559, 1811118553, 556203086, 1374217593, 1348587670, 556203085, 1300885831, 1811118551, 1435998275, 1858811230, 1313363191, 1435996552, 1348588601, 1947530602, 1473862002, 1348588599, 1858811967, 1858811233, 1342988753, 31066465, 1389040913, 1368130091, 1342990388, 454069664, 537854263, 1475847808, 494865726, 1998874975, 2014227030, 2014227965, 2025227742, 1442010549, 1842022715, 1475993250, 1442013358, 1422452331, 1384999802, 1419772622, 1419769946, 1419772602, 1352541008, 470795742, 36841019, 29011143, 516358747, 1326027044, 31384908, 28196629, 28798485, 28182120, 26145359, 33024147, 22669773, 26620336, 506339101, 463840738, 1337268383, 22704402, 22704426, 22704468, 27808770, 33682508, 22704447, 27506041, 22704409, 22704424, 2006865725, 1486520860, 1995503902, 22846999, 1320122375, 5341517, 27808851, 26230519, 1368592119, 1885074740, 1351449124, 28283327, 36921713, 26418386, 5416343, 5415898, 28283324, 22789468, 5365723, 1379095243, 549664204, 1920863738, 1963074339, 1457757763, 495468596, 402070263, 469699065, 495468595, 5374627, 425280805, 1322228464, 555975205, 1332662879, 491484151, 25779030, 31209332, 416531317, 1406263727, 31191712, 32408433, 491484150, 574919820, 29814594, 28497217, 430208595, 26428003, 555975204, 28068785, 38392808, 29814572, 526081121, 26428032, 1955953505, 1453341352, 1466915278, 1466893845, 1466916076, 1466921397, 1957818892, 2014282291, 1423947272, 411315794, 506094567, 1303026560, 411315796, 28959188, 1845732498, 1859321161, 31654637, 506092588, 459139375, 1426865109, 411315797, 1423933886, 434550484, 27713469, 411314823, 506094568, 28242987, 1423947046, 1423947042, 434550485, 434659336, 37240486, 28242983, 459139374, 2074165638, 1947126193, 2069043263, 1906998206, 545350352, 2007351317, 1428746773, 1857054605, 1497588389, 1450776084, 1377137655, 1499319921, 1845740923, 513336124, 28949600, 22761924, 32102385, 29428324, 22761945, 33599084, 26484764, 5392355, 33190814, 551842780, 516358600, 5391284, 1830049600, 5391914, 5391574, 22644200, 548145534, 32922450, 22673551, 445844854, 31789317, 5365994, 445845798, 22833463, 29750100, 22833493, 27694132, 534064158, 546722462, 1311347412, 1449107651, 1349914143, 1449107660, 1945912984, 1922445457, 1496480688, 1496480687, 1866878267, 1496481221, 1496480686, 1863403585, 1423946152, 459159224, 31654641, 28959189, 26505895, 1834176131, 1323303094, 430043315, 1410242048, 429769490, 434981264, 1381583269, 1361005076, 1361005088, 1361002917, 1361005084, 1336855544, 1397118776, 1361002902, 1397118775, 28949565, 1872056790, 22826954, 26173033, 1808533649]"
87936922,韩语// 不插电版歌曲合集,"历时三天终于整好了~不插电版的韩语歌曲合集 这里面都是Acoustic版的歌曲 基本上是一个一个歌手的歌曲翻着找的 希望没有漏掉的了 通过大家的帮助 已经基本收齐了

还有就是里面有几首是Unplugged版本的歌曲 有点不是很分得清这两个版本的区别 所以就放进来了

acoustic版和unplugged版的歌曲我放在一块了 不插电似乎指的是acoustic 但是两个版本的歌曲又有共同之处所以就放在一个歌单里面了 如果有了解的人可以科普一下就好啦^^

前面一半是不插电版的歌曲 后面一半是不插电版歌曲的原版 因为考虑有收藏的人会想知道原版是怎样的 所以就把原版放在后面了 可以对比着听哦~【ps有几首找不到原版的 sorry】【没有版权歌曲已移出歌单】

歌曲我按照组合/歌唱/个人分类好了

希望大家喜欢啦!!

建单时间：7.6","['韩语', '夜晚', '流行', '韩语']","[22673478, 36871057, 399354281, 399366266, 401250125, 36841117, 401250128, 401250129, 36871049, 401249138, 32835967, 22826962, 28283331, 28242086, 407679876, 33544121, 33544120, 33544122, 401722017, 22774990, 22730407, 5365865, 22693082, 22693081, 5397651, 36871089, 5395766, 5367715, 25706261, 25726242, 29755218, 32451183, 34614996, 32102493, 22833781, 28631344, 32574193, 27526264, 28256561, 26179558, 28593161, 22843059, 22832701, 28803109, 28864411, 5413319, 32639066, 32619346, 32897900, 25720009, 5318287, 5320802, 5307977, 22748315, 30394732, 35527496, 35528479, 35527493, 5307934, 27667161, 26113779, 5397198, 5399795, 5346798, 29732134, 38494797, 22835414, 25714244, 25721088, 26335300, 22789968, 29732204, 5412105, 28285339, 33035140, 5336224, 33887872, 5358239, 5295087, 26115734, 5402603, 37955058, 37988013, 28095601, 5313106, 28863152, 29710800, 26137608, 26093656, 29710801, 27506240, 28287097, 28267513, 5309391, 5303402, 28288714, 25645647, 25645640, 25645639, 5399182, 5349754, 22673504, 26528952, 33111597, 33111596, 33111595, 22835574, 22826963, 28283324, 22642012, 26418348, 29719782, 28686798, 28196629, 22775003, 5407493, 22844373, 5394473, 5394471, 5397650, 28828378, 26128267, 22714542, 25706260, 25726240, 22783947, 32451182, 34614989, 32102488, 5366573, 28631343, 32574188, 26528968, 26129769, 28593159, 22843064, 5381027, 28803104, 28706838, 5413342, 32639065, 31352391, 32897899, 25719009, 34923459, 34923458, 5318285, 5320824, 5307968, 31140819, 30148006, 30830886, 26620578, 22641293, 26305291, 5402939, 5307932, 5399787, 22677883, 29572212, 22835417, 5380252, 26127861, 26335304, 22789961, 29732205, 5330463, 5399287, 33035139, 5336222, 5358261, 26278377, 26314128, 5404027, 27853756, 5313105, 28563004, 29710794, 26137600, 26093654, 29393565, 27506227, 28193453, 5309430, 26123390, 28288713, 25645665, 25645655, 25645662, 5399180, 28267516, 5349753]"
7648180047,「大热歌单」精选Kpop人必听50首舞蹈歌曲,"【精选Kpop随机舞蹈歌单】

50首必听的韩团爱豆舞蹈歌曲 
唱歌｜跳舞｜健身｜走路｜骑行｜多场景听歌！

感受音乐带来的魅力叭！","['韩语', '舞曲', '运动', '韩语']","[1829768997, 1962041186, 1974391192, 22673326, 22843672, 423406117, 1321385655, 1818844879, 1899273995, 33991953, 26082036, 1428746773, 1411586102, 1496086378, 1885142049, 1845452960, 31191712, 555973319, 522351083, 34072520, 502238344, 1863138476, 1385560363, 1483724289, 31654637, 434550484, 1957818892, 486922569, 1344353923, 1951214168, 573577071, 1474621418, 1357116203, 424474635, 1484052702, 1484052706, 1325898350, 555975204, 29814594, 26428003, 29011143, 39224325, 511975049, 1438489454, 29535435, 1931025087, 1435122168, 533455456, 1496664369, 1974391193]"
8759202395,Bubblegum Pop‖进入梦幻节奏之旅,"欢迎来到充满甜蜜泡泡的Bubblegum Pop歌单！在这里，我们将带你穿越彩虹般的音符，感受那些轻快、欢快的节奏。从经典的夏日流行歌曲到最新的热门单曲，这里汇集了各种让你心情愉悦、充满活力的音乐。快来一起摇摆起来，享受这个充满阳光和正能量的歌单吧！

介绍:
‖Bubblegum Pop类型的歌曲总是让人感到快乐和轻松，它们有着明亮的旋律和朗朗上口的节奏，让人忍不住想跟着一起跳舞。这种音乐风格通常伴随着简单的编曲和流行元素的融合，创造出一种欢快轻松的氛围。‖","['韩语', '流行', '兴奋', '韩语']","[22704426, 1337268383, 417250210, 1300381755, 529391264, 430043325, 473571148, 1382384475, 1920807867, 495542095, 26136928, 22735051, 28870222, 455311480, 34532022, 463840738, 1414272968, 1811170288, 574919820, 1842022715, 2077993569, 1322228464, 410628021, 1944738382, 1297744010, 1808532193, 26082036, 2072280601, 29011143, 537767078, 1416321405, 1951039270, 2007351317, 5367010]"
8832095694,我只是一个爱发疯的小女生罢了,没关系 情绪稳定一分钟已经很厉害了,"['欧美', '韩语', '流行', '韩语']","[491233901, 1444460979, 2024627259, 26428002, 526081121, 1932560427, 1497588386, 555973319, 469699065, 31090820, 28391037, 2075591804, 5341517, 1811909303, 417859045, 429210072, 27694132, 442589023, 491484150, 1313584359, 28923009]"
8224284731,韩语|氛围rnb,会放一些个人很喜欢的韩语rnb,"['韩语', 'R&B/Soul', '韩语']","[2064538132, 1407808819, 1488564415, 2091681895, 2100969366, 2067684860, 2067685737, 492833076, 492833081, 516358295, 1365609524, 2023956317, 1481691414, 2075591804, 1833656268, 1975281811, 1390451442, 1923183710, 1963074342, 1869973060, 2002420281, 573656516, 1424077728, 1816666916, 1970579807, 1394492968, 2036845760, 2036841412, 2036841413, 2036845761, 2036845762, 2036845763, 2036841414, 2036845764, 2036841415, 2036845759, 1394492969, 1488679199, 2004678547, 1334270566, 1855105167, 1300592530, 502228092, 1452906995, 1356327648, 401386064, 1927132209, 1450776085, 1373801007, 1378642468, 1921438302, 1922348978, 1878238373, 1301572216, 1461126017, 519909078, 1420972317, 1944022299, 1913861787, 401382308, 407679168, 407679164, 525721542, 489998512, 1993098936, 1993095180, 1448283124, 1993098935, 1943347061, 1837029625, 1848832016, 1871206601, 1848829617, 1874903493, 1877505587, 1387179511, 1980556863, 1980556861, 1961313118, 1470070422, 1811160891, 1836580591, 1956535461]"
6890466986,【韩语精选】入坑上道必听的KPOP,"封面：TREASURE 滨田朝光（ASAHI）
具体我是怎么入韩圈的呢，请耐心看下去吧——
小学的时候就有接触过EXO，BIGBANG，少女时代，f(x)这些韩团，但只是听过一些歌，并没有太了解，那时候很喜欢权志龙，后来呢就开始粉内娱了。

第一次入韩圈，大概是2020年，那时看韩剧，就刷到了一个舞台,感觉很帅气，就去考古了PRODUCE202,结果一口气看完了，当时很喜欢wanna one，团综啊什么啊也都有看，解散之后也挺难受的，（一边看解散演唱会一边哭泣，想着以后再也不搞限定团了，眼泪不值钱啊...）

那年看了青你2，很喜欢LISA，就开始慢慢了解BLACKPINK，觉得她们都好美啊，开始痴迷于dududu和kill this love，开始喜欢BTS，TXT和红贝贝...之后听了新飞(N.Flying)的屋塔房，这是我第一个喜欢的韩国乐队，另外现在也非常喜欢炽黛和娃（女团博爱哈哈）

现在次的HOT入坑，看了going，喜欢上SEVENTEEN，一天就认全了，我发现我很喜欢大型团，还有TREASURE,看他们录综艺很吵很快乐。

目前是次盒双担好感划档

韩圈真的很神奇，刚入韩圈的姐妹听这些歌曲就够啦，当然我入韩圈的时间也很短，希望这些歌曲带你入坑韩圈。(很可惜好多歌在网易云没音源)

最后，请在评论里说出你的入坑韩团和你担吧。","['韩语', '流行', '兴奋', '韩语']","[2088796928, 2068166050, 2068166057, 2068166051, 2071243601, 2008901013, 2045931417, 2040016321, 2035161156, 2059550743, 2014227030, 2014227965, 1996714080, 1500463881, 2018458267, 1878885378, 1878888958, 1981834077, 2009958860, 420513179, 2002420279, 1497588389, 1377137655, 1450776084, 1806110367, 2025227742, 1999626523, 1999630183, 2007351317, 27694132, 27676680, 1989385007, 1981813580, 1981814200, 1981814201, 1484052702, 1484052706, 485960255, 1496481221, 1949025730, 1927421969, 1325898350, 28391038, 1411586102, 1930242671, 533455456, 489037240, 1869975831, 1398835422, 1893692796, 1404511131, 1815389717, 1316563427, 1890748182, 1865938167, 1899273995, 2042327111, 2028319492, 1987808085, 1811171412, 1920863559, 1920863738, 573577071, 424477572, 437856611, 573581048, 1496086378, 1845452960, 1905106688, 1885142049, 1952009654, 1988865563, 1935204029, 1889713513, 1961529467, 28923009, 1334270184, 469699065, 495468596, 28923016, 1849100007, 1336789882, 34614970, 25864473, 1827038717, 1827038716, 1324880131, 1877029918, 1877029917, 1307376239, 28613217, 1998874975, 491484151, 526081121, 555975205, 1332662879, 26428005, 26428032, 1920339780, 1348548801, 1449107660, 1349914143, 1398270220, 545350357, 1307718842, 1857054605, 1380326644, 22789468, 22789475, 33035717, 33991953, 495220612, 32408002, 5366197, 31789317, 32922450, 32102385, 22761985, 22761945, 27506041, 1811118551, 1300885831, 556203085, 1336855544, 1361002902, 1397118776, 1416378346, 1436264336, 479938130, 535793037, 516358593, 5391914, 33190814, 5392355, 506094567, 459139374, 434550484, 863046037, 35956186, 38679968, 549664204, 1483218557, 1378220830, 1411709714, 1932560424, 1428746773, 484249874, 545350352, 463840738, 1854176571, 1352975734, 1442013358, 1442010549, 1842022715, 1475993250, 1958105903, 500410198, 1820944399, 1483244527, 425828602, 526904859, 1821026435, 1875964868, 1835855698, 1494808885, 1339978816, 1445785637, 1370468349, 1413820569, 1339100688, 1379719886, 1432234863, 400581140, 1347227665, 1415159860, 1347227663, 1493962473, 30070908, 400876567, 1361945873, 1385182085, 29011143, 1475847808, 1342988753, 414586175, 1311347412, 573582313, 1323301539, 573583330, 412902496, 32752206, 30569115, 28211122, 402070045, 1815107422, 1406500058, 1421990254, 558560813, 399405282, 26128872, 22843672, 29535437, 29535435, 1415813451, 410629770, 522351083, 502238344, 34072520, 1337268383, 26089233]"
2648899678,超有feel的韩国男团舞曲【持续更新中】,每一首都阿 朱奈斯。你值得拥有！,"['韩语', '流行', '舞曲', '韩语']","[1436264336, 1469040574, 1365471642, 1811171412, 29814594, 26484764, 1298130821, 495468595, 555975205, 2068166050, 1920863559, 27694132, 32102385, 533017594, 551339350, 513336124, 2073903152, 2079467701, 1843731573, 1444460977, 1932562801, 1932560424, 1857056428, 1952009654, 1380326644, 1307718842, 1857054605, 1486518133, 1486513754, 409325023, 1486518136, 545350353, 1470976202, 1398836439, 1475603772, 1398835422, 1499319921, 2029927298, 1500463881, 2059550743, 2068166057, 1987808085, 1920863738, 1497588394, 1486518132, 1903395653, 1497588389, 1497586608, 545350352, 545350357, 427595408, 409061006, 26428003, 491484140, 1322228464, 29814565, 32408433, 574919820, 26428031, 416531317, 425280805, 491484150, 31191712, 555973319, 1332662879, 491484151, 22761945, 22761985, 22739438, 5391574, 551842780, 29019308, 5391284, 516358600, 33190814, 5391858, 27719323, 5391914, 5392355, 548145534, 22644145, 22644200, 1877228420, 411315794, 1420854183, 30854090, 29812486, 529824795, 1303027541, 31654637, 22826954, 1354645096, 1824976139, 1824976138, 1487896946, 1806884969, 535793037, 482131359, 1464091542, 415792900, 1320185104, 408328822, 431853645, 1337836311, 1349914143, 506092585, 1311345417, 1348339157, 1311347412, 1374455273, 1374455271, 506092588, 33111608, 464674441, 506094568, 1357652429, 1380584053, 1313102159, 516358590, 27804103, 419594404, 34999463, 479938130, 459139375, 411314827, 411314823, 411315796, 411315797, 411315791, 506094567, 434550484, 549664204]"
8821640854,安七炫‖合集歌单，更新中，面具,"有没有循环听到他的歌曲
不等更新，安时支持","['流行', '韩语', '治愈', '韩语']","[5292555, 5292589, 1979375940, 31452185, 2009587799, 25726881, 2009587804, 400162671, 573969603, 25726887, 25726883, 5292823, 5292838, 515143904, 22735077, 5292817, 5292560, 5336724, 1864910044, 1979374984, 5292567, 1998945407, 5292599, 25726885, 5292821, 25726886, 27902883, 5292815, 5292751, 1812164567, 438462686, 1979375938, 25726891, 5292811, 438462689, 1861126711, 25726890, 5375815, 5292832, 5292828, 5292826, 509135378, 438462685, 25726888, 5390959, 5292602, 5292454, 5292452, 5292448, 5292407, 438462687, 404182431, 25726894, 1979375939, 5292792, 5292790, 487598218, 25726892, 25726882, 2041721086, 1979374990, 1979374987, 1979374985, 5390805, 5292834, 5292824, 5292819, 5292809, 5292796, 5292795, 5292794, 5292793, 5292791, 5292789, 5292788, 5292778, 5292773, 5292770, 5292766, 5292764, 5292760, 5292755, 5292748, 5292596, 5292593, 5292571, 5292444, 5292439, 515143905, 509135379, 29717153, 25726893, 25726884, 25726880, 22814071, 22735063, 2041721087, 1979374989, 1979374988, 1979374986, 1948191446, 1911292798, 1886446722, 1864914922, 1864910045, 1832181463, 1832181462, 1812167628, 573969628, 5390990, 5390872, 5390731, 5390729, 5292836, 5292830, 5292781, 5292586, 5292582, 5292579, 5292575, 5292450, 5292446, 5292440, 5292409, 438462688, 25726889, 22814046, 22814030, 1886444302, 543656345, 5410197, 5390893, 5390698, 5390686, 487598219, 22814097, 22814095, 22814081, 1948193756]"
8399419323,韩剧《偶像升级计划》OST,"讲述偶像练习生Eden和同公司的明星前辈智勋的故事。
","['韩语', '影视原声', '韩语']","[2092174724, 2094145786, 2095793420, 2098154341, 2098154342, 2098154343, 2098154344, 2098155128, 2098154345, 2098155129, 2098155130, 2098154346, 2098155131, 2098155132, 2098155133, 2098154347, 2098155134, 2098154348, 2098154349, 2098154350, 2098155135, 2092175669, 2094141382, 2095793421, 2092481361, 1956321392, 2067841082]"
107711037,BIGBANG｜中毒节奏精选（含SOLO）,前奏一出就中毒有没有！节奏一听就中毒有没有！第一句开口就中毒有没有！旋律一听就中毒有没有！每首歌都好听有没有！摇头晃脑完全停不下来有没有！是的，爆炸就是有这么让人中毒的魅力（摊手）（这个歌单与我另一个爆炸的抒情歌单互补，选歌标准是我自己听了会想无.脑.摇.头.跳.舞的…）第一首用太阳的歌作为大家中毒的intro。歌曲顺序先团体后solo，solo顺序大致按年龄排列。,"['韩语', '舞曲', '说唱', '韩语']","[22845919, 5365985, 32922451, 5366613, 22673333, 5366004, 26166282, 32408002, 22673497, 22673546, 5366774, 22673473, 5366193, 5366618, 22673474, 22673571, 26155779, 5365926, 5365947, 5366851, 5366197, 16629774, 22673479, 5366654, 22673549, 22673506, 22673581, 22673512, 5367409, 22673580, 22673487, 22673502, 22673545, 5365991, 22673540, 5366875, 25864466, 25864468, 25864467, 33715026, 25864469, 27506226, 5332455, 27969764, 25864476, 449577727, 22833461, 27676679, 27694130, 27694134, 27694132, 22833490, 22833464, 27694136, 22833459, 22833493, 29750100, 28312041, 5331751, 27946788, 5331742, 5331749, 27511512, 28613218, 5331746, 27511499, 5331750, 28613220, 5366198, 22844648, 26608419, 27598291, 27598287, 26608423, 27598293, 27598288, 27598289, 26608418, 22673482, 31421170, 415793860]"
3060529761,女娃-GIDLE,女娃放心飞 奶味永相随=͟͟͞͞=͟͟͞͞(●⁰ꈊ⁰● |||),"['韩语', '流行', '运动', '韩语']","[2063542252, 1927421969, 1431797107, 1812954450, 1473866543, 1811118559, 1811118545, 1811118551, 1811118553, 1811118554, 1811118564, 1467168743, 1466857770, 1492022127, 1492022287, 1348588596, 1348588599, 1348587679, 1348588601, 556207085, 556203087, 556203088, 1435998275, 1435996552, 1435998367, 1435996622, 1435996669, 1395776084, 556203085, 1300885831, 1348587670, 556207084, 556203086, 1374217593]"
8831146424,Kpop女团 -免费 原声/翻唱 不断更新中,Kpop女团 -免费 原声/翻唱 更新ing,"['韩语', '流行', '韩语']","[2039125541, 2046411280, 2062167769, 1811118545, 1998803966, 1374217593, 1325711419, 1435996622, 1435998275, 1900165596, 1448194445, 1877939430, 1976724826, 1352975734, 502228184, 1397226690, 1325896374, 1944702370, 1902215069, 1844442265, 1982159227, 2007306615, 2026829945, 2026826438, 2026840236, 2026826434, 2078858942, 2078639731, 2078640378, 2078631236, 1416321414, 2101174834, 2102378564, 2026826435, 2026826433, 2026836049, 421203732, 1328921249, 1944418138, 1969117335, 1948200167, 2085425190, 2099787261, 2098624983, 1443866053, 2071245668, 1975670530, 2048347717, 2071243601, 1931551785, 1998753158, 2007772307, 2011604363, 2011611945, 2054841838, 2066121000, 1999366812, 2028319706, 1914966698, 2073118629, 1889632850, 2078693763, 1325898350, 2026820494, 1811118551, 1998874975, 2063542252, 1960118307, 1836046222, 1923114303, 1881551042, 1970609723, 2038642276, 1913883566, 2044406278, 2035745599, 1963162476, 1862548491, 1944702585, 1894278646, 2079387005, 2076761695, 2092891102, 2066260333, 2088313326, 2069229348, 1896883122, 1996426245, 1982153394, 1919002566, 2058427342, 2051050305, 556203085, 1968598930, 2044068242, 2041605745, 1887498929, 1982646973, 1920873807, 1959266199, 2002955324, 2044557148, 2047343258, 2075466624, 2047990689, 2025245041, 2083517173, 1947530602, 2085365486, 1991405922, 1944173963, 1970949235, 2047501260, 2071733564, 1965736391, 1998754217, 2051050252, 2092912737, 1865938167, 1930882578, 2066131497, 2044903769, 1942425507, 2002079348, 1935680971, 2034270483, 2038217300, 2083012866, 2070763868, 2072287104, 2085717051, 2066773834, 2065710577, 2090868102, 1890748182, 2078093203, 2077997988, 2078639633, 2078639894, 2072280601, 2077999441, 2077743588, 2078693734, 2026820481, 2027173991, 2044200355]"
5204185142,『K•Pop』蜜音萦绕 律动鼓点 随唱随跳,"辣妹们来一起跳舞！
该歌单收录女团精选或富有节奏感
适合跳舞的歌曲
韩文版没有的只好用日文版或者翻唱代替啦

封面不定时更换～","['韩语', '流行', '舞曲', '韩语']","[2014227030, 35956186, 1858811970, 1858811233, 556203085, 463840738, 1397226690, 1815107422, 1424258213, 537854263, 1863138476, 1339978817, 1813592671, 1411709714, 1421990254, 1435996622, 1394505259, 1368130091, 522351083, 1818844870, 1435996552, 1435996669, 1475847808, 1451492235, 22843672, 1312166523, 1863403592, 1342990388, 1414280386, 34072520, 1370696203, 1815101473, 1421012528, 1353014238, 1391258114, 500410198, 402070045, 516358747, 568207996, 1427963697, 1352975734, 1416321414, 1421273940, 467164355, 1396336244, 423406117, 1325896374, 1474880900, 1416321407, 1419772602]"
2958483562,少女心爆棚 | 超甜韩语歌|脸红的思春期,"不定时更新哦！甜妹必备～甜甜的恋爱，磕cp各种场景适用！舒适度百分百～skr～

最开始好多首的。早发现这个歌单的都知道每首高甜真的很宝藏！后来可惜好多无版权暂时清理了，but最近有部分版权逐步回归了～值得期待哦！依旧很甜～

整理不易！收藏好～

敬请期待～","['韩语', '浪漫', '清新', '韩语']","[1334248824, 28406972, 480768592, 30621273, 1942576027, 441566368, 2025227742, 28240315, 28738294, 1857492570, 513336077, 29751627, 1391666228, 35779017, 406393372, 511920904, 28465373, 1451214506, 554242625, 1476485421, 1497797017, 2036894489, 29375136, 425828129, 533017594, 1921251209, 569870479, 488647742, 38018909, 28391219, 36872591, 36841332, 1882307536, 473873434, 1822698030, 461124095, 33327120, 469699750, 863046037, 26115830, 1388710326, 1461126017, 499222224, 31517060, 1355164990, 5336489, 425137603, 1379095243, 1302184209, 28996317, 34057200, 470601316, 29732806, 22806980, 414586175, 479223501, 31245761, 28191934, 32977306, 1432234865, 461124325, 37240486, 1432234864, 1361156989, 29751630, 864639286, 1345336657, 26598520, 458697927, 449254451, 524003490, 22840623, 424264010, 26418355, 5404027, 26305925, 1358848647, 39443131, 26418242, 1341601718, 470601315, 1336407161, 1416378346, 547704867, 1384132460, 525721542, 29732222, 1343358357, 519941218, 27853684, 1341321543, 521418887, 30987373, 521493657, 1334246005, 1299983882, 30512960, 407677189, 528272395, 862105689, 29567603, 1298673199, 501220639, 518863391, 1309979995, 426881296, 509704378, 1311347412, 545414338, 474111202, 28798391, 488654422, 1301572216, 1304301318, 1334160495, 1336855544, 573583049, 501220638, 1297492148, 1316563427, 1297486027, 519943190, 1316563834, 1297532315, 480768595, 536622090, 1415626079, 1471962637, 1370932742, 1382338345, 1376680885, 555837598, 26528646, 1388813293, 1439142393, 1433795863, 1340569895, 1420415010, 1341158903, 1381368817, 1433795866, 482246461, 1360609245, 1345916143, 1363702588, 1347268898, 1340582599, 1361002902, 573428443, 1294165140, 474791932, 35848032, 28126835, 1412174589, 1370891135, 1404511131, 1351216800, 526464129, 1342767381, 1318610110, 31545822, 39436186, 1372343950, 1399630580, 547059234, 534544435, 1309814395, 558560814, 435004020, 410802485, 573430153, 1334818205, 1351607468, 1327643324, 573430152, 573428444, 473873430, 467590816, 473873431, 28557036, 1378436698]"
8755970520,｜韩国K-POP｜韩国音乐文化产业支柱,"韩国音乐文化产业的强大力量
韩国流行音乐（英语：Korea-Pop，简称K-POP，朝鲜语：가요）是一音乐种类。指源自韩国的流行音乐，是韩语、电子音乐、DANCE-POP、嘻哈音乐的结合……","['韩语', '电子', '流行', '韩语']","[32408002, 22644200, 5366197, 5391914, 22673504, 22761985, 22673551, 2075523606, 1375270512, 470795745, 5365987, 1351449126, 1914356661, 1321938532, 1857311472, 1878888958, 1836823157, 432792946, 2014227030, 1379095243, 1999014842, 1416761359, 1456166407, 1300381755, 1307374415, 22714547, 1475994088, 1995503902, 469249966, 1307718842, 1903395657, 1428756126, 414980358, 453927747, 29825364, 479938054, 1352830414, 495542098, 1441947245, 445845796, 1958105903, 1378220830, 1497586614, 1833653280, 1377137659, 1450776087, 437856612, 1877029918, 1920863738, 26418386, 36921713, 491950112, 1368592119, 35090569, 34614970, 1336789882, 1483218557, 27514438, 32408433, 491484151, 33991962, 412902495, 474409275, 1835290916, 1444460979, 469508077, 489037242, 1411582604, 1876689566, 28798483, 1938052461, 28068785, 1857054605, 28068791, 501220639, 1475603772, 1380326644, 1880863495, 533017973, 22761924, 477992320, 1378700588, 1891687451, 1891687450, 1302132043, 1891686578, 1891687449, 30870524, 1307601031, 412327891, 419115026, 1920337517, 1399689789, 35090760, 1920339790, 1920339780, 1920339787, 1920337515, 1920339786, 28768730, 22735484, 22735505, 26562615, 22735485, 22735518, 22735492, 422094569, 27511877, 27511866, 28768726, 1460673760, 1482166890, 1849100007, 1460674484, 1482166872, 1482167565, 1460673758, 1460674658, 1906998206, 1481688284, 1482167654, 1482167656, 1481686594, 1481686785, 1497586608, 1493970810, 484249874, 1486518132, 545350353, 1343027628, 1493971949, 1477320161, 1348548801, 1845740923, 22761932, 22761945, 1822257087, 32102385, 1822257084, 29019308, 516358600, 33190814, 5391284, 1398835422, 1398836439, 1398835425, 1398835424, 1398835423, 1464792951, 1868114605, 504646382, 559735372, 1368592094, 1368592095, 1368592097, 1368592098, 26133356, 22735051, 26135281, 5376619, 31370498, 28274502, 26165928, 34532022, 33991953, 34003065, 495542095, 28870222, 495220612, 406907307, 489037240, 455311483, 1329719511, 533455458, 1297744010, 519250362, 1411586128, 1411582636, 1411582637, 1869973058, 1869975831, 1435996622, 573168956, 22669773, 1912898432, 1886815580, 1912898406, 1912898430, 1411773481, 414979799, 516358747, 1326027044, 36841019, 454069664, 1858811233, 1858811230, 1858811967, 1803886229, 1885074740, 1307601184, 1379687027, 1846623230, 402070045, 26355212, 1321385655, 1348587670, 1840238019, 1811118564, 1307376239, 1863138476, 1863138477, 1481121346, 1847255986, 469065860, 1463595749, 1817376595, 1351449124, 1475993250, 1475993251, 573583330, 35955111, 28925261, 5348853, 27836651, 521493657, 22826954, 35301169, 1821021772, 1845736126, 1325898353, 28613384, 28720938, 5348862, 1999355193, 34072520, 22789468, 573577071, 1981813581, 2038217300, 1357116204, 1419772602, 485960255, 5376351, 5416299, 28283327, 2063542252, 2034270483, 2035161156, 2025227742, 1989385007, 1973633315, 1981814200, 1981813580, 2032264806, 1998874975, 2045931417, 1962315917, 1396979632, 2044200355, 1822704814, 1927421969, 2012187485, 2044542071, 2009514094, 1344353923, 1952507458, 1885142049, 2044791125, 429210072, 1930242671, 2006865725, 2009678472, 1981596112, 865871631, 1885137369, 1324880131, 1877029917, 1886396593, 463840738, 533455456, 1349960893, 1411586102, 1951214168, 1300885831, 556203085, 1845452960, 1496086378, 29011143, 28211122, 1851968529, 1495079673, 35956186, 1374217593, 26082036, 1484052706, 1411709714, 1842022715, 1473866543, 1811118551, 1448195341, 1435996552, 1448194440, 1886401871, 1325896374, 1958690911, 26259935, 1484052739, 30569115, 1811118559, 537854263, 1308081409, 1904216551, 1905106688, 1899273995, 556207084, 423406116, 502238344, 1368130091, 1473862002, 1325711419, 28850659, 1899703076, 522351083, 423406119, 423406117, 423407116, 27836648, 1397226693, 1365384206, 1389040913, 1399247572, 1384999802, 1442013358, 1392045520, 1448242723, 1397226691, 1397226690, 1342990388, 1451492235, 1352830432, 1435998275, 1486524177, 1475847808, 1448194439, 1448195340, 5415898, 451981627, 1982302842, 1904543126, 1336864483, 1967168648, 1820944399, 2035162113, 5341517, 1859122258, 31384908, 1337268383, 5365723]"
945732109,韩剧:当你沉睡时 OST & BGM 持更,"《当你沉睡时》是由吴忠焕执导，朴惠莲编剧，李钟硕、裴秀智主演的水木剧，于2017年9月27日在韩国SBS电视台首播。
该剧讲述了根据梦境预知未来不幸事件的女人和为阻止噩梦变成现实而孤军奋战的检察官之间的故事。","['韩语', '影视原声', '韩语']","[517072478, 491807892, 515386354, 515650738, 515382930, 515988042, 515432924, 515433003, 515781164, 415792909, 30854090, 22673329, 513135559, 512987063, 512733761, 512592491, 512434718, 512542255, 511789815, 511118395, 511245212, 5398668, 510100078, 510953443]"
2188304400,「韩语女声」恍若昨日之事,"◎下架歌曲
星《심장을 버린 후에》遗失了心脏之后
白智英《봄비》春雨
秀智《나를 잊지말아요》不要忘记我
宋智恩《희망고문》希望拷问
太妍《11:11》《rain》
BoA《그런 너》《Spring rain》
Wendy《아나요 (Let You Know)》《슬픔 속에 그댈 지워야만 해 (Because I Love You)》
Luna《그대만 살아서 (Only You)》
red velvet《장미꽃 향기는 바람에 날리고 (Rose Scent Breeze)》
《이별이 유일했던 날》
白艺潾《아주 오래된 기억》
千丹菲《어느 봄의 거짓말》
潭笑工坊《잘지내길 바래요》
어느 하늘 아래 있어도
죽을만큼 보고 싶다고
나는 네가 그립기만 해
하루 종일 비가 내렸어
기억의 미학 (Vocal 영은)
찬바람이 불면
벚꽃피는 날에
J.ae《어제처럼》
수란 (水蘭)
尹普美《Without You》
Luna&amber《사랑일뿐야》
酉奈《Everything》
If《그래 (Say)》
raina《주르륵》
서운해
이야기
너와 걸은 거리
金可琳《I DO》
蔡秀彬《사랑이라고》
내 맘이 들리지 않니
solar&玟星 어제처럼
별과 해
wax：사랑 바람
敏雅：11°
Subin：그네
金润雅：유리
旼宰：나를 외치다
YEL：잘가요 로맨스
그리움에 가까운(距思念很近)
脸红：Mermaid
LYn：보고 싶어...운다
Sweden laundry：이슬
너와의 다른 계절 속에서

◎18/05/07◎推
","['韩语', '思念', '伤感', '韩语']","[438462225, 1439142393, 1848254055, 488654422, 1846568599, 1837293860, 1804622061, 1451214505, 1818819954, 1436813715, 1806791355, 1818075877, 1449614674, 1461398251, 1436118504, 1427614335, 1427613541, 1345707944, 406924223, 1425756332, 1426098303, 1414851421, 1410215119, 1388811450, 1414345889, 461894016, 37239002, 1355842602, 1403451044, 1384277474, 1401018321, 1401491469, 1365060581, 1370886347, 1370891135, 1323035784, 864648701, 1331873045, 33777310, 32944693, 1355210349, 1360606130, 524150748, 1367142158, 1368028813, 864648765, 1323630386, 1351384174, 420134124, 1307396329, 1347690080, 1316577763, 531295482, 1355228849, 1351618608, 1353007052, 1342795448, 1352003296, 1345688431, 1348588599, 533017972, 1347264567, 1346997813, 549941100, 1294165140, 1342552134, 1341785633, 27853684, 476245677, 1340165689, 1309319994, 463081776, 1336421509, 1308819457, 1340582599, 1314778951, 1337920849, 1324969526, 1333345155, 1335968355, 1334630551, 1327298271, 493042149, 569870478, 22748306, 424264745, 1331873044, 1331086691, 424264747, 1331149034, 450224424, 557578528, 30512503, 509728808, 449452076, 26390046, 553753701, 32317670, 429450222, 415792239, 556203088, 1313363840, 28254800, 557578297, 409931562, 409931559, 35090518, 562592049, 29807319, 413812185, 33599579, 412902495, 28274135, 446875764, 28765040, 29732938, 31877653, 5401632, 446874725, 865729342, 1300381756, 518896126, 28864125, 489302297, 454730305, 521418521, 5362054, 28411372, 419116066, 5402862, 34040710, 29535283, 461080541, 416552481, 5354786, 503268316, 29769716, 5392253, 35283312, 26260809, 516610045, 543006214, 28188573, 440207777, 35437298, 26111431, 553310508, 5350588, 30569065, 435552234, 33389269, 36308460, 474409254, 38391744, 29728166, 524913200, 5397260, 26562821, 5396330, 404543628, 530995963, 28310664, 26121835, 440208747, 437605357, 36307991, 27770691, 515143841, 5360711, 551722093, 543988519, 27949301, 25655006, 5360280, 412911425, 39224121, 5316239, 28481075, 545799912, 31789271, 28306517, 28285339, 447280455, 444525000, 28912720, 557158122, 22748350, 29593881, 29535915]"
719978307,【韩语小众】糖撒一路，甜到你的心里。,"喜欢你呢，我会把柚子里最甜的部分留给你，奶油蛋糕上最大的樱桃留给你，最后一个蛋挞留给你(｡>∀<｡)
超喜欢你，想和你一起开一家甜品屋呀～
窗台上绿莹莹的多肉植物映着金色的阳光，奶油味儿的微风轻轻吹动五彩的贝壳风铃，对面坐着的男/女孩的羞涩笑容，配上这些可爱清甜的小众韩语歌曲，我想啊，你一定会喜欢这里的，对吧？ (-^〇^-)

封面:《复仇笔记》金香奇&朴所罗门
2018.08.01","['韩语', '另类/独立', '放松', '韩语']","[1494801557, 545350322, 494645887, 1383727865, 1420427456, 27808484, 1310906395, 431855601, 551999050, 22842148, 5407959, 551337645, 26103317, 5358151, 865466333, 526468204, 29567603, 32977306, 422463546, 406346874, 36921163, 32102749, 27678826, 34880180, 416531483, 562675767, 555837598, 30621273, 38018909, 28631482, 29538084, 458507202, 28528052, 424057262, 407450613, 479029297, 410628910, 29715705, 574921364, 453927826, 412911406, 417250625, 399411270, 474409151, 469249966, 33789882, 5342340, 28784305, 33327120, 424060278, 31245761, 424060277, 28864408, 498577535, 34923346, 31654922, 467692678, 511920904, 26432272, 447279464, 1304322985, 5364464, 36841332, 36509838, 1381368817]"
4903236330,自带混响·辉人 (휘인 Of Mamamoo),"丁辉人，1995年4月17日出生于韩国全罗北道全州，韩国女歌手，女子演唱团体MAMAMOO成员。
2014年6月19日，通过音乐节目《M! Countdown》以MAMAMOO成员身份正式出道。2015年1月，随组合获得第四届《Gaon Chart K-pop Awards》年度新人奖。9月，出演竞技音乐节目《二重唱歌谣祭》中秋特辑，获得冠军。2016年3月，随组合凭借首张正规专辑《Melting》主打歌《你最完美》获得出道以来首个一位。8月，随组合举办首次演唱会“MOOSICAL”。11月，随组合发布第四张迷你专辑《MEMORY》，其中收录了辉人作词作曲的solo曲《Moderato》。3月，参与演唱作曲人Jung Key创作的歌曲《成为负担》。2018年4月17日，发布第一张solo专辑《magnolia》，收录了主打曲《Easy》。2019年3月14日，随组合发行的第九张迷你专辑中收录了辉人参与作词的solo曲《25》。同年，9月4日，发布了第二张solo专辑《soar》，主打曲《Good Bye》获得韩国七大榜单的实时一位。
中文名：丁辉人
外文名：정휘인、Jung Whee In
别名：辉人、Whee In
国籍：韩国
星座：白羊座
血型：B型
身高：162cm
体重：43kg
出生地：全罗北道全州
出生日期：1995年4月17日
职业：歌手
经纪公司：RBW Entertainment
代表作品：《Good Bye》《Easy》《25》《成为负担》《moderato》
主要成就；第4届Gaon Chart K-pop Awards年度新人奖、第31届金唱片大赏本赏、第26届首尔歌谣大赏本赏
所属组合：MAMAMOO
队内担当：主唱、表演

【成员歌单】：
绝不放手·Mamamoo (마마무)
璀璨夺目·华莎 (화사 Hwasa Of Mamamoo)
音色流氓·Solar (솔라 Of Mamamoo)
人间扳手·玟星 (문별 Of Mamamoo)","['韩语', '流行', '90后', '韩语']","[2089173589, 2089175323, 2089175324, 2089173590, 2089175325, 2089175326, 2089173591, 2089175327, 2089175328, 2089173592, 2089173593, 1874322549, 433018053, 1911557646, 1911557648, 1465950061, 493041580, 1938052461, 1911557647, 1897077416, 1901603650, 509728808, 1911555748, 1872052374, 1929062369, 505851461, 1465950440, 472141091, 410802697, 1971759287, 1911557649, 409941158, 404184021, 1996903248, 1911555749, 429769877, 1480008591, 420500541, 415793626, 1806793949, 1483421755, 472141104, 1925058570, 1472874893, 515143589, 515143588, 515143583, 509728809, 509726795, 415792649, 414670049, 412902939, 409941159, 2028319778, 1939215395, 1936269552, 1897071594, 1809109620, 1472874863, 1929065813]"
8830864725,AKMU‖合集歌单，更新中＆Love Love,"那些超好听的韩国歌曲
不等更新，安时支持","['流行', '韩语', '治愈', '韩语']","[2075591804, 491950112, 28391037, 28391038, 1864073261, 1393207314, 1864073262, 2075589279, 1864073264, 1393207316, 28391044, 1464120640, 29482411, 411921135, 26406166, 450222776, 1393205659, 28391047, 1393205656, 28391039, 1393205658, 1495851249, 1864073267, 1410438138, 1393207312, 450222779, 491950113, 1393207315, 27566231, 411907167, 399354811, 1864073266, 411921133, 28391045, 450222778, 1864073263, 28391041, 1466867546, 1864073265, 1393205661, 1393205662, 411907168, 28391043, 450222775, 28391040, 411921134, 1393205660, 450222774, 1459954363, 1459955270, 450222777, 28391042, 411907169, 450224823, 1466857627, 1466858546, 1466865049, 1466867025, 28391046, 2081144956, 27566228, 27566229, 450224824, 1459954366, 1459955268, 1459954365, 1459954368, 1459955267, 27566230, 1459955271, 1459954367, 1459955269, 1459955272, 1466823370, 1459954369, 1459954364, 1466857102, 29848163, 29848162, 1466857097, 1466823583, 1466857112, 1466823756, 1466822570, 1410437439, 1410438143, 1410438139, 1410438147]"
886503177,韩式撩人女嗓珍藏馆,"『天赐女嗓』

她们呀 
光是音色的存在本身
就已经乃100%性感之姿了
不信？你听听~","['韩语', '性感', '流行', '韩语']","[2043985975, 2081012836, 2058921044, 2091681895, 2070410754, 1987005397, 491757241, 1992038525, 1928771969, 461124095, 1975745747, 2065640842, 1984544100, 2064857090, 2086036546, 2023968406, 1922348978, 1958105903, 2089173589, 1447353521, 1999014842, 1948736021, 1987005394, 1995502932, 1975282752, 2011581804, 1824222497, 531051015, 1447353523, 2033399878, 2029211934, 1984760324, 481859480, 1922346520, 1433406757, 1347268898, 1995503903, 1859122258, 1483244527, 1863138477, 2023718150, 1811118559, 442869599, 1450576332, 1355199806, 400875218, 1911557646, 1451720202, 27804341, 1391666228, 573583444, 1340582599, 1304301318, 1342767381, 1805304924, 491955398, 464035620, 1323301643, 545799869, 1436941364, 551339199, 1863139869, 461080352, 470795742, 1366549404, 556204159, 1989608354, 30951325, 531295474, 30854745, 481853842, 30951328, 27836836, 515816349, 5348627, 472137861, 1294889884, 505451562, 34899752, 36307174, 1436941365, 28240429, 522511471, 27630860, 28864123, 481853536, 526099058, 495220149, 488953620, 516358750, 29122597, 495220148, 423407116, 32451203, 414980810, 484056031, 22829416, 424264534, 516358751, 35760348, 429261578]"
8793238025,城市韵律 | 在随身听里装满快乐,在随身听里装满快乐,"['流行', '旅行', '韩语', '韩语']","[516358600, 1927421982, 416552260, 495468596, 491950112, 1864073262, 407007763, 1941624835, 1985727474, 28497218, 1919514068, 1955073785, 2024871973, 29814580, 1426829004, 32408433, 1999630183, 1968584689, 1487273787, 27804176, 475072631, 555975203, 1348588601, 2042327110, 33035717, 27511877, 27550577, 29019313, 5392355, 544151867, 422094569, 34229967, 1986689744, 1377137655, 5366613, 1377137659, 1987808085, 491484157, 1818306437, 1486520860]"
456180029,朴春合作曲与solo,春的歌都可以听啦！！！（本歌单内的）,"['韩语', '韩语']","[1408763420, 2080207583, 22789470, 22789475, 1994516449, 454730915, 1408761935, 1487115067, 1391386875, 1874322552, 1885074740, 1874329870, 1874322551, 1874322549, 1874322550, 1845687755, 1833888646, 1431797103, 1470680806, 1375270579, 1806341911, 531040249, 30431764, 22834132, 5412993, 25928087, 28029458, 25864468, 22673585, 26549682, 5367408, 27501846, 26420045, 28111929, 28103205]"
5259324262,「韩国乐队」狭隘棚屋里 飘曳的心意气球,"一位主唱 一把吉他
一架钢琴 一把贝斯
以及架子鼓 口琴 大提琴 小提琴等等

有时单独歌唱或是演奏 就足以打动人心
而所谓乐队 则是将所有所发出声音的优点将结合
产生每个乐队独一无二特有的氛围 以及协同效应

本歌单收录韩国乐队的各类歌曲 不定时更新
每个乐队都拥有着各自不同的色彩
也在此推荐韩国综艺《超级乐队SuperBand》

愿喜爱音乐的你
悲伤能得以慰藉
热血亦能够重燃
在此 寻得一方美好天地

近期封面(会不定期更换)：N.flying","['韩语', '另类/独立', '浪漫', '韩语']","[2064820833, 2059816594, 1294951895, 1442773398, 1881983618, 2034725099, 2040391565, 1874924372, 1472824356, 1967168667, 1931306816, 1383939536, 22834094, 1989143183, 1971660569, 1986887173, 1963928177, 863924761, 1953575059, 1430582117, 1951446847, 1297532127, 1947871010, 1944910039, 561307141, 1316824501, 1905593599, 1396359570, 1908532835, 31370984, 1296355054, 1897376812, 1874820124, 1478844066, 1859412945, 1830657640, 1405334123, 1306436768, 1482908307, 1377530417, 1331819042, 1330933631, 1350658942, 1405429544, 1817101975, 1814708843, 1386914541, 521493357, 1391248344, 1498062315, 452997252, 1477348876, 1330933630, 1376653368, 1476467852, 1440063530, 1495795567, 29744757, 1447491774, 1475571302, 1365898386, 1456191396, 1302068095, 1417870645, 408055846, 1301861439, 414980783, 1348548364, 1306436764, 559735801, 1359135821]"
7821647266,SM冬专特辑 | 每年冬季都会重温的氛围曲,,"['韩语', '浪漫', '治愈', '韩语']","[22789467, 2009587802, 1833656268, 1906998209, 1906998208, 1906993353, 1906993352, 1906998207, 1906993351, 1906998206, 1906993350, 543608305, 28068788, 28068791, 29814568, 29814592, 447279885, 447280899, 447280901, 526081120, 526081121, 28059506, 28068783, 28068784, 28068787, 28068785, 28068786, 28059507, 28068789, 28068790]"
947474810,[CARL/RuDi］韩剧OST/单曲合作歌单（持更）,"收藏此歌单 解锁 
韩剧《当你沉睡时》OST.
韩剧《The Package》OST.
韩剧《爱的迫降》OST. 
韩剧《鬼怪》OST. 
韩剧《男朋友》OST. 
韩剧《Live》OST. 
韩剧《浪漫医生金师傅2》OST.","['韩语', '流行', '影视原声', '韩语']","[1985076641, 1906311597, 1894440370, 1850476131, 1833652904, 1824671636, 1483859654, 1470425925, 1451522589, 1442652039, 1424077784, 1415627011, 510953443, 515988042, 1378085194, 1385772277, 1379533300, 1334805034, 1327082889, 1311302082, 529183311, 524504798]"
2092032471,So Beast！记忆中的韩式抒情曲,本歌单收录了Beast在云音乐恢复上架的部分歌曲，未区分发行时间。一起来感受他们别样的抒情吧~,"['韩语', '流行', '韩语']","[22826954, 419596437, 29544873, 27501949, 418602611, 27090013, 28665538, 33419653, 22826937, 419596436, 22826935, 419596444, 28665543, 28640116, 34723432, 28665539, 33255290, 419596439, 419596440, 22826959, 27090017, 29544874, 28665537, 22826938, 419596441, 419594405, 22826964, 28665541, 27090014, 5367478, 28665542, 22826956, 419596442, 22826981, 27090016, 419596438, 22826960, 5367474, 33419654, 33419655, 22826980, 29544876, 419596443, 22826936, 22826972, 22826978, 419594406, 29544877, 22826963, 22826962, 22826940, 27090019, 34723431, 22826953, 29544878, 33419657, 22826965, 33419656, 22826958, 5367482, 29544875, 27090015, 5367311, 22826957, 22826969, 22826961, 22826967, 22826971, 22826982, 27090018, 22826970, 5367490, 22826939, 22826966, 22826979, 5367607, 22826943, 22826947, 27090012, 22826941, 22826968, 22826952, 22826942, 22826945, 22826950, 22826948, 22826951, 22826949, 22826946]"
8869083609,G-Dragon | 音乐界的潮流制造者,"G-DRAGON (权志龙)，1988年8月 18日出生于韩国首尔，韩国男歌手，男子演唱组合BIGBANG队长。现今为韩国YG Entertainment公司主要制作人之一。1993年参演儿童综艺节目《BOBOBO》 ，1994年 以小孩组合ROORA出道，并且登上了蚕室演唱会的舞台。初次登台于2001年大韩民国HipHop Flex。1996年 到2000年期间曾在SM娱乐当练习生学习。2001年到2006年在YG公司练习，多次作为YG Family的成员登台表演。六年的练习生训练，在年复一年的淘汰比赛中磨练了意志力。2006年以YG family推出的新人组合BIGBANG的队长正式出道。2009年发行第一张专辑《Heartbreaker》, 2012年9月 15日发行第二张专辑《Oneofakind》。2013年9月推出专辑《COUP D'ETAT》。2017年6月8日， 权志龙时隔四年SOLO出击，发行同名专辑《KWON JI YONG》。2017年底收到服兵役通知，2018年2月 入伍，已于2019年10月26日退伍。

G-DRAGON出众的时尚感被媒体称为“Fashion lcon”，被韩国媒体及大众称为“ 流行缔造者”“话题制造机”他对于时尚潮流的敏锐力、强烈的舞台把控实力及一手包办全团词曲创作等，让他迅速成为潮流风向标，任何领域皆有他的身影。(南都网评)","['韩语', '流行', '说唱', '韩语']","[27676680, 27694132, 482796512, 27676681, 22833488, 22833463, 5300285, 22833459, 22673576, 22673486, 5367063, 5367403, 22673580, 22673542, 32922450, 445844849, 22673504, 445845796, 31789317, 32922451, 33715027, 5366190, 1935204089, 32408002, 22673551, 445844850, 32408003, 5366197, 5366195, 31789299, 544151867, 5365987, 5366613, 16629773, 16629774, 22673546, 22673544, 22673548, 5366621, 22673505, 22673481, 5366010, 5365985, 5366193, 5366618, 5367408, 5366196, 22673552, 5367010, 22673483, 5366004, 22673508, 22673585, 5366614, 5366610, 22673484, 22673581, 5366811, 22673586, 5367406, 22673541, 5365991, 22673587, 5367409, 22673506, 22673545, 22673479, 22673549, 22673571, 5367000, 22673574, 22673488, 22673487, 5367044, 22673573, 22673503, 22673507, 534541511, 546724501, 534541508, 5309416, 5366772, 22673509, 26222225, 31421170, 410629777, 30854104, 546722539, 545592508, 546724508, 546730512, 546724504, 30854095, 546730505, 30854098, 546722532, 546722425, 30854109, 534542526, 546723486, 480575190, 534539490, 30854099, 544000771, 534540515, 534540517, 480579185, 534541509, 534540514, 3230290, 546730494, 28302225, 534539488, 406846838, 534542527, 546722536, 546724505, 27804941, 28029458, 449577727, 534540518]"
8845516385,怂厂2023年11月KPOP歌单,,"['韩语', '流行', '韩语']","[1826486249, 1988865563, 1920863560, 1865938167, 2006783489, 2064488890, 1899048562, 1880864659, 2044200355, 2045931417, 2045929603, 2025227742, 1857056428, 2064538129, 2064540104, 2068166050, 2075523606, 2069282247, 2058921044, 2075591804, 2084732462, 2068166057, 2091672877, 556203085, 1435996622, 22789474, 5416343, 30431629, 30569115, 28211122, 2074777190, 1845452960, 35956186, 22735492, 2040016321, 26121296, 1442010549, 1842022715, 1411586102, 2079391232, 22704409, 25864248, 22704402, 2046804357, 1337268382, 29535434, 22735051, 33035717, 1920339780]"
5378194907,『韩』月色和雪色之间 你是第三种绝色,"霞光染透天边的云，过渡出柔软的粉色，倦鸟掠过林间的树，只留下摇动的枝桠，山水画卷以天地为轴，展开在世人眼前，可若问我画卷中最引人入胜的风光，你便是我不假思索的答案。

封面:崔秀彬（TXT）

持续更新中～","['韩语', '流行', '韩语']","[544151867, 1858811233, 423407116, 1304301318, 1336789882, 1807551210, 22673549, 1952009654, 533455456, 22833493, 1885142050, 863046037, 1343358357, 1460674315, 1377137015, 1845452960, 1927381477, 1835620816, 1411586102, 1811118553, 407889931, 1818844874, 1843731575, 1914643795, 31545086, 1949025729, 1447353521, 1999011159, 1348588601, 1355167287, 1847255986, 1835294738, 1332662882, 5415898, 495468596, 1438038680, 28613218, 1301572216, 504265209, 1375195256, 1439438391, 408055845, 531051015, 516358600, 1370468349, 1329719511, 448520317, 1951446847, 1812966034, 34014850, 28798391, 1366371307, 1410466319, 399340016, 5392355, 1462707364, 29744757, 30569115, 33955857, 27902202, 33035717, 1806585818, 28406973, 1497586173, 470795742, 32257062, 522351083, 31134646, 399411607, 1333401052, 445844731, 31165364, 445702277, 504265210, 31517462, 458697927, 425828129, 5404019, 486068780, 410801155, 36509838, 1300885831, 400162928, 417250625, 29567603, 33327120, 1418311447, 32945000, 1456634129, 419594140, 35779017, 501220639, 501220638, 464035683]"
7575269130,韩国二代团的经典名曲,韩国大部分的二代男团女团的经典名曲,"['韩语', '流行', '怀旧', '韩语']","[26082036, 5301152, 1445643693, 5404058, 5404052, 34274948, 29562136, 404184682, 5391284, 5392355, 28391038, 491950112, 35090569, 34614970, 1336789882, 28923016, 495468595, 495468596, 28923009, 469699065, 555973319, 27804176, 26230515, 405599963, 25657465, 26230519, 407889805, 5398654, 33894275, 1968584689, 1459164697, 1412137307, 522351083, 22843672, 27896639, 502238344, 28850659, 5348853, 5348862, 1357652429, 28242983, 506094567, 434550484, 37240486, 459139374, 31654637, 28959188, 26259935, 28306404, 30569115, 31384908, 29011143, 22843115, 1337268383, 22789482, 22789474, 5416301, 22789469, 5416343, 22789467, 27984996, 28283324, 5367010, 5415898, 22789468, 5364241, 26327887, 443277071, 454730915, 22833488, 28242077, 28242084, 22750344, 22750370, 22750336, 22750343, 1442626964, 1337263814, 419596437, 418602611, 22826976, 22826972, 22826981, 29544873, 27501949, 22826954, 22761902, 22783920, 22783903, 22783911, 22730466, 22761932, 22761945, 22761985, 22644290, 22644254, 22644179, 26158508, 1899099888, 22644247, 22644200]"
531327821,365日的温柔 伴你入梦的舒缓韩曲,"致亲爱的你：
今天也辛苦了。晚安。甜梦。

『持续更新 至 365首』","['韩语', '夜晚', '治愈', '韩语']","[2104306104, 2084008866, 2104599784, 2034843432, 2043953813, 1458754776, 1981860220, 1878581455, 2063423591, 1996518989, 22829906, 534544044, 2004694209, 2024871973, 2060994798, 1910725176, 2040326707, 1876696614, 1999538557, 2042685598, 2051841066, 547704867, 407007748, 2036355445, 481854961, 2052636461, 2026316230, 2040837047, 2034476956, 5346651, 2009685307, 1993166934, 2034476958, 26109564, 1874903493, 2036548950, 2008697543, 2033332753, 2006165653, 2031884457, 2068991252, 2079831907, 2011578417, 1997803187, 518088243, 1830899922, 2030726571, 1913861787, 2021912877, 1951193318, 2022607809, 2040595862, 2025785448, 39443130, 514158593, 1946426077, 1936467183, 2036787403, 2011612565, 2025929969, 2092563566, 2017906751, 2006161263, 2011578435, 1988756740, 1967765290, 2004533357, 2002445390, 2046450257, 2002938824, 2084037855, 1816666916, 1843736641, 1939265592, 1942702850, 1965928054, 1318881297, 1994695210, 2006162571, 1992038531, 1997124906, 1306000831, 2004209535, 409647490, 470601316, 1983173668, 1922346520, 2002444362, 1365626334, 544151424, 563563942, 1451345318, 1973974294, 26123540, 1951173007, 1975181741, 2006162573, 1940336630, 26418090, 32431954, 473873535, 1430342424, 411907328, 1394000352, 5294139, 2006162572, 481854959, 30432259, 441566368, 488654422, 1343255763, 865975938, 1980987947, 38019752, 1320665863, 1331865601, 1358244722, 446875882, 1436396463, 1297492148, 38679340, 1334246000, 571339998, 553812086, 553398754, 26128101, 1316330093, 1334630551, 487375666, 436355773, 34899753, 569870780, 1408646349, 522429702, 526464376, 1325405550, 543006213, 5298570, 424264010, 28528784, 540253054, 549941158, 417859227, 38018358, 552119406, 515143841, 563563941, 519373158, 412187149, 431853255, 424474425, 428203194, 5411537, 533403084, 31168195, 543006214, 400690311, 538360253, 29807753, 534631201, 519373155, 515549045, 525241471, 31140082, 22843697, 529834394, 528272488, 534631200, 417250625, 424264124, 481854956, 514051052, 39224493, 522617176, 493735049, 530057919, 525267815, 461080642, 28406972, 31719175, 31545086, 491699948, 413812967, 525063451, 477331040, 525267817, 480769636, 528659177, 5378077, 522429955, 529814958, 432506289, 417247795, 401723210, 524913477, 526464375, 515647599, 521415652, 519373147, 463842343, 26359280, 516358484, 37722934, 404182596, 519373150, 425828915, 515647603, 516358617, 486068780, 22832513, 38392330, 481858693, 476081926, 26278405, 36921162, 424262012, 467166518, 493041161, 26111262, 521558174, 515453412, 511213671, 516358485, 498577841, 36199799, 472045387, 35283192, 26211385, 434659345, 453189885, 425988011, 519373153, 31545091, 507364433, 520459713, 462686846, 481853537, 437608148, 504016428, 35283187, 437608549, 521691701, 35848082, 413834738, 27770345, 479938054, 36841065, 519373148, 28631478, 459733873, 30512651, 404184324, 32683083, 499222224, 5337456, 28706667, 28949237, 26119814, 437856016, 39443131, 519373149, 5411318, 29186304, 31134493, 33394016, 37955041, 493285752, 32785614, 26136977, 38392329, 405377096, 463840432, 419556198, 26379112, 472361978, 33933050, 33933038, 417859304, 34586237, 423406810, 458697927, 27713918, 34324939, 5382957, 22844717, 33933035, 477331203, 33933041, 426194709, 38679690, 29393364, 471403979, 32683078, 26418339, 491943195, 33223200, 403136275, 26312482, 32977305, 33735067, 34690854, 456175328, 28949240, 33955862, 444269015, 5411411, 38679460, 5406747, 30612929, 477250195, 412187146, 32477319, 36668992, 475277626, 431855969, 35283191, 434659766, 428095946, 481613955, 5411279, 425298612, 5351504, 28253764, 25707116, 450224558, 33991061, 486069113, 26128357, 488654423, 442605234, 5395938, 471403980, 5410521, 26103436, 468490896, 32977307, 490453070, 489770054, 32317727, 32619716, 461519270, 448520317, 469249966, 474932573, 400690312, 400689317, 34152299, 22843369, 427139344, 5409834, 491484328, 412175171, 438456504, 35314054, 28528775, 410801155, 460514686, 22842150, 5395660, 27853683, 29393365, 26113603, 22844814, 5409838, 27804286, 488647491, 27678232, 28768430, 5411455, 31877726, 5343284]"
