8716261797,驾车放松 |落日余晖 沙滩公路 敞篷跑车,"像在水汽冒泡的傍晚开着敞篷跑车
看着粉红的天空 
成排的椰子树
逐渐消失的日落 
迷幻自由又浪漫","['放松', '驾车', '兴奋', '驾车']","[2025563160, 1496706018, 1380905152, 1867061316, 1888062702, 1817977675, 1479365414, 1392761169, 484249024, 1341757373, 1991239979, 1424460203, 1980337835, 29400872, 30780496, 1417055605, 1909927738, 460099256, 1431721504, 2092285270, 1915460681, 1481705135, 2094393340, 460043753, 1836100414, 536098013, 1377642003, 1808235517, 16957723, 571339328, 468738015, 2013880610, 1395822306, 401723020, 1367368927, 1969744125, 22663877, 33075107, 26612933, 3716408, 480768667, 630248, 29539330, 1382720616, 518904553, 1317285056, 1931647404, 604877, 22685914, 1948620191, 2030154459, 1859866020, 1918602772, 1464952919, 1811400283, 22818003, 1870822592, 1335819809, 1451020331, 1826960354, 1825802960, 1967753523, 1303026047, 1311427648, 426852405]"
2057923710,公路音乐|纵情追逐梦想与远方,"关于公路
当提到公路的时候，第一时间想到应该是Route 66、Highway 25之类的美国公路。美国一直就有着特有的公路文化,比如说美国50号公路,就被冠以全美最孤独的公路之名。而这个独特的66号公路,则有着近百年的历史了,同时见证了美国历史的变化,也衍生出了其特有的文化与影响力，被美国人亲切地唤作“母亲之路”，除了这些世界还有成千上万条公路。

关于音乐
在公路上不会只有一种情绪，同样也不会只听一类音乐。

歌单风格：布鲁斯摇滚、硬摇滚、重金属

布鲁斯摇滚：摇滚乐产生是基于蓝调的，但是直到60年代后期，布鲁斯摇滚仍没有完全发展为一种被认可的流派。布鲁斯摇滚着重于两种明确的特征，传统的三和弦布鲁斯歌曲和乐器的即席创作。结合了小型爵士乐队和摇滚不断扩大的喧闹特点，这种混血儿很快就流行起来，与此同时很多乐队也开始模仿，甚至更喧吵和更多的重复段。

硬摇滚：布鲁斯发展起来的一种摇滚乐风格，具有比较强烈的吉他失真，吉他比较复杂，主音吉他成分较多，布鲁斯味比较浓。表演通常是很大规模的，露天大型演唱会上即兴重复的吉他演奏，赞美诗的合唱，重踏夸张的基调强节奏；它的目的通常是瞄准商业价值的。

重金属：音乐最早是被一些民众认为是“硬摇滚”演变过来的，其实硬摇滚与重金属通常不太容易区分，不同的人有不同的区分方法。有人认为70年代以前的叫硬摇滚，70年代以后的叫重金属，又有大多数人通过历史的角度认为他们不属于同一种类。布鲁斯味道很浓，后来传到不同的地方就形成了不同的流派。不同流派的金属音乐它所用的音色都不一样，有的失真要重一些有的要轻一些。这种硬派风格的感觉非常起到宣泄的效果，这种重量感似乎把人体身上的压力都用这种宣泄方式发泄出来了，这种有着冷酷和刚硬气息的音乐，总给人一种很特别的感觉。

推荐车型：美式肌肉车、复古机车、 皮卡

推荐公路类型：沙漠公路、山地公路、沿海公路","['欧美', '摇滚', '驾车', '驾车']","[18099908, 20535546, 3312174, 2436431, 26275495, 16507984, 17278473, 1489208, 27955270, 26609781, 3880720, 16852271, 3432381, 21699108, 26064408, 19043302, 18095043, 4019367, 5040492, 4144245, 1098827, 30798832, 21973248, 1939691, 18096417, 19290193, 3570451, 5048928, 16837058, 36992787, 4237814, 19290197, 2309623, 4176392, 3317294, 16844702, 2432129, 21978533, 16346291, 4407029, 3950785, 4279845, 19703275, 3881738, 4132379, 4153588, 21565010, 21733639, 21303927, 4017184, 18864298, 3898169, 26061859, 1696812, 17970293, 20282663, 26732964, 18193296, 4049382, 5187053, 18673313]"
8610526498,日落大道｜沉溺于黄昏时分的橘色城市,"“日落弥漫至夜晚的咽喉，橘色天际线，是世界向海面倾斜。”

城市夕阳大概就是生活中的慰藉时刻
其实我们都不曾错过夕阳
往前走高楼大厦会遮住天空
但晚霞依然在玻璃幕墙中燃烧
回头看
身后已是一片落日余晖
放下手机
看向远方
然后永远沉浸进去","['兴奋', '放松', '驾车', '驾车']","[469410729, 1887917182, 1397345903, 1370879993, 1954406468, 426852405, 30431364, 381858, 1953856778, 190072, 1970568707, 1845730289, 29412405, 460043753, 1368754688, 1888915574, 534228257, 2092285270, 421423022, 2028884728, 1807799505, 411314659, 2049512697, 29593805, 1363553440, 2013955044, 2029903045, 1903878884, 447926063, 1437251162, 565966093, 1953125353, 1416916864, 36199725, 34380395, 1808235517, 514761165, 431259341, 1975685262, 1415579638, 29567187, 1417849873, 469065899, 27646205, 1967753523, 1359815264, 2032784247, 401723020, 1432229429, 1871871951, 1403221664, 26612933, 523756204, 2022657409, 1813700975, 1451856375, 381821, 438462713, 1316330544, 1440222808, 1825802960, 1438463386, 1428270358, 35678875, 549320309, 1490390437, 1871183784, 1413368107, 563563366, 1906016163, 1405888465, 472137696, 547247104, 1959667345, 1808007621, 1317457805, 1843740336, 436346833, 488249475, 1844449888, 1813786796, 497572729, 381849, 29567189, 469073823, 381825, 1807796555, 1410647903, 1359818052, 1902228822, 461080452, 276904, 1489440741, 1940109458, 1955269220, 1480095069, 1871503420, 1954090536, 1418131335, 202373, 1974443814, 467952048, 1473369225, 36392029]"
5321116636,『机车』摩旅、跑山骑行歌单,"骑车听，心理马力瞬间增加五十匹。【建议随机播放】
听歌归听歌，切勿上头驾驶，安全第一。
不固定风格，可投稿～","['驾车', '电子', '欧美', '驾车']","[2007168179, 2092730229, 2006939148, 1855856092, 28823259, 2067126532, 2058295048, 2084473227, 2074580630, 2059617725, 2063009019, 1938783441, 2019129710, 2042725897, 2020981609, 2053948254, 2041609211, 1970471092, 2051004951, 1942227893, 2067999882, 1910389923, 2063310971, 2061508316, 1926959284, 2051452070, 2044592046, 2025337662, 1897256092, 2029258568, 2016400337, 2047126369, 2032661143, 2050607818, 1910994242, 2029279971, 2025457557, 1954696352, 1990634110, 2002990417, 1932769322, 2013304235, 2019128677, 1818344122, 1995664616, 1399969224, 1964701831, 2020450127, 1967493421, 1990921901, 1946661299, 1876023432, 1404713590, 1963232440, 1995697000, 1973749002, 2025336693, 1897154962, 1904541316, 407759835, 2021342675, 2017138323, 2014671379, 2020970231, 2014606499, 2026613483, 1942042826, 1927825522, 24851086, 1811133274, 1448940932, 1387271644, 1931568313, 1868207326, 1989886862, 2004271124, 1450158241, 1939989335, 2004830833, 1942597700, 2003181252, 1996456759, 1958151292, 1375539450, 1972130047, 1984973029, 2006390562, 2001430757, 1967223401, 1892696699, 523541014, 27175305, 1981927201, 1424460203, 1977106849, 1985112078, 1331714565, 1836919943, 1428852145, 1986853998, 1834149281, 1380930863, 1835274306, 1935340152, 1962386511, 25657526, 1966006332, 1936268951, 1935171677, 1899368291, 1884668957, 1836282625, 423997329, 1927776836, 1974460387, 1930107573, 1969098089, 1891713542, 1817295062, 1842253911, 1964257426, 29498727, 1892763686, 1927693793, 423997331, 1897255962, 1913737940, 1966025205, 1827600686, 1962752902, 1959605260, 1972730313, 1936686637, 1923910686, 29412405, 1981028195, 1913613018, 1924574967, 1500151640, 1855950503, 1921440878, 545947135, 1951605250, 1903844982, 1972332510, 1353851909, 1442800639, 1480598170, 1876023434, 1962738828, 1939382796, 1915649155, 34899375, 1916005171, 1901814949, 1919684213, 1911350678, 20715523, 1927994381, 1975535671, 1878791667, 1950783503, 456185219, 1942206772, 1890256410, 1974445206, 485347176, 1941516491, 28823239, 1934672587, 1376024130, 1896253648, 1472536989, 1451981659, 1322077642, 1403285974, 1873321491, 1931045567, 1890128737, 1879469323, 1943523171, 1948217270, 1909557241, 1926329414, 1360740796, 1893593449, 1856270902, 1489366404, 1305815005, 1853142803, 29563737, 1924995800, 1878429485, 1888560458, 1909563226, 1407640126, 1862753740, 466325499, 1815740745, 1901372151, 1447573604, 1942916517, 1471935480, 1373577001, 1867579769, 1826990514, 1451314845, 1469060750, 1413491975, 1452449261, 1895997113, 1490095062, 1868173849, 1858811787, 1831768247, 1857167795, 1829059571, 1401522756, 1449935588, 512640295, 1882490494, 1859245776, 561798030, 1420745339, 1805317558, 29460064, 555640601, 1836108061, 1470939756, 30212221, 1449537557, 566295511, 29542751, 1808388545, 35617718, 29910080, 1843319489, 1825962143, 1838848216, 1348770762, 1384735507, 1444426834, 1422226631, 27654717, 531452765, 862405678, 546948993, 1370162678]"
8790452498,驾车听歌 | 日暮时和我 一起去兜风吧,"在 日 暮 时 分
和 我 一 起 去 兜 风 吧
开 着 我 的 旧 车
听 着 音 乐
打 开 窗 户
风 把 头 发 吹 乱 也 没 关 系
只 要 你 和 我 一 起
怎 样 都 好 ♡

「持续更新」","['驾车', '旅行', '欧美', '驾车']","[2025227743, 1892195381, 1990208030, 1417425535, 1957818892, 1441835874, 1446020184, 1311530752, 557704063, 426850398, 427542186, 2309165, 5145740, 539982581, 1363677553, 1815725297, 1310038796, 1352929828, 28396861, 482988577, 1306887189, 528326686, 18941339, 4186014, 490182904, 1318393981, 1399335951, 28662622, 1356795124, 1853989041, 4109368, 1381290206, 1464204140, 1941657144, 1381738482, 1868513625, 520012872, 28815256, 1965410988, 31066079, 4330110, 1808884710, 1337827522, 17177324, 449824663, 4330176, 1844157365, 511678913, 19553535, 5162502, 429261825, 1334296095, 554518241, 26289183, 1814372078, 32835377, 1873321491, 457761714, 36509745, 19711382, 34144434, 5253801]"
6759056661,氛围感音乐||温柔舒服轻松||海边夕阳微风||,"车开在空旷的路上 风吹起我的头发 我嗅到花的芳香 听着音乐 我的身子跟着节奏摇摆​——b站评论

落日、微风、湖水、空气、花香，还有偶尔晃眼的霞光，歌单里每首歌代表的元素不同，温度有异，不是一成不变的柔和，有时也会迸发出炙热的情感。

音乐曲风如果要专业划分并不一样，只是凭借个人感觉收藏，建议随机听几首看是否对味，不是都单调一个味道的噢！！当然大类还是符合歌单的命名啦！

✨Fahrenheit置顶✨它是我刚创歌单觉得“哇！我要的就是这种感觉”的一首歌。更新顺序不定，可能会根据感觉穿插新添歌曲。这个歌单突然被大家收藏对我来说也是这段迷茫时间的意外之喜，希望大家听得开心∠( ᐛ 」∠)＿","['驾车', '旅行', '放松', '驾车']","[1811351751, 1339566173, 1381147512, 22685914, 22778415, 1974735909, 426852405, 1401880096, 1334689674, 2067435541, 2061890822, 2002980399, 1400424646, 1874820124, 2029931308, 414979974, 1344610092, 1888864514, 1462361816, 1880473005, 1944673526, 401723020, 423314485, 17121111, 1380113693, 408055512, 1458664775, 1474035833, 2022657409, 1954832481, 1395104864, 518895787, 1491825646, 1359508230, 1400424017, 1390822666, 1855313574, 1461792973, 1485955985, 1492246959, 1497908610, 1307363168, 1364583240, 1936213732, 29304742, 1825835081, 1372897252, 1451020331, 1367368927, 1334034591, 1855803736, 1386693530, 1918947929, 557522518, 449578837, 1384482575, 1496770948, 1369602061, 1466242403, 1825802960, 1479638361, 1859866020, 1483142361, 1846188607, 1406049989, 1492425223, 501467877, 1500313869, 1359818052, 1342912335, 1891835283, 567366120, 1337981999, 1867061316, 416554193, 516358164, 1461076697, 411921883, 1375645571, 1341937292, 1392089775, 1466181561, 426291544, 494407592, 26217033, 1449536597, 441491167, 1844138910, 1378192821, 524148990, 1836055274, 4875911, 1329719698, 530801074, 36392029, 438462713, 1835381302]"
7430351888,【公路歌单】加州/日落/夜晚/凉风,傍晚，在公路上开着车，放一首自己喜欢的歌，这应该是一天中最chill的时刻了吧。本歌单收录了一些非常适合在开车时听的歌，中文的英文的都有 （不断更新中~）,"['驾车', '夜晚', '驾车']","[2098991122, 2051548110, 2030154457, 2099204208, 2100436671, 2098231369, 2030154459, 1967057345, 1374489487, 1939878025, 1338962014, 1843115747, 522647397, 1331996746, 534228257, 1496578706, 1938270498, 1333336513, 441489226, 417908611, 1299570939, 29713617, 1974735909, 482109193, 28468756, 1408941731, 1481691186, 1496770948, 1359811313, 1844622370, 27827995, 1819133238, 1431723136, 1985059411, 3243293, 1954133551, 1997453409, 1384482575, 36392029, 1317494309, 1401095609, 1866185395, 1882716480, 1459232593, 109125, 27759600, 2042403498, 536098013]"
8741679052,落日和你｜开着车吹着风，我们一起追逐落日,"同你一起追逐落日的脚步
风在耳边尽情地呼啸
沿途的一切急速倒退
世界成为了虚妄
所有的烦扰被远远抛在身后
我什么也不想
只想和你一起
两颗炙热的心无比贴近

迎着落日逃奔到无人天地
在辽远的海岸线热烈亲吻
天地山川无声见证着
见证着
我们轰轰烈烈肆无忌惮的爱情
我爱你 很爱很爱

歌单文案摘选：观月舒
歌单封面来源：婉
","['欧美', '流行', '驾车', '驾车']","[1452112297, 17121111, 1352944239, 2052019351, 1868513625, 1297494185, 1380957401, 2057217422, 1809263523, 2035988670, 1460105064, 1357815319, 1342912335, 1830903830, 482386196, 1305366120, 1307363168, 478920647, 1445681233, 493631448, 2028075470, 1305810930, 417833891, 1839676406, 1917079713, 2063384168, 1937857969, 1423383586, 1424144321, 483905050, 1438721918]"
8743776605,2024劲爆DJ：踩着节奏嗨到天亮,"喜欢的歌静静地听，喜欢的人静静地看。
搜罗全网超嗨中文DJ舞曲，让你跟随音乐节奏摇摆，宣泄情绪最佳拍挡，从此跟emo说再见！","['流行', '驾车', '放松', '驾车']","[1834268297, 1807550736, 2052092037, 2056811636, 1999552137, 1851100365, 1969626268, 2050215361, 2025091391, 1830754383, 1963443599, 1999699146, 1378336559, 1480350899, 1894878117, 1306908061, 1396568322, 1971266695, 2058688293, 1843604250, 1868910272, 2027687920, 459068807, 1846139438, 1310412434, 1931519386, 1401710635, 1399112265, 1911310506, 1881759872, 2063337049, 1977421269, 1471064193, 2002356268, 2033809600, 1479523848, 1831400693, 1454224158, 1953405033, 1396953490, 1436761191, 1816889973, 1988347728, 1454959067, 1377530437, 1501218504, 1805543348, 1403501539, 1397135224, 1856542244, 1398516523, 2076482499, 1449559688, 1499114481, 1854553480, 2008377036, 1867155226, 1397307932, 1989103160, 1826987938, 1943195333, 1908083121, 1498623045, 1487524051, 1831476765, 1929711615, 1399156635, 1398452466, 445845230, 1388137359, 2066628581, 2059769097, 2064458728, 1929093477, 2015499286, 1877060483, 1369285767, 2070261075, 2001726710, 2004410976, 2010344872, 1953683478, 1959410297, 1831784095, 2077877616, 1991052799, 1437339583, 1922663366, 2073343087, 1338418658, 2042997718, 1984836230, 1984840132, 1368327788, 1817762859, 1811132941, 1930727857, 1902758087, 2051200680, 1961853671, 1985781753, 1893308058, 1977402721, 1394176753, 2067418056, 1411128523, 1968077344, 2061113877, 2028386548, 2026668704, 2026321323, 2021088244, 1971209420, 2023763662, 2019059174, 2021087324, 2021097653, 1849171341, 2030215717, 2019059650, 2060722205, 2021120664, 2028386568, 1869053462, 1814341611, 1930058155, 2021097652, 2027615909, 2028386565, 2028390694, 2019059175, 1811222098, 2019059647, 2028595837, 1849177709, 2021116462]"
8306083942,车内浪漫R&B：公路沿途等风来花开,谁懂开车出门就是要听rnb，像开车到了一个春日花园连堵车都觉得不是什么大事儿。沿花公路也开的惬意。-图源自网络，侵删,"['R&B/Soul', '驾车', '驾车']","[2033897126, 2099141298, 150651, 25648005, 2050274075, 1334254492, 512358238, 1890447624, 1403204015, 1976043726, 1958194953, 1871871951, 150667, 1500377533, 1838763739, 1970514994, 1976787301, 1813238528, 1976043722, 1874375999, 1888894552, 1387608298, 1938852959, 150520, 1963696095, 520459817, 150552, 1868505010, 469998923, 26425119, 1411793117, 1859367484, 1387607263, 1478130362, 1901070339, 1904079780, 1431946226, 866180384, 1405430728, 82194, 1818083689, 85573, 1376705584, 25986099]"
8427967979,旅行丨曾梦想仗剑走天涯，看一看世界的繁华,后来才发现熬夜，是缓解压力的一种方式。世界都睡了爸妈都睡了，老板都睡了老师都睡了，竞争对手都睡了全世界都睡了，你用这好不容易偷来的时光，赶紧做点自己喜欢的事,"['驾车', '旅行', '放松', '驾车']","[2103112456, 27646199, 2100684678, 1940027051, 512376326, 156050, 1875539575, 526763682, 27646197, 477251491, 27646205, 1895377452, 27646786, 1317542136, 141609, 29593805, 30394196, 167975, 500665346, 109998, 25706282, 357263, 29357101, 186513, 25638221, 29567193, 308895, 202369, 31445772, 436514312, 30431367, 110083, 447926067, 202373, 30496171, 25657383, 25638231, 1974443814, 155987, 4877915, 155915, 155961, 25638240, 155883, 30482305, 77444, 357266, 357279, 186491, 186767, 5264275, 186816, 186842, 1962385458, 1962385459, 1962385456, 1962386325, 1962385461, 139381, 139361, 139342, 28996921, 139359, 139385, 500665351, 139357, 28996919, 4877908, 168161, 25657377, 33469187, 168158, 25657379, 167743, 167871, 25657378, 168142, 167770, 25657376, 168143, 25657385, 168100, 1973712716, 406737211, 1336790007, 167766, 1336790004, 168097, 406730280, 25657384, 1303026566, 31010481, 168089, 167751, 167774, 1960403750, 25657380, 168087, 167897, 167654, 167880, 168107, 29567189, 168091]"
8730008984,车载DJ：喂，你的车没你的歌炫,"喜欢赛车的小伙伴们，这些个歌你们带了吗？不要带多，一首就OK啦！ 嗨爆脑神经哦～节奏极强
播放全部收藏更多
","['欧美', '电子', '驾车', '驾车']","[2081092296, 2081508878, 2074749091, 1981292805, 2084597587, 2062853835, 1997389846, 2021279106, 2082228773, 2090718659, 2085564608, 2050015440, 2086614918, 1997624150, 2056985816, 2045194409, 2085985567, 2052783297, 2048271919, 2088305111, 2071653322, 2030730417, 2088817971, 2033162713, 2058283175, 2049493790, 2052975744, 2031057610, 2075111425, 2081488431, 2049264332, 2050597461, 2065157266, 2055701036, 1988267387, 2075056471, 2063947180, 2008371785, 2062657122, 2035952623, 2065539023, 2034830230, 2062767697, 2046483779, 2073118503, 2027493155, 2067496957, 2072352392, 2038508461, 2070741405, 2057678050, 2042856403, 2072923397, 1980834495, 1493816591, 1901838921, 1955571906, 1892409985, 1963132367, 2040067962, 2015589134, 1810797224, 1448260853, 1830799856, 1483672581, 1857920621, 35785564, 1846110214, 28263911, 1811064451, 541364972, 865592685, 401246013, 442562232, 1432160937, 1323967761, 1396196557, 1441860073, 20050689, 1838081036, 1420745339, 1931045567, 1836124865, 1853828483, 1914852214, 1897255962, 1937786145, 1890128737, 1323631439, 553764951, 1855545728, 507856231, 562122079, 1449935588, 1826303509, 1345494163, 1842195259, 1875893672, 1831768247, 1834356697, 1893483243, 1454130024, 1890285449, 1898855202, 1341766, 1868173849, 1902653318, 1896502024, 1926289689, 1869524972, 1943507966, 1861101583, 1335350266, 1869031258, 1951084010, 1996312116, 1360740756, 1955462801, 1948083890, 1935950259, 2016520779, 1916100273, 1895997113, 2025337662, 1473966737, 1958151292, 1878429485, 1480072347, 1979146957, 417613080, 31838181, 1842033421, 420125428, 1856395157, 1325125720, 1930107573, 1406201955, 1480438168, 1456598284, 1855961011, 1892343290, 1948643297, 1464841099, 2005246464, 1803443499, 1809029003, 1470129356, 24051365, 1872000017, 2081496652, 2068192813, 2057666973, 2048363380, 2062000336, 2067438614]"
2233842197,精选蹦迪车载硬核神曲【Phonk/Remix合集】,"本歌单部分（EDM Phonk Remix 等）
不定时更新 喜欢的自取收藏
【封面 莱托小丑】","['驾车', '电子', '欧美', '驾车']","[2073717553, 2096130795, 2091126556, 2096053559, 2012284859, 2028167900, 2074749091, 1952414478, 2042504259, 2097330274, 2093321045, 1442800639, 1909268596, 2040067962, 2061508316, 2027884248, 1334879889, 2083845749, 2079582647, 1399891888, 1838081036, 1915630561, 2077781513, 1977496909, 2063156685, 1904700622, 1811300525, 2034725085, 1914852214, 1947800489, 1909984159, 2066253206, 1940057567, 2048703754, 1858897067, 2025457557, 1966697423, 1959265874, 1890256410, 1950085051, 1408798068, 1373577001, 2025337662, 1942042826, 1897255962, 2044592046, 2005246464, 2031635851, 1969098089, 1902653318, 1896108091, 1960985596, 1948643297, 2034914888, 1919684213, 1941540598, 1974460387, 1930107573, 1892409985, 1480438168, 1988163085, 1436069543, 1938773745, 1909563226, 1878429485, 1893483243, 1897256092, 1924995800, 1890128737, 1998880941, 1333144056, 1831768247, 1896253648, 1811133274, 1943523171, 2009911649, 1950783503, 1450889933, 1824245447, 1948083890, 1953493837, 1335350266, 1837558496, 18004021, 1911350678, 2016520779, 1830737820, 1856270902, 1879469323, 1435850557, 1461637594, 1445927005, 1448260853, 1901838921, 1943507966, 1345494163, 1493816591, 1420745339, 1406201955, 1842195259, 1396198104, 554720499, 1322040777, 1809393471, 1369658060]"
8846388781,Vehicle | 一路音乐陪伴 一路心情放飞,"最放松的状态，
就是开着车，
放着最喜爱的音乐，
走在自己喜欢的路上，
所有的疲惫都迎风而散~

Vehicle歌单：
不定期更新…","['驾车', '放松', '欧美', '驾车']","[2008542245, 1405111187, 1964509694, 1443198757, 1944659409, 1346053083, 461080215, 1380255970, 2044886015, 2071755402, 1452052491, 1899829757, 1444016945, 1932902017, 2012369036, 1940233415, 1930531847, 2077833531, 436487040, 1825788878, 2056352747, 1470037687, 1447773945, 1963132367, 1928510672, 1489366404, 1418245291, 1349198586, 1436384887, 25773443, 2037073779, 515647696, 1407531619]"
5312818460,【车载RAP】黑人嘻哈节奏驾车BGM,"公鸭：兄弟上车再说！
主驾：A$AP Rocky（漏出金牙）
副驾：Nicki Minaj（补妆中）
后座左：Travis Scott（喝香槟）
后座右：Drake（喊：来了，老弟（妹））
此处出行，节奏拉满，跟着大牌们一起swag！","['欧美', '说唱', '驾车', '驾车']","[409102288, 1468972695, 479029252, 465920154, 515627753, 1380100793, 1956743787, 1861599180, 1384311233, 2058108644, 1426269981, 476265552, 1493058717, 1458196960, 563840366, 1298432429, 2052277503, 573168544, 1341722986, 1333335582, 1428835774, 1430595634, 1443004755, 1949016633, 1377007828, 1461284080, 1482889283, 1347702316, 428350972, 534952807, 423227283, 1470925953, 1878097116, 1500339213, 1298432439, 1378441172, 1862757497, 1361365317, 1422610052, 1382592786, 2025047292, 1837758834, 519373710, 1308737094, 1417982276, 1846518766, 1454664439, 1401876444, 1883313040, 1446805387, 1824933351, 1396308086, 1940201647, 1843307189, 1925319942, 1342873438, 18943535, 1880414683, 2027149305, 1946639029, 1407895557, 1935165678, 1437204419, 533392780, 1309728506, 18943532, 2039153098, 1457730993, 557557186, 1302070214, 1484876153, 32922062, 552448606, 1866339235, 1453286183, 1840513549, 1468975438, 2000742549, 1853456659, 1474571333, 1844663899, 34383207, 514172930, 1334811380, 461518554, 1875234103, 1320159292, 1804499572, 1394954769, 517571352, 508068696, 1958626757, 1329353721, 548890215, 1995409588, 444269202, 1852234574, 1302150432, 478552693, 1367113957, 1326805186, 2058026429, 1294200125, 1840908711, 1482085239, 1333335583, 1994139242, 1376076714, 1842944055]"
2625770145,『开车必备英文嗨歌』驾驶请开启3D环绕♞,"选择此生不悔，众爱所归，动感节奏，开车必备

歌单一直在更新中。。。

谢谢大家的喜欢","['电子', '驾车', '欧美', '驾车']","[2087084011, 2100389009, 29561031, 1959180557, 471565537, 2032993197, 1952112969, 2001426425, 25704014, 28722674, 1871054631, 1992859765, 32102641, 1951941109, 1307763082, 1948124662, 1852473633, 1858069368, 1387559099, 1814815481, 436487118, 1380022214, 1928517366, 1336856653, 1967127760, 1983092055, 1450158244, 529391087, 428591777, 1333159925, 31918972, 1817576399, 559701010, 1333159920, 1347437958, 1494985963, 1437031748, 1365398014, 415792222, 862099429, 1397191263, 411315504, 1444959394, 473940907, 534228257, 511364880, 1356227019, 1419876257, 1329169630, 1383205688, 467952465, 29966565, 864513777, 1296860072, 1362158669, 1826960354, 40237792, 31010566, 557583842, 1843319489, 572763271, 1824724901, 420922950, 507585218, 1396305445, 438981768, 506092035, 432780721, 418603096, 535024262, 550936829, 439076364, 30780496, 488876810, 521657045, 16483438, 574299505, 35847559, 531051690, 34613621, 29542751, 524231799, 437909145, 506224111, 567145750, 461518855, 546724458, 1314777725, 519338124, 29599247, 519265246, 1334673850, 499384441, 515816187, 484365611, 543987451, 430208058, 1313033482, 524191174, 417908611, 1301572562, 472045959, 27583305, 27566922, 461544312, 1381706037, 1305016436, 1364530152, 1298505546, 550124208, 1337296869, 423228325, 19192338, 545947135, 451502155, 1333159921, 1333160781, 517411583, 406072775, 1328047738, 1296410418, 436487129, 28661564, 4172700, 17112299, 511678913, 29009655, 523030374, 473817398, 444269135]"
8730304134,车载DJ：潇洒驰骋于霓虹都市之中,"踩下油门，聆听发动机的轰鸣声，传说中的秋名山车神，请马上出发，肆意潇洒，驰骋在这霓虹都市之中吧！歌单收录超好听的车载DJ舞曲，赶快收藏感受歌曲的魅力吧！
","['欧美', '电子', '驾车', '驾车']","[2081092296, 2081508878, 2074749091, 1981292805, 2084597587, 2062853835, 1997389846, 2021279106, 2082228773, 2090718659, 2085564608, 2050015440, 2086614918, 1997624150, 2056985816, 2045194409, 2085985567, 2052783297, 2048271919, 2088305111, 2071653322, 2030730417, 2088817971, 2033162713, 2058283175, 2049493790, 2052975744, 2031057610, 2075111425, 2081488431, 2049264332, 2050597461, 2065157266, 2055701036, 1988267387, 2075056471, 2063947180, 2008371785, 2062657122, 2035952623, 2065539023, 2034830230, 2062767697, 2046483779, 2073118503, 2027493155, 2067496957, 2072352392, 2038508461, 2070741405, 2057678050, 2042856403, 2072923397, 1980834495, 1493816591, 1901838921, 1955571906, 1892409985, 1963132367, 2040067962, 2015589134, 1810797224, 1448260853, 1830799856, 1483672581, 1857920621, 35785564, 1846110214, 28263911, 1811064451, 541364972, 865592685, 401246013, 442562232, 1432160937, 1323967761, 1396196557, 1441860073, 20050689, 1838081036, 1420745339, 1931045567, 1836124865, 1853828483, 1914852214, 1897255962, 1937786145, 1890128737, 1323631439, 553764951, 1855545728, 507856231, 562122079, 1449935588, 1826303509, 1345494163, 1842195259, 1875893672, 1831768247, 1834356697, 1893483243, 1454130024, 1890285449, 1898855202, 1341766, 1868173849, 1902653318, 1896502024, 1926289689, 1869524972, 1943507966, 1861101583, 1335350266, 1869031258, 1951084010, 1996312116, 1360740756, 1955462801, 1948083890, 1935950259, 2016520779, 1916100273, 1895997113, 2025337662, 1473966737, 1958151292, 1878429485, 1480072347, 1979146957, 417613080, 31838181, 1842033421, 420125428, 1856395157, 1325125720, 1930107573, 1406201955, 1480438168, 1456598284, 1855961011, 1892343290, 1948643297, 1464841099, 2005246464, 1803443499, 1809029003, 1470129356, 24051365, 1872000017, 2081496652, 2068192813, 2057666973, 2048363380, 2062000336, 2067438614]"
706910623,【意境篇】公路/夕阳/沙漠/海风,"旅行日志――身未动，心已远，我们终将在旅行的路上。摇下车窗，带上音乐，一人一车，在夕阳下沿海奔驰。夕阳西下，华灯初上 ，沿窗听风尘，低头忙着赶路，偶尔抬头，被风景迷了眼。
歌单建立时间――2017.5.2","['欧美', '旅行', '驾车', '驾车']","[28310702, 1443880686, 2085803790, 2046757556, 1990259912, 1891835283, 1968449126, 1821466255, 1974443814, 39122749, 1859866020, 1454455334, 28788721, 428423260, 22829695, 476987164, 4399107, 574236776, 552060841, 409916621, 1411718813, 18938918, 1346252421, 1318393981, 463183857, 454966480, 29460510, 31517702, 28402094, 28414581, 18602291, 33694605, 28784401, 32717809, 18615104, 26771173, 17575890, 35345671, 501501046, 1084174, 36492983, 28668238, 512316065, 2649723, 4092689, 34125456, 26233523, 16334007, 428423263, 31090100, 28143753, 28143752, 21674664, 27690691, 27848765, 34578215]"
8730355320,抖腿车载DJ｜行走的动感公路之歌,"抖腿车载DJ，让你的开车之路不再寂寞，也让你在开车的时候能开出秋名山车神的范儿，没有压力，甩掉烦恼。
","['欧美', '电子', '驾车', '驾车']","[2081092296, 2081508878, 2074749091, 1981292805, 2084597587, 2062853835, 1997389846, 2021279106, 2082228773, 2090718659, 2085564608, 2050015440, 2086614918, 1997624150, 2056985816, 2045194409, 2085985567, 2052783297, 2048271919, 2088305111, 2071653322, 2030730417, 2088817971, 2033162713, 2058283175, 2049493790, 2052975744, 2031057610, 2075111425, 2081488431, 2049264332, 2050597461, 2065157266, 2055701036, 1988267387, 2075056471, 2063947180, 2008371785, 2062657122, 2035952623, 2065539023, 2034830230, 2062767697, 2046483779, 2073118503, 2027493155, 2067496957, 2072352392, 2038508461, 2070741405, 2057678050, 2042856403, 2072923397, 1980834495, 1493816591, 1901838921, 1955571906, 1892409985, 1963132367, 2040067962, 2015589134, 1810797224, 1448260853, 1830799856, 1483672581, 1857920621, 35785564, 1846110214, 28263911, 1811064451, 541364972, 865592685, 401246013, 442562232, 1432160937, 1323967761, 1396196557, 1441860073, 20050689, 1838081036, 1420745339, 1931045567, 1836124865, 1853828483, 1914852214, 1897255962, 1937786145, 1890128737, 1323631439, 553764951, 1855545728, 507856231, 562122079, 1449935588, 1826303509, 1345494163, 1842195259, 1875893672, 1831768247, 1834356697, 1893483243, 1454130024, 1890285449, 1898855202, 1341766, 1868173849, 1902653318, 1896502024, 1926289689, 1869524972, 1943507966, 1861101583, 1335350266, 1869031258, 1951084010, 1996312116, 1360740756, 1955462801, 1948083890, 1935950259, 2016520779, 1916100273, 1895997113, 2025337662, 1473966737, 1958151292, 1878429485, 1480072347, 1979146957, 417613080, 31838181, 1842033421, 420125428, 1856395157, 1325125720, 1930107573, 1406201955, 1480438168, 1456598284, 1855961011, 1892343290, 1948643297, 1464841099, 2005246464, 1803443499, 1809029003, 1470129356, 24051365, 1872000017, 2081496652, 2068192813, 2057666973, 2048363380, 2062000336, 2067438614]"
2649398086,震破哈曼卡顿低音炮「BBA专场」,"开车需感，感觉何在，感觉就在这震震车载
喜欢的兄弟们，记得带着你铁哥们一起听，不间断更行
BBA指的是奔驰、宝马、奥迪三个德国豪华汽车品牌。奔驰的英文是BENZ，宝马的英文为BMW，奥迪的英文为AUDI。更简单的记法，可以记奔驰、宝马、奥迪三个词的中文发音，也是BBA。奔驰的轿跑系列是AMG系列，宝马的轿跑系列是M系列，奥迪的轿跑系列为RS系列，超跑系列是R","['欧美', '驾车', '酒吧', '驾车']","[1870921028, 2096960664, 1889005036, 2090772140, 2073718529, 2007905008, 1920690067, 2026858039, 1902653318, 1958683818, 1982572485, 1994034329, 1973484529, 1951174128, 1896502024, 1904045770, 1868355418, 1922486480, 1829059571, 1831812154, 1995759563, 1336856710, 1955014455, 1947800489, 2034216779, 1843549238, 1925107906, 1424460203, 1948083890, 1496870075, 1951083036, 1873402191, 2009911649, 1408587300, 1447572767, 1897154962, 1910994242, 1810609484, 1996312116, 1829058908, 1969098089, 1935950259, 1836580574, 1494713214, 2012638927, 1934282369, 1876209472, 1920977392, 1416767166, 1965137898, 1368945415, 1897790169, 1945699597, 1915152649, 1887564237, 1932735563, 1963132367, 1450705469, 1995750306, 1856395157, 1862639819, 1807376573, 1958474956, 1987743877, 1857917182, 1415785564, 1897219724, 1842033421, 1842366561, 1814670290, 1930461305, 1437285286, 1897255962, 1336856711, 1872152160, 1950085051, 1474912883, 1892628410, 1892525200, 1382830886, 1864207704, 1954323210, 1896108091, 1826350987, 482115760, 1846569585, 1930107573, 1861101583, 1371441372, 1836118595, 1948165023, 1474653279, 533189138, 1806397128, 570046237, 1470575934, 1907302933, 1365703497, 1867195434, 1409843998, 1384318060, 1808306761, 1806695801, 1855961011, 1306498101, 1927203010, 1375262688, 1462377448, 1869184253, 1811754739, 1891278791, 1828237438, 1404713590, 1859014402, 1913326392, 1902836383, 1297773823, 1876667233, 1910278895, 1890285449, 1888390110, 1852124027, 1481875021, 1830298727, 1416756919, 1425090047, 1378700426, 1347453314, 1834356697, 1834872451, 1861285793, 1873316566, 1394501103, 437245022, 1836983674, 1442776713, 1845923438, 1411035837, 1399825195, 1824687927, 513348649, 1857040823, 1811300525, 31838110, 1450889933, 1393302027, 1844503466, 1833827792, 1349951141, 1459052877, 1805602313, 1809852319, 1428592126, 1480671007, 1437011722, 1819549824, 1429449723, 1822399912, 1494544233, 1809393471, 1458591704, 1438598745, 1486757251, 1432471625, 1401052701, 1433470279, 1423297895, 1460391292, 514774639, 1404658688, 1390291265, 1398268525, 458238609, 1429857522, 1396196557, 1402864483, 1441414244, 1391251513, 1428715806, 1424846513, 1392839883, 1361789234, 1365398014, 31010792, 1368215634, 1342566625, 1305815005, 556204163, 1328910929, 563925885, 552335658, 565197037, 491955101, 1336871747, 517542039, 448706085, 427298774, 410802611, 1325897262, 459925787, 469065228, 463159103, 1335350263, 1298037299, 406072775, 464674986, 481535757, 418602088, 1391185658, 1306496090, 427542186]"
7537301798,神秘/沉迷/快感/浮空｜Lord高格调车载硬曲,"【车载精品】随心悦动，脱离现实，迷幻沉醉的感觉
此地禁止低速行驶、请系好安全带.
神迷压迫感十足！100%
高格调品质属于每个心情的时刻祝大家跳的更高飞的更远.
每周更新—/封面：库里南","['欧美', '驾车', '电子', '驾车']","[2101716201, 2049693143, 2101533780, 2025337662, 1436069543, 1895439853, 2013880610, 2089730107, 1902022583, 1895788790, 503425280, 2007015557, 2047126369, 2061508316, 1906097071, 1963232440, 1892343290, 1869031258, 1842033421, 1424460203, 1911574308, 1888560458, 1890128737, 1478419671, 1497106527, 539983883, 1372851456, 1861453118, 1868890231, 1897255962, 1892890836, 1442226468, 1349062061, 1437714257, 1812168529, 1473966737, 494388076, 1926329414, 1943523171, 1482755603, 1415642712, 1849626810, 1811300525, 1835713551, 1816862962, 1930107573, 1938750439, 1336856186, 1325071476, 1931344258, 1828472476, 1426087089, 1472230414, 1452479008, 1374044628, 1918516654, 1336864305, 1414506831, 459954439, 1893593449, 1404713590, 1388400853, 1323631439, 1446054012, 29412405, 1388410229, 1336856792, 34766079, 1953493837, 1890285449, 1919347736, 1428894593, 1459744888, 1842561393, 1496901910, 1476779139, 1868173849, 1478557294, 34057469, 544799360, 550267509, 1441414245, 528270554, 1361159797, 1896253648, 1835474085, 1895997113, 1855222295, 518904426, 1869516546, 1345494163, 1405639141, 1381414166, 29498741, 543006228, 1318524156, 1485037261, 1493966857, 1811941562, 1815032783, 542977901, 403710494, 1815740662, 27580071, 1891571342, 29533184, 1824197238, 31010788, 426291389, 556204163, 1320544645, 1427092, 28443231, 1872935153, 1323967761, 1815249935, 1490313971, 546990464, 1369701289, 1373577001, 1328910929, 1331996746, 458697969, 1416761424, 1495845516, 553764951, 1489666363, 1474912883, 1464841099, 1423030096, 1470037687, 1305815005, 426026689, 1451122329, 1437274080, 1451259420, 1331479338, 1836282625, 1901389545, 1366229748, 1410339379, 401249195, 1483373454, 1435850557, 25773443, 1376070824, 1377642003, 36921285, 1398451663, 1847721719, 1453999629, 1372712088, 448706010, 506092958, 548251592, 1480438168, 1896502024, 1441860073, 1411519561, 1809029003, 1499917240, 1462715443, 26745462, 1359357320, 1924995800, 1855398597, 1878429485, 1842195259, 1322040777, 1448658697, 1852234148, 1872000017, 1493816591, 1456598284, 1454130024, 1321547652, 1816929168, 1321547654, 1462787382, 1396366405, 1411519719, 1432088487, 1396196557, 18004021, 1336871640, 1925396823, 1834356697, 1893483243, 1490095062, 1809393471, 1462114904, 1836124865, 1847030583, 1325896666, 1469039328, 507856231, 1469699282, 1826303509]"
8759095353,车载DJ：让躁动的心狂热起来吧,"希望是春天种下的，辛苦是夏天付出的，收获是秋天所求的，等待是冬天所忍的。我愿你今年的春天种下一个希望，在夏天持之以恒，在秋天收获一个幸福!亲爱的，难熬的冬天我陪你一起等待。我只愿你为了你的幸福在这个春天勇敢的追寻自己想要的！
","['欧美', '电子', '驾车', '驾车']","[2081092296, 2081508878, 2074749091, 1981292805, 2084597587, 2062853835, 1997389846, 2021279106, 2082228773, 2090718659, 2085564608, 2050015440, 2086614918, 1997624150, 2056985816, 2045194409, 2085985567, 2052783297, 2048271919, 2088305111, 2071653322, 2030730417, 2088817971, 2033162713, 2058283175, 2049493790, 2052975744, 2031057610, 2075111425, 2081488431, 2049264332, 2050597461, 2065157266, 2055701036, 1988267387, 2075056471, 2063947180, 2008371785, 2062657122, 2035952623, 2065539023, 2034830230, 2062767697, 2046483779, 2073118503, 2027493155, 2067496957, 2072352392, 2038508461, 2070741405, 2057678050, 2042856403, 2072923397, 1980834495, 1493816591, 1901838921, 1955571906, 1892409985, 1963132367, 2040067962, 2015589134, 1810797224, 1448260853, 1830799856, 1483672581, 1857920621, 35785564, 1846110214, 28263911, 1811064451, 541364972, 865592685, 401246013, 442562232, 1432160937, 1323967761, 1396196557, 1441860073, 20050689, 1838081036, 1420745339, 1931045567, 1836124865, 1853828483, 1914852214, 1897255962, 1937786145, 1890128737, 1323631439, 553764951, 1855545728, 507856231, 562122079, 1449935588, 1826303509, 1345494163, 1842195259, 1875893672, 1831768247, 1834356697, 1893483243, 1454130024, 1890285449, 1898855202, 1341766, 1868173849, 1902653318, 1896502024, 1926289689, 1869524972, 1943507966, 1861101583, 1335350266, 1869031258, 1951084010, 1996312116, 1360740756, 1955462801, 1948083890, 1935950259, 2016520779, 1916100273, 1895997113, 2025337662, 1473966737, 1958151292, 1878429485, 1480072347, 1979146957, 417613080, 31838181, 1842033421, 420125428, 1856395157, 1325125720, 1930107573, 1406201955, 1480438168, 1456598284, 1855961011, 1892343290, 1948643297, 1464841099, 2005246464, 1803443499, 1809029003, 1470129356, 24051365, 1872000017, 2081496652, 2068192813, 2057666973, 2048363380, 2062000336, 2067438614]"
8485027946,City Pop精选 | 穿越霓虹城市浪漫梦境,"City Pop从一开始，就迴异于任何一种音乐形式，它不曾有一种纯粹的格式限制，也没有严肃的曲风约束，受到西洋音乐影响的风雅旋律影响： Jazz、Bebop、Blues、Funk....你所能想到的所有风格，都能被轻松自如的融入其中，任何时代的年轻人，总有一种共同的特性，那就是对美好的憧憬。

每次听City Pop感受到一种悠闲惬意，仿佛将所有烦恼抛诸脑后的氛围，伴随着歌声就穿越到了繁华的都市，那里有光鲜亮丽的街道、美妙动人的音乐、温暖快乐的邂逅，如同梦境般的美好。","['日语', '驾车', '怀旧', '驾车']","[27974924, 601381, 22795839, 1294429045, 503853020, 28956038, 1982975742, 22713083, 1482618404, 34964562, 1482623141, 28874348, 29582814, 27863470, 659423, 661631, 1297494227, 22663877, 1454109038, 613981, 22693786, 1931647404, 28884496, 1339563127, 22638932, 1932880920, 22719725, 558185, 28884495, 1427664751, 1299570956, 629990, 1980004799, 2029696725, 1438696732]"
7508727649,公路之歌：音乐作陪，驰骋世界,"如果生活失去了光
请打包好行囊
去一个陌生的地方
那里一定会给你一束生活的光","['华语', '驾车', '快乐', '驾车']","[2101770278, 2001626247, 27646205, 2105347020, 2105435473, 28059507, 2097226534, 2086327879, 1451720450, 1329771977, 109168, 1358848617, 2090385921, 2082445010, 2051890435, 1427676242, 2096457647, 3956911, 1922931099, 1941963749, 2103368322, 2094233392, 5235487, 1496849842, 2104362715, 156008, 3986017, 568207693, 1357375695, 2087803856, 1901109775, 1424460203, 2093562354, 476553467, 2048123869, 2090985992, 1955734837, 2019301925, 27506041, 1474042368, 2075085618, 2077376487, 2097850669, 29819850, 366577, 2035951789, 2086497230, 2084601341, 2104748710, 2099592465, 2088683865, 2102598589, 1869548967, 2026839663, 2090764371, 25713022, 2099869167, 2062679172, 471882265, 2008920231, 2086208287, 63538, 81979, 2104074212, 1317410061, 32922450, 1501447963, 1404596131, 2064641999, 2051460329, 2092503333, 421423808, 2095180264, 27984071, 2060772240, 1480504807, 28068785, 2063378636, 495556671, 1405259103, 478049011, 2082345051, 2083403742, 2045135496, 2104675626, 2103725218, 2102678825, 2012725257, 1983212649, 863471519, 1942576027, 2090904707, 19827042, 2095862824, 2013391036, 1363342578, 524782659, 2091014017, 2037408149, 1968409681, 2095585816, 2090848229, 2079247024, 2100372359, 486188225, 29822047, 2079740406, 2073380110, 2090387348, 2100795733, 2102390566, 2070170316, 2072639869, 2104687392, 29761140, 1435661824, 493448423, 28497220, 2029086426, 1926352401, 2049291275, 354684, 1969411705, 1853327677, 26428033, 2093980140, 26428002, 2033070438, 1955702685, 2084988865, 2080855007, 2013981246, 2053111742, 564480, 346588, 2097155624, 2063850887, 2044465320, 1979350927, 2096026092, 1914685930, 31877157, 2065935278, 463145155, 2071935674, 1967786901, 2102006317, 88926, 2055621633, 1843110965, 2005190306, 1971316741, 1973129951, 1950226381, 2008994696, 2103417810, 2095350715, 5301152, 2082404349, 1948762767, 2060631206, 2034085209, 2011122001, 1412022124, 1447721871, 2073407441, 1890718621, 2103022928, 2089583611, 2030154457, 253030, 2025600458, 1493058292, 2090189914, 2105038739, 1975754332, 2093976903, 2087411902, 1806383190, 209496]"
2338965864,『漂移Phonk』驾驶慎入| 症状超速,"本单收集一些节奏逐渐加快的歌曲。
渐进的节奏，洗脑的旋律，很难不爱。

灵感是来自一次外出，
当时正坐在车上听着歌，
随着节奏，窗外的景色开始迅速倒退。
这种视觉与听觉的冲击感简直太美好了！
于是我创建歌单，开始不断收集这种驾驶体验极佳的曲子。

-----------------

距离成为秋名山老司机只是差了一单。

持续更新，感谢喜欢。","['电子', '驾车', '旅行', '驾车']","[2061508316, 2097657611, 1919684213, 1930107573, 2025457557, 2025337662, 2047126369, 1890128737, 1924995800, 2061508318, 1977106849, 1861101583, 1897256092, 1847721719, 1959324681, 1948643297, 1969098089, 1967493421, 1898113522, 2044592046, 1897255962, 1878429485, 2043218731, 1911350678, 1943523171, 1942042826, 2040067962, 1974460387, 2055889170, 1879469323, 2021342675, 2013794559, 1960985596, 2013304235, 1978034722, 2020981609, 1884668957, 2050607818, 2035279873, 1893483243, 1982572485, 1966025205, 1959607235, 2035705377, 1909563226, 1959323027, 2018915335, 1962738828, 2044044350, 1941540598, 1938773745, 2034725085, 1939382796, 1962386511, 1988163085, 1998818357, 1876023432, 1931045567, 1952888334, 1911807658, 1943964204, 2030818713, 1950783503, 2026224205, 2063305922, 1989845851, 1966697423, 1878791667, 2041609211, 2051452070, 2020980416, 1953493837, 1958151292, 1896253648, 1899259018, 2042903302, 2037295519, 1873200293, 1886516382, 1990921493, 1962731156, 1972130047, 2013864420, 2061904445, 2067126532, 2084473227, 1904700622, 2019129710, 2000634159, 1957143937, 1888304014, 2010722221, 2023242655, 2061508319, 1996292489, 2006390562, 1888560458, 2056236297, 1844288035, 1867023326, 1927829515, 1921440878, 1909556732, 2036572947]"
8159086117,➤（高质量|超燃|电子）游戏／运动必备歌单,"歌单介绍：
如果有更好听的歌欢迎大家多多私信我添加进去~!
没有过多简介 反正就是 很好!信我!听下去!收藏!不然我会伤心的OK?
(实在是想不到文案呜呜呜但是歌是很认真挑选的)

不断更新
感谢支持！","['游戏', '驾车', '电子', '驾车']","[2061508316, 2089904180, 1329938686, 2107095171, 2019713957, 2013880610, 1992859765, 2035966070, 38018486, 2090711991, 1356658022, 2064801925, 1335350266, 2064801888, 2073717551, 2072190328, 1435828582, 505449407, 573239121, 2021343439, 1919684213, 2020707603, 2098878780, 2097948400, 2097920484, 1819889668, 2088779445, 2088786811, 2025457557, 2088779469, 2088779511, 1994515877, 2020530692, 1982572485, 2000703329, 1838081036, 2035687582, 2044643834, 1992678856, 2063793585, 2062454456, 1810186168, 1882104177, 1994291181, 2062406583, 2071944263, 1461150974, 2040067962, 2027287543, 2072086554, 2046539611, 1930107573, 2064801105, 2069428810, 1997260129, 1977433484, 2012426102, 1980272668, 2000986628, 1992173441, 1994281122, 1916236881, 18004021, 1890011744, 477320018, 1304848880, 515454649, 1924671843, 1457702972, 445665093, 1942727614, 551240388, 29561077, 29732106, 1850718535, 1451122329, 1939948801, 1334248867, 1450158244, 563058284, 442562232, 1376075781, 512640293, 423314146, 410519534, 1890494798, 1335330283, 1843319489, 31566626, 1461637594, 1320067242, 1380001534, 426026689, 1314777725, 477742336, 484058025, 1401075289, 29484193, 1496132290, 1333230175, 444324932, 33365175, 1384492893, 500399011, 36307046, 1334830040, 459025526, 33692120, 37092830, 32238089, 1474502372, 442495638, 433018366, 504492138, 544247523, 1383844411, 1391441095, 1301572562, 526412160, 417833443, 515540639, 34766078, 28612173, 491271737, 514774639, 1416405139, 1388528590, 548650022, 1377466954, 31010566, 412785957, 1319604862, 519367019, 427542629, 1369828361, 572763271, 1374602799, 1381706037, 1300355030, 406072775, 1378420575, 419594258, 504399003, 545201001, 554169128, 1383171494, 1329940346, 517566080, 1334849857, 1358247909, 518904426, 518093155, 548999213, 1310022346, 438981332, 421269927, 471411256, 422132115, 2009830, 455500439, 504717970, 19542337, 422132112, 570289708, 1321392124, 501220770, 29009655, 28566210, 483156032, 463159617, 407839677, 423228325, 506196018, 507585217, 471411253, 1309896289, 525427197, 536513830, 31081299, 557704117, 19542383, 26199445, 489998920, 515453363, 402070513, 1331870183, 862099429, 29747527, 29307038, 1332041346, 1321385655, 1347684016, 408532862, 32431822, 1324035458, 573240023, 862100907, 1331725067, 28832241, 1305016436, 21792987, 28402345, 29910080, 529824982, 19945726, 32196550, 465920383, 437909145, 529557738, 439037024, 26199446, 32807699, 39224884, 21038748, 31356499, 30064351, 16483438, 418603096, 33684753, 25704014, 506092035, 32019002, 543987451, 1297498908, 455653437, 27583305, 411921571, 17706562, 493283657, 472045959, 431610325, 1297841, 461347998, 33291435, 27566922, 27969800, 33051313, 34613621, 28694864, 487375361, 37095960, 427142481, 30987781, 423227295]"
8873518919,全中文DJ舞曲|最爱金曲车载慢摇串烧,你笑着问我爱情是什么 我摇摇头讲不出个结果 算了 你给我听好 我要你幸福,"['流行', '驾车', '兴奋', '驾车']","[1834268297, 1969626268, 1831784095, 2052092037, 1953683478, 2088492993, 1929093477, 1996896352, 2066628581, 2076482499, 1843149600, 1925112269, 1407813608, 1851100365, 2070261075, 1944197957, 2064458728, 2056811636, 2015499286, 1451699240, 1877060483, 1369285767, 1961853671, 2050215361, 1959410297, 1849171341, 2085304635, 1889211932, 1942740960, 1894878117, 1828350556, 1985781753, 2080773165, 1968077344, 2077877616, 1977421269, 2004410976, 1939427593, 1397307932, 2062047223, 1852742951, 1902758087, 2049512697, 1487524051, 452608471, 1479523848, 1892377726, 1991052799, 2097891013, 2015637781, 1893308058, 2097101790, 1817762859, 1471064193, 2074795946, 1853390281, 1437339583, 1928002636, 1927192521, 1854553480, 1948145102, 2001726710, 1805543348, 2030433222, 459068807, 1977402721, 1907568302, 1480350899, 2094791869, 2089730107, 1392761849, 1807999149, 1808475040, 2093298773, 1836117209, 28219176, 2075114586, 2094817741, 2041345356, 2099673573, 1306908061, 1396953490, 1888153165, 1931519386, 2097826775, 2079415547, 2079072500, 1826992895, 1480329206, 1807550736, 1965608375, 1808466535, 1498342267, 1481657185, 1806145238, 2023233170, 2012752061, 1825971805, 1424258741]"
7521700142,驾车伴侣:提神醒脑 缓解疲劳驾驶,"在长途的路上，音乐伴随着有效减轻疲劳。心情愉悦
","['驾车', '快乐', '驾车']","[1928935741, 2102082698, 1817576399, 2045061970, 26342437, 1356658022, 1883313852, 2051548110, 2068309400, 2104074212, 1859245776, 27104220, 2004563430, 1497033527, 535241031, 1313584359, 26918479, 2098021631, 1401671455, 1955978156, 1932769322, 2061508316, 1478568147, 1388433823, 2063061252, 2058139099, 29412405, 2075916667, 2030754234, 2088228224, 29753938, 1859907075, 501133800, 2072507622, 1329938686, 2066953372, 2064960966, 1483979868, 22064663, 2018696607, 1465114465, 2079575708, 2052349052, 28718313, 1440570723, 1938756186, 572440536, 1873321491, 2092285359, 1376075781, 2088229116, 2054154948, 1927389937, 2097627772, 2039402118, 2052251606, 1365654166, 1948083890, 2046978307, 1382576173, 2104600221, 431610014, 1990743306, 2104413676, 1374329431, 2083403742, 2100524520, 521416693, 1878812258, 1914893736, 16368588, 2057234990, 2080331573, 2062751869, 1890385695, 1960642479, 2084276893, 1500439504, 1333831772, 4172700, 2030753313, 1297498908, 2080077888, 1337981999, 1924466021, 2083363706, 1986893311, 2061541843, 26927568, 2051615275, 18077689, 1483294025, 2105981391, 2034501083, 2004847101, 3986017, 22211511, 1982146878, 2030818713, 1958588078, 2065100111, 1969352119, 21178262, 2104289493, 21790685, 1998606050, 437856225, 2086317196, 18637955, 17645740, 1848034770, 2015624274, 35527240, 2001297171, 1930182691, 2106654726, 37206264, 1943260792, 2065856843, 1297841, 477742510, 2078851661, 2082621054, 2029086426, 3019706, 1984537511, 2060722812, 1851823776, 2100564966, 528512412, 1950524877, 412187944, 1476641676, 2078773761, 2080218770, 1423135001, 2087708563, 1996608832, 2046863765, 2052523280, 1496004649, 26243686, 2030645954, 2030154459, 1840490719, 2004845547, 2028588765, 1301572562, 1949016633, 1911787678, 1349964388, 409931573, 1390197827, 2092285302, 1858897067, 1899259018, 1352929566, 2054955498, 16808549, 1410965225, 1918738350, 1876985557, 2017813134, 1854941555, 1915801753, 1981032174, 2065102618, 2027160988, 17753277, 1424400870, 1406266995, 2088473570, 1955714785, 456370693, 1817627858, 1890494798, 2014475441, 25657283, 1469188717, 1454649258]"
8811011918,伤感中文DJ丨爱而不得的感情最伤人,"""大雾四起我在无人处爱你 大雾散尽我爱你人尽皆知“","['华语', '舞曲', '驾车', '驾车']","[2052092037, 2094262023, 2073343087, 2092571787, 2083410777, 2072621706, 2098494293, 2098684119, 1948145102, 2033809600, 2050215361, 2093299535, 2097878266, 1979398413, 2099694197, 2066628581, 2088492993, 2042997718, 1450422522, 1493944539, 2080892079, 2093105402, 2064299084, 1832917582, 2092599652, 1893308058, 1466242414, 1872830531, 2068681152, 2062674649, 1922652902, 1834268297, 1830749563, 1977423961, 1931526844, 1895322278, 1499093914, 1827008860, 1942708056, 1888168455, 1892377726, 1877060483, 1891942813, 1911408044, 1877061933, 1498342267, 1865124700, 1805543348, 1367280230, 1817762859, 1816838227, 1939721553, 1852525868, 1877074941, 1834861073, 1957292147, 1809696037, 1931647542, 1499114481, 1895130864, 1931519386, 1917900567, 1824271286, 1830735966, 1808475168, 1828350556, 1399156635, 1454224158, 1397135224, 1306908061, 1808475040, 1398516523]"
6798491388,欧洲流行｜聆听欧洲前沿的时尚节奏,"歌单选取的都是这些年在欧洲大火的宝藏音乐人

带你进入一个与国内不同的音乐世界

不同的节奏狂欢 更是驾车时的必备

有复古 有电子 也有复古R&B 

听多会上瘾

开始这节奏（持续更新中）","['欧美', '流行', '驾车', '驾车']","[2013908140, 2080310827, 2046390792, 1318700006, 464674422, 1824150153, 1340507796, 1492522006, 1472218784, 2019161440, 2019161441, 1983651276, 1491113728, 1350621893, 1350621897, 1847860357, 1874087357, 1928053046, 1928051402, 2083283082, 2083283083, 2069557457, 2048511260, 2019780127, 1967003216, 2043101767, 2021167244, 1914865944, 1914865945, 1487624711, 1487626495, 1404228064, 1409093516, 1407951508, 1433934517, 1482975180, 1869074366, 2050589243, 2097627772, 481535731, 480409513, 1816148968, 496869520, 2061330382, 2061330384, 2061330385, 1316767947, 1463497192, 2043097721, 2063757843, 2092487527, 1407910105, 514235011, 479223621, 2065725728, 1394977965, 1421482771, 2023174938, 2054153725, 1968952431, 1988693947, 1988693537, 2068159089, 1845732248, 436487056, 554146736, 1320594222, 1376741518, 26977103, 1985241255, 1415558377, 2032641067, 2035057336, 1463342518, 36308236, 519338231, 1956717307, 2074658619, 1831695659, 1876386896, 1850404956, 1986589038, 2026184260, 1330941522, 1407364915, 1407368449, 1920621954, 1988160592, 1988161024, 1840636659, 2059647793, 1859515946, 2097788346, 2059936936, 1418203005, 2077808431, 1880746115, 1842412191, 1940227212, 521558853, 1485809045, 2021351602, 2029101194, 2061073879, 1874424071, 1853619782, 1382670170, 1323968276, 507794659, 1990545293, 30474546, 407002710, 1935309528, 1929280247, 2046964143, 2063748489, 2036129185, 1974705042, 2069397647, 1969060238, 1822725827, 1459387934, 1868223952, 1960269671, 2092010211, 1438613692, 2072087429, 1396304601, 1343454593, 1491119776, 1816865248, 1888818524, 1862431447, 1938190423, 2066820965, 1338962014, 1378876552, 1480243803, 2065100110, 574935340, 1835871456, 548774088, 1364339661, 544151026, 2072512032, 1390593230, 553904778, 1859532261, 1481524326, 1855907153, 1371639383, 1944826424, 1876212794, 1885129400, 1885131148, 1340346998, 1954122134, 1372897252, 1392044240, 1392044233, 1944593695, 1401401161, 1390124812, 2088146269, 1472796611, 1832567183, 1824883250, 1446769653, 1841164017, 1872831991, 1880747445, 1444604319, 1415738856, 1872524412, 1864084235, 1356666337, 1388966395, 1848184993, 545201001, 1409277284, 557557165, 1381706037, 1840403530, 1872056780, 1393547995, 1459128908, 1468928417, 1876974617, 1363642270, 520012673, 1397334822, 1811565775, 1331724983, 1983125243, 26354120, 1373142987, 1407910075, 36841430, 1887190390, 1892652683, 2014210251, 1373140736, 1821482215, 550169338]"
5317865664,2024车载DJ: 一键启动极速狂飙,歌单选取全网DJ热歌，一键播放，狂嗨不止，把所有的不开心释放出来。,"['榜单', '流行', '驾车', '驾车']","[1929093477, 1834268297, 2088492993, 1881759872, 2050215361, 2052092037, 1998880941, 1896502024, 2066628581, 1306908061, 1925112269, 2070261075, 2076482499, 2022638308, 1493944539, 1851100365, 1807999149, 2015047009, 2017411756, 2056811636, 1830735856, 2040404239, 2010344872, 1904847307, 1459436024, 452986351, 451991565, 2033809600, 1953405033, 2015499286, 2032714166, 1479523848, 1816889973, 2009003140, 1934338027, 1883577809, 1864698492, 1831784095, 1340128424, 1928002636, 2029902719, 1826987938, 1868910272, 2068804905, 1946234565, 2045102849, 2063337049, 1407813608, 2017972821, 1956574553, 1965890617, 2077549055, 1466242414, 2025091391, 1437204306, 1451699240, 2015637781, 1830753970, 1855739286, 1830754383, 1868380897, 1961736717, 1969804979, 1416761424, 1830729724, 445845230, 1369285767, 1997624150, 1398452463, 1498623045, 1454959066, 1969373959, 1931647542, 1827002161, 1424258741, 1953683478, 2021088244, 1387418450, 1803443499, 2018288933, 1399705341, 2021279106, 2064299084, 1399998658, 1470939756, 1454959067, 1315118587, 1970324585, 1969626268, 1836117209, 1996909693, 1892481532, 1947112904, 1894878117, 1931519386, 1449382955, 2011668261, 2002356268, 1831241954, 1908083121, 1977421269, 1858811253, 2000734866, 1999699146, 1943195333, 1831400693, 1335392711, 1403501539, 1480350899, 1427709421, 1377530437, 1401433415, 1498522590, 1988347728, 1398516523, 1454224158, 1361558668, 1925396823, 1930863429, 1892343290, 1922422741, 1808466535, 1396953490, 1496362981, 1397307932, 1893308058, 1878073783, 1355095007, 1817762859, 1816351616, 1397308746, 1937146046, 1804577608, 1310412434, 1843149600, 1487524051, 1396953496, 1397132439, 1480329206, 1410635261, 1399694814, 459068807, 1856728513, 1988069031, 1899983984, 1887308039, 1471064193, 1397288794, 1491893431, 1460666492, 1382572506, 1493816591, 1877060483, 1811132941, 1415446154, 1808475040, 1368327788, 1426666131, 1816838227, 1807550736, 1498342267, 1451156346, 1372369851, 1481657185, 1322628331, 1823015837, 1830735966, 1437339583, 1805543348, 1883571439, 1854553480, 1359156131, 1888153165, 1388137359, 1398447330, 1394176753, 1814249592, 1836114897, 1808475168, 1808475152, 1392986529, 1892377726, 1391281655, 1812239209, 1361975987, 1459482755, 1821539057, 1410416744, 1386946637, 1844957959, 1394009806, 1371056767, 1395189311, 1368327803, 1399112265, 1396568322, 1808232302, 1348003687, 1867155226, 1401710635, 1398452466, 1831476765, 1380294757, 1459938176, 1499114481, 1392761849, 1365033004]"
5022377489,在路上｜此生必驾318旅行必备歌单！,"西藏是你收藏了多久的远方

趁着年轻来一场说走就走的旅行

抬起头在更热烈的风里相遇吧！","['旅行', '驾车', '治愈', '驾车']","[2021437775, 1307334195, 2049529248, 2029479894, 480580003, 386005, 2034187419, 5113327, 475073278, 1918900536, 1954406468, 1412661616, 5242082, 2092377826, 1951069525, 436346833, 518725853, 27646196, 477251491, 1872944599, 1866185395, 1937051360, 1971107237, 39122745, 449577636, 2006998521, 1412264341, 538227228, 2041198911, 2042593105, 490602750, 27515086, 1950343972, 94639, 254460, 254141, 447926067, 25714332, 5282360, 500913929, 25713115, 531295576, 1441758494, 376417, 1330348068, 1992740309, 209643, 1375539402, 298838, 1371939273, 1826923389, 17271094, 1343312408, 451126768, 862100828, 376100, 2871217, 28923579, 5179550, 1903149553, 1470501460, 1363948882, 17753288, 1499014574, 1337870861, 416892296, 1818407514, 1943043408, 1814116265, 28009051, 506196018, 461347998, 451703096, 1959668190, 1947584923, 1858139145, 355992, 557581284, 254285, 167971, 1850823120, 1878769132, 276904, 1491585, 394679, 185700, 467595237, 1352577014, 167880, 36897197, 139392, 1360587311, 385965, 25657384, 25706279, 155915, 1398451220, 19292984, 27937659, 3949655, 4153632, 28157586, 517411583, 1974443814, 26545309, 497572729, 570340213, 1413863166, 1334295185, 515596772, 1808775508, 28427772, 480579324, 1393971554, 1448956825, 1473073669, 1927935468, 408332757, 523251474, 4331344, 28892408, 30431376, 27759600, 1400256289, 1376142151, 239682, 31877470, 569200210, 35403523, 139357, 553543175, 1386259535, 25986025, 27646786, 28977819, 1336790004, 18611598, 17177324, 27713920, 185726, 21301195, 254421, 38576323, 293948, 167802, 536937391, 28048168, 27785673, 30496168, 155961, 155883, 96100, 1297742772, 186513, 167975, 168091, 347597]"
7005671107,自驾游 公路歌单｜向云端 山那边 海里面,"人生是旷野
你应该去看山川湖海
去追寻诗和远方
去寻找灵魂里的另一个自己","['放松', '驾车', '流行', '驾车']","[469410729, 2103112456, 1954406468, 2058465281, 411314659, 381821, 3986017, 346576, 1991239979, 27646205, 29436904, 571069109, 1386055858, 1940109458, 1497179369, 394679, 29593805, 2020593612, 2088079571, 1417849873, 2092285270, 514774334, 2092283064, 1974443815, 1370879993, 1405068829, 454698657, 36921285, 1306112195, 1845994595, 1903878884, 1436910063, 447926063, 477251491, 2029903045, 1416916864, 394690, 381849, 2013955044, 468738015, 150530, 1384450197, 509781719, 1962470904, 1954832481, 387492, 155883, 386835, 35476049, 1959668191, 1397345903, 1407551413, 512376326, 1308818967, 1472559391, 2042878838, 1437251162, 25706285, 1813831223, 2032784247, 1808235517, 534228257, 1400256289, 36392029, 186513, 528272281, 27513873, 29122797, 477936432, 3558691, 436514312, 2078103153, 1971033897, 2049512697, 167975, 426852405, 21157332, 521171252, 421423022, 1357375695, 1415967467, 1336790003, 139357, 2074344273, 381825, 2071926362, 1336790004, 434070628, 346075, 1469768565, 1336790005, 406737702, 403710591, 433018448, 36199725, 2045434238, 1960416761, 491294426, 2072249011, 565966093, 409646014, 1960403945, 553544145, 557581040, 31877470, 34380395, 31010481, 1447110842, 514761165, 1821567426, 1363553440, 473940941, 431259341, 1975685262, 1294924040, 542667160, 418990139, 86360, 1878225963, 28949121, 1415579638, 190072, 41659256, 1374489487, 1359815264, 1905931174, 554242032, 553543175, 407840732, 27646199, 34923114, 436346833, 447925059, 486999662, 1807796555, 1336790007, 1418131335, 28977819, 351285, 29567187, 469073823, 1473720189, 439034, 497572729, 2022657409, 346089, 500665346, 347126, 31445772, 29498558, 38576323, 202373, 1413863166, 1832651805, 1429237296, 298838, 1388674995, 347597, 167880, 28996919, 26442124, 1401522756, 109998, 168091, 1818820553, 25706279, 1473369225, 1974444808, 29567189, 447926067, 1974443813, 1974443814, 1359818052, 1866185395, 549320309, 1410647903, 542691142, 400162138, 276904, 381858, 469065899, 1851344107, 430026025, 491950409, 27907997, 30706318, 17177324, 28892408, 1299844911, 1960405637, 28996922, 571338518, 168141, 1960404075]"
6918712237,骑车「贴地飞行」歌单,推车出门，等电梯，出单元门，开码表等卫星，连手机蓝牙，出小区门，过小区门口拥挤的街道，上公路，开摇！！！,"['驾车', '运动', '旅行', '驾车']","[2025457557, 1400073772, 2044684682, 1447773945, 1439803847, 1974125151, 1385757372, 1972534807, 536622565, 26612934, 562122079, 36921811, 417833247, 511460368, 1306497271, 1435828582, 1855907083, 1321604070, 1859515946, 1481663371, 1910268006, 464647266, 1487738849, 1380902357, 1441098283, 2025563158, 1438721919, 567414705, 32683129, 1907439686, 532776335, 1944153964, 1493108494, 26226510, 401249195, 1817576399, 551335096, 442869301, 1915281029, 26612933, 1992541220, 1329664859, 1857630559, 530007791, 1945168366, 1945168363, 551340988, 2870985, 1873321491, 1492256010, 430114655, 552145020, 561695295, 1932769322, 1369701289, 1923582, 29307038, 1480204501, 32317211, 1398764652, 19292800, 1297498908, 28921642, 28363806, 28123401, 29561077, 505449407, 1421304018, 35301384, 1913753078, 1357815338, 460099256, 29713617, 1364751214, 411314681, 1382576173, 1410210736, 33522489, 4330110, 33255880, 1812020733, 1839418993, 1446828061, 28422343, 1489257173, 27984071, 35301130, 1440570723, 520012999, 443070091, 1335330283, 31010566, 509726712, 418602088, 472045959, 27639209, 534228257, 16957780, 456185577, 1465665964, 1843319489, 1301572562, 27871283, 1435850557, 36921285, 1401522756, 2188235, 438801554, 24051365, 1382781566, 1382778878, 28953033, 29561031, 1457704852, 29947420, 5176741, 1296706520, 1300528275, 466122659, 31789010, 1418055805, 17112299, 1459232593, 548103539, 1457707546, 30953009, 1783906, 420482701]"
7681197886,【驾车必备BGM!】交警听了都要歌单,适合在车上放的高质量音乐让情绪有力表达的音乐,"['电子', 'R&B/Soul', '驾车', '驾车']","[1480553180, 1432088487, 2073717551, 1852234148, 2099322941, 2095895976, 1369658060, 2045194409, 512640293, 1448260853, 1406598681, 1902653318, 1857134137, 1940057567, 519362960, 2021279106, 1830799856, 1911668089, 2067126532, 1858897067, 2005246464, 1376075781, 1447573604, 1926840416, 528285558, 1452052491, 1838081036, 1823356122, 1999877867, 1955340097, 1850219425, 37091383, 1998880941, 1955624278, 1950479970, 1952560117, 1844768758, 563129860, 1313303916, 1424249447, 1406201955, 1811300525, 1440042628, 1403501534, 28864697, 1442552477, 1414845403, 3406918, 545738141, 1831811400, 472219715, 1483672581, 1449537557, 1359357320, 1389637529, 1829059571, 561798030, 1808446350, 1487976987, 1840501979, 447281375, 29129632, 529557738, 420125428, 1866949377, 1435295730, 1487914980, 1465665964, 1344644402, 1451122329, 1454293904, 1416761424]"
